Node_ID,Node_Type,Window_ID,mean_IAT,IAT_std,packet_rate,mean_packet_size,packet_size_std,prediction,anomaly_score,actual_class
Node_5,Camera-like Traffic Generator,1,0.1430794984842786,0.0309094970177138,6.912457677956255,3088.2,339.9819603057394,-1,-0.23587571461509949,anomaly
Node_5,Camera-like Traffic Generator,2,0.1446698599722361,0.0289805156258974,7.082863465197167,2884.6,304.8165933074438,-1,-0.23587571461509949,anomaly
Node_5,Camera-like Traffic Generator,3,0.1578251817839396,0.0259551675453045,6.321643934727745,2953.1,211.74589068556256,-1,-0.23587571461509949,anomaly
Node_5,Camera-like Traffic Generator,4,0.1561849520062924,0.0359247736347802,6.169627522860411,2938.8,255.0293229327866,-1,-0.23587571461509949,anomaly
Node_5,Camera-like Traffic Generator,5,0.1411108929413985,0.0297379238799289,7.397773379032935,3044.4,306.6199964487349,-1,-0.23587571461509949,anomaly
Node_5,Camera-like Traffic Generator,6,0.1479670452427228,0.0371953739545407,6.761894310785466,2988.3,281.63492917841944,-1,-0.23587571461509949,anomaly
Node_5,Camera-like Traffic Generator,7,0.1560631466349709,0.0264460467525486,6.222486925266127,3032.8,369.875294299759,-1,-0.23587571461509949,anomaly
Node_5,Camera-like Traffic Generator,8,0.1528781004657023,0.0241444365722847,6.656731033067584,2977.9,286.624977588796,-1,-0.23587571461509949,anomaly
Node_5,Camera-like Traffic Generator,9,0.1584018335987444,0.0311108456007242,6.259171695611612,3003.4,328.17888076135824,-1,-0.23587571461509949,anomaly
Node_5,Camera-like Traffic Generator,10,0.1476124305642006,0.0293761699714241,6.964841855480446,3177.1,272.6917062667412,-1,-0.23587571461509949,anomaly
Node_5,Camera-like Traffic Generator,11,0.1473764396813265,0.0317707290765518,6.871290732281442,2956.7,296.670805214579,-1,-0.23587571461509949,anomaly
Node_5,Camera-like Traffic Generator,12,0.1411142087047398,0.0278988016242457,6.961969199300188,2840.9,224.2124240783974,-1,-0.23587571461509949,anomaly
Node_5,Camera-like Traffic Generator,13,0.1439800776763934,0.0226895443796518,6.906783099069631,2975.5,304.0022843481425,-1,-0.23587571461509949,anomaly
Node_5,Camera-like Traffic Generator,14,0.1340219958994389,0.0245621830433432,7.2621175226088255,3155.2,297.51332369791066,-1,-0.23587571461509949,anomaly
Node_5,Camera-like Traffic Generator,15,0.1532603149449148,0.023975605885472,6.501815854907958,3022.2,275.7639086851892,-1,-0.23587571461509949,anomaly
Node_5,Camera-like Traffic Generator,16,0.1548242266116066,0.0310517725684569,6.356487372447873,2929.8,359.4309700376725,-1,-0.23587571461509949,anomaly
Node_5,Camera-like Traffic Generator,17,0.1299902441544919,0.0252483026968381,7.568518167811635,2931.2,333.88015148486375,-1,-0.23587571461509949,anomaly
Node_5,Camera-like Traffic Generator,18,0.1658999595353805,0.0243383672833262,6.074673826185082,3099.4,235.01546048434065,-1,-0.23587571461509949,anomaly
Node_5,Camera-like Traffic Generator,19,0.1299560705312249,0.0267636241541846,7.583152637326426,3008.1,207.29712974375693,-1,-0.23587571461509949,anomaly
Node_5,Camera-like Traffic Generator,20,0.163497630399685,0.0267310113636053,6.109515872608266,2984.2,364.3544672126002,-1,-0.23587571461509949,anomaly
Node_5,Camera-like Traffic Generator,21,0.1592080649068194,0.0210469275819745,6.268740795883395,2992.4,334.9209525312569,-1,-0.23587571461509949,anomaly
Node_5,Camera-like Traffic Generator,22,0.1293121744812808,0.0273655802989971,7.690032027020088,3064.4,237.5585074133201,-1,-0.23587571461509949,anomaly
Node_5,Camera-like Traffic Generator,23,0.1387348821018065,0.0274737572333309,7.1825535354972825,2984.5,361.36323676999694,-1,-0.23587571461509949,anomaly
Node_5,Camera-like Traffic Generator,24,0.1716618813914358,0.0239837561925906,5.933505447278908,2915.3,283.61713237704413,-1,-0.23587571461509949,anomaly
Node_5,Camera-like Traffic Generator,25,0.149734140456735,0.0320710291755274,6.700419473318133,3013.6,300.24441895081264,-1,-0.23587571461509949,anomaly
Node_5,Camera-like Traffic Generator,26,0.1372601846644983,0.025319341355084,7.083976470705721,3058.4,348.0310330990614,-1,-0.23587571461509949,anomaly
Node_5,Camera-like Traffic Generator,27,0.1629273300454144,0.031223617628047,6.257526848016159,3199.2,268.79021146198346,-1,-0.23587571461509949,anomaly
Node_5,Camera-like Traffic Generator,28,0.1439142633420296,0.0202209041808273,7.00026020134436,3133.2,351.2836144453336,-1,-0.23587571461509949,anomaly
Node_5,Camera-like Traffic Generator,29,0.1500959821343236,0.0282384940854973,6.541132670624609,2890.1,323.43896899827433,-1,-0.23587571461509949,anomaly
Node_5,Camera-like Traffic Generator,30,0.1493184749601802,0.0318873172754204,6.934516630185913,3024.4,254.4340997411925,-1,-0.23587571461509949,anomaly
Node_5,Camera-like Traffic Generator,31,0.1488229169587427,0.030968481196982,6.972955348263437,2812.4,325.3935053644023,-1,-0.23587571461509949,anomaly
Node_5,Camera-like Traffic Generator,32,0.1576407079742772,0.0331732594105983,6.248358134850003,2941.2,278.46475939016455,-1,-0.23587571461509949,anomaly
Node_5,Camera-like Traffic Generator,33,0.1608120993266652,0.0216768210196826,6.207528569326584,3199.0,286.59921687107084,-1,-0.23587571461509949,anomaly
Node_5,Camera-like Traffic Generator,34,0.1511642388344959,0.0289075614106075,6.4648669053135,3026.9,329.18500370865416,-1,-0.23587571461509949,anomaly
Node_5,Camera-like Traffic Generator,35,0.1470093311575084,0.030047308777624,6.680934265852958,3088.9,284.8240977632803,-1,-0.23587571461509949,anomaly
Node_5,Camera-like Traffic Generator,36,0.1431053469496738,0.0292255907313852,6.847353748984585,2883.4,245.7596838828985,-1,-0.23587571461509949,anomaly
Node_5,Camera-like Traffic Generator,37,0.1731778333946721,0.0134168289800082,5.809049661377853,2992.5,316.06442732807216,-1,-0.23587571461509949,anomaly
Node_5,Camera-like Traffic Generator,38,0.1505942363254888,0.024522253647951,6.404946377889241,2957.1,302.74171242900184,-1,-0.23587571461509949,anomaly
Node_5,Camera-like Traffic Generator,39,0.1487031177967331,0.0320439388199124,6.508355804812194,2873.0,270.41079860094345,-1,-0.23587571461509949,anomaly
Node_5,Camera-like Traffic Generator,40,0.1486375501044875,0.0314127101216148,6.537002083408766,2971.3,255.53779890001923,-1,-0.23587571461509949,anomaly
Node_5,Camera-like Traffic Generator,41,0.1510539530845783,0.0375627743152103,6.825311353238226,2940.9,263.5638021007016,-1,-0.23587571461509949,anomaly
Node_5,Camera-like Traffic Generator,42,0.1478931743512987,0.024256904556822,6.9783427533985884,3001.1,327.18205941035336,-1,-0.23587571461509949,anomaly
Node_5,Camera-like Traffic Generator,43,0.1428458073413274,0.0290544340501904,6.842655297618089,3102.3,220.122718298478,-1,-0.23587571461509949,anomaly
Node_5,Camera-like Traffic Generator,44,0.1616130824512055,0.0254113272140637,6.299755304608574,2985.4,233.9032088516768,-1,-0.23587571461509949,anomaly
Node_5,Camera-like Traffic Generator,45,0.13436565775811,0.0252589256041922,7.312015449521289,3134.0,235.2407749991957,-1,-0.23587571461509949,anomaly
Node_5,Camera-like Traffic Generator,46,0.1343698605893934,0.0261507781344193,7.36615821667814,3126.2,289.24376493808046,-1,-0.23587571461509949,anomaly
Node_5,Camera-like Traffic Generator,47,0.1414195238258102,0.0300275135451065,6.8815296339081184,3012.3,289.60166129050816,-1,-0.23587571461509949,anomaly
Node_5,Camera-like Traffic Generator,48,0.1554245174829915,0.0309934318407148,6.206825245811281,2937.5,324.04775025363847,-1,-0.23587571461509949,anomaly
Node_5,Camera-like Traffic Generator,49,0.1617245679719388,0.0270680944598965,6.314246478959522,2886.6,223.1418084238511,-1,-0.23587571461509949,anomaly
Node_5,Camera-like Traffic Generator,50,0.1383614739797849,0.028368854562097,7.41762239815554,3148.7,212.7732491540127,-1,-0.23587571461509949,anomaly
Node_5,Camera-like Traffic Generator,51,0.1462558725994086,0.0234330051560235,6.707455227995474,3077.3,351.3738275208708,-1,-0.23587571461509949,anomaly
Node_5,Camera-like Traffic Generator,52,0.1452423184154668,0.0330205895354839,6.943468102136253,2957.6,266.3052550906364,-1,-0.23587571461509949,anomaly
Node_5,Camera-like Traffic Generator,53,0.1491882902363883,0.0306385493465204,6.905374628524993,3075.4,313.5971230026761,-1,-0.23587571461509949,anomaly
Node_5,Camera-like Traffic Generator,54,0.1514986912962825,0.0325900195392638,6.819280256255871,2977.2,325.38995408927764,-1,-0.23587571461509949,anomaly
Node_5,Camera-like Traffic Generator,55,0.1470134632474142,0.0308659857364891,6.796170081262601,3002.9,278.07411082499414,-1,-0.23587571461509949,anomaly
Node_5,Camera-like Traffic Generator,56,0.1515508872775228,0.0261904058262849,6.63596936022052,2909.3,317.8025417701306,-1,-0.23587571461509949,anomaly
Node_5,Camera-like Traffic Generator,57,0.1602004095615115,0.0334928370675338,6.3872850031139,2871.2,211.1559718417749,-1,-0.23587571461509949,anomaly
Node_5,Camera-like Traffic Generator,58,0.1404007718222487,0.0296681620430473,6.943438545488014,3001.2,256.996670968495,-1,-0.23587571461509949,anomaly
Node_5,Camera-like Traffic Generator,59,0.1618294045573449,0.0253693420571482,6.178786795403536,2968.8,345.4236690082356,-1,-0.23587571461509949,anomaly
Node_5,Camera-like Traffic Generator,60,0.1541143519130784,0.0275737119646039,6.70855921235879,2926.7,266.5800067521943,-1,-0.23587571461509949,anomaly
Node_5,Camera-like Traffic Generator,61,0.1549888604367964,0.0272367657147272,6.594400375912707,3127.7,324.7967056483178,-1,-0.23587571461509949,anomaly
Node_5,Camera-like Traffic Generator,62,0.1439013651244678,0.0330063763727099,6.728486354562116,2912.9,263.58572293152247,-1,-0.23587571461509949,anomaly
Node_5,Camera-like Traffic Generator,63,0.1325553482417674,0.0311373713758224,7.634052339950039,3132.8,331.07662758541767,-1,-0.23587571461509949,anomaly
Node_5,Camera-like Traffic Generator,64,0.154941526059784,0.026165399379999,6.60329135858056,2918.0,241.78319029889383,-1,-0.23587571461509949,anomaly
Node_5,Camera-like Traffic Generator,65,0.1464324463371738,0.0215653060099455,7.023707987736176,3116.0,314.1319609477662,-1,-0.23587571461509949,anomaly
Node_5,Camera-like Traffic Generator,66,0.1359817137079901,0.0152923870421603,7.294936031345019,3122.3,281.0097072265575,-1,-0.23587571461509949,anomaly
Node_5,Camera-like Traffic Generator,67,0.1510672213514738,0.02872789121401,6.45439986590035,3052.1,269.1717543378824,-1,-0.23587571461509949,anomaly
Node_5,Camera-like Traffic Generator,68,0.1427709456301826,0.0309893916628808,7.00323686972709,2956.9,236.79078904758475,-1,-0.23587571461509949,anomaly
Node_5,Camera-like Traffic Generator,69,0.1369921065079992,0.0229636343182886,7.315160058009864,2907.2,267.12826715102824,-1,-0.23587571461509949,anomaly
Node_5,Camera-like Traffic Generator,70,0.1574335120291962,0.0277165465238662,6.264329818167766,2965.8,288.5988372964952,-1,-0.23587571461509949,anomaly
Node_5,Camera-like Traffic Generator,71,0.1368604747900207,0.0196782704090205,7.228398993488132,2805.2,277.3817265470496,-1,-0.23587571461509949,anomaly
Node_5,Camera-like Traffic Generator,72,0.1404438875525599,0.028862664639664,6.99579509215517,2962.4,235.9680769369733,-1,-0.23587571461509949,anomaly
Node_5,Camera-like Traffic Generator,73,0.1595954263326291,0.0322289733028155,6.330236796084334,3028.0,347.246950230588,-1,-0.23587571461509949,anomaly
Node_5,Camera-like Traffic Generator,74,0.1432334693476619,0.0203706875919785,7.081692219170894,2909.3,321.72453710865415,-1,-0.23587571461509949,anomaly
Node_5,Camera-like Traffic Generator,75,0.1416502489886283,0.030580500651376,6.894786227252705,3090.0,271.3918855742661,-1,-0.23587571461509949,anomaly
Node_5,Camera-like Traffic Generator,76,0.158215434013438,0.0300052165534765,6.087968703897221,3008.9,283.3221370336835,-1,-0.23587571461509949,anomaly
Node_5,Camera-like Traffic Generator,77,0.1581829330710462,0.025609105592409,6.5107110715472745,2814.3,302.4702189197034,-1,-0.23587571461509949,anomaly
Node_5,Camera-like Traffic Generator,78,0.1480298565348917,0.0176980179795699,6.846307243887908,2992.7,213.18382782107196,-1,-0.23587571461509949,anomaly
Node_5,Camera-like Traffic Generator,79,0.1582708333373474,0.0281900339039731,6.4265265853063696,2910.7,211.9014708144645,-1,-0.23587571461509949,anomaly
Node_5,Camera-like Traffic Generator,80,0.1406886039102445,0.0230185655214959,6.969742084311704,3103.8,290.0206122942912,-1,-0.23587571461509949,anomaly
Node_5,Camera-like Traffic Generator,81,0.1655034356860397,0.0236143230000339,6.087881026553549,3020.2,232.92096895251356,-1,-0.23587571461509949,anomaly
Node_5,Camera-like Traffic Generator,82,0.1496519656801837,0.0348305538769146,6.901498464393693,2904.2,239.41911183343555,-1,-0.23587571461509949,anomaly
Node_5,Camera-like Traffic Generator,83,0.1518951927713445,0.022814937045844,6.5308520316941525,2950.1,328.76957482913974,-1,-0.23587571461509949,anomaly
Node_5,Camera-like Traffic Generator,84,0.1510205200541037,0.0311921896500309,6.442652329247503,2969.6,298.7917148933164,-1,-0.23587571461509949,anomaly
Node_5,Camera-like Traffic Generator,85,0.1561448095837647,0.0333651190428439,6.334399605967837,3148.0,190.40074696398764,-1,-0.22943161141255342,anomaly
Node_5,Camera-like Traffic Generator,86,0.1479989100322384,0.0272419438547072,6.991648265306622,3112.8,203.92634836027332,-1,-0.23587571461509949,anomaly
Node_5,Camera-like Traffic Generator,87,0.1485560405433943,0.0271770830690061,6.868602783969148,2948.4,252.64036802450147,-1,-0.23587571461509949,anomaly
Node_5,Camera-like Traffic Generator,88,0.160262870668987,0.0281721473941985,6.2704624554479045,2953.0,310.0577007232328,-1,-0.23587571461509949,anomaly
Node_5,Camera-like Traffic Generator,89,0.1536069837074649,0.0275926436717894,6.534256993520156,2888.2,200.1020850577136,-1,-0.23587571461509949,anomaly
Node_5,Camera-like Traffic Generator,90,0.1609332187516827,0.0283115533573815,6.196676785633771,3053.8,327.73763219312417,-1,-0.23587571461509949,anomaly
Node_5,Camera-like Traffic Generator,91,0.1492894431146908,0.0327501833879366,6.713414150823399,3044.0,320.6566179991716,-1,-0.23587571461509949,anomaly
Node_5,Camera-like Traffic Generator,92,0.1348138895792573,0.0327276140945815,7.679371913500299,3078.0,179.96851576502672,-1,-0.22304393956826574,anomaly
Node_5,Camera-like Traffic Generator,93,0.136992412015536,0.0190359612711451,7.431688133447333,3138.2,159.7447964723734,-1,-0.2125746850951863,anomaly
Node_5,Camera-like Traffic Generator,94,0.147736631601893,0.031144365753454,6.621794016458306,2911.3,272.8092740359096,-1,-0.23587571461509949,anomaly
Node_5,Camera-like Traffic Generator,95,0.1415240602644104,0.0236938886855323,7.218676328811568,3055.5,266.51881317794016,-1,-0.23587571461509949,anomaly
Node_5,Camera-like Traffic Generator,96,0.1462038389642941,0.0275828760827578,6.792661600422498,2942.2,288.5572540916081,-1,-0.23587571461509949,anomaly
Node_5,Camera-like Traffic Generator,97,0.1578268348218671,0.0258432211131906,6.451551973407027,3082.7,349.5117387950733,-1,-0.23587571461509949,anomaly
Node_5,Camera-like Traffic Generator,98,0.1525986836565891,0.0312232056017153,6.640410136727097,3054.3,293.3750159778436,-1,-0.23587571461509949,anomaly
Node_5,Camera-like Traffic Generator,99,0.1587264632645627,0.0240466524913926,6.235111450753839,3034.4,258.03109201110715,-1,-0.23587571461509949,anomaly
Node_5,Camera-like Traffic Generator,100,0.1651288768370079,0.0301165014229713,5.877012732346597,3077.8,331.82686248504154,-1,-0.23587571461509949,anomaly
Node_5,Camera-like Traffic Generator,101,0.1407202906535161,0.032114009138124,7.037087129931627,2977.5,302.3710928276342,-1,-0.23587571461509949,anomaly
Node_5,Camera-like Traffic Generator,102,0.1504628087334026,0.0282345548534273,6.477581011132123,2993.2,281.12899372194096,-1,-0.23587571461509949,anomaly
Node_5,Camera-like Traffic Generator,103,0.152639680165609,0.0375517325788789,6.612612081802472,2978.3,306.3219257941263,-1,-0.23587571461509949,anomaly
Node_5,Camera-like Traffic Generator,104,0.1631792781239227,0.0372905632560512,5.953866904811458,2888.3,345.20720025965727,-1,-0.23587571461509949,anomaly
Node_5,Camera-like Traffic Generator,105,0.1433560472454246,0.0298665611946767,6.812527725815342,3031.3,321.7393872893609,-1,-0.23587571461509949,anomaly
Node_5,Camera-like Traffic Generator,106,0.1624071606547346,0.0329758988647652,6.072586798687815,2951.5,358.460985014796,-1,-0.23587571461509949,anomaly
Node_5,Camera-like Traffic Generator,107,0.1343428628332219,0.0334261148725165,7.2434535729699645,3083.6,154.1314013719751,-1,-0.21270058545498405,anomaly
Node_5,Camera-like Traffic Generator,108,0.1375554856384212,0.0316432320125947,7.072375622740096,2842.0,238.0700177118768,-1,-0.23587571461509949,anomaly
Node_5,Camera-like Traffic Generator,109,0.1548785591512569,0.0210431670794022,6.397510129295444,3038.8,391.76744802667474,-1,-0.23587571461509949,anomaly
Node_5,Camera-like Traffic Generator,110,0.1552275123295487,0.02620626187064,6.450913845922771,2971.6,228.45772767261195,-1,-0.23587571461509949,anomaly
Node_5,Camera-like Traffic Generator,111,0.1611191288363755,0.0310840475118413,6.332506958406538,2982.7,317.78820689957087,-1,-0.23587571461509949,anomaly
Node_5,Camera-like Traffic Generator,112,0.1553187103466911,0.0244755315941816,6.587448840169696,3144.9,324.4422393380163,-1,-0.23587571461509949,anomaly
Node_5,Camera-like Traffic Generator,113,0.1563818137107745,0.0342001388583795,6.260731055998968,3037.5,349.90895641263285,-1,-0.23587571461509949,anomaly
Node_5,Camera-like Traffic Generator,114,0.1485589820822326,0.0281791494212721,6.7441021532660566,3089.9,252.19500832138257,-1,-0.23587571461509949,anomaly
Node_5,Camera-like Traffic Generator,115,0.152101085060778,0.029185478710198,6.435995343838652,2980.2,271.2558447911,-1,-0.23587571461509949,anomaly
Node_5,Camera-like Traffic Generator,116,0.1603959991299205,0.0307517733938895,6.068433680779093,2849.9,293.58756028748144,-1,-0.23587571461509949,anomaly
Node_5,Camera-like Traffic Generator,117,0.1436132378932058,0.0172462679199483,6.944506999992646,3070.1,257.12316547176806,-1,-0.23587571461509949,anomaly
Node_5,Camera-like Traffic Generator,118,0.1566856878087492,0.0272524841879142,6.468157233073998,3074.4,342.9817617438118,-1,-0.23587571461509949,anomaly
Node_5,Camera-like Traffic Generator,119,0.1607339013778016,0.0233863530770107,6.3275899963615885,2907.4,291.1495224870624,-1,-0.23587571461509949,anomaly
Node_5,Camera-like Traffic Generator,120,0.1588068035033217,0.0337512555761751,6.229704437467941,2976.0,270.36518513546326,-1,-0.23587571461509949,anomaly
Node_5,Camera-like Traffic Generator,121,0.1484305805860884,0.0243100695590333,6.797966990849138,3012.7,302.1467818424975,-1,-0.23587571461509949,anomaly
Node_5,Camera-like Traffic Generator,122,0.1677942871934902,0.0256203616277037,5.713903285880879,2994.3,241.78872779533967,-1,-0.23587571461509949,anomaly
Node_5,Camera-like Traffic Generator,123,0.147326749658572,0.0320996647930651,6.636866178399152,3005.4,221.44535317871188,-1,-0.23587571461509949,anomaly
Node_5,Camera-like Traffic Generator,124,0.1329658378237098,0.0225384520116984,7.540770074990846,2950.2,313.92207100913856,-1,-0.23587571461509949,anomaly
Node_5,Camera-like Traffic Generator,125,0.151514041649844,0.0322608619439282,6.522871409475284,3036.7,342.27118877677486,-1,-0.23587571461509949,anomaly
Node_5,Camera-like Traffic Generator,126,0.1506008720160139,0.0247170650065932,6.608059881560428,3051.1,305.1070668178996,-1,-0.23587571461509949,anomaly
Node_5,Camera-like Traffic Generator,127,0.1481168293762721,0.0299633099339572,6.917778109839908,3165.3,268.9258675215574,-1,-0.23587571461509949,anomaly
Node_5,Camera-like Traffic Generator,128,0.1611788919720965,0.0259048199278357,6.044298757423291,2909.5,332.3312437246242,-1,-0.23587571461509949,anomaly
Node_5,Camera-like Traffic Generator,129,0.1510542601273073,0.0233252450866087,6.544972007435021,2965.9,303.0711137670497,-1,-0.23587571461509949,anomaly
Node_5,Camera-like Traffic Generator,130,0.1570097481867605,0.036159661883471,6.559386078635519,3103.3,381.43822857996577,-1,-0.23587571461509949,anomaly
Node_5,Camera-like Traffic Generator,131,0.1432937804139157,0.0231173359056676,6.924361696434223,2837.5,248.5925939721008,-1,-0.23587571461509949,anomaly
Node_5,Camera-like Traffic Generator,132,0.1304762720512741,0.026626987759055,7.761364122864952,2978.0,324.8719405824052,-1,-0.23587571461509949,anomaly
Node_5,Camera-like Traffic Generator,133,0.1542537594907315,0.0325960803841569,6.4794060925048855,3162.2,276.20274356992826,-1,-0.23587571461509949,anomaly
Node_5,Camera-like Traffic Generator,134,0.1460811710382984,0.0309613868514326,6.66649769294084,2958.1,309.2749406093046,-1,-0.23587571461509949,anomaly
Node_5,Camera-like Traffic Generator,135,0.1532840621864494,0.0297359675500278,6.649745645692209,3098.2,303.83138598754266,-1,-0.23587571461509949,anomaly
Node_5,Camera-like Traffic Generator,136,0.1466236825470446,0.025466619390263,6.977368556055511,3003.2,247.7017920358627,-1,-0.23587571461509949,anomaly
Node_5,Camera-like Traffic Generator,137,0.1403879695534016,0.0218092300136487,7.218756034750405,2972.2,331.3553983263287,-1,-0.23587571461509949,anomaly
Node_5,Camera-like Traffic Generator,138,0.1504058766093066,0.0294359278524699,6.512762600788418,2955.0,280.89460261417946,-1,-0.23587571461509949,anomaly
Node_5,Camera-like Traffic Generator,139,0.1622773647704377,0.0252298793449406,5.971413852919117,3012.0,339.584713698626,-1,-0.23587571461509949,anomaly
Node_5,Camera-like Traffic Generator,140,0.1258120793861138,0.0314924869423854,7.77821493086562,3118.3,239.30549977428896,-1,-0.23587571461509949,anomaly
Node_5,Camera-like Traffic Generator,141,0.13261972745955,0.0250776530789419,7.4997040389878995,2933.1,318.0972772247159,-1,-0.23587571461509949,anomaly
Node_5,Camera-like Traffic Generator,142,0.1564073779543832,0.0318111951844776,6.338602224405631,2917.4,323.44334898093047,-1,-0.23587571461509949,anomaly
Node_5,Camera-like Traffic Generator,143,0.1371433935713781,0.0288104334038236,7.445938928815947,2960.8,297.32092649750257,-1,-0.23587571461509949,anomaly
Node_5,Camera-like Traffic Generator,144,0.1347417559738687,0.0284735915661896,7.633679085892749,3041.5,299.9974999895832,-1,-0.23587571461509949,anomaly
Node_5,Camera-like Traffic Generator,145,0.156221097907084,0.0292456410790337,6.262147053545268,2976.6,306.12640816789684,-1,-0.23587571461509949,anomaly
Node_5,Camera-like Traffic Generator,146,0.1584016460853462,0.0279647395634231,6.433865139092799,3044.3,285.03179159915163,-1,-0.23587571461509949,anomaly
Node_5,Camera-like Traffic Generator,147,0.1563421656161011,0.0219811537385626,6.49815235273512,3133.2,285.7157872976415,-1,-0.23587571461509949,anomaly
Node_5,Camera-like Traffic Generator,148,0.151203139004744,0.0300803776904144,6.574847661849686,3074.5,266.02265985354626,-1,-0.23587571461509949,anomaly
Node_5,Camera-like Traffic Generator,149,0.1539338483544242,0.0342650146580047,6.492196472881475,2884.4,339.0778999318921,-1,-0.23587571461509949,anomaly
Node_5,Camera-like Traffic Generator,150,0.1500722854798596,0.0323854570015173,6.584430651356961,2958.4,327.60212996187244,-1,-0.23587571461509949,anomaly
Node_5,Camera-like Traffic Generator,151,0.1425321434948898,0.0293170516670948,6.811042605371628,2989.7,234.39190827899043,-1,-0.23587571461509949,anomaly
Node_5,Camera-like Traffic Generator,152,0.1549418726185564,0.0240772313469438,6.513802626948884,3195.5,329.947218001102,-1,-0.23587571461509949,anomaly
Node_5,Camera-like Traffic Generator,153,0.1565896254154978,0.0322366739677475,6.54322619890134,2932.9,349.9696653521083,-1,-0.23587571461509949,anomaly
Node_5,Camera-like Traffic Generator,154,0.1422030728141123,0.0282872623696569,6.9120894207206405,2940.4,200.29988628165628,-1,-0.23587571461509949,anomaly
Node_5,Camera-like Traffic Generator,155,0.1478613360454062,0.0364499177052952,6.991490318426588,2958.0,359.77276779162213,-1,-0.23587571461509949,anomaly
Node_5,Camera-like Traffic Generator,156,0.1491883479236833,0.0301204286364073,6.949954515507059,3038.8,309.903856058617,-1,-0.23587571461509949,anomaly
Node_5,Camera-like Traffic Generator,157,0.1716655508991039,0.0224802750138405,5.822108402651597,2898.2,224.17493169397864,-1,-0.23587571461509949,anomaly
Node_5,Camera-like Traffic Generator,158,0.1344516049592556,0.0266927977825354,7.366515696695901,2970.9,300.6465070846861,-1,-0.23587571461509949,anomaly
Node_5,Camera-like Traffic Generator,159,0.1614376135263768,0.0268886485426859,6.116762232608205,3116.5,194.3349056540167,-1,-0.23587571461509949,anomaly
Node_5,Camera-like Traffic Generator,160,0.1648451231609982,0.0230145803734704,6.024662794147089,3025.1,302.2987668589543,-1,-0.23587571461509949,anomaly
Node_5,Camera-like Traffic Generator,161,0.1429351955284716,0.0305142075845929,7.244470006777177,2992.9,324.27096008670827,-1,-0.23587571461509949,anomaly
Node_5,Camera-like Traffic Generator,162,0.1489689557321696,0.0242565238404565,6.71754150323287,3048.0,246.7117075995111,-1,-0.23587571461509949,anomaly
Node_5,Camera-like Traffic Generator,163,0.1545106523455075,0.0247043030447069,6.50315402362734,3022.7,293.153751847426,-1,-0.23587571461509949,anomaly
Node_5,Camera-like Traffic Generator,164,0.1568081886536816,0.022748450426852,6.276123698787994,3169.1,279.8235356633018,-1,-0.23587571461509949,anomaly
Node_5,Camera-like Traffic Generator,165,0.152576552326073,0.0317637744212286,6.524119029795931,3051.1,264.85864154299367,-1,-0.23587571461509949,anomaly
Node_5,Camera-like Traffic Generator,166,0.1343472117883607,0.0202035603337424,7.425403836201113,3075.9,333.88070058364,-1,-0.23587571461509949,anomaly
Node_5,Camera-like Traffic Generator,167,0.1462643206607737,0.0306299577114843,6.932439029280715,2910.1,221.63104977015797,-1,-0.23587571461509949,anomaly
Node_5,Camera-like Traffic Generator,168,0.1582377098543076,0.0263783498474254,6.273232974768273,2860.7,247.1760730959029,-1,-0.23587571461509949,anomaly
Node_5,Camera-like Traffic Generator,169,0.1369715450509403,0.0306795663122403,7.145748739458302,2858.0,258.11840521572867,-1,-0.23587571461509949,anomaly
Node_5,Camera-like Traffic Generator,170,0.1523301234255541,0.027377167049581,6.42599360091118,2869.0,324.57767431951737,-1,-0.23587571461509949,anomaly
Node_5,Camera-like Traffic Generator,171,0.1433863642776827,0.0259870225967092,6.963951184743777,2841.7,283.77066248801844,-1,-0.23587571461509949,anomaly
Node_5,Camera-like Traffic Generator,172,0.1469268638544974,0.0316257385129091,6.955976061233977,3050.0,267.2223377223128,-1,-0.23587571461509949,anomaly
Node_5,Camera-like Traffic Generator,173,0.1525271357943722,0.0316082012189826,6.635717796906821,3001.6,330.2750369010652,-1,-0.23587571461509949,anomaly
Node_5,Camera-like Traffic Generator,174,0.1533695831418867,0.0334799627133026,6.350684356286771,3064.3,296.9822478794912,-1,-0.23587571461509949,anomaly
Node_5,Camera-like Traffic Generator,175,0.1682017144100768,0.0277940463359237,5.75838360018189,2902.2,341.8878308581469,-1,-0.23587571461509949,anomaly
Node_5,Camera-like Traffic Generator,176,0.138966381955629,0.0213322631438973,6.986333248965318,2988.5,387.9195936158821,-1,-0.23587571461509949,anomaly
Node_5,Camera-like Traffic Generator,177,0.1483663993225434,0.0335921625085708,6.534225330958086,3000.1,306.9062288930176,-1,-0.23587571461509949,anomaly
Node_5,Camera-like Traffic Generator,178,0.1474819482029261,0.0237068800502645,6.568911391903451,2890.1,186.0241621104336,-1,-0.22451303492272712,anomaly
Node_5,Camera-like Traffic Generator,179,0.1496645512620659,0.0232073964133929,6.70431685166618,3075.0,275.0216153121221,-1,-0.23587571461509949,anomaly
Node_5,Camera-like Traffic Generator,180,0.1254315006242791,0.0253198014620982,7.892224648828544,3025.0,311.8393461027293,-1,-0.23587571461509949,anomaly
Node_5,Camera-like Traffic Generator,181,0.16213960345803,0.0257372152681398,6.136847762011562,3173.2,206.5762167659514,-1,-0.23587571461509949,anomaly
Node_5,Camera-like Traffic Generator,182,0.1400723009156252,0.0260272065687814,7.086238009511819,2956.7,357.6236538286831,-1,-0.23587571461509949,anomaly
Node_5,Camera-like Traffic Generator,183,0.1616815391926309,0.0203909120995612,6.083860754879602,3135.4,244.4927629012996,-1,-0.23587571461509949,anomaly
Node_5,Camera-like Traffic Generator,184,0.1487140667820199,0.0349760148788203,6.989331288115133,2988.7,193.0613316482039,-1,-0.23587571461509949,anomaly
Node_5,Camera-like Traffic Generator,185,0.1373124024081732,0.0331564094013354,7.122345646465532,2940.4,213.9642753150888,-1,-0.23587571461509949,anomaly
Node_5,Camera-like Traffic Generator,186,0.1500456516493443,0.0282733072531671,6.714691724974164,3075.9,246.8604869151805,-1,-0.23587571461509949,anomaly
Node_5,Camera-like Traffic Generator,187,0.1404341531214072,0.0297418667984826,6.961996748274584,2983.2,342.2986999683171,-1,-0.23587571461509949,anomaly
Node_5,Camera-like Traffic Generator,188,0.1512055572624603,0.0333749185952515,6.6885389756777895,2813.1,204.64302252133268,-1,-0.23587571461509949,anomaly
Node_5,Camera-like Traffic Generator,189,0.1417572366193042,0.0193804702537681,6.990084650309806,2892.7,220.82272930515504,-1,-0.23587571461509949,anomaly
Node_5,Camera-like Traffic Generator,190,0.1527132917564642,0.0358679559163525,6.596161333942296,3036.9,276.18610875036177,-1,-0.23587571461509949,anomaly
Node_5,Camera-like Traffic Generator,191,0.1499475363623787,0.0198991488882441,6.617586333551075,3031.1,297.4863022056646,-1,-0.23587571461509949,anomaly
Node_5,Camera-like Traffic Generator,192,0.1621873757915807,0.0296780100010418,6.14038939863314,3109.0,197.21392783810512,-1,-0.23587571461509949,anomaly
Node_5,Camera-like Traffic Generator,193,0.1564381446964944,0.0278243193496729,6.446238414139898,3068.6,332.236930183533,-1,-0.23587571461509949,anomaly
Node_5,Camera-like Traffic Generator,194,0.149480695639005,0.0243918210091595,6.542493520831769,3004.3,232.89341863703328,-1,-0.23587571461509949,anomaly
Node_5,Camera-like Traffic Generator,195,0.1454374873173492,0.0255677280180324,6.791280313406731,2931.1,266.9558640175063,-1,-0.23587571461509949,anomaly
Node_5,Camera-like Traffic Generator,196,0.1480095104563474,0.0287195563474343,6.928961284191349,3027.6,332.45691450171404,-1,-0.23587571461509949,anomaly
Node_5,Camera-like Traffic Generator,197,0.1438815117784941,0.0298812128179115,6.757836794249898,2865.9,335.9965112252738,-1,-0.23587571461509949,anomaly
Node_5,Camera-like Traffic Generator,198,0.1407893621120138,0.0286255784979581,7.007940997246202,3025.3,336.25421930438284,-1,-0.23587571461509949,anomaly
Node_5,Camera-like Traffic Generator,199,0.1407541933667232,0.0349899577018939,7.402658858572122,3162.3,206.53977287142004,-1,-0.23587571461509949,anomaly
Node_5,Camera-like Traffic Generator,200,0.1426904770223927,0.0262057058649717,7.013498499569336,2909.7,277.48034965460965,-1,-0.23587571461509949,anomaly
Node_5,Camera-like Traffic Generator,201,0.1492659093251916,0.0257429322913841,6.89715404084802,2924.4,319.1471969692564,-1,-0.23587571461509949,anomaly
Node_5,Camera-like Traffic Generator,202,0.1336379773467285,0.0162940221558235,7.410663853635729,2903.7,294.583340405469,-1,-0.23587571461509949,anomaly
Node_5,Camera-like Traffic Generator,203,0.1508655502697308,0.0341849824089769,6.474570963061599,2984.6,296.50939651589835,-1,-0.23587571461509949,anomaly
Node_5,Camera-like Traffic Generator,204,0.1368376776028185,0.0141344884987784,7.249456587027616,3114.0,282.9075231708529,-1,-0.23587571461509949,anomaly
Node_5,Camera-like Traffic Generator,205,0.1413138203395021,0.0264012033942238,6.982451139525324,3136.0,209.8602709741254,-1,-0.23587571461509949,anomaly
Node_5,Camera-like Traffic Generator,206,0.1529298354125274,0.0324572651810252,6.509303847282195,2993.0,338.648293464867,-1,-0.23587571461509949,anomaly
Node_5,Camera-like Traffic Generator,207,0.153685017503011,0.030271396153905,6.274126674636502,2964.5,265.53771441695017,-1,-0.23587571461509949,anomaly
Node_5,Camera-like Traffic Generator,208,0.1506601442554938,0.0334364949408536,6.458279367659694,2955.9,378.6559417495284,-1,-0.23587571461509949,anomaly
Node_5,Camera-like Traffic Generator,209,0.1482888350095549,0.0302934495212847,6.657522817428369,2943.8,179.76700970360992,-1,-0.22304393956826574,anomaly
Node_5,Camera-like Traffic Generator,210,0.1662071954088844,0.0213515130765291,5.9259995295674015,2843.7,220.9077484682992,-1,-0.23587571461509949,anomaly
Node_5,Camera-like Traffic Generator,211,0.1605054552617844,0.0366580220155388,5.984666966814649,2837.4,280.0750693018649,-1,-0.23587571461509949,anomaly
Node_5,Camera-like Traffic Generator,212,0.1575322007557531,0.0198547972169515,6.390319461603693,3116.0,251.74634500270747,-1,-0.23587571461509949,anomaly
Node_5,Camera-like Traffic Generator,213,0.1586417111430421,0.0304800875347797,6.1483925952317104,2936.3,306.5779038207273,-1,-0.23587571461509949,anomaly
Node_5,Camera-like Traffic Generator,214,0.1487878475160698,0.0198021874508641,6.730007958844459,3026.4,297.1745465397586,-1,-0.23587571461509949,anomaly
Node_5,Camera-like Traffic Generator,215,0.1519804893903199,0.0292624709693423,6.818052472484462,3055.1,344.85309271565995,-1,-0.23587571461509949,anomaly
Node_5,Camera-like Traffic Generator,216,0.1355689928896993,0.037521957629205,7.588842718617916,2964.3,344.56641030592505,-1,-0.23587571461509949,anomaly
Node_5,Camera-like Traffic Generator,217,0.1508245814185102,0.0252815786915416,6.770523763848241,2963.2,293.7046135150076,-1,-0.23587571461509949,anomaly
Node_5,Camera-like Traffic Generator,218,0.1463418165880568,0.0331460233627861,6.680832435191364,3132.3,294.18212423976786,-1,-0.23587571461509949,anomaly
Node_5,Camera-like Traffic Generator,219,0.1471907673600242,0.0271650112143188,6.621071032145754,2990.2,239.9156333195299,-1,-0.23587571461509949,anomaly
Node_5,Camera-like Traffic Generator,220,0.1543086258582605,0.0248447946642591,6.622642657590754,3291.0,204.5227507040612,-1,-0.23587571461509949,anomaly
Node_5,Camera-like Traffic Generator,221,0.1335365150415839,0.0290977382023692,7.340685607550598,2854.6,288.0405835603341,-1,-0.23587571461509949,anomaly
Node_5,Camera-like Traffic Generator,222,0.1541572735641977,0.0342422481565671,6.307856397348969,3005.8,289.09775355597475,-1,-0.23587571461509949,anomaly
Node_5,Camera-like Traffic Generator,223,0.1539181892626175,0.0349573651899454,6.520558500968454,3106.9,262.60593629576954,-1,-0.23587571461509949,anomaly
Node_5,Camera-like Traffic Generator,224,0.149919001385183,0.0334290324459649,6.535900627055748,3080.5,323.0308722776268,-1,-0.23587571461509949,anomaly
Node_5,Camera-like Traffic Generator,225,0.1415390416833247,0.0297009519239445,7.141981449194846,3004.2,293.57255396995896,-1,-0.23587571461509949,anomaly
Node_5,Camera-like Traffic Generator,226,0.1472475804720886,0.0302417651572008,6.767777942179443,3056.0,342.16175511980686,-1,-0.23587571461509949,anomaly
Node_5,Camera-like Traffic Generator,227,0.1522132443487351,0.0307116159360717,6.5593549584217,2908.9,296.69042975989487,-1,-0.23587571461509949,anomaly
Node_5,Camera-like Traffic Generator,228,0.1583561862761882,0.0313872428600161,6.132762534426759,3107.5,214.9130315060283,-1,-0.23587571461509949,anomaly
Node_5,Camera-like Traffic Generator,229,0.1452354438565805,0.0279686492297632,7.092738937649253,2948.6,321.8699530348657,-1,-0.23587571461509949,anomaly
Node_5,Camera-like Traffic Generator,230,0.1423611225199806,0.0270291562004095,6.849244753490653,3138.6,270.4679894799629,-1,-0.23587571461509949,anomaly
Node_5,Camera-like Traffic Generator,231,0.1542852043247421,0.0333051153835542,6.553741497846118,2923.6,335.3108673720221,-1,-0.23587571461509949,anomaly
Node_5,Camera-like Traffic Generator,232,0.1523336698087178,0.0321400941522812,6.787981527335863,3078.1,350.6455792138584,-1,-0.23587571461509949,anomaly
Node_5,Camera-like Traffic Generator,233,0.1315027320260526,0.0303220971467639,7.661776221419903,3121.2,364.8414571959838,-1,-0.23587571461509949,anomaly
Node_5,Camera-like Traffic Generator,234,0.1511378119226264,0.0302959497315909,6.53133813330645,3134.7,210.33943467114716,-1,-0.23587571461509949,anomaly
Node_5,Camera-like Traffic Generator,235,0.1423006578356194,0.0296237981436664,6.927257745908563,3044.7,246.55630413986805,-1,-0.23587571461509949,anomaly
Node_5,Camera-like Traffic Generator,236,0.154904465111565,0.0350985654132997,6.522142487051074,2787.5,203.3657078052028,-1,-0.23587571461509949,anomaly
Node_5,Camera-like Traffic Generator,237,0.1454041921928933,0.0324513632423052,6.818666236645442,2954.1,203.13402800450083,-1,-0.23587571461509949,anomaly
Node_5,Camera-like Traffic Generator,238,0.1485688442269691,0.0259844460997728,6.517983734234009,2791.0,278.8755198212198,-1,-0.23587571461509949,anomaly
Node_5,Camera-like Traffic Generator,239,0.1409718726649316,0.0255635007145114,7.252942790819061,3033.6,309.3125711423101,-1,-0.23587571461509949,anomaly
Node_5,Camera-like Traffic Generator,240,0.1483091774902163,0.0333878512944798,6.906365425029079,3058.7,218.57571787470917,-1,-0.23587571461509949,anomaly
Node_5,Camera-like Traffic Generator,241,0.1503739963567454,0.0249427546458317,6.783384543707345,2866.6,216.96553745801305,-1,-0.23587571461509949,anomaly
Node_5,Camera-like Traffic Generator,242,0.1471112222499357,0.0288939705912637,6.728984917040664,2842.0,288.5450090059127,-1,-0.23587571461509949,anomaly
Node_5,Camera-like Traffic Generator,243,0.1349286748059,0.0259769215218359,7.329984825673102,2932.3,281.6566270400105,-1,-0.23587571461509949,anomaly
Node_5,Camera-like Traffic Generator,244,0.1431485662415923,0.0241387862312392,7.045681822728241,2947.8,320.7397006227255,-1,-0.23587571461509949,anomaly
Node_5,Camera-like Traffic Generator,245,0.1388961619070869,0.0269695706898436,7.339503563796132,2889.0,313.5077528724148,-1,-0.23587571461509949,anomaly
Node_5,Camera-like Traffic Generator,246,0.1404434379930933,0.0273354666202479,7.28297696316004,2945.2,328.329035504866,-1,-0.23587571461509949,anomaly
Node_5,Camera-like Traffic Generator,247,0.1719047735626134,0.0239850756306073,5.8014602568085705,3134.7,325.3852588343035,-1,-0.23587571461509949,anomaly
Node_5,Camera-like Traffic Generator,248,0.1531731404848414,0.0356065926626803,6.294900869899061,3041.9,255.35049985809263,-1,-0.23587571461509949,anomaly
Node_5,Camera-like Traffic Generator,249,0.1357667684462455,0.0235765006813831,7.290473955574535,3040.5,266.4946320076427,-1,-0.23587571461509949,anomaly
Node_5,Camera-like Traffic Generator,250,0.1412317543459153,0.0276669460090335,7.139898975773731,3131.9,276.6106168123945,-1,-0.23587571461509949,anomaly
Node_5,Camera-like Traffic Generator,251,0.1624616307960877,0.0322466467677093,6.160533699310937,2867.4,239.5761071374003,-1,-0.23587571461509949,anomaly
Node_5,Camera-like Traffic Generator,252,0.1427700190536597,0.0273385247551186,6.822336483565801,3037.4,293.5878441322498,-1,-0.23587571461509949,anomaly
Node_5,Camera-like Traffic Generator,253,0.1385310093126747,0.014434848946702,7.214310194029151,2940.3,365.9301845981007,-1,-0.23587571461509949,anomaly
Node_5,Camera-like Traffic Generator,254,0.1517240416840422,0.0301278257599763,6.568079816122972,3141.9,265.9872386245459,-1,-0.23587571461509949,anomaly
Node_5,Camera-like Traffic Generator,255,0.1547808283336849,0.0255923186086211,6.623550859454912,3041.6,300.75763590565003,-1,-0.23587571461509949,anomaly
Node_5,Camera-like Traffic Generator,256,0.1441590998534763,0.031545691965365,7.06546953620504,3041.6,272.2201723278828,-1,-0.23587571461509949,anomaly
Node_5,Camera-like Traffic Generator,257,0.155357805818835,0.0305593485756799,6.622356852026031,3049.8,262.21483982075125,-1,-0.23587571461509949,anomaly
Node_5,Camera-like Traffic Generator,258,0.1517219365675032,0.0317066937600732,6.76228565001698,2999.6,272.452727805924,-1,-0.23587571461509949,anomaly
Node_5,Camera-like Traffic Generator,259,0.1609237590783777,0.0228124863954633,6.226953947008202,3029.7,364.025350155117,-1,-0.23587571461509949,anomaly
Node_5,Camera-like Traffic Generator,260,0.1420828551255056,0.0391039033171428,6.878364006314147,2981.9,361.31840375061006,-1,-0.2323987706320767,anomaly
Node_5,Camera-like Traffic Generator,261,0.1479834036381135,0.0302881863554213,6.567889227156056,3038.3,343.4524227118898,-1,-0.23587571461509949,anomaly
Node_5,Camera-like Traffic Generator,262,0.1601399282254931,0.026244302662704,6.259929209331012,3241.8,166.6538661751089,-1,-0.21043508291673707,anomaly
Node_5,Camera-like Traffic Generator,263,0.1260978260600779,0.0142686026425906,7.825456518776948,2840.6,335.13519659982,-1,-0.23587571461509949,anomaly
Node_5,Camera-like Traffic Generator,264,0.1698970335810486,0.0276286534347644,5.904083176384775,2919.6,320.3308012386917,-1,-0.23587571461509949,anomaly
Node_5,Camera-like Traffic Generator,265,0.1561480412118499,0.0357603837953711,6.58329958128993,3017.9,293.8092540710346,-1,-0.23587571461509949,anomaly
Node_5,Camera-like Traffic Generator,266,0.1392170923403114,0.0271307149788473,7.274833098272661,2923.1,253.18831375524076,-1,-0.23587571461509949,anomaly
Node_5,Camera-like Traffic Generator,267,0.1489750764923201,0.0262799864745808,6.706098142802373,2944.9,277.6294292757884,-1,-0.23587571461509949,anomaly
Node_5,Camera-like Traffic Generator,268,0.1591336131465141,0.0245573768265008,6.109322962442102,3068.4,284.3664302738048,-1,-0.23587571461509949,anomaly
Node_5,Camera-like Traffic Generator,269,0.1464494409396763,0.0299905593698275,7.1069229918964085,2906.1,316.6008528099695,-1,-0.23587571461509949,anomaly
Node_5,Camera-like Traffic Generator,270,0.1594314947779537,0.0310322379715251,6.354669119831841,3031.1,311.0867867475069,-1,-0.23587571461509949,anomaly
Node_5,Camera-like Traffic Generator,271,0.1708391535435851,0.0288451095853678,5.94417082503253,3059.0,338.8303410263018,-1,-0.23587571461509949,anomaly
Node_5,Camera-like Traffic Generator,272,0.1551906197974233,0.0206394456408496,6.510454846109994,2877.0,243.2004203212742,-1,-0.23587571461509949,anomaly
Node_5,Camera-like Traffic Generator,273,0.14052524419468,0.0289292735436252,7.269488869969684,3023.3,297.94856006439176,-1,-0.23587571461509949,anomaly
Node_5,Camera-like Traffic Generator,274,0.1452959665935793,0.0386718630558691,6.895928537377942,2978.5,312.74847899088354,-1,-0.2323987706320767,anomaly
Node_5,Camera-like Traffic Generator,275,0.1524533190921602,0.0223700387420659,6.560952932406266,3117.2,281.62930718706576,-1,-0.23587571461509949,anomaly
Node_5,Camera-like Traffic Generator,276,0.1486177444603242,0.0277843211079347,6.705846245904361,2936.6,325.68021125023853,-1,-0.23587571461509949,anomaly
Node_5,Camera-like Traffic Generator,277,0.1494915658565048,0.0282423879024612,6.792516262265644,2958.3,311.63834095880367,-1,-0.23587571461509949,anomaly
Node_5,Camera-like Traffic Generator,278,0.1377508927161386,0.0263205389028033,7.088881251921965,2817.3,333.8742444560693,-1,-0.23587571461509949,anomaly
Node_5,Camera-like Traffic Generator,279,0.148178256717955,0.0287176737298461,6.844132728744674,2836.0,341.1754192005436,-1,-0.23587571461509949,anomaly
Node_5,Camera-like Traffic Generator,280,0.1323344084731445,0.0279830929679081,7.44314208460828,3046.3,244.36404991096563,-1,-0.23587571461509949,anomaly
Node_5,Camera-like Traffic Generator,281,0.1599240574427995,0.0232517412806984,6.334454466556247,3025.0,237.7907576934908,-1,-0.23587571461509949,anomaly
Node_5,Camera-like Traffic Generator,282,0.1588529645643234,0.0309105139322449,6.316389508199428,2888.1,275.24108624178103,-1,-0.23587571461509949,anomaly
Node_5,Camera-like Traffic Generator,283,0.1445140035589588,0.0268525625900496,7.043621836196134,3125.1,282.12465723899817,-1,-0.23587571461509949,anomaly
Node_5,Camera-like Traffic Generator,284,0.1572640165695816,0.0317323813574276,6.535230856737895,3256.4,126.17377787092776,-1,-0.21831239928039192,anomaly
Node_5,Camera-like Traffic Generator,285,0.151836054989883,0.0366977871978202,6.683075130989467,3035.9,252.14389630614588,-1,-0.23587571461509949,anomaly
Node_5,Camera-like Traffic Generator,286,0.1446919914670559,0.0236139451150794,6.800706977105487,3130.7,187.0971524220624,-1,-0.22451303492272712,anomaly
Node_5,Camera-like Traffic Generator,287,0.1306961432651405,0.0273751840440771,7.736511771657981,3059.7,282.7672973390743,-1,-0.23587571461509949,anomaly
Node_5,Camera-like Traffic Generator,288,0.1477089419418291,0.0267481617769505,6.711140686924813,2984.4,277.6161218501388,-1,-0.23587571461509949,anomaly
Node_5,Camera-like Traffic Generator,289,0.1446245402308761,0.0283769270773105,6.83460031631035,3087.5,293.4705171638957,-1,-0.23587571461509949,anomaly
Node_5,Camera-like Traffic Generator,290,0.1445231659001592,0.017622333698973,6.862670300535934,3115.4,300.5122293684568,-1,-0.23587571461509949,anomaly
Node_5,Camera-like Traffic Generator,291,0.1655028916432968,0.027519919815972,6.164949043792205,2975.1,318.496275924504,-1,-0.23587571461509949,anomaly
Node_5,Camera-like Traffic Generator,292,0.1307544351204171,0.0226695536116604,7.842151456560352,2908.7,267.480445806584,-1,-0.23587571461509949,anomaly
Node_5,Camera-like Traffic Generator,293,0.1418274531346185,0.0340613955872433,7.22606955078867,3156.0,282.785352441663,-1,-0.23587571461509949,anomaly
Node_5,Camera-like Traffic Generator,294,0.1555836144177419,0.030121267576167,6.492437269356079,3170.2,187.51995449373737,-1,-0.2254940897503388,anomaly
Node_5,Camera-like Traffic Generator,295,0.1653412935802805,0.0239746951656892,6.134929622507702,3091.7,257.26166964137246,-1,-0.23587571461509949,anomaly
Node_5,Camera-like Traffic Generator,296,0.1334600280183963,0.0300322591402159,7.463942824637616,2976.0,343.94993175687006,-1,-0.23587571461509949,anomaly
Node_5,Camera-like Traffic Generator,297,0.1473360297963722,0.0217238773529143,6.972536051321245,3027.8,242.96904238103164,-1,-0.23587571461509949,anomaly
Node_5,Camera-like Traffic Generator,298,0.1499305536186398,0.0288214984889952,6.498672149233128,3212.8,332.3558334075092,-1,-0.23587571461509949,anomaly
Node_5,Camera-like Traffic Generator,299,0.1495068524757641,0.0343831131641549,6.850817658865996,3082.1,197.71834625154148,-1,-0.23587571461509949,anomaly
Node_5,Camera-like Traffic Generator,300,0.1401685087505143,0.0234498509572828,7.102360287369839,2875.9,293.05799577709683,-1,-0.23587571461509949,anomaly
Node_5,Camera-like Traffic Generator,301,0.1582017479928879,0.0309207908297719,6.426961567814689,2959.1,247.20142484307087,-1,-0.23587571461509949,anomaly
Node_5,Camera-like Traffic Generator,302,0.1364515904414077,0.0326734758080202,7.223687568302852,2940.9,316.9796523438058,-1,-0.23587571461509949,anomaly
Node_5,Camera-like Traffic Generator,303,0.1498926473670451,0.0301332944496622,6.605227075320095,3018.9,288.13825770896085,-1,-0.23587571461509949,anomaly
Node_5,Camera-like Traffic Generator,304,0.1590452004795679,0.0330749066288134,6.4509457799437575,3038.2,224.72096277630868,-1,-0.23587571461509949,anomaly
Node_5,Camera-like Traffic Generator,305,0.1510011281329696,0.0353332154880348,6.775775437800107,2941.2,368.9928635262928,-1,-0.23587571461509949,anomaly
Node_5,Camera-like Traffic Generator,306,0.157214998414264,0.0252384266776584,6.412318356836242,3131.2,303.7425079094316,-1,-0.23587571461509949,anomaly
Node_5,Camera-like Traffic Generator,307,0.1579408151049676,0.0301450183332729,6.514143231930023,3112.9,341.0530913378606,-1,-0.23587571461509949,anomaly
Node_5,Camera-like Traffic Generator,308,0.1436109073243415,0.0276398513139334,7.136167013082618,3111.0,306.94371543402616,-1,-0.23587571461509949,anomaly
Node_5,Camera-like Traffic Generator,309,0.1553303003115729,0.0339689256523218,6.242426533469031,2803.3,313.0811218979657,-1,-0.23587571461509949,anomaly
Node_5,Camera-like Traffic Generator,310,0.14870610543623,0.0281966189122965,6.855559744952125,2848.5,230.94840693684523,-1,-0.23587571461509949,anomaly
Node_5,Camera-like Traffic Generator,311,0.1454194132785062,0.0317242330780932,6.690534098394689,3023.0,315.87163356162404,-1,-0.23587571461509949,anomaly
Node_5,Camera-like Traffic Generator,312,0.1481398914838223,0.0260006219815548,6.921200459366798,3144.0,275.24009720807595,-1,-0.23587571461509949,anomaly
Node_5,Camera-like Traffic Generator,313,0.1319361705892163,0.0249007897610456,7.460655329568266,2920.2,261.82810306679374,-1,-0.23587571461509949,anomaly
Node_5,Camera-like Traffic Generator,314,0.1448625515572644,0.0367103162828304,6.979209909877109,2997.9,358.998127509818,-1,-0.23587571461509949,anomaly
Node_5,Camera-like Traffic Generator,315,0.1540264369596684,0.0264516432900307,6.693413235193814,3083.2,301.4574965434136,-1,-0.23587571461509949,anomaly
Node_5,Camera-like Traffic Generator,316,0.1406017224526522,0.0333674067771661,6.914540845976913,2828.3,265.6639690369103,-1,-0.23587571461509949,anomaly
Node_5,Camera-like Traffic Generator,317,0.1447259748327383,0.0335649882527134,6.733908318248098,2948.8,348.6363275519189,-1,-0.23587571461509949,anomaly
Node_5,Camera-like Traffic Generator,318,0.1488359218972505,0.0227211502569355,6.6750846612638375,2984.7,320.2492258642738,-1,-0.23587571461509949,anomaly
Node_5,Camera-like Traffic Generator,319,0.1398467172835296,0.0369544187674406,7.392315110517551,3011.8,360.4095818186119,-1,-0.23587571461509949,anomaly
Node_5,Camera-like Traffic Generator,320,0.1458238523562556,0.0285010143132631,6.659477393849865,3056.0,236.1444943720311,-1,-0.23587571461509949,anomaly
Node_5,Camera-like Traffic Generator,321,0.1492524802063371,0.0252220280093474,6.809144683867024,2894.3,235.31352607862465,-1,-0.23587571461509949,anomaly
Node_5,Camera-like Traffic Generator,322,0.1465633759184697,0.0263616515518629,6.894781476474442,3144.0,239.30872668305824,-1,-0.23587571461509949,anomaly
Node_5,Camera-like Traffic Generator,323,0.1617351000898679,0.0298107101215062,5.976265633296502,2948.6,356.5981865723193,-1,-0.23587571461509949,anomaly
Node_5,Camera-like Traffic Generator,324,0.1618115181697817,0.0240262985215847,6.185427918739731,3034.8,358.57303610592675,-1,-0.23587571461509949,anomaly
Node_5,Camera-like Traffic Generator,325,0.1557502003622176,0.0271334632391254,6.550819188348058,2954.8,336.7999076273297,-1,-0.23587571461509949,anomaly
Node_5,Camera-like Traffic Generator,326,0.1584307260419905,0.0344619264096927,6.488565891317282,2934.3,205.1552528642096,-1,-0.23587571461509949,anomaly
Node_5,Camera-like Traffic Generator,327,0.1557473317022413,0.0269398155768519,6.3942939826162535,2994.0,288.78865782590714,-1,-0.23587571461509949,anomaly
Node_5,Camera-like Traffic Generator,328,0.1509734161903395,0.0185948285620869,6.658594043451755,3034.1,241.0714278659612,-1,-0.23587571461509949,anomaly
Node_5,Camera-like Traffic Generator,329,0.1467387779529133,0.033401755051599,6.603706335686627,2979.8,165.66686787378794,-1,-0.21043508291673707,anomaly
Node_5,Camera-like Traffic Generator,330,0.1414612709187736,0.0360031874578889,6.975138799295403,3096.6,251.26842663220188,-1,-0.23587571461509949,anomaly
Node_5,Camera-like Traffic Generator,331,0.150867072439587,0.0338295714281872,6.4200614612088005,2924.6,384.0868536035972,-1,-0.23587571461509949,anomaly
Node_5,Camera-like Traffic Generator,332,0.1434614238992708,0.0265624358827865,6.743736094633611,3171.8,237.3360486736054,-1,-0.23587571461509949,anomaly
Node_5,Camera-like Traffic Generator,333,0.1474546428486348,0.0303716277045575,6.680589911423057,3133.4,266.36449546522607,-1,-0.23587571461509949,anomaly
Node_5,Camera-like Traffic Generator,334,0.1465876776042591,0.0241694494357654,6.6601014980993245,2948.1,234.37455777736056,-1,-0.23587571461509949,anomaly
Node_5,Camera-like Traffic Generator,335,0.1662897670252334,0.0280407964519823,5.875685798351843,2977.8,337.2140105168955,-1,-0.23587571461509949,anomaly
Node_5,Camera-like Traffic Generator,336,0.146021709757548,0.0277618488638623,6.638302653406539,2898.8,246.5115728633355,-1,-0.23587571461509949,anomaly
Node_5,Camera-like Traffic Generator,337,0.1511170541743638,0.0284852956693512,6.388899911607302,3052.9,349.24631549794327,-1,-0.23587571461509949,anomaly
Node_5,Camera-like Traffic Generator,338,0.146826163264393,0.0219555606820295,6.997125373733069,3130.1,314.2569543118073,-1,-0.23587571461509949,anomaly
Node_5,Camera-like Traffic Generator,339,0.156903858161047,0.0308879695686108,6.289692583466953,2835.2,240.45225906380853,-1,-0.23587571461509949,anomaly
Node_5,Camera-like Traffic Generator,340,0.16401465850264,0.0390903195950576,6.233925184361928,2825.0,269.0192062536304,-1,-0.2323987706320767,anomaly
Node_5,Camera-like Traffic Generator,341,0.1551012696045745,0.0316013716156477,6.614879651341836,3091.0,305.89395402837096,-1,-0.23587571461509949,anomaly
Node_5,Camera-like Traffic Generator,342,0.15513132655675,0.0278734131947167,6.588391277488074,2929.3,259.72423409797125,-1,-0.23587571461509949,anomaly
Node_5,Camera-like Traffic Generator,343,0.1460658008401537,0.034955103063571,7.129741240039498,3108.8,295.917706278095,-1,-0.23587571461509949,anomaly
Node_5,Camera-like Traffic Generator,344,0.1570900979666021,0.0257884312451256,6.491867202794361,3119.5,351.9625137867825,-1,-0.23587571461509949,anomaly
Node_5,Camera-like Traffic Generator,345,0.164029751609155,0.0299813279800991,6.112279750226747,2908.6,299.10243507311446,-1,-0.23587571461509949,anomaly
Node_5,Camera-like Traffic Generator,346,0.1487903252704541,0.0288260815242035,6.6704122137795085,3048.4,355.8964268810052,-1,-0.23587571461509949,anomaly
Node_5,Camera-like Traffic Generator,347,0.1459328706400242,0.0217528523294808,6.881208223790306,3027.1,325.0922774980804,-1,-0.23587571461509949,anomaly
Node_5,Camera-like Traffic Generator,348,0.1675959348584569,0.014429321304014,5.956839703446054,3054.1,291.0213623315878,-1,-0.23587571461509949,anomaly
Node_5,Camera-like Traffic Generator,349,0.1585735618357375,0.0332590052350551,6.185022417088574,3050.4,303.1344402882802,-1,-0.23587571461509949,anomaly
Node_5,Camera-like Traffic Generator,350,0.1565774786688507,0.0313122254554194,6.236416864486858,2866.9,283.230353834707,-1,-0.23587571461509949,anomaly
Node_5,Camera-like Traffic Generator,351,0.1351560611830905,0.0330377170839858,7.2757254949405405,2893.7,318.3143275303691,-1,-0.23587571461509949,anomaly
Node_5,Camera-like Traffic Generator,352,0.1535989649457633,0.0333012845743212,6.645957552719918,2955.9,260.6370187743014,-1,-0.23587571461509949,anomaly
Node_5,Camera-like Traffic Generator,353,0.1478648757747692,0.0258533878598305,6.727553750403531,3116.5,381.4650850485679,-1,-0.23587571461509949,anomaly
Node_5,Camera-like Traffic Generator,354,0.1592098576325497,0.0326615230036805,6.05045736130584,2994.0,327.1197538109451,-1,-0.23587571461509949,anomaly
Node_5,Camera-like Traffic Generator,355,0.155095116986115,0.0188596776124162,6.620955669606602,2784.9,174.30398095791668,-1,-0.21912938484069044,anomaly
Node_5,Camera-like Traffic Generator,356,0.1518041673928678,0.0246303863110589,6.6055065509818816,2896.9,267.73596031247735,-1,-0.23587571461509949,anomaly
Node_5,Camera-like Traffic Generator,357,0.1603576807670492,0.0304174759516981,6.162629692409208,3191.1,230.8474484252413,-1,-0.23587571461509949,anomaly
Node_5,Camera-like Traffic Generator,358,0.1416931945917099,0.0273709688095874,7.3783772671051935,2856.5,287.9966242086104,-1,-0.23587571461509949,anomaly
Node_5,Camera-like Traffic Generator,359,0.1527930666056704,0.0315529569775053,6.580800325538831,2956.3,320.1225633340386,-1,-0.23587571461509949,anomaly
Node_5,Camera-like Traffic Generator,360,0.1543913584528922,0.0345418798147745,6.492964014443532,2905.2,298.69374877214216,-1,-0.23587571461509949,anomaly
Node_5,Camera-like Traffic Generator,361,0.1696491116807351,0.0316340029777378,5.981907209504213,2945.8,304.365204610806,-1,-0.23587571461509949,anomaly
Node_5,Camera-like Traffic Generator,362,0.1397805505589417,0.0314206363439592,6.9381230109020064,2974.4,362.9937862951498,-1,-0.23587571461509949,anomaly
Node_5,Camera-like Traffic Generator,363,0.1542946061723796,0.0300281243262437,6.675341473137438,3141.4,278.05642912505687,-1,-0.23587571461509949,anomaly
Node_5,Camera-like Traffic Generator,364,0.1417664975886055,0.0307694948285324,6.949996710548805,3123.2,212.8295092321551,-1,-0.23587571461509949,anomaly
Node_5,Camera-like Traffic Generator,365,0.1413653113919054,0.026736423075615,7.017173707474727,3073.8,299.0380131911883,-1,-0.23587571461509949,anomaly
Node_5,Camera-like Traffic Generator,366,0.1550479183431207,0.0338288354434928,6.578497525688402,2961.5,217.9899335086625,-1,-0.23587571461509949,anomaly
Node_5,Camera-like Traffic Generator,367,0.153631002904433,0.0306666167222956,6.437549414138534,3113.1,335.6302363547652,-1,-0.23587571461509949,anomaly
Node_5,Camera-like Traffic Generator,368,0.1451774005790071,0.03479283325385,6.662714990341702,2975.6,382.22599481342337,-1,-0.23587571461509949,anomaly
Node_5,Camera-like Traffic Generator,369,0.1553316647028964,0.0238515708651223,6.556075309712783,3201.9,286.8505030693011,-1,-0.23587571461509949,anomaly
Node_5,Camera-like Traffic Generator,370,0.1470450055897004,0.0311813422695929,6.966177743996666,3278.1,195.59053033200647,-1,-0.23587571461509949,anomaly
Node_5,Camera-like Traffic Generator,371,0.1502291954987981,0.0343511326389371,6.57743991212082,2927.9,291.4616231646592,-1,-0.23587571461509949,anomaly
Node_5,Camera-like Traffic Generator,372,0.1293342444151335,0.0200503596642054,7.995816574838536,2906.5,361.0134654306155,-1,-0.23587571461509949,anomaly
Node_5,Camera-like Traffic Generator,373,0.1440214770630859,0.0291992626610374,7.059816615977888,3034.4,349.15491627006423,-1,-0.23587571461509949,anomaly
Node_5,Camera-like Traffic Generator,374,0.1626746740330759,0.0345288581733081,6.268005643154223,3033.9,284.3559779962823,-1,-0.23587571461509949,anomaly
Node_5,Camera-like Traffic Generator,375,0.1392047590637844,0.0248443662909861,6.97676327139147,2893.6,305.9212680122489,-1,-0.23587571461509949,anomaly
Node_5,Camera-like Traffic Generator,376,0.1564406237851585,0.0299167363278625,6.436584554371732,2909.0,281.52521102815007,-1,-0.23587571461509949,anomaly
Node_5,Camera-like Traffic Generator,377,0.1506787161239913,0.0301846157744589,6.403903993137395,3049.0,336.82108669803387,-1,-0.23587571461509949,anomaly
Node_5,Camera-like Traffic Generator,378,0.153153599394659,0.0334368854594366,6.36295661310965,2919.2,262.2762750315866,-1,-0.23587571461509949,anomaly
Node_5,Camera-like Traffic Generator,379,0.1546819548877238,0.0324559329813628,6.6367449830134495,2883.7,307.44106933054843,-1,-0.23587571461509949,anomaly
Node_5,Camera-like Traffic Generator,380,0.154713298308809,0.0250224589521799,6.380585887589353,2966.3,278.1606450316875,-1,-0.23587571461509949,anomaly
Node_5,Camera-like Traffic Generator,381,0.1634068141799389,0.0306249118453087,6.239811096354191,3084.6,315.97123638429844,-1,-0.23587571461509949,anomaly
Node_5,Camera-like Traffic Generator,382,0.146759066772563,0.0326616926145296,6.818628844614386,2999.7,431.5597164806846,-1,-0.23587571461509949,anomaly
Node_5,Camera-like Traffic Generator,383,0.1703033242920355,0.0266932588665973,5.977526753170184,3031.6,281.439632366635,-1,-0.23587571461509949,anomaly
Node_5,Camera-like Traffic Generator,384,0.1337464122937717,0.0243928047524799,7.3341230322647855,3173.0,238.77046160137425,-1,-0.23587571461509949,anomaly
Node_5,Camera-like Traffic Generator,385,0.167173911513737,0.0332707171106555,5.957784763052701,2972.4,359.6678096985235,-1,-0.23587571461509949,anomaly
Node_5,Camera-like Traffic Generator,386,0.1460012763250688,0.0277165698279735,6.740469239132034,3095.9,400.7580178722428,-1,-0.23587571461509949,anomaly
Node_5,Camera-like Traffic Generator,387,0.1513965466690137,0.0352206258498834,6.785978384777955,2918.0,253.44120510375663,-1,-0.23587571461509949,anomaly
Node_5,Camera-like Traffic Generator,388,0.1462077772808811,0.0254052260801552,6.894847906555354,3128.7,296.8613780500552,-1,-0.23587571461509949,anomaly
Node_5,Camera-like Traffic Generator,389,0.1591566261921457,0.0218531727256696,6.319267738412279,3049.5,302.4302490749819,-1,-0.23587571461509949,anomaly
Node_5,Camera-like Traffic Generator,390,0.1494957458907606,0.0360712659524058,6.555480163383048,3170.9,256.0488017720233,-1,-0.23587571461509949,anomaly
Node_5,Camera-like Traffic Generator,391,0.1721587955312884,0.0236056870952854,5.678220825428449,3068.6,269.2141650557538,-1,-0.23587571461509949,anomaly
Node_5,Camera-like Traffic Generator,392,0.1478884454201875,0.0256616243850187,6.689788067497723,2970.5,372.6437828394416,-1,-0.23587571461509949,anomaly
Node_5,Camera-like Traffic Generator,393,0.1286224607286499,0.0183904464819101,7.805584975519343,3163.4,264.73139426806017,-1,-0.23587571461509949,anomaly
Node_5,Camera-like Traffic Generator,394,0.135004285009154,0.033290749073851,7.676882497909302,3044.1,228.8106689431728,-1,-0.23587571461509949,anomaly
Node_5,Camera-like Traffic Generator,395,0.1431972448891883,0.0278526262642962,6.972919759443456,3105.4,282.63647637518017,-1,-0.23587571461509949,anomaly
Node_5,Camera-like Traffic Generator,396,0.1540867557675369,0.0332574347550337,6.338224424232122,3122.9,226.10540806348607,-1,-0.23587571461509949,anomaly
Node_5,Camera-like Traffic Generator,397,0.1357532583480633,0.0259181233797853,7.356614251884317,3007.5,293.9921578697107,-1,-0.23587571461509949,anomaly
Node_5,Camera-like Traffic Generator,398,0.1483892149506232,0.0332983683412015,6.5149716398607085,3017.7,305.3311681145936,-1,-0.23587571461509949,anomaly
Node_5,Camera-like Traffic Generator,399,0.1519395252712911,0.0258214195335769,6.704053860665445,2911.4,260.9189742259292,-1,-0.23587571461509949,anomaly
Node_5,Camera-like Traffic Generator,400,0.1511900760273078,0.0305631817785254,6.487479432550593,3067.0,284.87931167816,-1,-0.23587571461509949,anomaly
Node_5,Camera-like Traffic Generator,401,0.1482357108489054,0.0363888379743684,6.925599138082978,3045.7,182.29953982997927,-1,-0.22353330673386873,anomaly
Node_5,Camera-like Traffic Generator,402,0.162100730122313,0.0334915118183705,5.995934870101708,3038.1,288.9169238533612,-1,-0.23587571461509949,anomaly
Node_5,Camera-like Traffic Generator,403,0.1441074847328195,0.0338743680439355,6.989413931645936,2945.3,338.4149491050562,-1,-0.23587571461509949,anomaly
Node_5,Camera-like Traffic Generator,404,0.1492589668443202,0.0316313057385205,6.789612093717775,3080.6,316.3532484071845,-1,-0.23587571461509949,anomaly
Node_5,Camera-like Traffic Generator,405,0.1496580645887547,0.0354579519183263,6.869540370544503,2879.1,281.86657600124687,-1,-0.23587571461509949,anomaly
Node_5,Camera-like Traffic Generator,406,0.136125302981452,0.0216930083147669,7.235880987249588,2943.1,276.3686949630069,-1,-0.23587571461509949,anomaly
Node_5,Camera-like Traffic Generator,407,0.1557191802762759,0.0295598991937651,6.291836386737613,2919.1,268.5427547172165,-1,-0.23587571461509949,anomaly
Node_5,Camera-like Traffic Generator,408,0.1529970900019634,0.0341738056727654,6.755075798228497,2942.9,289.8503253596778,-1,-0.23587571461509949,anomaly
Node_5,Camera-like Traffic Generator,409,0.1505661170739131,0.0254522592084537,6.436654784155154,2980.5,255.18675078808025,-1,-0.23587571461509949,anomaly
Node_5,Camera-like Traffic Generator,410,0.1452295545379797,0.0241513392926862,6.9810788119678975,2908.9,267.49515052717413,-1,-0.23587571461509949,anomaly
Node_5,Camera-like Traffic Generator,411,0.1438024886115045,0.0273671690319337,6.906531304693235,2929.4,257.66136260172533,-1,-0.23587571461509949,anomaly
Node_5,Camera-like Traffic Generator,412,0.1363998149483791,0.0243837263772301,7.692975027769454,2921.8,306.5959338717112,-1,-0.23587571461509949,anomaly
Node_5,Camera-like Traffic Generator,413,0.1425670775568278,0.0231763355047264,7.273329214110184,2819.7,199.30994846107296,-1,-0.23587571461509949,anomaly
Node_5,Camera-like Traffic Generator,414,0.155145856847912,0.0272960590141374,6.43313646625675,3137.6,284.27537510113126,-1,-0.23587571461509949,anomaly
Node_5,Camera-like Traffic Generator,415,0.1407956986444787,0.0282368747792435,7.194138567789714,3089.7,194.77397156704484,-1,-0.23587571461509949,anomaly
Node_5,Camera-like Traffic Generator,416,0.1540162254003007,0.0328910658256409,6.305471140388159,3110.5,330.5450885364288,-1,-0.23587571461509949,anomaly
Node_5,Camera-like Traffic Generator,417,0.1529040032307193,0.0267571451523742,6.516322962111556,2829.7,262.8108952586758,-1,-0.23587571461509949,anomaly
Node_5,Camera-like Traffic Generator,418,0.1409234221302085,0.0297603506525431,6.9030397709259965,3062.0,352.33128350081734,-1,-0.23587571461509949,anomaly
Node_5,Camera-like Traffic Generator,419,0.1353999425668121,0.0288446690403306,7.222468836919479,3012.8,319.7036127415516,-1,-0.23587571461509949,anomaly
Node_5,Camera-like Traffic Generator,420,0.1418124336257506,0.0320290298291074,6.845273600501447,3020.2,250.0852299161672,-1,-0.23587571461509949,anomaly
Node_5,Camera-like Traffic Generator,421,0.1334968559362664,0.0279212724378644,7.477633759113225,3047.5,254.0298538886063,-1,-0.23587571461509949,anomaly
Node_5,Camera-like Traffic Generator,422,0.146293584709258,0.0309747435649884,7.0104468106441775,2876.0,313.9830144025841,-1,-0.23587571461509949,anomaly
Node_5,Camera-like Traffic Generator,423,0.1476927193026995,0.0271087437709573,6.820426863301714,2932.1,313.1132028161345,-1,-0.23587571461509949,anomaly
Node_5,Camera-like Traffic Generator,424,0.1390937815797087,0.0279883451704742,7.10886172140279,2978.1,339.1143530498885,-1,-0.23587571461509949,anomaly
Node_5,Camera-like Traffic Generator,425,0.1615904782596203,0.0254730943566137,6.343906390307477,3134.5,344.39746095334544,-1,-0.23587571461509949,anomaly
Node_5,Camera-like Traffic Generator,426,0.1656349673902014,0.0261499776751942,6.1092332149685085,2942.5,175.93133130097473,-1,-0.21912938484069044,anomaly
Node_5,Camera-like Traffic Generator,427,0.1575982326978419,0.0306711646535484,6.508209020571941,2930.3,327.9153176592328,-1,-0.23587571461509949,anomaly
Node_5,Camera-like Traffic Generator,428,0.1429975273171294,0.029583836611025,6.810331156232948,3081.3,315.5549080588036,-1,-0.23587571461509949,anomaly
Node_5,Camera-like Traffic Generator,429,0.1341807609251077,0.025396401091623,7.381562335879211,2963.0,270.8603576260899,-1,-0.23587571461509949,anomaly
Node_5,Camera-like Traffic Generator,430,0.14652111832537,0.0253779167640974,6.735089965726496,3018.9,284.9886742388975,-1,-0.23587571461509949,anomaly
Node_5,Camera-like Traffic Generator,431,0.149309465502165,0.0299094696872051,6.875304805988929,3025.4,297.18763246287506,-1,-0.23587571461509949,anomaly
Node_5,Camera-like Traffic Generator,432,0.1405980543773353,0.0222680379096002,7.124386461753301,2921.4,318.6196618052453,-1,-0.23587571461509949,anomaly
Node_5,Camera-like Traffic Generator,433,0.1472174901926564,0.0251869161698659,6.740127273966626,2973.3,295.86823268325224,-1,-0.23587571461509949,anomaly
Node_5,Camera-like Traffic Generator,434,0.1500522679125651,0.0288466644408051,6.72504815463754,2890.6,263.3169615163866,-1,-0.23587571461509949,anomaly
Node_5,Camera-like Traffic Generator,435,0.1568458369656127,0.0285770105894836,6.508041813991119,2796.2,280.17407287454546,-1,-0.23587571461509949,anomaly
Node_5,Camera-like Traffic Generator,436,0.145630839649516,0.0170030317218252,6.933618778881418,3100.9,287.65390083686793,-1,-0.23587571461509949,anomaly
Node_5,Camera-like Traffic Generator,437,0.1374132606183366,0.0342548786198034,7.285320267002891,2992.1,263.0853051346232,-1,-0.23587571461509949,anomaly
Node_5,Camera-like Traffic Generator,438,0.1564352920418969,0.025160726747171,6.254085325011221,3008.5,228.8081437944608,-1,-0.23587571461509949,anomaly
Node_5,Camera-like Traffic Generator,439,0.1372940520020847,0.0230955671691414,7.367557149088848,2828.5,266.8158957450291,-1,-0.23587571461509949,anomaly
Node_5,Camera-like Traffic Generator,440,0.1592096132761071,0.0261744271348192,6.377845590083478,2996.9,294.1445034143744,-1,-0.23587571461509949,anomaly
Node_5,Camera-like Traffic Generator,441,0.1558700092868093,0.0281587818730715,6.2748662043857815,3048.4,347.5828278586591,-1,-0.23587571461509949,anomaly
Node_5,Camera-like Traffic Generator,442,0.1414339687328833,0.0317099733500747,7.063861630633707,2977.1,288.3965056037338,-1,-0.23587571461509949,anomaly
Node_5,Camera-like Traffic Generator,443,0.1649576954791428,0.0242554919026813,6.042019052100802,3053.9,312.2408080668224,-1,-0.23587571461509949,anomaly
Node_5,Camera-like Traffic Generator,444,0.1464010606284091,0.0287239324780831,7.016511265725933,3022.4,297.7049993981738,-1,-0.23587571461509949,anomaly
Node_5,Camera-like Traffic Generator,445,0.1467652669171116,0.0235953276198685,6.952683395685398,3093.4,211.04301825825837,-1,-0.23587571461509949,anomaly
Node_5,Camera-like Traffic Generator,446,0.1464683784269709,0.0248947835008433,6.917555699040566,3110.8,279.7180326288918,-1,-0.23587571461509949,anomaly
Node_5,Camera-like Traffic Generator,447,0.1568200813362636,0.0224273872377386,6.430405712101743,2983.2,233.03781285924876,-1,-0.23587571461509949,anomaly
Node_5,Camera-like Traffic Generator,448,0.1421143422387785,0.0345058353283799,7.0987904117564815,2950.8,351.8929130036896,-1,-0.23587571461509949,anomaly
Node_5,Camera-like Traffic Generator,449,0.1459961939866843,0.0269478849796922,6.898273674741096,3088.9,246.37570677501645,-1,-0.23587571461509949,anomaly
Node_5,Camera-like Traffic Generator,450,0.1346379983080055,0.0333806738143624,7.375907525558832,3083.2,310.4193579301681,-1,-0.23587571461509949,anomaly
Node_5,Camera-like Traffic Generator,451,0.1634507776943564,0.0317140577815384,5.943822158726019,3012.0,320.21312347317127,-1,-0.23587571461509949,anomaly
Node_5,Camera-like Traffic Generator,452,0.1526264981297572,0.0323438027507139,6.724214515969789,2943.3,271.0276943618698,-1,-0.23587571461509949,anomaly
Node_5,Camera-like Traffic Generator,453,0.1626484405382484,0.0347816624727041,6.272520919586932,2900.5,307.55460219826546,-1,-0.23587571461509949,anomaly
Node_5,Camera-like Traffic Generator,454,0.1456105362700555,0.0249609729922097,6.7841795031328,2912.3,277.2255599888133,-1,-0.23587571461509949,anomaly
Node_5,Camera-like Traffic Generator,455,0.1590148315474834,0.0273272685061502,6.183958330665087,2825.5,328.72827346879944,-1,-0.23587571461509949,anomaly
Node_5,Camera-like Traffic Generator,456,0.1572015831704902,0.0231605810329108,6.393125990615576,2836.7,243.69746727357585,-1,-0.23587571461509949,anomaly
Node_5,Camera-like Traffic Generator,457,0.1522077269387182,0.0259895205063759,6.764610332747713,3023.5,286.30607165525964,-1,-0.23587571461509949,anomaly
Node_5,Camera-like Traffic Generator,458,0.1481111142216605,0.0302731683695843,6.802448341263927,2966.3,292.20390521384587,-1,-0.23587571461509949,anomaly
Node_5,Camera-like Traffic Generator,459,0.1428197204249841,0.0256280284984703,6.87035895649702,3045.2,262.15423789144523,-1,-0.23587571461509949,anomaly
Node_5,Camera-like Traffic Generator,460,0.1447121064285625,0.0245240967370265,6.788096281369117,3036.9,325.78331244351153,-1,-0.23587571461509949,anomaly
Node_5,Camera-like Traffic Generator,461,0.1454211364333673,0.031667659243296,7.16835788526449,2833.4,322.4645372405744,-1,-0.23587571461509949,anomaly
Node_5,Camera-like Traffic Generator,462,0.1602745068905392,0.0257001555389754,6.37324716076951,3002.4,241.34079178161693,-1,-0.23587571461509949,anomaly
Node_5,Camera-like Traffic Generator,463,0.1575122384203268,0.023740724807468,6.258469932812033,2896.2,236.91245452932844,-1,-0.23587571461509949,anomaly
Node_5,Camera-like Traffic Generator,464,0.1496496994712629,0.027937492406161,6.749779012710157,3060.7,327.469438777626,-1,-0.23587571461509949,anomaly
Node_5,Camera-like Traffic Generator,465,0.1421223175851537,0.0346407062340288,6.895306978323879,3045.1,349.9125128752424,-1,-0.23587571461509949,anomaly
Node_5,Camera-like Traffic Generator,466,0.1562131674028478,0.0298833632433339,6.521620716145826,2998.3,248.6273650800866,-1,-0.23587571461509949,anomaly
Node_5,Camera-like Traffic Generator,467,0.1552181345868007,0.0350181391560834,6.532484624658073,2873.7,259.2862210848168,-1,-0.23587571461509949,anomaly
Node_5,Camera-like Traffic Generator,468,0.1442379066372495,0.0238443090616005,6.7723201007268505,2883.8,311.6963622216695,-1,-0.23587571461509949,anomaly
Node_5,Camera-like Traffic Generator,469,0.1420220713795856,0.030917435180275,7.253892141027428,3006.3,280.1793274950091,-1,-0.23587571461509949,anomaly
Node_5,Camera-like Traffic Generator,470,0.1360943307106822,0.0251513872864205,7.189023514112949,3126.9,219.09837972928963,-1,-0.23587571461509949,anomaly
Node_5,Camera-like Traffic Generator,471,0.1458880607463925,0.0289889769120955,6.86118414130859,2960.2,330.0558201947732,-1,-0.23587571461509949,anomaly
Node_5,Camera-like Traffic Generator,472,0.1471286305402259,0.0338095941063731,7.056629929060348,2851.4,245.538048646912,-1,-0.23587571461509949,anomaly
Node_5,Camera-like Traffic Generator,473,0.1515146996374369,0.0298273829752944,6.769841611236903,2983.5,296.7109517508393,-1,-0.23587571461509949,anomaly
Node_5,Camera-like Traffic Generator,474,0.1482485782080743,0.030019550250524,6.974045471060342,3210.6,200.1272928246753,-1,-0.23587571461509949,anomaly
Node_5,Camera-like Traffic Generator,475,0.1474035190477025,0.0289280184503575,6.645104083465171,3047.6,255.5343855965812,-1,-0.23587571461509949,anomaly
Node_5,Camera-like Traffic Generator,476,0.1403507046318623,0.028971923329994,7.267928449635488,2904.8,294.6383093444119,-1,-0.23587571461509949,anomaly
Node_5,Camera-like Traffic Generator,477,0.1445529774812484,0.0322968661631611,6.891587801780061,2969.2,330.4763565252773,-1,-0.23587571461509949,anomaly
Node_5,Camera-like Traffic Generator,478,0.1518569243094134,0.0311976305591195,6.675796219786664,2932.9,361.25628022222674,-1,-0.23587571461509949,anomaly
Node_5,Camera-like Traffic Generator,479,0.1474100813810423,0.0368114447205169,6.740950166125127,2959.0,266.1048247923697,-1,-0.23587571461509949,anomaly
Node_5,Camera-like Traffic Generator,480,0.1401107713181431,0.0244992587168288,7.208513734897893,2938.0,353.35408744078666,-1,-0.23587571461509949,anomaly
Node_5,Camera-like Traffic Generator,481,0.1381179316397151,0.0285345533822155,7.336104217047461,2867.6,286.6861233707229,-1,-0.23587571461509949,anomaly
Node_5,Camera-like Traffic Generator,482,0.1540224247686865,0.0353629295049219,6.622884226216796,2902.5,202.6920214403013,-1,-0.23587571461509949,anomaly
Node_5,Camera-like Traffic Generator,483,0.1456859964638397,0.0385650326011393,7.067490180046916,2939.7,282.2701818392364,-1,-0.2323987706320767,anomaly
Node_5,Camera-like Traffic Generator,484,0.1542740088545201,0.0282527220149249,6.659987688827642,2910.2,261.8548368000017,-1,-0.23587571461509949,anomaly
Node_5,Camera-like Traffic Generator,485,0.1460485976356721,0.0238434672533436,6.897784128806104,3127.3,313.48083407655616,-1,-0.23587571461509949,anomaly
Node_5,Camera-like Traffic Generator,486,0.1435334995356356,0.0267404367958708,7.114494441678494,3053.1,287.3033433691838,-1,-0.23587571461509949,anomaly
Node_5,Camera-like Traffic Generator,487,0.1549323669746741,0.0154756197229401,6.458211643177104,3073.0,367.2528647494348,-1,-0.23587571461509949,anomaly
Node_5,Camera-like Traffic Generator,488,0.1610880847026123,0.0296703372893107,6.283430722626996,2929.4,265.30912787413354,-1,-0.23587571461509949,anomaly
Node_5,Camera-like Traffic Generator,489,0.1568355826243418,0.0346907202599767,6.455771145932332,3024.8,247.2411328597605,-1,-0.23587571461509949,anomaly
Node_5,Camera-like Traffic Generator,490,0.1458275768946691,0.0308986569412563,6.670235785895053,2993.5,274.748066417218,-1,-0.23587571461509949,anomaly
Node_5,Camera-like Traffic Generator,491,0.1482108944274046,0.0364045591563896,6.532930314259197,2942.8,315.275117952559,-1,-0.23587571461509949,anomaly
Node_5,Camera-like Traffic Generator,492,0.1521726961719878,0.0359752375023305,6.753232603994909,2977.9,220.62509678940276,-1,-0.23587571461509949,anomaly
Node_5,Camera-like Traffic Generator,493,0.154200664451298,0.0236227138375916,6.27105469291608,2787.4,166.49270921641653,-1,-0.21043508291673707,anomaly
Node_5,Camera-like Traffic Generator,494,0.1448724764725398,0.034908027293649,6.742599070428481,3036.3,314.4745352700808,-1,-0.23587571461509949,anomaly
Node_5,Camera-like Traffic Generator,495,0.1433986593811823,0.0339089658827859,7.171201995063557,2907.2,322.84939729436286,-1,-0.23587571461509949,anomaly
Node_5,Camera-like Traffic Generator,496,0.1507350148185082,0.0324520820377429,6.695454734807788,2796.3,248.0076387712461,-1,-0.23587571461509949,anomaly
Node_5,Camera-like Traffic Generator,497,0.1591078810549334,0.02962930413098,6.118168645535038,3032.6,416.5872457641176,-1,-0.23587571461509949,anomaly
Node_5,Camera-like Traffic Generator,498,0.1638700845597554,0.0307622851803473,5.99793159779699,2963.3,346.48714903217467,-1,-0.23587571461509949,anomaly
Node_5,Camera-like Traffic Generator,499,0.1513260423708629,0.0239968866739598,6.773405530324016,2984.7,399.845261736754,-1,-0.23587571461509949,anomaly
Node_5,Camera-like Traffic Generator,500,0.157952674697367,0.0371259519491995,6.491920910866533,3013.4,302.51141392607906,-1,-0.23587571461509949,anomaly
Node_5,Camera-like Traffic Generator,501,0.1427270554959477,0.0381623155605529,6.788527874780075,3104.0,275.40152505024366,-1,-0.2323987706320767,anomaly
Node_5,Camera-like Traffic Generator,502,0.1500472034399422,0.0293515291148659,6.732736188350072,2962.6,297.74269279213405,-1,-0.23587571461509949,anomaly
Node_5,Camera-like Traffic Generator,503,0.1308731125485451,0.0176106425830733,7.602485546000159,3001.3,272.5488946959793,-1,-0.23587571461509949,anomaly
Node_5,Camera-like Traffic Generator,504,0.1403629413943122,0.0368682319720286,6.957577066655936,2907.7,284.61164573658766,-1,-0.23587571461509949,anomaly
Node_5,Camera-like Traffic Generator,505,0.1343840216719513,0.0284026534771839,7.629354343886905,3070.1,366.7443705543868,-1,-0.23587571461509949,anomaly
Node_5,Camera-like Traffic Generator,506,0.163773394672296,0.0363263651413674,6.152951287023774,3116.6,240.8278315403858,-1,-0.23587571461509949,anomaly
Node_5,Camera-like Traffic Generator,507,0.1544123159752075,0.0310294014388944,6.357577157738452,2991.8,284.4084699473238,-1,-0.23587571461509949,anomaly
Node_5,Camera-like Traffic Generator,508,0.1419666358451536,0.0243107319830461,7.247967652256844,3052.2,235.85720727215912,-1,-0.23587571461509949,anomaly
Node_5,Camera-like Traffic Generator,509,0.1385724372515938,0.0316488726293562,7.304145490772459,3078.5,326.0723334885477,-1,-0.23587571461509949,anomaly
Node_5,Camera-like Traffic Generator,510,0.1399583323042975,0.0237261047882818,7.03032805238656,2991.9,243.17960897703207,-1,-0.23587571461509949,anomaly
Node_5,Camera-like Traffic Generator,511,0.1370076994573537,0.0367729995970983,7.449698272390342,2996.2,370.1704712396409,-1,-0.23587571461509949,anomaly
Node_5,Camera-like Traffic Generator,512,0.1400959768370398,0.030200968930652,7.379330993247644,2825.4,236.53761739825748,-1,-0.23587571461509949,anomaly
Node_5,Camera-like Traffic Generator,513,0.1518883490001826,0.0358648416440062,6.349938944521054,2964.8,329.5207968483257,-1,-0.23587571461509949,anomaly
Node_3,Smart Plug,1,0.8869779161305426,0.4707032306609514,1.160642313280223,81.5,10.92652226872251,-1,-0.1938561969408228,anomaly
Node_3,Smart Plug,2,0.718707840746086,0.6118443263443308,1.2545193346062986,82.8,11.183320914051723,-1,-0.19659832688318024,anomaly
Node_3,Smart Plug,3,0.7000687120587067,0.5839663354536656,1.2944539492313347,77.3,11.48960883194511,-1,-0.19432767937374018,anomaly
Node_3,Smart Plug,4,0.8595988124501683,0.4690560406009742,1.210600975088431,72.7,7.409453421137082,-1,-0.22828684573996216,anomaly
Node_3,Smart Plug,5,0.6800479481919425,0.5774095003556656,1.5286133272516482,80.8,14.627219679609505,-1,-0.21925109108489182,anomaly
Node_3,Smart Plug,6,0.5678725501883299,0.5836793233449732,1.907646245351676,81.0,10.666666666666666,-1,-0.19249407522724005,anomaly
Node_3,Smart Plug,7,0.8787571483400605,0.4601236912091742,1.188081511124737,78.6,13.074147518417153,-1,-0.19682495722158555,anomaly
Node_3,Smart Plug,8,0.8667072911568795,0.5862883499504774,1.226393194674335,78.4,11.78699848703364,-1,-0.19378792452791993,anomaly
Node_3,Smart Plug,9,0.5631809536033934,0.5799157300487381,1.8801102899515256,78.9,12.133058604948346,-1,-0.19681309593184104,anomaly
Node_3,Smart Plug,10,0.8315803250317287,0.5705803402046967,1.2432307693244804,81.7,14.914944034610238,-1,-0.21825298067596588,anomaly
Node_3,Smart Plug,11,0.9907641419467026,0.3769376173241222,1.0503387221261953,76.0,14.636332266733431,-1,-0.21930798117928452,anomaly
Node_3,Smart Plug,12,0.8670508376572499,0.6054172741026139,1.2442007878555068,81.9,12.114729327007955,-1,-0.19290257898679863,anomaly
Node_3,Smart Plug,13,1.0028231221781223,0.3955982895220629,0.979290454900528,76.9,8.736259051918175,-1,-0.13405488064989757,anomaly
Node_3,Smart Plug,14,0.7053239289824574,0.6083864739482712,1.278773518989888,76.8,7.450577904505872,-1,-0.22201178478158368,anomaly
Node_3,Smart Plug,15,0.7691808192190279,0.5194163930828443,1.355598327445684,77.2,12.550343067466764,-1,-0.19820400374477332,anomaly
Node_3,Smart Plug,16,0.6015931805849235,0.5214067499869259,1.5007996540021156,81.2,14.257941257028971,-1,-0.20623412020413023,anomaly
Node_3,Smart Plug,17,0.8801314184027461,0.4612631800843005,1.0267970204050996,84.6,10.606077922063786,-1,-0.17402626438784952,anomaly
Node_3,Smart Plug,18,0.7670790503232098,0.5317679891634978,1.371640030911494,71.8,10.261037417770629,-1,-0.2162372486498173,anomaly
Node_3,Smart Plug,19,0.655102329719341,0.5620360278626063,1.7598558525490564,82.8,11.56431292093626,-1,-0.1915428070644215,anomaly
Node_3,Smart Plug,20,1.065782494321087,0.3981668240285236,0.9440646106844248,81.1,13.811830677599064,-1,-0.03181811933092216,anomaly
Node_3,Smart Plug,21,0.56178730955059,0.5804173502897074,1.6156897814880504,72.0,11.41149517908246,-1,-0.21774493093564373,anomaly
Node_3,Smart Plug,22,0.927742077632192,0.5156884883936858,1.1269029053882296,82.6,11.777568132306056,-1,-0.1915428070644215,anomaly
Node_3,Smart Plug,23,0.6439775237062605,0.535361409232433,1.4029419661393,77.5,11.796892246124258,-1,-0.19305778475887203,anomaly
Node_3,Smart Plug,24,0.7425540433399391,0.6408950893067867,1.4598550677306712,81.8,13.546627296530716,-1,-0.19432104161347796,anomaly
Node_3,Smart Plug,25,1.006921710881136,0.3947133363678827,0.8965778137744884,76.7,8.380532998165053,-1,-0.10398619340511228,anomaly
Node_3,Smart Plug,26,0.8058315914517067,0.5578335333595578,1.122518170453083,81.4,14.276632033579288,-1,-0.20401527965640265,anomaly
Node_3,Smart Plug,27,0.869616449907852,0.4751901693547321,1.14915657636408,84.8,10.90157990588724,-1,-0.20158044450491241,anomaly
Node_3,Smart Plug,28,0.4486959048392236,0.5614621829972622,2.460272428475692,75.2,7.450577904505872,-1,-0.22258000365744768,anomaly
Node_3,Smart Plug,29,0.6939570113567044,0.6087924014428906,1.5082455722055823,83.1,13.510900948657882,-1,-0.19709738968738744,anomaly
Node_3,Smart Plug,30,0.4881765350624875,0.4962765108488624,2.210133585119037,76.1,10.50343859039611,-1,-0.20477876601585165,anomaly
Node_3,Smart Plug,31,0.836637743520481,0.4421927923026185,1.1915759380794353,81.2,11.429007928172163,-1,-0.19604301917118083,anomaly
Node_3,Smart Plug,32,0.9229027427353572,0.5006862241293901,1.1452383105759911,78.6,14.65302395791091,-1,-0.22475802670429157,anomaly
Node_3,Smart Plug,33,0.8674285182244802,0.4813196348020475,1.1579020016408712,86.2,8.080154013933699,-1,-0.22029542177249295,anomaly
Node_3,Smart Plug,34,1.0252230344375846,0.4237241344879994,1.0032850400355362,81.0,12.337837015547832,-1,-0.08461428100114032,anomaly
Node_3,Smart Plug,35,1.0292022833056875,0.3864602070924541,0.9705602557570072,77.4,9.582391258043174,-1,-0.0799556118986654,anomaly
Node_3,Smart Plug,36,0.7820815809686223,0.5438108432590372,1.3423565249872087,82.2,10.685400216078843,-1,-0.19416351177971813,anomaly
Node_3,Smart Plug,37,0.7519463102909697,0.5303579020078927,1.455914690543561,84.0,11.382247385975914,-1,-0.2010287391581177,anomaly
Node_3,Smart Plug,38,0.7369220005414092,0.6275318755749019,1.2266048396500355,74.5,12.149531312405063,-1,-0.20789848953896295,anomaly
Node_3,Smart Plug,39,0.812624202198873,0.5569746438420754,1.1112278492440928,85.3,10.853058964590993,-1,-0.20214565543810148,anomaly
Node_3,Smart Plug,40,0.7571495604859706,0.5523277671319711,1.1940901493996563,79.7,9.821178929006209,-1,-0.19600430818096448,anomaly
Node_3,Smart Plug,41,1.0187214360153007,0.5417785008294317,1.0093665526292082,85.4,9.85675177508065,-1,-0.13198070213251079,anomaly
Node_3,Smart Plug,42,0.6893511727347686,0.5881358756854178,1.5853786040219815,86.1,11.770490407984049,-1,-0.20269823979120394,anomaly
Node_3,Smart Plug,43,0.8603699350055365,0.4876192446691884,1.227831293187836,76.9,11.298475806742942,-1,-0.19867379944726793,anomaly
Node_3,Smart Plug,44,0.6810635131793618,0.5833967189555808,1.5342571582085294,81.8,9.840957496323435,-1,-0.19028633687375973,anomaly
Node_3,Smart Plug,45,1.0588112291757057,0.412486034012214,0.9511604939303376,78.7,11.096045341572024,-1,-0.017078026233384946,anomaly
Node_3,Smart Plug,46,1.1360527118835306,0.4153088309370598,0.8997483693995915,80.0,6.944222218666553,-1,-0.0464049386712867,anomaly
Node_3,Smart Plug,47,1.0340722054040157,0.4227570923269836,0.9481672060464584,76.1,13.02518927139086,-1,-0.06660509201473519,anomaly
Node_3,Smart Plug,48,0.8717604624013177,0.4699262579256077,1.0382841007316057,78.7,9.809858986414296,-1,-0.18527104894067936,anomaly
Node_3,Smart Plug,49,0.7925101701283154,0.541450635150965,1.1371571496036983,82.6,7.705697747626608,-1,-0.211560211181669,anomaly
Node_3,Smart Plug,50,0.7451422915267528,0.627911181293558,1.2125847544615187,81.6,11.871534582072082,-1,-0.18990519978679732,anomaly
Node_3,Smart Plug,51,0.466108206179598,0.5735185640875263,1.9505143748596767,75.6,12.158216243438927,-1,-0.19976986158976529,anomaly
Node_3,Smart Plug,52,0.7919271374651544,0.5568344483573456,1.3812448761741836,87.2,9.162726425881958,-1,-0.21440349764460387,anomaly
Node_3,Smart Plug,53,0.8308868247601027,0.5731167834303589,1.089353712133286,79.3,10.48861816976436,-1,-0.19651787968892476,anomaly
Node_3,Smart Plug,54,0.8552576512753489,0.6026445633650946,1.0540591545825593,81.9,12.931013537658645,-1,-0.1876685283429378,anomaly
Node_3,Smart Plug,55,0.8563755880484394,0.599909579097661,1.245702409030348,73.5,10.233387622005834,-1,-0.2134255188185864,anomaly
Node_3,Smart Plug,56,1.0573150012136068,0.5501712639492368,0.9868286439613136,84.4,13.268174118711451,-1,-0.06614617514881427,anomaly
Node_3,Smart Plug,57,0.7347411030985654,0.6287832603471479,1.49729105903885,76.2,13.10470653365932,-1,-0.20131109992888407,anomaly
Node_3,Smart Plug,58,0.6470374510651595,0.5615895563048842,1.400104773358026,83.4,11.739770961233535,-1,-0.19375456397843493,anomaly
Node_3,Smart Plug,59,0.9118033453694409,0.5157345673398748,1.1612950077876538,80.8,14.10122138130043,-1,-0.20321700340497562,anomaly
Node_3,Smart Plug,60,0.7718134435842501,0.6618398527024396,1.4291853347996426,79.6,8.48789988421426,-1,-0.21281061578466987,anomaly
Node_3,Smart Plug,61,0.6078708502175459,0.6208314573338156,1.4849133441619828,81.8,11.41928193889616,-1,-0.19393717467164673,anomaly
Node_3,Smart Plug,62,0.6954271196782031,0.5946349203629288,1.4788946201616728,80.6,11.720826667849746,-1,-0.19073317350970997,anomaly
Node_3,Smart Plug,63,0.9711941041594117,0.417662395161023,1.023543059488527,83.1,11.1599482276776,-1,-0.16474584623523747,anomaly
Node_3,Smart Plug,64,0.6368539789973113,0.5463044134140687,1.6666105743528232,86.3,7.789594198530356,-1,-0.22370332927655479,anomaly
Node_3,Smart Plug,65,0.8343504268273364,0.5796775245586628,1.084904578223476,77.1,11.85514421862697,-1,-0.19305778475887203,anomaly
Node_3,Smart Plug,66,0.6451409776376863,0.5504223908459817,1.400276658346904,80.9,12.16963434126104,-1,-0.19267456530808713,anomaly
Node_3,Smart Plug,67,0.7622526228387642,0.5219879394005995,1.3936106307814993,80.5,9.629237883769528,-1,-0.19611787216966536,anomaly
Node_3,Smart Plug,68,0.8736146494560444,0.6075378547102612,1.2166565672099172,71.6,8.113089560840693,-1,-0.2247391020098014,anomaly
Node_3,Smart Plug,69,0.9120978025684394,0.5124102774374306,1.094995840348961,82.4,10.373041983911952,-1,-0.19416351177971813,anomaly
Node_3,Smart Plug,70,0.9483494121358148,0.5317578301487266,1.0553479060367228,81.6,12.633289357883005,-1,-0.18803746504982688,anomaly
Node_3,Smart Plug,71,0.981219149878018,0.5603686303072185,1.0800511044490615,77.8,10.042133460796288,-1,-0.19172456583074005,anomaly
Node_3,Smart Plug,72,0.7404125081702319,0.5109543851809085,1.3666726398958022,82.1,13.076271979768888,-1,-0.19629059909337576,anomaly
Node_3,Smart Plug,73,1.104796168571852,0.4178465767672,0.9342748442485788,72.3,10.371435130523963,-1,-0.05934626814679722,anomaly
Node_3,Smart Plug,74,0.8303717890282201,0.5751154579009491,1.310775125415207,79.3,11.086027241532468,-1,-0.19721854861106725,anomaly
Node_3,Smart Plug,75,0.6104247836356194,0.6347564118373854,1.7292407479243823,73.5,12.04851304795188,-1,-0.21361971202415386,anomaly
Node_3,Smart Plug,76,0.6603164164978239,0.5641677972513257,1.6187986160007872,74.5,10.426994879744704,-1,-0.20919557688075152,anomaly
Node_3,Smart Plug,77,0.7956843829241962,0.5653152231853013,1.272928078222728,76.7,12.311241475442948,-1,-0.19732301575814526,anomaly
Node_3,Smart Plug,78,0.7618639859016867,0.636644080944944,1.1853623729570468,78.1,10.289692793168207,-1,-0.1949161956444383,anomaly
Node_3,Smart Plug,79,0.6204300799812813,0.5149423863961778,1.6948913363807216,81.8,12.620970203945848,-1,-0.1919955475076004,anomaly
Node_3,Smart Plug,80,1.0340785240212995,0.194672005076802,0.945598322413799,85.4,10.647900158142814,-1,-0.008231469554138005,anomaly
Node_3,Smart Plug,81,0.6258058615039317,0.6317596371376052,1.4487143297498666,78.1,10.67135313715078,-1,-0.19820402733994336,anomaly
Node_3,Smart Plug,82,0.9888229011267868,0.364766044660558,1.0165985940214457,76.1,11.62803126548562,-1,-0.16366310725377164,anomaly
Node_3,Smart Plug,83,0.8096627528879481,0.5450451668727926,1.28689267684867,83.3,12.018966492821068,-1,-0.1938355298480018,anomaly
Node_3,Smart Plug,84,0.7498754053955168,0.518843407701563,1.3898118209143204,78.5,13.46806923389128,-1,-0.19747112824709578,anomaly
Node_3,Smart Plug,85,0.9441326685949208,0.5184633469308721,1.0486362127694913,82.0,12.884098726725126,-1,-0.18658742286085517,anomaly
Node_3,Smart Plug,86,0.9551412523493128,0.5079308562999445,0.9439496982324342,90.2,9.507891459203767,-1,-0.15934732424856313,anomaly
Node_3,Smart Plug,87,1.0081429868505438,0.5399489935154554,1.0329565167733568,86.3,14.150382798120104,-1,-0.176647750009449,anomaly
Node_3,Smart Plug,88,0.9612574047021668,0.5108616137836027,1.0812581715914695,79.0,12.83225103661344,-1,-0.1978468385608051,anomaly
Node_3,Smart Plug,89,0.7457739297265448,0.646127160538732,1.48050635280175,85.0,10.295630140987,-1,-0.2004774676586346,anomaly
Node_3,Smart Plug,90,0.5726327414498315,0.5854622737170095,1.8582107675539443,82.4,11.539304812490029,-1,-0.19444692498003147,anomaly
Node_3,Smart Plug,91,0.9740281388745188,0.5439780066480342,1.0682481785042173,76.2,10.293471501663351,-1,-0.19914205684428132,anomaly
Node_3,Smart Plug,92,0.9279903613910392,0.6427555612717069,0.9710689296280876,80.2,12.847827313077753,-1,-0.13799298681316996,anomaly
Node_3,Smart Plug,93,0.8316180474513771,0.4409916044927204,1.085394017106745,83.6,11.834037537731762,-1,-0.19864649481799146,anomaly
Node_3,Smart Plug,94,0.7410564110536256,0.6369983488242572,1.4938552593004717,80.8,10.141224997230092,-1,-0.19134706410043345,anomaly
Node_3,Smart Plug,95,0.8933770678273276,0.4800008588489048,1.0124102548361138,80.1,7.880355321938219,-1,-0.18591703717423158,anomaly
Node_3,Smart Plug,96,0.4561334414041198,0.5757836794248605,1.989440512808311,75.7,11.185804495977132,-1,-0.20311741186749632,anomaly
Node_3,Smart Plug,97,0.6917377105799233,0.5856792508306151,1.3043310436153617,81.2,13.155480480266265,-1,-0.19435511345213718,anomaly
Node_3,Smart Plug,98,0.5739840331026926,0.5907516660132556,1.920069559619166,81.7,11.557104597028909,-1,-0.18990519978679732,anomaly
Node_3,Smart Plug,99,0.7432368775742703,0.6230556184456326,1.2162833489308131,85.2,8.024961059095551,-1,-0.216339806986944,anomaly
Node_3,Smart Plug,100,0.7673210384028721,0.6574855390574866,1.4095646185645434,83.1,11.62803126548562,-1,-0.1932899149087437,anomaly
Node_3,Smart Plug,101,0.3359435251527429,0.4982470408991807,2.70043540979372,79.5,13.159280628767922,-1,-0.19580101491644275,anomaly
Node_3,Smart Plug,102,0.6976303655045057,0.6099424934489391,1.5368042311302448,84.1,8.974655672751153,-1,-0.20825556932789413,anomaly
Node_3,Smart Plug,103,0.7215587621682857,0.4920073206993532,1.4160018457448666,77.8,11.399805066559496,-1,-0.19601041567190214,anomaly
Node_3,Smart Plug,104,0.8960848112165991,0.507273995780328,1.1083223488456255,80.5,8.972179222463181,-1,-0.20683818294453082,anomaly
Node_3,Smart Plug,105,0.7889702650178038,0.5418523905440147,1.3673377941679754,77.4,14.0491201780673,-1,-0.20683144933075392,anomaly
Node_3,Smart Plug,106,1.1476490777983144,0.1908054692290572,0.9014250879131248,79.1,9.338688939626971,1,0.09261416182636878,anomaly
Node_3,Smart Plug,107,0.9679236005949292,0.3892287450762324,1.0461602794381697,80.3,11.59549721036384,-1,-0.1847044849137478,anomaly
Node_3,Smart Plug,108,0.8325440907146685,0.5677062992044605,1.2306583496296626,83.1,7.44535649471087,-1,-0.2179786782654003,anomaly
Node_3,Smart Plug,109,0.8785306810411158,0.6157133730272494,1.1967838123755423,77.8,10.622826575090288,-1,-0.1954630904567275,anomaly
Node_3,Smart Plug,110,0.5481495993694011,0.5750763257905559,1.9956559857143488,74.7,9.661492868312042,-1,-0.20593836434044444,anomaly
Node_3,Smart Plug,111,0.8512898833876761,0.5851077232757831,1.2122970783884517,74.4,6.4152595859836845,-1,-0.23058218283050536,anomaly
Node_3,Smart Plug,112,0.744117729813297,0.6152298838616114,1.217456567939351,76.9,9.538809615926343,-1,-0.20324522833801073,anomaly
Node_3,Smart Plug,113,0.9133031323871592,0.6079353529292228,0.988927075765332,77.8,12.821856339859684,-1,-0.1519564702949151,anomaly
Node_3,Smart Plug,114,0.9575267216806084,0.3857533426402877,1.0319916215442286,79.6,11.95547294477861,-1,-0.170004925569054,anomaly
Node_3,Smart Plug,115,0.8217547552622364,0.5607537322265792,1.3000764253594426,76.2,7.509993342207435,-1,-0.22371778331548775,anomaly
Node_3,Smart Plug,116,0.6339779387669637,0.5292279543583509,1.767789813432237,81.7,12.517099415510678,-1,-0.19158558967667616,anomaly
Node_3,Smart Plug,117,0.6823912214425946,0.6016401650392574,1.3245591478846035,81.9,11.770490407984044,-1,-0.19170846553604592,anomaly
Node_3,Smart Plug,118,0.7683702905550035,0.5476660534512117,1.1769936461731194,76.5,9.74394398816231,-1,-0.19988811528711425,anomaly
Node_3,Smart Plug,119,0.8971374515619572,0.5245080406218876,1.1450181379742754,81.6,9.106774035482232,-1,-0.1967652975661417,anomaly
Node_3,Smart Plug,120,0.8661971945971573,0.6091374159282472,1.2544208461676805,71.8,11.083521301664216,-1,-0.2179296028771014,anomaly
Node_3,Smart Plug,121,0.6080758133613813,0.6293539210899058,1.488259941343394,86.6,12.321616055624451,-1,-0.20835534306461323,anomaly
Node_3,Smart Plug,122,0.7983071745967436,0.5668076929045918,1.1296180967768792,84.4,13.61535081361394,-1,-0.19874451948479754,anomaly
Node_3,Smart Plug,123,0.9436624699485604,0.4963941733972746,1.085958010077544,77.8,9.930872178324632,-1,-0.19292680369591209,anomaly
Node_3,Smart Plug,124,0.8666610949898427,0.484672891036964,1.193740778156508,81.9,11.1599482276776,-1,-0.1967651964001339,anomaly
Node_3,Smart Plug,125,0.8991821106646967,0.4838480319489928,1.1915553147364522,81.5,9.812124019690016,-1,-0.1902057851707828,anomaly
Node_3,Smart Plug,126,0.8922275914622559,0.5955829245071658,1.14504023695113,75.3,10.198583779677996,-1,-0.20422454558886605,anomaly
Node_3,Smart Plug,127,0.8869801739639456,0.3468158387879936,1.0184427374644498,70.7,11.614645926587688,-1,-0.2007094423832424,anomaly
Node_3,Smart Plug,128,0.7788771720625391,0.6519764443594961,1.1595721069998135,82.9,11.770490407984049,-1,-0.1932899149087437,anomaly
Node_3,Smart Plug,129,0.8320596672077272,0.5810385500604368,1.087666120467089,78.9,11.994906326344434,-1,-0.19286313355429285,anomaly
Node_3,Smart Plug,130,0.7843087026891908,0.5513554925730257,1.153061540063864,74.8,12.16369826802505,-1,-0.20115009851950927,anomaly
Node_3,Smart Plug,131,1.0726709650940849,0.4359193918675451,0.9207124440322876,76.2,13.563021623353537,-1,-0.047891018106103744,anomaly
Node_3,Smart Plug,132,0.5076971758950322,0.517716411744916,1.7785542396660337,81.2,10.860734577161692,-1,-0.19604301917118083,anomaly
Node_3,Smart Plug,133,1.32525765834896,0.1764053559926068,0.7297757722992526,82.3,10.143963722332607,-1,-0.06871594032472261,anomaly
Node_3,Smart Plug,134,0.7152800838884332,0.5991759718310796,1.2626581667556134,78.2,11.735984548955974,-1,-0.194953387737414,anomaly
Node_3,Smart Plug,135,0.6039871825455748,0.499832994794087,1.8254766432470757,72.2,11.820885471627468,-1,-0.21530588143044205,anomaly
Node_3,Smart Plug,136,0.8391021694850679,0.5927495308547471,1.2435547753155376,82.0,11.8133634311129,-1,-0.19062100874069732,anomaly
Node_3,Smart Plug,137,0.916308215062736,0.4724019275355888,1.1108531844090532,79.7,10.339245620450264,-1,-0.19378356210910208,anomaly
Node_3,Smart Plug,138,1.1552001513798131,0.4206839621148963,0.8758906734789438,76.6,9.697651491183027,1,0.010486993808650924,anomaly
Node_3,Smart Plug,139,0.8230410527665981,0.4387846322022045,1.098839203694667,82.4,13.914021704740868,-1,-0.19863052698742312,anomaly
Node_3,Smart Plug,140,0.8174615934212625,0.5716264268798638,1.2399550481408743,83.4,13.226236552146393,-1,-0.1945551427950296,anomaly
Node_3,Smart Plug,141,0.8371662152799673,0.4360424570901539,1.231736569034576,79.1,11.347540115226147,-1,-0.1977672553611144,anomaly
Node_3,Smart Plug,142,0.929984271630292,0.5206404574278493,1.114536093614876,81.8,11.093541664710449,-1,-0.19393717467164673,anomaly
Node_3,Smart Plug,143,0.6033757238414637,0.6122531336519782,1.5015949096270744,84.4,10.002221975363495,-1,-0.19475501969697584,anomaly
Node_3,Smart Plug,144,0.8974490918311858,0.6278620687867065,1.1880886649936122,79.9,11.059937713306628,-1,-0.19612242923953016,anomaly
Node_3,Smart Plug,145,0.7646019996801897,0.5175362243072537,1.1844747888043825,88.7,8.819800955174038,-1,-0.2305675916962845,anomaly
Node_3,Smart Plug,146,0.9487102778162808,0.5140015069993834,0.9516153710580906,81.6,11.256603000510903,-1,-0.12220733670086037,anomaly
Node_3,Smart Plug,147,0.8503661578261926,0.6025050992542194,1.0607033303981417,80.3,11.576316819745006,-1,-0.1912767763090636,anomaly
Node_3,Smart Plug,148,0.7121926705420265,0.5967758541040148,1.54171090885182,82.6,11.226951698677803,-1,-0.19659832688318024,anomaly
Node_3,Smart Plug,149,0.9173152639193176,0.6204482809939376,0.985692355471354,72.6,12.928865207571604,-1,-0.17764953623215984,anomaly
Node_3,Smart Plug,150,0.8102568400794781,0.5638845273272715,1.284533896011794,80.5,14.292577716345564,-1,-0.2049936048392743,anomaly
Node_3,Smart Plug,151,0.7104949132982938,0.5073696101446464,1.2712442858013957,83.6,12.011105971835676,-1,-0.19864649481799146,anomaly
Node_3,Smart Plug,152,1.00209228893807,0.3713790374112149,1.0013951943709765,80.5,11.993053545004011,-1,-0.12403994934719653,anomaly
Node_3,Smart Plug,153,0.7839991959344615,0.5387194586853453,1.342043963877334,83.3,13.581441586059835,-1,-0.19764600108609987,anomaly
Node_3,Smart Plug,154,1.1596660249756952,0.4427496328489589,0.7769684952055403,81.3,10.414199707877488,-1,-0.039323363467171024,anomaly
Node_3,Smart Plug,155,0.5945383779958092,0.6100944921374435,1.8845382025232515,83.0,9.649409884086753,-1,-0.1931852808970116,anomaly
Node_3,Smart Plug,156,0.663159472025518,0.5717663683736216,1.713115721826725,74.1,10.170217958988555,-1,-0.21144398863758151,anomaly
Node_3,Smart Plug,157,1.0069921104112385,0.3733787359292749,1.0365832240023356,77.4,12.545030003064072,-1,-0.14692092752096275,anomaly
Node_2,Smart Light,1,0.0239294729549701,0.0095096949965759,43.38307384897773,85.7,11.80442478244681,-1,-0.187422645010471,anomaly
Node_2,Smart Light,2,0.036409066187322,0.0110474565783862,27.78129115758789,79.9,11.406138698087096,-1,-0.16520984096134306,anomaly
Node_2,Smart Light,3,0.0309416469480301,0.0136261419712604,32.68943173505241,80.8,11.123548594460912,-1,-0.16360712110591846,anomaly
Node_2,Smart Light,4,0.0283704674727321,0.0094713974090729,34.725942734368,85.3,11.13602761810113,-1,-0.17655195533084178,anomaly
Node_2,Smart Light,5,0.0300265604867223,0.0097116147239654,32.80549976419419,79.4,11.871534582072082,-1,-0.1765319112184235,anomaly
Node_2,Smart Light,6,0.0287272594451597,0.0145738691402644,32.875395534683,81.0,10.593499054713805,-1,-0.16440776423885817,anomaly
Node_2,Smart Light,7,0.0336101424642816,0.0118717908675558,28.90684171993243,84.0,9.865765724632494,-1,-0.1802176068746183,anomaly
Node_2,Smart Light,8,0.0239635632830145,0.0095292575722381,40.47543209447584,83.3,13.727911551126615,-1,-0.1809047337026103,anomaly
Node_2,Smart Light,9,0.0320290079651799,0.0092552262576524,31.014467319512644,81.0,12.036980056845191,-1,-0.17152652428547088,anomaly
Node_2,Smart Light,10,0.028267621740714,0.0108837131566995,34.470957780824264,81.5,12.276897907135265,-1,-0.17572938849696507,anomaly
Node_2,Smart Light,11,0.024558370894996,0.0080995326844773,40.39151522748367,75.9,9.21894185299424,-1,-0.2007020998418838,anomaly
Node_2,Smart Light,12,0.0341812573691492,0.008773819059491,30.611905300651674,80.4,12.357633718115745,-1,-0.17528020573362413,anomaly
Node_2,Smart Light,13,0.0322507941717116,0.0117749801319101,30.99397420587637,76.7,12.979042936809924,-1,-0.1874697088606334,anomaly
Node_2,Smart Light,14,0.0293062064587838,0.0096635096018313,34.07641389159111,85.4,8.113089560840693,-1,-0.20983238859393816,anomaly
Node_2,Smart Light,15,0.0380102991019993,0.0056986459169325,26.608891984761776,76.7,14.51474346234813,-1,-0.20601110028617198,anomaly
Node_2,Smart Light,16,0.0249648914770601,0.0113831865834599,37.674019424180834,80.1,11.873874215642042,-1,-0.17378382009422055,anomaly
Node_2,Smart Light,17,0.0281034106176933,0.0105294479289407,37.47587259429006,80.9,11.415875885021796,-1,-0.16488265139949732,anomaly
Node_2,Smart Light,18,0.035551468878552,0.0086684984681531,28.2619113893486,78.6,11.500724614852174,-1,-0.17194060337457195,anomaly
Node_2,Smart Light,19,0.0286815922598342,0.0107822592045951,33.69302496061788,82.7,13.283657461541065,-1,-0.1785055167964802,anomaly
Node_2,Smart Light,20,0.0387568307450865,0.0123573174809319,26.37356229638538,82.8,13.958669150189229,-1,-0.1791931521349086,anomaly
Node_2,Smart Light,21,0.0285902192531644,0.0118086929172653,33.135725989085444,81.2,13.431306712304654,-1,-0.18011967626270986,anomaly
Node_2,Smart Light,22,0.0271957962547439,0.0128067809356207,39.5235909996532,79.8,12.804513093263468,-1,-0.17696251661627493,anomaly
Node_2,Smart Light,23,0.0301138836985038,0.0114414134837334,31.4235010341801,75.5,8.3032791380541,-1,-0.21720150257761506,anomaly
Node_2,Smart Light,24,0.0250095445541427,0.0108074135627326,42.14831498134253,77.4,9.731963373909249,-1,-0.18918910568315728,anomaly
Node_2,Smart Light,25,0.0278516776433096,0.0144893449284796,33.97776433839428,81.1,10.27888882883532,-1,-0.16361962354915316,anomaly
Node_2,Smart Light,26,0.0359450947306677,0.0104616180227955,28.836918194302022,81.9,11.464437767868658,-1,-0.16113203909980411,anomaly
Node_2,Smart Light,27,0.0292136756494661,0.0108652506646134,34.48499751450759,79.8,13.0877381120226,-1,-0.18053749020571963,anomaly
Node_2,Smart Light,28,0.022230723728766,0.0105300062695681,42.5167245161908,79.9,11.599329482536673,-1,-0.16856675201977245,anomaly
Node_2,Smart Light,29,0.0295638775297931,0.0124548691331235,32.98973054425697,82.1,12.123897429823831,-1,-0.1659308480938343,anomaly
Node_2,Smart Light,30,0.0321497870451994,0.008284298188431,30.36033027316799,82.4,14.675754760072062,-1,-0.18963092582547436,anomaly
Node_2,Smart Light,31,0.0292631485405006,0.0133395824166461,33.10125407931359,86.8,10.304260176149366,-1,-0.1934209585051786,anomaly
Node_2,Smart Light,32,0.0265078547874177,0.0091100076313662,36.45229686914077,83.0,11.469767022723502,-1,-0.1609216351104581,anomaly
Node_2,Smart Light,33,0.0274284082659622,0.0097482871178354,35.45357276512752,85.1,10.049322807477571,-1,-0.17745454435386865,anomaly
Node_2,Smart Light,34,0.0271880826127437,0.0108348198196507,37.13665293322843,85.8,10.3258037082942,-1,-0.17889715273556495,anomaly
Node_2,Smart Light,35,0.0239232698784656,0.0139238214374163,42.87663485306902,80.5,11.711817393840576,-1,-0.17089758900375462,anomaly
Node_2,Smart Light,36,0.0297247689911182,0.0112204162120159,33.164827388797626,78.7,12.129394965216616,-1,-0.1765319112184235,anomaly
Node_2,Smart Light,37,0.0258218787500837,0.0133675247326707,39.89635416887258,86.3,13.064370546558216,-1,-0.19410129453220737,anomaly
Node_2,Smart Light,38,0.0274685040950732,0.0113636216874421,38.107079928352334,84.3,12.841339493993608,-1,-0.17714202902999976,anomaly
Node_2,Smart Light,39,0.0331625838269426,0.0131829400003836,31.753703889717656,79.5,11.18779096455894,-1,-0.1691278818660723,anomaly
Node_2,Smart Light,40,0.0216079029421687,0.0087099656255822,50.99357644686323,73.1,6.402256546631733,-1,-0.23609876873736013,anomaly
Node_2,Smart Light,41,0.0245816725147438,0.0108410953392554,38.721544620098086,78.3,12.08350574589639,-1,-0.17986134160542566,anomaly
Node_2,Smart Light,42,0.0322910799975563,0.013804975680397,29.160951431961315,82.3,12.47263671669574,-1,-0.16685010425141078,anomaly
Node_2,Smart Light,43,0.0328376882193204,0.0111617326291231,30.126875351008525,81.1,5.152130088074683,-1,-0.20377969327480505,anomaly
Node_2,Smart Light,44,0.0349687837612959,0.0087516166552837,27.836012261602576,81.5,10.047111248734357,-1,-0.17435591970133646,anomaly
Node_2,Smart Light,45,0.0311441880673781,0.0127920195689605,30.19702519034269,78.7,9.262229153335008,-1,-0.1845790284115889,anomaly
Node_2,Smart Light,46,0.0246656986276809,0.0088857673497708,43.739579080270325,79.3,11.757267256183868,-1,-0.17596457236191043,anomaly
Node_2,Smart Light,47,0.0320690265844909,0.0115899221239749,32.341197812224074,73.7,11.98193084050591,-1,-0.206851302764261,anomaly
Node_2,Smart Light,48,0.0311353448867473,0.0098002039699215,32.4131220920771,78.0,10.47748909700114,-1,-0.1724009140085836,anomaly
Node_2,Smart Light,49,0.0254809513003593,0.0120558132347476,42.65629247498118,80.1,7.636898730651221,-1,-0.20095564440124392,anomaly
Node_2,Smart Light,50,0.0291809174177698,0.0142558176334743,37.21881309602819,75.7,10.604506379627274,-1,-0.18793273147106104,anomaly
Node_2,Smart Light,51,0.0338608772275314,0.0122369837693821,30.18447670212868,75.5,10.617072205755324,-1,-0.19189849420362126,anomaly
Node_2,Smart Light,52,0.0311856937985011,0.0119770537748944,33.50032509336812,81.4,11.520030864156183,-1,-0.1686824097016737,anomaly
Node_2,Smart Light,53,0.0344216518594684,0.0134260848076038,27.121324104158948,79.9,13.658127413538228,-1,-0.18129555742898218,anomaly
Node_2,Smart Light,54,0.0338713514734539,0.012369731537362,29.974250042899733,79.5,9.548123724935005,-1,-0.1834313355215479,anomaly
Node_2,Smart Light,55,0.0263121862549589,0.0074206668735045,40.21215908539633,77.8,11.535452599125302,-1,-0.17980817150906536,anomaly
Node_2,Smart Light,56,0.0330828644578179,0.0117238113227061,31.090976767561862,74.2,12.062798643395782,-1,-0.2033021628350825,anomaly
Node_2,Smart Light,57,0.025986601165097,0.0112322550859513,37.871512936929655,77.5,13.385315336840842,-1,-0.1899233307142406,anomaly
Node_2,Smart Light,58,0.0300966703147071,0.0124623509185143,32.32379605030107,77.1,13.30371710796982,-1,-0.1941956823477593,anomaly
Node_2,Smart Light,59,0.0320136513023864,0.0069733415415888,32.13841662811127,80.0,12.00925568976788,-1,-0.17378382009422055,anomaly
Node_2,Smart Light,60,0.0355474195061063,0.013846761612942,26.21679196799969,82.5,13.03201186821641,-1,-0.1696671776076225,anomaly
Node_2,Smart Light,61,0.0247544861627776,0.0107295789711687,38.32338448543683,77.9,8.786985325531797,-1,-0.20508422566696294,anomaly
Node_2,Smart Light,62,0.0312870402066344,0.0105315378108074,32.43259229621944,80.6,13.517067400553683,-1,-0.1813803522337658,anomaly
Node_2,Smart Light,63,0.0292533422365494,0.0103667252142155,34.40193281426987,78.1,12.827487846201391,-1,-0.17809934635580082,anomaly
Node_2,Smart Light,64,0.0315111035018745,0.0117093115512785,30.99135946766441,76.6,10.823841996054616,-1,-0.18523375616079707,anomaly
Node_2,Smart Light,65,0.0331375375615262,0.0110506554872055,29.53481565901464,74.5,12.642520845675254,-1,-0.20448322499873095,anomaly
Node_2,Smart Light,66,0.0296173802469006,0.0123497235149724,32.84462595735052,81.9,12.133058604948346,-1,-0.16762226280114323,anomaly
Node_2,Smart Light,67,0.0353090935297856,0.0131880266420207,28.66220735658745,72.3,12.028207587906762,-1,-0.21233255215575164,anomaly
Node_2,Smart Light,68,0.0298378547970092,0.0110906119895933,33.8771597605721,75.6,9.276014469827246,-1,-0.19785582875052032,anomaly
Node_2,Smart Light,69,0.0329061169227454,0.0132705850766988,32.08833215178783,71.1,9.480389115314718,-1,-0.2109793872774296,anomaly
Node_2,Smart Light,70,0.0260517605034138,0.0109468283024025,38.40542125170666,81.2,13.587576024524102,-1,-0.18011967626270986,anomaly
Node_2,Smart Light,71,0.0266635166197414,0.0154048657895401,40.80978902078785,76.8,9.886017061149214,-1,-0.19229433401704032,anomaly
Node_2,Smart Light,72,0.0304215260928746,0.0098706290662817,33.40159642647322,81.1,12.573782247199924,-1,-0.1700183586545566,anomaly
Node_2,Smart Light,73,0.0337647167643797,0.0135305387624272,29.263397613874307,81.3,14.742606433207271,-1,-0.193934241198368,anomaly
Node_2,Smart Light,74,0.0343453697509382,0.0120840853380865,27.719836981626624,84.8,11.631375193367674,-1,-0.17155451270710165,anomaly
Node_2,Smart Light,75,0.0266684276834471,0.0148520005203621,36.83661041192417,82.5,11.384687571958713,-1,-0.15878941337360541,anomaly
Node_2,Smart Light,76,0.0351721058112154,0.0144774636798274,29.673716898917267,79.3,12.419071355513395,-1,-0.17986134160542566,anomaly
Node_2,Smart Light,77,0.0310154198331719,0.0135348035886142,31.262888434065392,88.2,13.331666562486976,-1,-0.21916297009036734,anomaly
Node_2,Smart Light,78,0.0253827003214293,0.0115911723219965,37.9568251712882,80.7,13.081369279330898,-1,-0.17595179821575413,anomaly
Node_2,Smart Light,79,0.0314686592961162,0.0137967289904999,29.937186735251505,76.1,10.375719519896224,-1,-0.18550875090824348,anomaly
Node_2,Smart Light,80,0.0282255411392135,0.012520701182343,35.58072528224049,73.6,11.852800887928932,-1,-0.20803832503311803,anomaly
Node_2,Smart Light,81,0.021939756983539,0.0075323384466953,46.80349509801862,79.4,10.54303350822502,-1,-0.16958626565474322,anomaly
Node_2,Smart Light,82,0.0296619556824158,0.0111759946473239,32.59833526852955,82.3,10.832564075252195,-1,-0.1572021625418506,anomaly
Node_2,Smart Light,83,0.0368426000634475,0.0082284375184192,26.519297211942256,82.5,16.050268256671323,-1,-0.20661511983268055,anomaly
Node_2,Smart Light,84,0.0311326353198158,0.0082246785083035,32.58068279186807,80.6,12.491775071800022,-1,-0.17471391655584256,anomaly
Node_2,Smart Light,85,0.0275145896650265,0.0099568733407297,39.55002664674894,77.3,12.640762986817249,-1,-0.18668664354487674,anomaly
Node_2,Smart Light,86,0.0368413912209348,0.011030544166947,27.390263090177147,73.5,11.007573150638912,-1,-0.20401492847778768,anomaly
Node_2,Smart Light,87,0.0338037704152192,0.0132993407726007,30.500314265577405,82.1,11.31812705353673,-1,-0.16167379237193613,anomaly
Node_2,Smart Light,88,0.0236014358698394,0.0084274201866683,41.84970900929319,82.7,10.614978934401035,-1,-0.16099077111465854,anomaly
Node_2,Smart Light,89,0.0315290160229057,0.0124909252044264,33.74660983317123,81.9,13.560154046978148,-1,-0.179311336556777,anomaly
Node_2,Smart Light,90,0.0288314814851677,0.0094328800525808,34.18728138463863,80.8,12.236557250032924,-1,-0.17414810226749233,anomaly
Node_2,Smart Light,91,0.0333546724116789,0.0137221077837637,28.744732131024676,83.1,8.047774019358812,-1,-0.203175543901992,anomaly
Node_2,Smart Light,92,0.031552798766101,0.0116208103635283,31.841918004521563,81.0,12.43650540411842,-1,-0.17471391655584256,anomaly
Node_2,Smart Light,93,0.0245233716335754,0.0055665120288102,40.57555654992768,85.8,12.638565319423456,-1,-0.19119580909137612,anomaly
Node_2,Smart Light,94,0.0272409200254255,0.0116563205241964,34.58256822832209,79.6,11.452316602135811,-1,-0.16968948267013884,anomaly
Node_2,Smart Light,95,0.0276810482350189,0.0117848216362661,36.40373213654799,77.4,10.782702196883056,-1,-0.17866847693378296,anomaly
Node_2,Smart Light,96,0.0314803071854601,0.0111151872248433,30.03545787547572,80.1,13.312066372697783,-1,-0.18011967626270986,anomaly
Node_2,Smart Light,97,0.035641198018461,0.0094409430072089,28.36206904634805,71.7,9.753062197188235,-1,-0.2109793872774296,anomaly
Node_2,Smart Light,98,0.0294555768004382,0.0100415040870894,33.88810489647768,71.1,8.987027688099479,-1,-0.2244583298507722,anomaly
Node_2,Smart Light,99,0.0282987272642266,0.0134619879568275,33.97247575885481,74.7,11.274849099753938,-1,-0.19930567931256316,anomaly
Node_2,Smart Light,100,0.0260579856144985,0.011621984015382,42.64731422989105,79.8,13.669105473455256,-1,-0.18358569125197688,anomaly
Node_2,Smart Light,101,0.0343103366873364,0.0125623978209816,27.323622549269807,77.9,11.883228143526956,-1,-0.184453237716538,anomaly
Node_2,Smart Light,102,0.0333126897041232,0.0109159100535379,28.492150328175807,76.0,13.824294235551816,-1,-0.20349514284230286,anomaly
Node_2,Smart Light,103,0.0356061872281426,0.0113347332126525,28.189474794719143,76.1,11.130039432894106,-1,-0.1892420330169743,anomaly
Node_2,Smart Light,104,0.0283967420313487,0.0090393695421242,35.39106113766415,75.7,12.710887721424758,-1,-0.19667906806771385,anomaly
Node_2,Smart Light,105,0.0299382095251381,0.0086886630299213,31.496473755201944,76.4,11.53930481249003,-1,-0.18823391647772758,anomaly
Node_2,Smart Light,106,0.0318018569012728,0.0123068666487674,30.574361347668045,76.7,11.98193084050591,-1,-0.19042723394343097,anomaly
Node_2,Smart Light,107,0.0350619830292696,0.0100484894689374,27.77426172018393,82.5,12.22247474486607,-1,-0.1663738118531759,anomaly
Node_2,Smart Light,108,0.035016076930124,0.0104715761239105,26.86362695738703,82.7,12.684636376341262,-1,-0.170215924852125,anomaly
Node_2,Smart Light,109,0.0348433005860009,0.0104218157988862,29.036189039593648,79.2,8.816650913659524,-1,-0.19626685919267828,anomaly
Node_2,Smart Light,110,0.0289650285337927,0.0128857268117791,36.03812308666177,80.3,12.111060142604272,-1,-0.17253719907133025,anomaly
Node_2,Smart Light,111,0.0318085564505373,0.0114891863212683,29.60659114480352,84.3,12.93616807421906,-1,-0.17714202902999976,anomaly
Node_2,Smart Light,112,0.0337803163861721,0.0106586463794427,30.347359094408127,82.8,9.863513009515874,-1,-0.1744040455615058,anomaly
Node_2,Smart Light,113,0.0230612164306123,0.0087257585325848,41.78088649950949,78.0,11.527744310527057,-1,-0.17581417542813405,anomaly
Node_2,Smart Light,114,0.0269442500838103,0.0093444021729685,37.61961677246309,83.5,12.877629181387906,-1,-0.17657417852941515,anomaly
Node_2,Smart Light,115,0.0343059231782582,0.011803171874044,30.539183626122057,83.6,13.793718377097116,-1,-0.1814762188496254,anomaly
Node_2,Smart Light,116,0.0310216584997142,0.0115221608620937,32.2930669878068,78.1,14.510149704411887,-1,-0.19638801456057497,anomaly
Node_2,Smart Light,117,0.0267698000084543,0.0111229684035663,39.83545150474287,84.0,8.393118874676114,-1,-0.20686105330507354,anomaly
Node_2,Smart Light,118,0.0327006516293728,0.0106910287732198,29.51279414697965,81.0,11.55662388223981,-1,-0.16823791133043176,anomaly
Node_2,Smart Light,119,0.0305421362909108,0.0118357877937426,32.93320761950343,77.3,11.065963833103538,-1,-0.18094977998453476,anomaly
Node_1,Temperature Sensor,1,0.3022540253096627,0.1236006550818859,3.1999675443658973,73.7,10.924488292109816,-1,-0.16046421008231937,anomaly
Node_1,Temperature Sensor,2,0.3542111176467405,0.1138480268058451,2.722314015909196,78.3,12.092697520955914,-1,-0.14801997476106765,anomaly
Node_1,Temperature Sensor,3,0.2461453917303406,0.1193390616532837,3.96424321851476,78.3,9.832485839185214,-1,-0.14678771393647816,anomaly
Node_1,Temperature Sensor,4,0.3171155123897307,0.1107707312550513,3.1596960669450023,77.0,11.274356350191844,-1,-0.149433740084146,anomaly
Node_1,Temperature Sensor,5,0.3006548197877984,0.1669086936688663,3.367363910785076,80.3,10.832564075252195,-1,-0.14327746307954814,anomaly
Node_1,Temperature Sensor,6,0.3189121653855785,0.1075799587966443,3.1955262561457274,80.4,10.772392698209828,-1,-0.14533976285011518,anomaly
Node_1,Temperature Sensor,7,0.2703561399006474,0.149366275798459,3.926511742075532,81.7,12.623170934612446,-1,-0.15224395681656233,anomaly
Node_1,Temperature Sensor,8,0.2448835495402733,0.1064865703335768,4.012818111316018,79.2,9.57775199790292,-1,-0.1508359188297771,anomaly
Node_1,Temperature Sensor,9,0.300243447086881,0.1235665051895928,3.20186959887399,79.0,11.42122779934121,-1,-0.1449461724957718,anomaly
Node_1,Temperature Sensor,10,0.3428836323671653,0.1264520816614709,3.066261670288045,79.5,14.065323790561427,-1,-0.17409969635930367,anomaly
Node_1,Temperature Sensor,11,0.3188461540564475,0.1140988973770635,3.273937740610348,80.3,13.646733430873972,-1,-0.16862627879701975,anomaly
Node_1,Temperature Sensor,12,0.2629610173932427,0.1077229618881088,3.891501322505599,81.8,11.535452599125302,-1,-0.14801851425042334,anomaly
Node_1,Temperature Sensor,13,0.2697567260674887,0.1317128242517511,3.768127559753928,85.8,11.764352935882194,-1,-0.18352927021036491,anomaly
Node_1,Temperature Sensor,14,0.3072282587381331,0.1096190607317954,3.186436541272222,77.9,14.011503210655958,-1,-0.1760480826847839,anomaly
Node_1,Temperature Sensor,15,0.3072479448897781,0.1202043489737032,3.3103031066946693,77.8,12.942608358098113,-1,-0.15252893001868784,anomaly
Node_1,Temperature Sensor,16,0.3176470600910733,0.1266427099679279,3.281518648583827,84.4,13.953892328347353,-1,-0.1983598148666319,anomaly
Node_1,Temperature Sensor,17,0.3367340699486235,0.1222807745728952,3.058070712381439,83.6,13.091133555875816,-1,-0.17284580206013156,anomaly
Node_1,Temperature Sensor,18,0.3660226636291718,0.15127226161449,2.5346680186985515,73.8,8.727988186161676,-1,-0.1714781904169459,anomaly
Node_1,Temperature Sensor,19,0.2836139684282074,0.0947041436344126,3.609158393954942,82.2,10.643725329455329,-1,-0.15498635092453317,anomaly
Node_1,Temperature Sensor,20,0.280410058081955,0.1220862852069442,3.487849299648521,77.5,6.276056794587577,-1,-0.18772771166932067,anomaly
Node_1,Temperature Sensor,21,0.3074527062419285,0.1108723387331313,3.231304779536384,75.9,12.14221286806212,-1,-0.1520498115669292,anomaly
Node_1,Temperature Sensor,22,0.2707801783964278,0.0924146395203463,3.557273320831727,82.7,14.63671183474394,-1,-0.19082341953205673,anomaly
Node_1,Temperature Sensor,23,0.3450355651194755,0.1099871202743912,2.891868483846143,80.8,8.954204474869767,-1,-0.1628077552348628,anomaly
Node_1,Temperature Sensor,24,0.2925703019200981,0.0772585989094461,3.312456299787464,76.8,12.951190421476063,-1,-0.15317815687407832,anomaly
Node_1,Temperature Sensor,25,0.2862731335606966,0.0703065802631974,3.432457867188935,76.9,13.987693003335307,-1,-0.17735013452296244,anomaly
Node_1,Temperature Sensor,26,0.2441427554560434,0.1418594188945765,4.121219815885595,77.8,8.107609594284453,-1,-0.16653515770337635,anomaly
Node_1,Temperature Sensor,27,0.3158624798485846,0.1278475609147798,3.2159313969032017,80.4,12.738393409950357,-1,-0.15000706046559764,anomaly
Node_1,Temperature Sensor,28,0.3027248368975392,0.1327165592103505,3.120656145128309,79.1,12.031902038608305,-1,-0.1454022405429175,anomaly
Node_1,Temperature Sensor,29,0.3019995870012124,0.0948185938383126,3.3117315777838545,88.5,8.934950102453474,-1,-0.19232593569976308,anomaly
Node_1,Temperature Sensor,30,0.2902567732004087,0.1298655237721368,3.6433185851507033,78.6,13.809819372863322,-1,-0.17129934704485683,anomaly
Node_1,Temperature Sensor,31,0.3107008239520894,0.0846241124808648,3.201050398902015,76.8,9.247221805013174,-1,-0.15961275517722284,anomaly
Node_1,Temperature Sensor,32,0.2815756622716222,0.1244108902837202,3.410740848082839,73.5,10.65885130354632,-1,-0.15969746974885857,anomaly
Node_1,Temperature Sensor,33,0.3218427609677022,0.1377479979254118,3.1696160297325986,74.2,7.871185143010902,-1,-0.1760154742101666,anomaly
Node_1,Temperature Sensor,34,0.3693503946827377,0.096623895952846,2.8160758022382173,77.6,11.758684733704987,-1,-0.14976332503965362,anomaly
Node_1,Temperature Sensor,35,0.2965573575110667,0.1072016619741039,3.2188286819720533,83.3,11.353413583587976,-1,-0.16143475645360905,anomaly
Node_1,Temperature Sensor,36,0.2843512385888118,0.1300644123274755,3.730013465694744,75.5,11.62612001773019,-1,-0.14910603285012292,anomaly
Node_1,Temperature Sensor,37,0.3392392701449438,0.1111003088014843,3.042586828316511,81.0,12.128936932440167,-1,-0.14698500557712357,anomaly
Node_1,Temperature Sensor,38,0.3035440300058354,0.104754083126443,3.210251305908585,83.7,8.857514073122072,-1,-0.1758576975370587,anomaly
Node_1,Temperature Sensor,39,0.3189640720346105,0.1099575191214724,3.230850160839955,80.3,13.872835166452298,-1,-0.1721373113235386,anomaly
Node_1,Temperature Sensor,40,0.3321799529093141,0.1110094607834486,3.066274248521619,84.2,10.3794669098819,-1,-0.16800756867663158,anomaly
Node_1,Temperature Sensor,41,0.3285811690252941,0.0727444709262355,3.0497757960962155,77.0,11.69045194450012,-1,-0.14686661520927424,anomaly
Node_1,Temperature Sensor,42,0.3342850183478376,0.1073412642397092,3.022797280452404,82.7,9.809858986414296,-1,-0.15944965775403375,anomaly
Node_1,Temperature Sensor,43,0.3472170560391731,0.1287587072702692,2.891811639937279,83.4,11.692352676476668,-1,-0.16124174711636952,anomaly
Node_1,Temperature Sensor,44,0.2369442345664907,0.1090905489271173,4.518430949712564,82.4,11.26646942628139,-1,-0.15574761571051354,anomaly
Node_1,Temperature Sensor,45,0.28200899297928,0.1294560468882748,3.3132928725449737,80.5,8.329999333066533,-1,-0.17125976773299878,anomaly
Node_1,Temperature Sensor,46,0.3140327568543369,0.1064710833929079,3.3973164091774875,86.7,6.236986451805071,-1,-0.21419599651247623,anomaly
Node_1,Temperature Sensor,47,0.3257577903020035,0.0862264903279639,3.0967436533476262,81.1,13.303717107969822,-1,-0.15611319251597677,anomaly
Node_1,Temperature Sensor,48,0.350916169555768,0.1295780027774205,2.915861553245948,84.4,11.720826667849746,-1,-0.16730360345527318,anomaly
Node_1,Temperature Sensor,49,0.2362376702720467,0.1180998695250692,4.654988343764643,86.2,13.406466101599383,-1,-0.20357591801166086,anomaly
Node_1,Temperature Sensor,50,0.3308234484760334,0.1300613238317252,2.8535475093243554,76.7,11.096045341572024,-1,-0.14600527620698533,anomaly
Node_1,Temperature Sensor,51,0.2755752859933807,0.1140744233254782,3.691601153406885,77.0,12.24744871391589,-1,-0.15114465923749232,anomaly
Node_1,Temperature Sensor,52,0.229809646780734,0.1252971880448465,4.864290886166636,76.1,13.502674632169072,-1,-0.16271010687829568,anomaly
Node_1,Temperature Sensor,53,0.3768654638925398,0.1048628169974292,2.6703152834744035,75.1,10.47165486232026,-1,-0.15430240665616712,anomaly
Node_1,Temperature Sensor,54,0.2906323769347011,0.0974164088003205,3.2444035373714257,79.7,12.07430697344112,-1,-0.14629642376030205,anomaly
Node_1,Temperature Sensor,55,0.3054075202000547,0.1064817479633128,3.1931849718346763,73.5,10.855106325289189,-1,-0.16046421008231937,anomaly
Node_1,Temperature Sensor,56,0.3222017007774639,0.0882936404172555,3.019548784369042,86.1,11.761046816598522,-1,-0.18352927021036491,anomaly
Node_1,Temperature Sensor,57,0.3540044917743813,0.0913467795789006,2.891404463527205,71.3,11.333823518811096,-1,-0.16556707918786961,anomaly
Node_1,Temperature Sensor,58,0.2908758604191178,0.0956040668096414,3.408025118060068,74.3,8.628763269180327,-1,-0.17134422763940504,anomaly
Node_1,Temperature Sensor,59,0.2574309181189392,0.1224303316115189,4.0854964037553145,76.9,9.791719858011554,-1,-0.15053200738363282,anomaly
Node_1,Temperature Sensor,60,0.3057247696773146,0.1401708653020109,3.0733322710057096,78.3,14.552968387545164,-1,-0.17865469408068446,anomaly
Node_1,Temperature Sensor,61,0.2921397064299952,0.1155453600017047,3.480482259316505,77.6,8.422192905255336,-1,-0.16974912045357549,anomaly
Node_1,Temperature Sensor,62,0.2950087186240296,0.1051994323495112,3.47774531377118,80.4,10.80329167944248,-1,-0.14533976285011518,anomaly
Node_1,Temperature Sensor,63,0.2815514794229102,0.1282958465492309,3.4730909585945824,82.2,9.612491872558332,-1,-0.16280675884473939,anomaly
Node_1,Temperature Sensor,64,0.2309519955700523,0.0856731478772834,4.15106327184714,78.7,9.730250653389035,-1,-0.14741026287409575,anomaly
Node_1,Temperature Sensor,65,0.3508306758046416,0.1175603125274929,2.8690242423952013,82.6,8.044321668799123,-1,-0.18008122899836576,anomaly
Node_1,Temperature Sensor,66,0.2956050496720309,0.133958584356365,3.5651091218659934,81.0,10.47748909700114,-1,-0.1461868664439373,anomaly
Node_1,Temperature Sensor,67,0.3264778579552654,0.0999826470497889,2.857433514726948,72.5,7.412451985979028,-1,-0.19127858456299363,anomaly
Node_1,Temperature Sensor,68,0.3571462844975798,0.125599109355011,2.858945992983363,82.0,10.593499054713805,-1,-0.1556167912500619,anomaly
Node_1,Temperature Sensor,69,0.3049383308718944,0.1285643546173085,3.449707438467443,77.5,14.485625058427177,-1,-0.1812713556832839,anomaly
Node_1,Temperature Sensor,70,0.2703391092704749,0.1245290042080844,3.8405623501131383,76.1,11.090035567521364,-1,-0.14600527620698533,anomaly
Node_1,Temperature Sensor,71,0.2950139161042017,0.1190029705355572,3.3554432892612645,74.8,10.464755664185912,-1,-0.1568251741238036,anomaly
Node_4,Motion Sensor,1,3.692213058766888,2.0932881592062893,0.2778771696290807,85.3,13.556876074114156,-1,-0.03360073680152442,anomaly
Node_4,Motion Sensor,2,0.0233531633691171,0.0115360497105763,41.92664598743028,76.2,10.228500487472354,-1,-0.1623994833877912,anomaly
Node_4,Motion Sensor,3,1.2851849255196406,2.0418628912569976,0.7019077493166598,85.4,5.295700562196132,-1,-0.20086243093885736,anomaly
Node_4,Motion Sensor,4,0.0355594612767696,0.0123011426768384,29.16636811231194,82.5,14.245857097572069,-1,-0.1930092027842476,anomaly
Node_4,Motion Sensor,5,0.0252903490334404,0.0105528870694226,37.46953250841853,84.0,12.119772641798562,-1,-0.1560558651339241,anomaly
Node_4,Motion Sensor,6,0.0279314383326692,0.0110651830051514,36.73084865932021,77.8,12.35403667722507,-1,-0.15909144789730933,anomaly
Node_4,Motion Sensor,7,2.163474236782226,2.7552973319266543,0.4164038674838126,71.9,11.836384583140244,-1,-0.122475495896885,anomaly
Node_4,Motion Sensor,8,4.489327251550551,0.7948633089337528,0.2150724850415468,87.3,8.11103500725332,-1,-0.03793038839520757,anomaly
Node_4,Motion Sensor,9,2.121602350469653,2.292071518089798,0.518137973482935,76.1,11.836384583140244,-1,-0.13038754175574285,anomaly
Node_4,Motion Sensor,10,0.0307179842791896,0.0125965595443414,30.339809238149343,73.2,11.867790208983491,-1,-0.1675749050304628,anomaly
Node_4,Motion Sensor,11,0.366350982025898,1.0748986999651324,2.471413787880399,86.3,12.763228431709589,-1,-0.1758357345475583,anomaly
Node_4,Motion Sensor,12,0.0321386249623287,0.0128043198796799,32.79905368734517,76.8,10.972693379476162,-1,-0.1546435545950201,anomaly
Node_4,Motion Sensor,13,3.182262091904676,2.3179487226012334,0.2832134448230923,82.8,11.89584427903758,-1,-0.03533451032704993,anomaly
Node_4,Motion Sensor,14,4.106008578665433,0.8606645910521896,0.246020740482305,80.9,11.229425630903837,1,0.05723449594381835,anomaly
Node_4,Motion Sensor,15,4.070767859295214,0.9568524840718468,0.2409253385548895,79.5,12.0761472884912,1,0.06712645632992614,anomaly
Node_4,Motion Sensor,16,0.0346481796974387,0.0132370887545573,26.84987969002416,79.8,12.062798643395782,-1,-0.1514065760248744,anomaly
Node_4,Motion Sensor,17,0.0278722141364141,0.0116977637200396,34.61992716983393,79.2,12.452576707921404,-1,-0.1546587391159211,anomaly
Node_4,Motion Sensor,18,0.4969310757445441,1.47376783536861,1.8227301592880767,80.2,12.734903917100349,-1,-0.15818073610407046,anomaly
Node_4,Motion Sensor,19,0.0280286216892079,0.0115224335956137,35.14901078921063,78.9,13.551957628164114,-1,-0.1715333621965205,anomaly
Node_4,Motion Sensor,20,2.186929683208251,2.800465783647669,0.4122381894693525,78.2,15.273797461302442,-1,-0.15785702554340908,anomaly
Node_4,Motion Sensor,21,0.0299536187047408,0.0133164221983224,33.62591051898565,73.0,10.954451150103322,-1,-0.17118966410145486,anomaly
Node_4,Motion Sensor,22,0.4049823686016623,1.1698973066475409,2.240436501863127,82.6,11.983321743156194,-1,-0.14530852448782605,anomaly
Node_4,Motion Sensor,23,0.0278001174135852,0.0101448498629867,35.10486112805375,80.1,14.29413244034846,-1,-0.18709714837809344,anomaly
Node_4,Motion Sensor,24,1.5704180129405358,2.057646419684818,0.5741726306980658,74.9,11.1599482276776,-1,-0.13725528826488131,anomaly
Node_4,Motion Sensor,25,4.139986473376484,0.7486411302606314,0.2399689363421294,83.2,11.380294860464344,1,0.0453697026929859,anomaly
Node_4,Motion Sensor,26,1.872005547340308,2.433491617222406,0.6670843884290113,77.6,11.918239989379492,-1,-0.13216690781227491,anomaly
Node_4,Motion Sensor,27,0.0340897319808561,0.0110869649716529,27.90638862224074,77.6,11.78699848703364,-1,-0.1505046070066317,anomaly
Node_4,Motion Sensor,28,0.0317035035905746,0.0120442260917287,30.81029257324445,78.3,12.111060142604272,-1,-0.15473021458133596,anomaly
Node_4,Motion Sensor,29,0.0317131926495108,0.0079726698862002,31.359161929334185,89.4,10.243697249203208,-1,-0.1904895404989655,anomaly
Node_4,Motion Sensor,30,2.682729163824331,2.3772556963518463,0.3357383731272788,79.2,13.505554412907308,-1,-0.08499233574795106,anomaly
Node_4,Motion Sensor,31,0.0224621285371824,0.0118254184494762,45.34084422090108,77.9,11.4741254810794,-1,-0.1496992132435525,anomaly
Node_4,Motion Sensor,32,0.0295336252518779,0.0111219082083733,34.14401945916818,79.3,14.989255411052872,-1,-0.18519965443533926,anomaly
Node_4,Motion Sensor,33,3.70985199590105,2.135634088420088,0.2426687458039068,74.4,11.796421302901804,-1,-0.026485855492080712,anomaly
Node_4,Motion Sensor,34,0.9518273120773302,2.0546909637304034,1.4594630011138097,80.0,12.83225103661344,-1,-0.15880127244505282,anomaly
Node_4,Motion Sensor,35,0.0330910695862144,0.0106178929433682,31.826690636279608,79.4,9.547541859324603,-1,-0.15662583324301083,anomaly
Node_4,Motion Sensor,36,0.034604804884367,0.0098676868984665,29.926803477343118,83.3,10.100055005350768,-1,-0.17126093726126113,anomaly
Node_4,Motion Sensor,37,0.0235312419481886,0.0105820295748878,46.64401475580554,73.1,7.32499525976335,-1,-0.20348808792396544,anomaly
Node_4,Motion Sensor,38,1.062454246869862,2.178368241009363,0.850188168633196,84.0,12.666666666666668,-1,-0.15747860008965875,anomaly
Node_4,Motion Sensor,39,0.029766892861528,0.0135894828931516,35.82756866522727,82.2,9.72739544905121,-1,-0.1656610992197205,anomaly
Node_4,Motion Sensor,40,1.8920703474946776,2.4885321291846805,0.4763790061992695,77.4,14.592235378218556,-1,-0.1798053945247572,anomaly
Node_4,Motion Sensor,41,4.6609906726745125,1.0635260552429815,0.2074460204314219,78.5,10.824355254086344,1,0.07909693916264321,anomaly
Node_4,Motion Sensor,42,4.631765759164329,1.0797547321830927,0.2107729132523077,73.0,11.766241729815194,1,0.04957380011593515,anomaly
Node_4,Motion Sensor,43,2.594292558519146,2.288077788501657,0.4286168068928438,71.8,10.768266135063508,-1,-0.08581253569420666,anomaly
Node_4,Motion Sensor,44,0.0275474353899994,0.0104578404195409,37.31707968007773,77.3,11.499275339486978,-1,-0.14754610325901008,anomaly
