Node_ID,Node_Type,Window_ID,mean_IAT,IAT_std,packet_rate,mean_packet_size,packet_size_std
Node_2,Smart Light,1,0.02392947295497018,0.009509694996575951,43.38307384897773,85.7,11.80442478244681
Node_2,Smart Light,2,0.03640906618732208,0.011047456578386239,27.78129115758789,79.9,11.406138698087096
Node_2,Smart Light,3,0.030941646948030133,0.013626141971260435,32.68943173505241,80.8,11.123548594460912
Node_2,Smart Light,4,0.02837046747273213,0.009471397409072945,34.725942734368,85.3,11.13602761810113
Node_2,Smart Light,5,0.03002656048672232,0.009711614723965431,32.80549976419419,79.4,11.871534582072082
Node_2,Smart Light,6,0.028727259445159792,0.01457386914026441,32.875395534683,81.0,10.593499054713803
Node_2,Smart Light,7,0.03361014246428169,0.011871790867555848,28.90684171993243,84.0,9.865765724632494
Node_2,Smart Light,8,0.023963563283014588,0.009529257572238187,40.475432094475835,83.3,13.727911551126615
Node_2,Smart Light,9,0.032029007965179934,0.009255226257652446,31.014467319512644,81.0,12.036980056845191
Node_2,Smart Light,10,0.02826762174071402,0.010883713156699566,34.470957780824264,81.5,12.276897907135265
Node_2,Smart Light,11,0.02455837089499604,0.008099532684477323,40.39151522748367,75.9,9.21894185299424
Node_2,Smart Light,12,0.03418125736914925,0.008773819059491034,30.611905300651674,80.4,12.357633718115743
Node_2,Smart Light,13,0.032250794171711616,0.011774980131910194,30.99397420587637,76.7,12.979042936809924
Node_2,Smart Light,14,0.02930620645878381,0.009663509601831374,34.07641389159111,85.4,8.113089560840693
Node_2,Smart Light,15,0.03801029910199931,0.005698645916932532,26.608891984761776,76.7,14.51474346234813
Node_2,Smart Light,16,0.024964891477060113,0.011383186583459987,37.674019424180834,80.1,11.873874215642042
Node_2,Smart Light,17,0.028103410617693392,0.010529447928940736,37.47587259429006,80.9,11.415875885021796
Node_2,Smart Light,18,0.03555146887855205,0.008668498468153155,28.261911389348597,78.6,11.500724614852174
Node_2,Smart Light,19,0.028681592259834243,0.010782259204595105,33.693024960617876,82.7,13.283657461541063
Node_2,Smart Light,20,0.038756830745086554,0.012357317480931952,26.37356229638538,82.8,13.958669150189229
Node_2,Smart Light,21,0.028590219253164406,0.011808692917265395,33.135725989085444,81.2,13.431306712304654
Node_2,Smart Light,22,0.027195796254743953,0.012806780935620717,39.5235909996532,79.8,12.804513093263468
Node_2,Smart Light,23,0.030113883698503853,0.011441413483733471,31.4235010341801,75.5,8.3032791380541
Node_2,Smart Light,24,0.02500954455414277,0.010807413562732635,42.14831498134253,77.4,9.731963373909249
Node_2,Smart Light,25,0.027851677643309626,0.014489344928479662,33.97776433839428,81.1,10.27888882883532
Node_2,Smart Light,26,0.03594509473066774,0.01046161802279557,28.836918194302022,81.9,11.464437767868658
Node_2,Smart Light,27,0.029213675649466177,0.010865250664613465,34.48499751450759,79.8,13.0877381120226
Node_2,Smart Light,28,0.022230723728766045,0.010530006269568104,42.5167245161908,79.9,11.599329482536671
Node_2,Smart Light,29,0.029563877529793104,0.012454869133123516,32.98973054425697,82.1,12.123897429823831
Node_2,Smart Light,30,0.0321497870451994,0.008284298188431048,30.36033027316799,82.4,14.675754760072062
Node_2,Smart Light,31,0.029263148540500696,0.01333958241664611,33.10125407931359,86.8,10.304260176149366
Node_2,Smart Light,32,0.026507854787417705,0.00911000763136622,36.45229686914077,83.0,11.469767022723502
Node_2,Smart Light,33,0.027428408265962288,0.009748287117835477,35.45357276512752,85.1,10.049322807477571
Node_2,Smart Light,34,0.027188082612743792,0.010834819819650758,37.13665293322843,85.8,10.325803708294199
Node_2,Smart Light,35,0.023923269878465624,0.013923821437416353,42.87663485306902,80.5,11.711817393840576
Node_2,Smart Light,36,0.02972476899111829,0.011220416212015938,33.164827388797626,78.7,12.129394965216617
Node_2,Smart Light,37,0.025821878750083727,0.01336752473267077,39.896354168872584,86.3,13.064370546558216
Node_2,Smart Light,38,0.027468504095073242,0.011363621687442135,38.107079928352334,84.3,12.841339493993608
Node_2,Smart Light,39,0.033162583826942614,0.013182940000383638,31.753703889717656,79.5,11.18779096455894
Node_2,Smart Light,40,0.0216079029421687,0.008709965625582294,50.99357644686323,73.1,6.402256546631733
Node_2,Smart Light,41,0.024581672514743858,0.010841095339255443,38.721544620098086,78.3,12.08350574589639
Node_2,Smart Light,42,0.032291079997556336,0.013804975680397027,29.160951431961315,82.3,12.472636716695739
Node_2,Smart Light,43,0.03283768821932043,0.011161732629123136,30.126875351008525,81.1,5.152130088074683
Node_2,Smart Light,44,0.034968783761295974,0.008751616655283748,27.836012261602576,81.5,10.047111248734357
Node_2,Smart Light,45,0.03114418806737813,0.01279201956896055,30.197025190342686,78.7,9.262229153335007
Node_2,Smart Light,46,0.02466569862768093,0.008885767349770804,43.739579080270325,79.3,11.757267256183868
Node_2,Smart Light,47,0.032069026584490956,0.01158992212397498,32.341197812224074,73.7,11.98193084050591
Node_2,Smart Light,48,0.03113534488674734,0.009800203969921583,32.4131220920771,78.0,10.47748909700114
Node_2,Smart Light,49,0.025480951300359322,0.012055813234747628,42.65629247498118,80.1,7.636898730651221
Node_2,Smart Light,50,0.029180917417769868,0.01425581763347433,37.21881309602819,75.7,10.604506379627274
Node_2,Smart Light,51,0.03386087722753146,0.012236983769382117,30.184476702128677,75.5,10.617072205755324
Node_2,Smart Light,52,0.031185693798501113,0.011977053774894466,33.50032509336812,81.4,11.520030864156185
Node_2,Smart Light,53,0.03442165185946848,0.01342608480760385,27.121324104158948,79.9,13.658127413538228
Node_2,Smart Light,54,0.03387135147345397,0.01236973153736207,29.974250042899733,79.5,9.548123724935003
Node_2,Smart Light,55,0.026312186254958903,0.007420666873504528,40.21215908539633,77.8,11.535452599125302
Node_2,Smart Light,56,0.03308286445781796,0.011723811322706197,31.090976767561866,74.2,12.062798643395782
Node_2,Smart Light,57,0.025986601165097056,0.0112322550859513,37.871512936929655,77.5,13.385315336840842
Node_2,Smart Light,58,0.030096670314707197,0.012462350918514312,32.32379605030107,77.1,13.30371710796982
Node_2,Smart Light,59,0.032013651302386495,0.0069733415415888685,32.13841662811127,80.0,12.009255689767881
Node_2,Smart Light,60,0.035547419506106334,0.013846761612942002,26.21679196799969,82.5,13.03201186821641
Node_2,Smart Light,61,0.024754486162777666,0.010729578971168741,38.32338448543683,77.9,8.786985325531797
Node_2,Smart Light,62,0.03128704020663449,0.010531537810807406,32.43259229621944,80.6,13.517067400553683
Node_2,Smart Light,63,0.029253342236549428,0.010366725214215571,34.40193281426987,78.1,12.827487846201393
Node_2,Smart Light,64,0.03151110350187451,0.011709311551278568,30.99135946766441,76.6,10.823841996054615
Node_2,Smart Light,65,0.033137537561526285,0.01105065548720553,29.53481565901464,74.5,12.642520845675254
Node_2,Smart Light,66,0.029617380246900638,0.012349723514972422,32.84462595735052,81.9,12.133058604948346
Node_2,Smart Light,67,0.03530909352978569,0.01318802664202073,28.662207356587455,72.3,12.028207587906762
Node_2,Smart Light,68,0.0298378547970092,0.011090611989593376,33.8771597605721,75.6,9.276014469827246
Node_2,Smart Light,69,0.032906116922745456,0.013270585076698876,32.08833215178783,71.1,9.480389115314718
Node_2,Smart Light,70,0.026051760503413846,0.010946828302402595,38.40542125170666,81.2,13.587576024524102
Node_2,Smart Light,71,0.026663516619741402,0.015404865789540112,40.80978902078785,76.8,9.886017061149214
Node_2,Smart Light,72,0.03042152609287463,0.009870629066281736,33.40159642647322,81.1,12.573782247199924
Node_2,Smart Light,73,0.033764716764379796,0.013530538762427213,29.263397613874307,81.3,14.742606433207271
Node_2,Smart Light,74,0.0343453697509382,0.012084085338086562,27.719836981626624,84.8,11.631375193367674
Node_2,Smart Light,75,0.026668427683447148,0.014852000520362136,36.83661041192417,82.5,11.384687571958711
Node_2,Smart Light,76,0.03517210581121546,0.014477463679827472,29.673716898917267,79.3,12.419071355513395
Node_2,Smart Light,77,0.031015419833171975,0.01353480358861422,31.262888434065392,88.2,13.331666562486976
Node_2,Smart Light,78,0.025382700321429398,0.011591172321996501,37.956825171288195,80.7,13.081369279330898
Node_2,Smart Light,79,0.03146865929611629,0.013796728990499961,29.937186735251505,76.1,10.375719519896224
Node_2,Smart Light,80,0.02822554113921356,0.01252070118234307,35.58072528224049,73.6,11.852800887928932
Node_2,Smart Light,81,0.021939756983539026,0.0075323384466953955,46.80349509801862,79.4,10.543033508225019
Node_2,Smart Light,82,0.029661955682415808,0.011175994647323944,32.59833526852955,82.3,10.832564075252195
Node_2,Smart Light,83,0.03684260006344751,0.008228437518419219,26.519297211942256,82.5,16.050268256671323
Node_2,Smart Light,84,0.031132635319815805,0.008224678508303513,32.58068279186807,80.6,12.491775071800022
Node_2,Smart Light,85,0.027514589665026533,0.009956873340729765,39.55002664674894,77.3,12.640762986817247
Node_2,Smart Light,86,0.03684139122093484,0.011030544166947025,27.390263090177147,73.5,11.007573150638912
Node_2,Smart Light,87,0.033803770415219245,0.013299340772600782,30.500314265577405,82.1,11.31812705353673
Node_2,Smart Light,88,0.023601435869839447,0.008427420186668392,41.849709009293186,82.7,10.614978934401037
Node_2,Smart Light,89,0.03152901602290577,0.012490925204426412,33.74660983317123,81.9,13.560154046978147
Node_2,Smart Light,90,0.028831481485167742,0.00943288005258083,34.18728138463863,80.8,12.236557250032924
Node_2,Smart Light,91,0.03335467241167898,0.013722107783763737,28.744732131024673,83.1,8.047774019358812
Node_2,Smart Light,92,0.03155279876610102,0.011620810363528338,31.841918004521563,81.0,12.436505404118419
Node_2,Smart Light,93,0.02452337163357541,0.00556651202881027,40.575556549927676,85.8,12.638565319423456
Node_2,Smart Light,94,0.027240920025425552,0.01165632052419645,34.58256822832209,79.6,11.452316602135811
Node_2,Smart Light,95,0.027681048235018935,0.011784821636266138,36.40373213654799,77.4,10.782702196883056
Node_2,Smart Light,96,0.031480307185460174,0.011115187224843318,30.03545787547572,80.1,13.312066372697783
Node_2,Smart Light,97,0.03564119801846104,0.00944094300720895,28.36206904634805,71.7,9.753062197188237
Node_2,Smart Light,98,0.029455576800438265,0.010041504087089433,33.88810489647768,71.1,8.987027688099479
Node_2,Smart Light,99,0.028298727264226643,0.013461987956827516,33.97247575885481,74.7,11.274849099753938
Node_2,Smart Light,100,0.02605798561449859,0.011621984015382064,42.64731422989105,79.8,13.669105473455256
Node_2,Smart Light,101,0.034310336687336476,0.012562397820981647,27.323622549269807,77.9,11.883228143526956
Node_2,Smart Light,102,0.033312689704123245,0.010915910053537986,28.492150328175807,76.0,13.824294235551815
Node_2,Smart Light,103,0.03560618722814261,0.011334733212652508,28.189474794719146,76.1,11.130039432894106
Node_2,Smart Light,104,0.028396742031348766,0.009039369542124252,35.39106113766415,75.7,12.710887721424758
Node_2,Smart Light,105,0.02993820952513815,0.008688663029921344,31.496473755201944,76.4,11.53930481249003
Node_2,Smart Light,106,0.031801856901272886,0.012306866648767434,30.574361347668045,76.7,11.98193084050591
Node_2,Smart Light,107,0.03506198302926968,0.01004848946893747,27.774261720183926,82.5,12.22247474486607
Node_2,Smart Light,108,0.03501607693012403,0.01047157612391059,26.86362695738703,82.7,12.684636376341262
Node_2,Smart Light,109,0.034843300586000936,0.010421815798886215,29.036189039593648,79.2,8.816650913659524
Node_2,Smart Light,110,0.028965028533792746,0.012885726811779177,36.03812308666177,80.3,12.111060142604272
Node_2,Smart Light,111,0.031808556450537394,0.011489186321268397,29.60659114480352,84.3,12.93616807421906
Node_2,Smart Light,112,0.03378031638617216,0.010658646379442731,30.347359094408127,82.8,9.863513009515874
Node_2,Smart Light,113,0.02306121643061232,0.008725758532584893,41.78088649950949,78.0,11.527744310527055
Node_2,Smart Light,114,0.026944250083810316,0.009344402172968507,37.61961677246309,83.5,12.877629181387906
Node_2,Smart Light,115,0.03430592317825827,0.011803171874044012,30.539183626122057,83.6,13.793718377097115
Node_2,Smart Light,116,0.031021658499714277,0.011522160862093754,32.293066987806796,78.1,14.510149704411889
Node_2,Smart Light,117,0.026769800008454324,0.011122968403566379,39.83545150474287,84.0,8.393118874676114
Node_2,Smart Light,118,0.03270065162937286,0.010691028773219804,29.51279414697965,81.0,11.55662388223981
Node_2,Smart Light,119,0.030542136290910803,0.011835787793742645,32.93320761950343,77.3,11.065963833103538
Node_3,Smart Plug,1,0.8869779161305426,0.47070323066095143,1.160642313280223,81.5,10.92652226872251
Node_3,Smart Plug,2,0.718707840746086,0.6118443263443308,1.2545193346062986,82.8,11.183320914051723
Node_3,Smart Plug,3,0.7000687120587067,0.5839663354536656,1.2944539492313347,77.3,11.48960883194511
Node_3,Smart Plug,4,0.8595988124501683,0.4690560406009742,1.210600975088431,72.7,7.409453421137082
Node_3,Smart Plug,5,0.6800479481919425,0.5774095003556656,1.5286133272516482,80.8,14.627219679609503
Node_3,Smart Plug,6,0.5678725501883299,0.5836793233449732,1.9076462453516758,81.0,10.666666666666666
Node_3,Smart Plug,7,0.8787571483400605,0.46012369120917423,1.188081511124737,78.6,13.074147518417151
Node_3,Smart Plug,8,0.8667072911568795,0.5862883499504774,1.226393194674335,78.4,11.78699848703364
Node_3,Smart Plug,9,0.5631809536033934,0.5799157300487381,1.8801102899515256,78.9,12.133058604948346
Node_3,Smart Plug,10,0.8315803250317287,0.5705803402046967,1.2432307693244804,81.7,14.914944034610238
Node_3,Smart Plug,11,0.9907641419467026,0.3769376173241222,1.0503387221261953,76.0,14.636332266733433
Node_3,Smart Plug,12,0.8670508376572499,0.6054172741026139,1.2442007878555068,81.9,12.114729327007957
Node_3,Smart Plug,13,1.0028231221781225,0.3955982895220629,0.979290454900528,76.9,8.736259051918175
Node_3,Smart Plug,14,0.7053239289824574,0.6083864739482712,1.2787735189898881,76.8,7.450577904505872
Node_3,Smart Plug,15,0.7691808192190279,0.5194163930828443,1.355598327445684,77.2,12.550343067466764
Node_3,Smart Plug,16,0.6015931805849235,0.5214067499869259,1.5007996540021156,81.2,14.257941257028971
Node_3,Smart Plug,17,0.8801314184027461,0.46126318008430056,1.0267970204050996,84.6,10.606077922063786
Node_3,Smart Plug,18,0.7670790503232098,0.5317679891634978,1.371640030911494,71.8,10.261037417770627
Node_3,Smart Plug,19,0.655102329719341,0.5620360278626063,1.7598558525490564,82.8,11.56431292093626
Node_3,Smart Plug,20,1.065782494321087,0.3981668240285236,0.9440646106844249,81.1,13.811830677599065
Node_3,Smart Plug,21,0.56178730955059,0.5804173502897074,1.6156897814880504,72.0,11.41149517908246
Node_3,Smart Plug,22,0.9277420776321919,0.5156884883936858,1.1269029053882296,82.6,11.777568132306055
Node_3,Smart Plug,23,0.6439775237062605,0.535361409232433,1.4029419661393001,77.5,11.796892246124258
Node_3,Smart Plug,24,0.7425540433399391,0.6408950893067867,1.4598550677306712,81.8,13.546627296530717
Node_3,Smart Plug,25,1.006921710881136,0.3947133363678827,0.8965778137744884,76.7,8.380532998165053
Node_3,Smart Plug,26,0.8058315914517067,0.5578335333595578,1.122518170453083,81.4,14.276632033579288
Node_3,Smart Plug,27,0.869616449907852,0.47519016935473213,1.1491565763640799,84.8,10.901579905887239
Node_3,Smart Plug,28,0.44869590483922367,0.5614621829972622,2.460272428475692,75.2,7.450577904505872
Node_3,Smart Plug,29,0.6939570113567044,0.6087924014428906,1.5082455722055823,83.1,13.510900948657882
Node_3,Smart Plug,30,0.4881765350624875,0.4962765108488624,2.210133585119037,76.1,10.50343859039611
Node_3,Smart Plug,31,0.836637743520481,0.44219279230261854,1.1915759380794353,81.2,11.429007928172165
Node_3,Smart Plug,32,0.9229027427353571,0.5006862241293901,1.1452383105759911,78.6,14.65302395791091
Node_3,Smart Plug,33,0.8674285182244802,0.4813196348020475,1.1579020016408712,86.2,8.080154013933699
Node_3,Smart Plug,34,1.0252230344375846,0.42372413448799945,1.0032850400355362,81.0,12.337837015547832
Node_3,Smart Plug,35,1.0292022833056875,0.38646020709245416,0.9705602557570071,77.4,9.582391258043174
Node_3,Smart Plug,36,0.7820815809686223,0.5438108432590372,1.3423565249872087,82.2,10.685400216078843
Node_3,Smart Plug,37,0.7519463102909697,0.5303579020078927,1.455914690543561,84.0,11.382247385975914
Node_3,Smart Plug,38,0.7369220005414092,0.6275318755749019,1.2266048396500355,74.5,12.149531312405063
Node_3,Smart Plug,39,0.812624202198873,0.5569746438420754,1.1112278492440928,85.3,10.853058964590993
Node_3,Smart Plug,40,0.7571495604859706,0.5523277671319711,1.1940901493996563,79.7,9.821178929006209
Node_3,Smart Plug,41,1.0187214360153007,0.5417785008294317,1.0093665526292082,85.4,9.85675177508065
Node_3,Smart Plug,42,0.6893511727347686,0.5881358756854178,1.5853786040219817,86.1,11.770490407984047
Node_3,Smart Plug,43,0.8603699350055365,0.4876192446691884,1.227831293187836,76.9,11.298475806742942
Node_3,Smart Plug,44,0.6810635131793618,0.5833967189555808,1.5342571582085294,81.8,9.840957496323437
Node_3,Smart Plug,45,1.0588112291757057,0.412486034012214,0.9511604939303377,78.7,11.096045341572024
Node_3,Smart Plug,46,1.1360527118835306,0.41530883093705984,0.8997483693995915,80.0,6.944222218666553
Node_3,Smart Plug,47,1.0340722054040157,0.4227570923269836,0.9481672060464583,76.1,13.02518927139086
Node_3,Smart Plug,48,0.8717604624013177,0.4699262579256077,1.0382841007316057,78.7,9.809858986414296
Node_3,Smart Plug,49,0.7925101701283154,0.541450635150965,1.1371571496036983,82.6,7.705697747626608
Node_3,Smart Plug,50,0.7451422915267528,0.627911181293558,1.2125847544615187,81.6,11.871534582072082
Node_3,Smart Plug,51,0.46610820617959803,0.5735185640875263,1.9505143748596772,75.6,12.158216243438927
Node_3,Smart Plug,52,0.7919271374651544,0.5568344483573456,1.3812448761741836,87.2,9.162726425881958
Node_3,Smart Plug,53,0.8308868247601027,0.5731167834303589,1.089353712133286,79.3,10.488618169764361
Node_3,Smart Plug,54,0.8552576512753489,0.6026445633650946,1.0540591545825593,81.9,12.931013537658643
Node_3,Smart Plug,55,0.8563755880484394,0.599909579097661,1.245702409030348,73.5,10.233387622005834
Node_3,Smart Plug,56,1.0573150012136068,0.5501712639492368,0.9868286439613136,84.4,13.268174118711451
Node_3,Smart Plug,57,0.7347411030985654,0.6287832603471479,1.49729105903885,76.2,13.104706533659321
Node_3,Smart Plug,58,0.6470374510651595,0.5615895563048842,1.4001047733580259,83.4,11.739770961233537
Node_3,Smart Plug,59,0.9118033453694409,0.5157345673398748,1.1612950077876538,80.8,14.10122138130043
Node_3,Smart Plug,60,0.7718134435842501,0.6618398527024396,1.4291853347996426,79.6,8.48789988421426
Node_3,Smart Plug,61,0.6078708502175459,0.6208314573338156,1.4849133441619828,81.8,11.419281938896159
Node_3,Smart Plug,62,0.6954271196782031,0.5946349203629288,1.4788946201616728,80.6,11.720826667849746
Node_3,Smart Plug,63,0.9711941041594117,0.417662395161023,1.023543059488527,83.1,11.159948227677601
Node_3,Smart Plug,64,0.6368539789973113,0.5463044134140687,1.6666105743528232,86.3,7.789594198530356
Node_3,Smart Plug,65,0.8343504268273364,0.5796775245586628,1.0849045782234759,77.1,11.85514421862697
Node_3,Smart Plug,66,0.6451409776376863,0.5504223908459817,1.400276658346904,80.9,12.16963434126104
Node_3,Smart Plug,67,0.7622526228387642,0.5219879394005995,1.3936106307814993,80.5,9.629237883769527
Node_3,Smart Plug,68,0.8736146494560444,0.6075378547102612,1.2166565672099172,71.6,8.113089560840693
Node_3,Smart Plug,69,0.9120978025684394,0.5124102774374306,1.094995840348961,82.4,10.373041983911952
Node_3,Smart Plug,70,0.9483494121358149,0.5317578301487266,1.0553479060367228,81.6,12.633289357883005
Node_3,Smart Plug,71,0.9812191498780181,0.5603686303072185,1.0800511044490615,77.8,10.042133460796288
Node_3,Smart Plug,72,0.7404125081702319,0.5109543851809085,1.3666726398958022,82.1,13.076271979768887
Node_3,Smart Plug,73,1.104796168571852,0.4178465767672,0.9342748442485788,72.3,10.371435130523965
Node_3,Smart Plug,74,0.8303717890282201,0.5751154579009491,1.3107751254152067,79.3,11.086027241532468
Node_3,Smart Plug,75,0.6104247836356194,0.6347564118373854,1.7292407479243823,73.5,12.048513047951879
Node_3,Smart Plug,76,0.6603164164978239,0.5641677972513257,1.6187986160007872,74.5,10.426994879744703
Node_3,Smart Plug,77,0.7956843829241962,0.5653152231853013,1.2729280782227281,76.7,12.311241475442948
Node_3,Smart Plug,78,0.7618639859016867,0.636644080944944,1.1853623729570468,78.1,10.289692793168209
Node_3,Smart Plug,79,0.6204300799812813,0.5149423863961778,1.6948913363807216,81.8,12.620970203945848
Node_3,Smart Plug,80,1.0340785240212995,0.19467200507680205,0.945598322413799,85.4,10.647900158142814
Node_3,Smart Plug,81,0.6258058615039317,0.6317596371376052,1.4487143297498666,78.1,10.67135313715078
Node_3,Smart Plug,82,0.9888229011267867,0.364766044660558,1.0165985940214457,76.1,11.62803126548562
Node_3,Smart Plug,83,0.8096627528879481,0.5450451668727926,1.2868926768486701,83.3,12.018966492821068
Node_3,Smart Plug,84,0.7498754053955168,0.518843407701563,1.3898118209143204,78.5,13.468069233891281
Node_3,Smart Plug,85,0.9441326685949207,0.5184633469308721,1.0486362127694913,82.0,12.884098726725126
Node_3,Smart Plug,86,0.9551412523493127,0.5079308562999445,0.9439496982324342,90.2,9.507891459203769
Node_3,Smart Plug,87,1.0081429868505438,0.5399489935154554,1.0329565167733568,86.3,14.150382798120104
Node_3,Smart Plug,88,0.9612574047021667,0.5108616137836027,1.0812581715914695,79.0,12.832251036613439
Node_3,Smart Plug,89,0.7457739297265448,0.646127160538732,1.48050635280175,85.0,10.295630140987
Node_3,Smart Plug,90,0.5726327414498315,0.5854622737170095,1.8582107675539443,82.4,11.539304812490029
Node_3,Smart Plug,91,0.9740281388745189,0.5439780066480342,1.0682481785042173,76.2,10.293471501663351
Node_3,Smart Plug,92,0.9279903613910392,0.6427555612717069,0.9710689296280876,80.2,12.847827313077751
Node_3,Smart Plug,93,0.8316180474513771,0.4409916044927204,1.085394017106745,83.6,11.834037537731762
Node_3,Smart Plug,94,0.7410564110536256,0.6369983488242572,1.4938552593004717,80.8,10.141224997230092
Node_3,Smart Plug,95,0.8933770678273276,0.4800008588489048,1.0124102548361138,80.1,7.880355321938219
Node_3,Smart Plug,96,0.4561334414041198,0.5757836794248605,1.989440512808311,75.7,11.185804495977132
Node_3,Smart Plug,97,0.6917377105799233,0.5856792508306151,1.3043310436153615,81.2,13.155480480266265
Node_3,Smart Plug,98,0.5739840331026926,0.5907516660132556,1.920069559619166,81.7,11.557104597028907
Node_3,Smart Plug,99,0.7432368775742703,0.6230556184456326,1.2162833489308131,85.2,8.024961059095551
Node_3,Smart Plug,100,0.7673210384028721,0.6574855390574866,1.4095646185645434,83.1,11.62803126548562
Node_3,Smart Plug,101,0.33594352515274295,0.49824704089918076,2.70043540979372,79.5,13.159280628767922
Node_3,Smart Plug,102,0.6976303655045057,0.6099424934489391,1.5368042311302448,84.1,8.974655672751153
Node_3,Smart Plug,103,0.7215587621682857,0.4920073206993532,1.4160018457448666,77.8,11.399805066559496
Node_3,Smart Plug,104,0.8960848112165991,0.507273995780328,1.1083223488456255,80.5,8.972179222463181
Node_3,Smart Plug,105,0.7889702650178038,0.5418523905440147,1.3673377941679754,77.4,14.0491201780673
Node_3,Smart Plug,106,1.1476490777983144,0.19080546922905722,0.9014250879131248,79.1,9.338688939626971
Node_3,Smart Plug,107,0.9679236005949292,0.3892287450762324,1.0461602794381695,80.3,11.59549721036384
Node_3,Smart Plug,108,0.8325440907146685,0.5677062992044605,1.2306583496296626,83.1,7.44535649471087
Node_3,Smart Plug,109,0.8785306810411158,0.6157133730272494,1.1967838123755423,77.8,10.622826575090288
Node_3,Smart Plug,110,0.5481495993694011,0.5750763257905559,1.9956559857143488,74.7,9.661492868312042
Node_3,Smart Plug,111,0.8512898833876761,0.5851077232757831,1.2122970783884515,74.4,6.4152595859836845
Node_3,Smart Plug,112,0.744117729813297,0.6152298838616114,1.217456567939351,76.9,9.538809615926343
Node_3,Smart Plug,113,0.9133031323871592,0.6079353529292228,0.9889270757653319,77.8,12.821856339859684
Node_3,Smart Plug,114,0.9575267216806083,0.3857533426402877,1.0319916215442286,79.6,11.95547294477861
Node_3,Smart Plug,115,0.8217547552622364,0.5607537322265792,1.3000764253594426,76.2,7.509993342207435
Node_3,Smart Plug,116,0.6339779387669637,0.5292279543583509,1.767789813432237,81.7,12.517099415510678
Node_3,Smart Plug,117,0.6823912214425946,0.6016401650392574,1.3245591478846037,81.9,11.770490407984045
Node_3,Smart Plug,118,0.7683702905550035,0.5476660534512117,1.1769936461731194,76.5,9.74394398816231
Node_3,Smart Plug,119,0.8971374515619572,0.5245080406218876,1.1450181379742754,81.6,9.106774035482232
Node_3,Smart Plug,120,0.8661971945971573,0.6091374159282472,1.2544208461676805,71.8,11.083521301664216
Node_3,Smart Plug,121,0.6080758133613813,0.6293539210899058,1.4882599413433941,86.6,12.321616055624451
Node_3,Smart Plug,122,0.7983071745967436,0.5668076929045918,1.1296180967768792,84.4,13.61535081361394
Node_3,Smart Plug,123,0.9436624699485605,0.4963941733972746,1.0859580100775441,77.8,9.930872178324632
Node_3,Smart Plug,124,0.8666610949898427,0.48467289103696404,1.193740778156508,81.9,11.159948227677601
Node_3,Smart Plug,125,0.8991821106646967,0.4838480319489928,1.1915553147364522,81.5,9.812124019690017
Node_3,Smart Plug,126,0.8922275914622559,0.5955829245071658,1.14504023695113,75.3,10.198583779677996
Node_3,Smart Plug,127,0.8869801739639456,0.3468158387879936,1.0184427374644498,70.7,11.614645926587688
Node_3,Smart Plug,128,0.7788771720625391,0.6519764443594961,1.1595721069998135,82.9,11.770490407984047
Node_3,Smart Plug,129,0.8320596672077272,0.5810385500604368,1.087666120467089,78.9,11.994906326344434
Node_3,Smart Plug,130,0.7843087026891908,0.5513554925730257,1.153061540063864,74.8,12.16369826802505
Node_3,Smart Plug,131,1.0726709650940847,0.4359193918675451,0.9207124440322877,76.2,13.563021623353535
Node_3,Smart Plug,132,0.5076971758950322,0.517716411744916,1.7785542396660337,81.2,10.860734577161692
Node_3,Smart Plug,133,1.32525765834896,0.17640535599260684,0.7297757722992526,82.3,10.143963722332607
Node_3,Smart Plug,134,0.7152800838884332,0.5991759718310796,1.2626581667556134,78.2,11.735984548955974
Node_3,Smart Plug,135,0.6039871825455748,0.49983299479408705,1.8254766432470755,72.2,11.820885471627468
Node_3,Smart Plug,136,0.8391021694850679,0.5927495308547471,1.2435547753155376,82.0,11.813363431112899
Node_3,Smart Plug,137,0.9163082150627361,0.47240192753558885,1.1108531844090532,79.7,10.339245620450265
Node_3,Smart Plug,138,1.1552001513798131,0.4206839621148963,0.8758906734789438,76.6,9.697651491183029
Node_3,Smart Plug,139,0.8230410527665981,0.4387846322022045,1.098839203694667,82.4,13.914021704740868
Node_3,Smart Plug,140,0.8174615934212625,0.5716264268798638,1.2399550481408745,83.4,13.226236552146393
Node_3,Smart Plug,141,0.8371662152799673,0.43604245709015393,1.231736569034576,79.1,11.347540115226149
Node_3,Smart Plug,142,0.929984271630292,0.5206404574278493,1.114536093614876,81.8,11.093541664710449
Node_3,Smart Plug,143,0.6033757238414637,0.6122531336519782,1.5015949096270744,84.4,10.002221975363495
Node_3,Smart Plug,144,0.8974490918311858,0.6278620687867065,1.1880886649936122,79.9,11.059937713306628
Node_3,Smart Plug,145,0.7646019996801897,0.5175362243072537,1.1844747888043825,88.7,8.819800955174038
Node_3,Smart Plug,146,0.9487102778162807,0.5140015069993834,0.9516153710580906,81.6,11.256603000510905
Node_3,Smart Plug,147,0.8503661578261926,0.6025050992542194,1.0607033303981415,80.3,11.576316819745006
Node_3,Smart Plug,148,0.7121926705420265,0.5967758541040148,1.54171090885182,82.6,11.226951698677805
Node_3,Smart Plug,149,0.9173152639193176,0.6204482809939376,0.9856923554713539,72.6,12.928865207571604
Node_3,Smart Plug,150,0.8102568400794781,0.5638845273272715,1.284533896011794,80.5,14.292577716345564
Node_3,Smart Plug,151,0.7104949132982938,0.5073696101446464,1.2712442858013955,83.6,12.011105971835677
Node_3,Smart Plug,152,1.00209228893807,0.3713790374112149,1.0013951943709765,80.5,11.993053545004013
Node_3,Smart Plug,153,0.7839991959344615,0.5387194586853453,1.342043963877334,83.3,13.581441586059837
Node_3,Smart Plug,154,1.1596660249756952,0.44274963284895896,0.7769684952055403,81.3,10.414199707877488
Node_3,Smart Plug,155,0.5945383779958092,0.6100944921374435,1.8845382025232513,83.0,9.649409884086753
Node_3,Smart Plug,156,0.663159472025518,0.5717663683736216,1.713115721826725,74.1,10.170217958988555
Node_3,Smart Plug,157,1.0069921104112383,0.3733787359292749,1.0365832240023356,77.4,12.545030003064072
Node_5,Camera-like Traffic Generator,1,0.14307949848427862,0.030909497017713873,6.9124576779562545,3088.2,339.9819603057394
Node_5,Camera-like Traffic Generator,2,0.1446698599722361,0.028980515625897454,7.082863465197167,2884.6,304.8165933074438
Node_5,Camera-like Traffic Generator,3,0.15782518178393964,0.02595516754530458,6.321643934727745,2953.1,211.74589068556259
Node_5,Camera-like Traffic Generator,4,0.1561849520062924,0.0359247736347802,6.169627522860411,2938.8,255.0293229327866
Node_5,Camera-like Traffic Generator,5,0.14111089294139853,0.02973792387992896,7.397773379032935,3044.4,306.6199964487349
Node_5,Camera-like Traffic Generator,6,0.14796704524272286,0.03719537395454074,6.761894310785466,2988.3,281.63492917841944
Node_5,Camera-like Traffic Generator,7,0.15606314663497098,0.026446046752548684,6.222486925266127,3032.8,369.875294299759
Node_5,Camera-like Traffic Generator,8,0.15287810046570235,0.024144436572284787,6.656731033067584,2977.9,286.62497758879596
Node_5,Camera-like Traffic Generator,9,0.15840183359874443,0.031110845600724208,6.259171695611612,3003.4,328.17888076135824
Node_5,Camera-like Traffic Generator,10,0.14761243056420065,0.02937616997142419,6.964841855480446,3177.1,272.6917062667412
Node_5,Camera-like Traffic Generator,11,0.14737643968132658,0.031770729076551846,6.871290732281442,2956.7,296.670805214579
Node_5,Camera-like Traffic Generator,12,0.14111420870473984,0.027898801624245764,6.961969199300188,2840.9,224.2124240783974
Node_5,Camera-like Traffic Generator,13,0.14398007767639348,0.022689544379651864,6.906783099069631,2975.5,304.0022843481425
Node_5,Camera-like Traffic Generator,14,0.13402199589943892,0.024562183043343202,7.2621175226088255,3155.2,297.51332369791066
Node_5,Camera-like Traffic Generator,15,0.15326031494491482,0.023975605885472005,6.501815854907958,3022.2,275.76390868518916
Node_5,Camera-like Traffic Generator,16,0.1548242266116066,0.03105177256845697,6.356487372447873,2929.8,359.4309700376725
Node_5,Camera-like Traffic Generator,17,0.12999024415449192,0.025248302696838146,7.568518167811635,2931.2,333.88015148486375
Node_5,Camera-like Traffic Generator,18,0.1658999595353805,0.02433836728332622,6.074673826185082,3099.4,235.01546048434062
Node_5,Camera-like Traffic Generator,19,0.1299560705312249,0.026763624154184675,7.583152637326426,3008.1,207.29712974375695
Node_5,Camera-like Traffic Generator,20,0.16349763039968507,0.026731011363605336,6.109515872608266,2984.2,364.35446721260024
Node_5,Camera-like Traffic Generator,21,0.1592080649068194,0.021046927581974594,6.268740795883395,2992.4,334.9209525312569
Node_5,Camera-like Traffic Generator,22,0.1293121744812808,0.027365580298997185,7.690032027020088,3064.4,237.55850741332006
Node_5,Camera-like Traffic Generator,23,0.13873488210180654,0.027473757233330977,7.1825535354972825,2984.5,361.36323676999694
Node_5,Camera-like Traffic Generator,24,0.17166188139143584,0.0239837561925906,5.9335054472789075,2915.3,283.61713237704413
Node_5,Camera-like Traffic Generator,25,0.14973414045673508,0.03207102917552749,6.700419473318133,3013.6,300.24441895081264
Node_5,Camera-like Traffic Generator,26,0.1372601846644983,0.02531934135508401,7.083976470705721,3058.4,348.0310330990614
Node_5,Camera-like Traffic Generator,27,0.16292733004541446,0.03122361762804707,6.257526848016159,3199.2,268.79021146198346
Node_5,Camera-like Traffic Generator,28,0.1439142633420296,0.020220904180827382,7.00026020134436,3133.2,351.2836144453336
Node_5,Camera-like Traffic Generator,29,0.15009598213432368,0.028238494085497307,6.541132670624609,2890.1,323.43896899827433
Node_5,Camera-like Traffic Generator,30,0.14931847496018022,0.03188731727542043,6.934516630185913,3024.4,254.43409974119254
Node_5,Camera-like Traffic Generator,31,0.14882291695874272,0.030968481196982034,6.972955348263437,2812.4,325.3935053644023
Node_5,Camera-like Traffic Generator,32,0.1576407079742772,0.0331732594105983,6.248358134850003,2941.2,278.46475939016455
Node_5,Camera-like Traffic Generator,33,0.16081209932666524,0.021676821019682685,6.207528569326584,3199.0,286.59921687107084
Node_5,Camera-like Traffic Generator,34,0.15116423883449598,0.028907561410607546,6.4648669053135,3026.9,329.18500370865416
Node_5,Camera-like Traffic Generator,35,0.14700933115750842,0.030047308777624057,6.680934265852958,3088.9,284.8240977632803
Node_5,Camera-like Traffic Generator,36,0.14310534694967386,0.029225590731385285,6.847353748984585,2883.4,245.75968388289854
Node_5,Camera-like Traffic Generator,37,0.17317783339467213,0.013416828980008285,5.809049661377853,2992.5,316.06442732807216
Node_5,Camera-like Traffic Generator,38,0.15059423632548885,0.024522253647951086,6.404946377889241,2957.1,302.74171242900184
Node_5,Camera-like Traffic Generator,39,0.14870311779673315,0.03204393881991245,6.508355804812194,2873.0,270.41079860094345
Node_5,Camera-like Traffic Generator,40,0.14863755010448756,0.03141271012161486,6.537002083408766,2971.3,255.53779890001925
Node_5,Camera-like Traffic Generator,41,0.1510539530845783,0.037562774315210316,6.825311353238226,2940.9,263.5638021007016
Node_5,Camera-like Traffic Generator,42,0.14789317435129873,0.024256904556822074,6.9783427533985884,3001.1,327.18205941035336
Node_5,Camera-like Traffic Generator,43,0.14284580734132746,0.029054434050190474,6.842655297618089,3102.3,220.12271829847802
Node_5,Camera-like Traffic Generator,44,0.1616130824512055,0.025411327214063733,6.299755304608574,2985.4,233.90320885167677
Node_5,Camera-like Traffic Generator,45,0.13436565775811005,0.025258925604192246,7.312015449521289,3134.0,235.2407749991957
Node_5,Camera-like Traffic Generator,46,0.1343698605893934,0.026150778134419326,7.36615821667814,3126.2,289.24376493808046
Node_5,Camera-like Traffic Generator,47,0.14141952382581024,0.03002751354510651,6.8815296339081184,3012.3,289.60166129050816
Node_5,Camera-like Traffic Generator,48,0.15542451748299158,0.03099343184071483,6.206825245811281,2937.5,324.04775025363847
Node_5,Camera-like Traffic Generator,49,0.16172456797193888,0.027068094459896587,6.314246478959522,2886.6,223.1418084238511
Node_5,Camera-like Traffic Generator,50,0.13836147397978493,0.028368854562097093,7.41762239815554,3148.7,212.7732491540127
Node_5,Camera-like Traffic Generator,51,0.1462558725994086,0.02343300515602352,6.707455227995474,3077.3,351.3738275208708
Node_5,Camera-like Traffic Generator,52,0.1452423184154668,0.03302058953548399,6.943468102136253,2957.6,266.30525509063636
Node_5,Camera-like Traffic Generator,53,0.14918829023638835,0.030638549346520435,6.905374628524993,3075.4,313.5971230026761
Node_5,Camera-like Traffic Generator,54,0.15149869129628257,0.03259001953926388,6.819280256255871,2977.2,325.38995408927764
Node_5,Camera-like Traffic Generator,55,0.1470134632474142,0.03086598573648916,6.796170081262601,3002.9,278.07411082499414
Node_5,Camera-like Traffic Generator,56,0.15155088727752286,0.02619040582628491,6.63596936022052,2909.3,317.8025417701306
Node_5,Camera-like Traffic Generator,57,0.1602004095615115,0.0334928370675338,6.3872850031139,2871.2,211.1559718417749
Node_5,Camera-like Traffic Generator,58,0.14040077182224878,0.029668162043047352,6.943438545488014,3001.2,256.996670968495
Node_5,Camera-like Traffic Generator,59,0.16182940455734496,0.025369342057148296,6.178786795403536,2968.8,345.4236690082356
Node_5,Camera-like Traffic Generator,60,0.15411435191307846,0.027573711964603922,6.70855921235879,2926.7,266.5800067521943
Node_5,Camera-like Traffic Generator,61,0.15498886043679647,0.027236765714727218,6.594400375912707,3127.7,324.7967056483178
Node_5,Camera-like Traffic Generator,62,0.14390136512446788,0.03300637637270997,6.728486354562116,2912.9,263.58572293152247
Node_5,Camera-like Traffic Generator,63,0.13255534824176748,0.031137371375822457,7.634052339950039,3132.8,331.07662758541767
Node_5,Camera-like Traffic Generator,64,0.154941526059784,0.026165399379999087,6.6032913585805595,2918.0,241.78319029889383
Node_5,Camera-like Traffic Generator,65,0.14643244633717387,0.021565306009945526,7.023707987736176,3116.0,314.1319609477662
Node_5,Camera-like Traffic Generator,66,0.1359817137079901,0.015292387042160337,7.294936031345019,3122.3,281.0097072265575
Node_5,Camera-like Traffic Generator,67,0.1510672213514738,0.028727891214010058,6.45439986590035,3052.1,269.1717543378824
Node_5,Camera-like Traffic Generator,68,0.14277094563018267,0.030989391662880852,7.00323686972709,2956.9,236.79078904758475
Node_5,Camera-like Traffic Generator,69,0.13699210650799926,0.02296363431828861,7.315160058009864,2907.2,267.12826715102824
Node_5,Camera-like Traffic Generator,70,0.15743351202919625,0.027716546523866296,6.264329818167766,2965.8,288.59883729649516
Node_5,Camera-like Traffic Generator,71,0.1368604747900207,0.01967827040902054,7.228398993488132,2805.2,277.3817265470496
Node_5,Camera-like Traffic Generator,72,0.14044388755255993,0.02886266463966407,6.99579509215517,2962.4,235.96807693697326
Node_5,Camera-like Traffic Generator,73,0.15959542633262913,0.03222897330281551,6.330236796084334,3028.0,347.24695023058797
Node_5,Camera-like Traffic Generator,74,0.14323346934766193,0.020370687591978597,7.081692219170894,2909.3,321.72453710865415
Node_5,Camera-like Traffic Generator,75,0.14165024898862838,0.030580500651376033,6.894786227252705,3090.0,271.39188557426615
Node_5,Camera-like Traffic Generator,76,0.15821543401343802,0.030005216553476533,6.0879687038972214,3008.9,283.3221370336835
Node_5,Camera-like Traffic Generator,77,0.15818293307104625,0.025609105592409098,6.5107110715472745,2814.3,302.4702189197034
Node_5,Camera-like Traffic Generator,78,0.14802985653489173,0.01769801797956997,6.846307243887908,2992.7,213.18382782107193
Node_5,Camera-like Traffic Generator,79,0.15827083333734748,0.028190033903973146,6.4265265853063696,2910.7,211.90147081446446
Node_5,Camera-like Traffic Generator,80,0.14068860391024457,0.023018565521495928,6.969742084311704,3103.8,290.0206122942912
Node_5,Camera-like Traffic Generator,81,0.16550343568603978,0.02361432300003399,6.087881026553549,3020.2,232.92096895251353
Node_5,Camera-like Traffic Generator,82,0.1496519656801837,0.03483055387691461,6.901498464393693,2904.2,239.41911183343555
Node_5,Camera-like Traffic Generator,83,0.1518951927713445,0.02281493704584403,6.5308520316941525,2950.1,328.76957482913974
Node_5,Camera-like Traffic Generator,84,0.1510205200541037,0.031192189650030976,6.442652329247503,2969.6,298.7917148933164
Node_5,Camera-like Traffic Generator,85,0.15614480958376475,0.03336511904284398,6.334399605967837,3148.0,190.40074696398764
Node_5,Camera-like Traffic Generator,86,0.14799891003223847,0.02724194385470728,6.991648265306622,3112.8,203.92634836027335
Node_5,Camera-like Traffic Generator,87,0.14855604054339439,0.027177083069006194,6.8686027839691475,2948.4,252.64036802450147
Node_5,Camera-like Traffic Generator,88,0.16026287066898703,0.028172147394198536,6.2704624554479045,2953.0,310.05770072323276
Node_5,Camera-like Traffic Generator,89,0.1536069837074649,0.02759264367178949,6.534256993520156,2888.2,200.10208505771357
Node_5,Camera-like Traffic Generator,90,0.1609332187516827,0.02831155335738156,6.196676785633771,3053.8,327.73763219312417
Node_5,Camera-like Traffic Generator,91,0.1492894431146908,0.032750183387936664,6.713414150823399,3044.0,320.6566179991716
Node_5,Camera-like Traffic Generator,92,0.1348138895792573,0.03272761409458151,7.679371913500299,3078.0,179.96851576502672
Node_5,Camera-like Traffic Generator,93,0.13699241201553605,0.019035961271145135,7.431688133447333,3138.2,159.7447964723734
Node_5,Camera-like Traffic Generator,94,0.14773663160189301,0.03114436575345405,6.621794016458306,2911.3,272.8092740359096
Node_5,Camera-like Traffic Generator,95,0.14152406026441042,0.02369388868553235,7.2186763288115685,3055.5,266.51881317794016
Node_5,Camera-like Traffic Generator,96,0.14620383896429417,0.027582876082757873,6.792661600422498,2942.2,288.5572540916081
Node_5,Camera-like Traffic Generator,97,0.15782683482186713,0.025843221113190668,6.451551973407027,3082.7,349.5117387950733
Node_5,Camera-like Traffic Generator,98,0.15259868365658918,0.031223205601715372,6.640410136727097,3054.3,293.3750159778436
Node_5,Camera-like Traffic Generator,99,0.15872646326456277,0.024046652491392633,6.2351114507538385,3034.4,258.03109201110715
Node_5,Camera-like Traffic Generator,100,0.16512887683700797,0.03011650142297138,5.877012732346597,3077.8,331.82686248504154
Node_5,Camera-like Traffic Generator,101,0.14072029065351616,0.032114009138124074,7.037087129931627,2977.5,302.3710928276342
Node_5,Camera-like Traffic Generator,102,0.15046280873340265,0.028234554853427307,6.477581011132123,2993.2,281.12899372194096
Node_5,Camera-like Traffic Generator,103,0.15263968016560908,0.037551732578878984,6.612612081802472,2978.3,306.3219257941263
Node_5,Camera-like Traffic Generator,104,0.1631792781239227,0.037290563256051276,5.953866904811458,2888.3,345.20720025965727
Node_5,Camera-like Traffic Generator,105,0.14335604724542464,0.0298665611946767,6.812527725815342,3031.3,321.7393872893609
Node_5,Camera-like Traffic Generator,106,0.16240716065473465,0.03297589886476525,6.072586798687815,2951.5,358.460985014796
Node_5,Camera-like Traffic Generator,107,0.13434286283322194,0.033426114872516545,7.2434535729699645,3083.6,154.1314013719751
Node_5,Camera-like Traffic Generator,108,0.13755548563842127,0.03164323201259472,7.072375622740096,2842.0,238.0700177118768
Node_5,Camera-like Traffic Generator,109,0.15487855915125692,0.021043167079402285,6.397510129295444,3038.8,391.76744802667474
Node_5,Camera-like Traffic Generator,110,0.15522751232954873,0.02620626187064009,6.450913845922771,2971.6,228.45772767261195
Node_5,Camera-like Traffic Generator,111,0.16111912883637558,0.031084047511841323,6.332506958406538,2982.7,317.78820689957087
Node_5,Camera-like Traffic Generator,112,0.1553187103466911,0.0244755315941816,6.587448840169696,3144.9,324.4422393380163
Node_5,Camera-like Traffic Generator,113,0.1563818137107745,0.03420013885837952,6.260731055998968,3037.5,349.90895641263285
Node_5,Camera-like Traffic Generator,114,0.14855898208223267,0.02817914942127217,6.7441021532660566,3089.9,252.19500832138257
Node_5,Camera-like Traffic Generator,115,0.15210108506077802,0.029185478710198037,6.435995343838652,2980.2,271.2558447911
Node_5,Camera-like Traffic Generator,116,0.16039599912992059,0.030751773393889566,6.068433680779093,2849.9,293.58756028748144
Node_5,Camera-like Traffic Generator,117,0.1436132378932058,0.01724626791994833,6.944506999992646,3070.1,257.12316547176806
Node_5,Camera-like Traffic Generator,118,0.1566856878087492,0.027252484187914244,6.468157233073998,3074.4,342.9817617438118
Node_5,Camera-like Traffic Generator,119,0.16073390137780166,0.023386353077010775,6.3275899963615885,2907.4,291.14952248706237
Node_5,Camera-like Traffic Generator,120,0.15880680350332171,0.03375125557617517,6.229704437467941,2976.0,270.36518513546326
Node_5,Camera-like Traffic Generator,121,0.14843058058608846,0.024310069559033358,6.797966990849138,3012.7,302.1467818424975
Node_5,Camera-like Traffic Generator,122,0.16779428719349027,0.025620361627703737,5.713903285880879,2994.3,241.78872779533972
Node_5,Camera-like Traffic Generator,123,0.147326749658572,0.032099664793065155,6.636866178399152,3005.4,221.44535317871188
Node_5,Camera-like Traffic Generator,124,0.13296583782370988,0.02253845201169846,7.540770074990846,2950.2,313.92207100913856
Node_5,Camera-like Traffic Generator,125,0.151514041649844,0.03226086194392827,6.522871409475284,3036.7,342.27118877677486
Node_5,Camera-like Traffic Generator,126,0.1506008720160139,0.02471706500659324,6.608059881560428,3051.1,305.1070668178996
Node_5,Camera-like Traffic Generator,127,0.1481168293762721,0.02996330993395726,6.917778109839908,3165.3,268.9258675215574
Node_5,Camera-like Traffic Generator,128,0.1611788919720965,0.025904819927835776,6.044298757423291,2909.5,332.3312437246242
Node_5,Camera-like Traffic Generator,129,0.15105426012730733,0.023325245086608756,6.544972007435021,2965.9,303.0711137670497
Node_5,Camera-like Traffic Generator,130,0.15700974818676058,0.03615966188347103,6.559386078635519,3103.3,381.43822857996577
Node_5,Camera-like Traffic Generator,131,0.14329378041391577,0.023117335905667658,6.9243616964342225,2837.5,248.59259397210081
Node_5,Camera-like Traffic Generator,132,0.13047627205127413,0.026626987759055094,7.761364122864952,2978.0,324.87194058240516
Node_5,Camera-like Traffic Generator,133,0.15425375949073156,0.03259608038415695,6.4794060925048855,3162.2,276.20274356992826
Node_5,Camera-like Traffic Generator,134,0.1460811710382984,0.03096138685143263,6.6664976929408395,2958.1,309.2749406093046
Node_5,Camera-like Traffic Generator,135,0.15328406218644944,0.029735967550027803,6.649745645692209,3098.2,303.83138598754266
Node_5,Camera-like Traffic Generator,136,0.1466236825470446,0.025466619390263078,6.977368556055511,3003.2,247.7017920358627
Node_5,Camera-like Traffic Generator,137,0.1403879695534016,0.021809230013648775,7.218756034750405,2972.2,331.3553983263287
Node_5,Camera-like Traffic Generator,138,0.15040587660930668,0.029435927852469936,6.512762600788418,2955.0,280.89460261417946
Node_5,Camera-like Traffic Generator,139,0.16227736477043778,0.025229879344940684,5.971413852919117,3012.0,339.584713698626
Node_5,Camera-like Traffic Generator,140,0.12581207938611386,0.03149248694238543,7.77821493086562,3118.3,239.30549977428896
Node_5,Camera-like Traffic Generator,141,0.13261972745955006,0.025077653078941945,7.4997040389878995,2933.1,318.0972772247159
Node_5,Camera-like Traffic Generator,142,0.15640737795438325,0.0318111951844776,6.338602224405631,2917.4,323.44334898093047
Node_5,Camera-like Traffic Generator,143,0.13714339357137817,0.028810433403823627,7.445938928815947,2960.8,297.32092649750257
Node_5,Camera-like Traffic Generator,144,0.13474175597386875,0.02847359156618966,7.633679085892749,3041.5,299.9974999895832
Node_5,Camera-like Traffic Generator,145,0.15622109790708408,0.02924564107903371,6.262147053545268,2976.6,306.12640816789684
Node_5,Camera-like Traffic Generator,146,0.1584016460853462,0.027964739563423106,6.433865139092799,3044.3,285.03179159915163
Node_5,Camera-like Traffic Generator,147,0.15634216561610118,0.021981153738562697,6.4981523527351195,3133.2,285.7157872976415
Node_5,Camera-like Traffic Generator,148,0.151203139004744,0.03008037769041445,6.574847661849686,3074.5,266.02265985354626
Node_5,Camera-like Traffic Generator,149,0.1539338483544242,0.03426501465800474,6.492196472881475,2884.4,339.0778999318921
Node_5,Camera-like Traffic Generator,150,0.1500722854798596,0.03238545700151733,6.584430651356961,2958.4,327.60212996187244
Node_5,Camera-like Traffic Generator,151,0.14253214349488985,0.029317051667094852,6.811042605371628,2989.7,234.39190827899043
Node_5,Camera-like Traffic Generator,152,0.15494187261855644,0.024077231346943874,6.513802626948884,3195.5,329.94721800110193
Node_5,Camera-like Traffic Generator,153,0.15658962541549784,0.03223667396774752,6.54322619890134,2932.9,349.9696653521083
Node_5,Camera-like Traffic Generator,154,0.14220307281411237,0.028287262369656965,6.9120894207206405,2940.4,200.29988628165628
Node_5,Camera-like Traffic Generator,155,0.14786133604540624,0.03644991770529522,6.991490318426588,2958.0,359.77276779162213
Node_5,Camera-like Traffic Generator,156,0.1491883479236833,0.030120428636407306,6.949954515507059,3038.8,309.903856058617
Node_5,Camera-like Traffic Generator,157,0.1716655508991039,0.022480275013840596,5.822108402651597,2898.2,224.17493169397866
Node_5,Camera-like Traffic Generator,158,0.13445160495925562,0.026692797782535457,7.366515696695901,2970.9,300.6465070846861
Node_5,Camera-like Traffic Generator,159,0.1614376135263768,0.02688864854268598,6.116762232608205,3116.5,194.33490565401667
Node_5,Camera-like Traffic Generator,160,0.16484512316099825,0.023014580373470407,6.024662794147089,3025.1,302.2987668589543
Node_5,Camera-like Traffic Generator,161,0.1429351955284716,0.030514207584592903,7.244470006777177,2992.9,324.27096008670827
Node_5,Camera-like Traffic Generator,162,0.14896895573216967,0.02425652384045657,6.71754150323287,3048.0,246.7117075995111
Node_5,Camera-like Traffic Generator,163,0.15451065234550754,0.024704303044706936,6.50315402362734,3022.7,293.153751847426
Node_5,Camera-like Traffic Generator,164,0.15680818865368168,0.022748450426852047,6.276123698787994,3169.1,279.8235356633018
Node_5,Camera-like Traffic Generator,165,0.15257655232607306,0.031763774421228685,6.524119029795931,3051.1,264.85864154299367
Node_5,Camera-like Traffic Generator,166,0.1343472117883607,0.020203560333742446,7.425403836201113,3075.9,333.88070058363996
Node_5,Camera-like Traffic Generator,167,0.14626432066077372,0.030629957711484333,6.932439029280715,2910.1,221.63104977015794
Node_5,Camera-like Traffic Generator,168,0.15823770985430768,0.02637834984742549,6.273232974768273,2860.7,247.17607309590286
Node_5,Camera-like Traffic Generator,169,0.13697154505094034,0.030679566312240347,7.145748739458302,2858.0,258.11840521572867
Node_5,Camera-like Traffic Generator,170,0.15233012342555413,0.027377167049581045,6.42599360091118,2869.0,324.57767431951737
Node_5,Camera-like Traffic Generator,171,0.14338636427768278,0.02598702259670925,6.963951184743777,2841.7,283.77066248801844
Node_5,Camera-like Traffic Generator,172,0.14692686385449746,0.03162573851290911,6.955976061233977,3050.0,267.2223377223128
Node_5,Camera-like Traffic Generator,173,0.15252713579437227,0.031608201218982696,6.635717796906821,3001.6,330.2750369010652
Node_5,Camera-like Traffic Generator,174,0.15336958314188678,0.03347996271330264,6.350684356286771,3064.3,296.9822478794912
Node_5,Camera-like Traffic Generator,175,0.16820171441007686,0.027794046335923785,5.75838360018189,2902.2,341.8878308581469
Node_5,Camera-like Traffic Generator,176,0.138966381955629,0.02133226314389734,6.986333248965318,2988.5,387.9195936158821
Node_5,Camera-like Traffic Generator,177,0.14836639932254342,0.033592162508570896,6.534225330958086,3000.1,306.9062288930176
Node_5,Camera-like Traffic Generator,178,0.1474819482029261,0.023706880050264553,6.568911391903451,2890.1,186.0241621104336
Node_5,Camera-like Traffic Generator,179,0.14966455126206596,0.023207396413392964,6.70431685166618,3075.0,275.02161531212215
Node_5,Camera-like Traffic Generator,180,0.12543150062427913,0.025319801462098234,7.892224648828544,3025.0,311.8393461027293
Node_5,Camera-like Traffic Generator,181,0.16213960345803002,0.025737215268139803,6.136847762011562,3173.2,206.5762167659514
Node_5,Camera-like Traffic Generator,182,0.1400723009156252,0.026027206568781415,7.086238009511819,2956.7,357.6236538286831
Node_5,Camera-like Traffic Generator,183,0.1616815391926309,0.02039091209956124,6.083860754879602,3135.4,244.4927629012996
Node_5,Camera-like Traffic Generator,184,0.14871406678201993,0.034976014878820336,6.989331288115133,2988.7,193.0613316482039
Node_5,Camera-like Traffic Generator,185,0.13731240240817327,0.0331564094013354,7.122345646465532,2940.4,213.9642753150888
Node_5,Camera-like Traffic Generator,186,0.15004565164934433,0.028273307253167138,6.714691724974164,3075.9,246.8604869151805
Node_5,Camera-like Traffic Generator,187,0.14043415312140722,0.02974186679848262,6.961996748274584,2983.2,342.2986999683171
Node_5,Camera-like Traffic Generator,188,0.15120555726246038,0.03337491859525158,6.6885389756777895,2813.1,204.64302252133268
Node_5,Camera-like Traffic Generator,189,0.1417572366193042,0.01938047025376816,6.990084650309806,2892.7,220.82272930515504
Node_5,Camera-like Traffic Generator,190,0.15271329175646428,0.035867955916352535,6.5961613339422955,3036.9,276.18610875036177
Node_5,Camera-like Traffic Generator,191,0.14994753636237873,0.019899148888244168,6.617586333551075,3031.1,297.4863022056646
Node_5,Camera-like Traffic Generator,192,0.16218737579158074,0.02967801000104186,6.14038939863314,3109.0,197.21392783810512
Node_5,Camera-like Traffic Generator,193,0.15643814469649442,0.02782431934967291,6.446238414139898,3068.6,332.236930183533
Node_5,Camera-like Traffic Generator,194,0.14948069563900504,0.024391821009159584,6.542493520831769,3004.3,232.89341863703328
Node_5,Camera-like Traffic Generator,195,0.14543748731734923,0.025567728018032455,6.791280313406731,2931.1,266.9558640175063
Node_5,Camera-like Traffic Generator,196,0.14800951045634747,0.028719556347434318,6.928961284191349,3027.6,332.45691450171404
Node_5,Camera-like Traffic Generator,197,0.1438815117784941,0.02988121281791152,6.757836794249898,2865.9,335.9965112252738
Node_5,Camera-like Traffic Generator,198,0.14078936211201382,0.028625578497958108,7.007940997246202,3025.3,336.25421930438284
Node_5,Camera-like Traffic Generator,199,0.14075419336672326,0.03498995770189397,7.4026588585721225,3162.3,206.53977287142004
Node_5,Camera-like Traffic Generator,200,0.14269047702239276,0.026205705864971722,7.0134984995693355,2909.7,277.48034965460965
Node_5,Camera-like Traffic Generator,201,0.14926590932519163,0.0257429322913841,6.89715404084802,2924.4,319.1471969692564
Node_5,Camera-like Traffic Generator,202,0.13363797734672858,0.016294022155823543,7.410663853635729,2903.7,294.583340405469
Node_5,Camera-like Traffic Generator,203,0.15086555026973086,0.034184982408976904,6.474570963061599,2984.6,296.50939651589835
Node_5,Camera-like Traffic Generator,204,0.13683767760281854,0.014134488498778455,7.249456587027616,3114.0,282.9075231708529
Node_5,Camera-like Traffic Generator,205,0.14131382033950218,0.026401203394223863,6.982451139525324,3136.0,209.8602709741254
Node_5,Camera-like Traffic Generator,206,0.1529298354125274,0.032457265181025236,6.509303847282195,2993.0,338.648293464867
Node_5,Camera-like Traffic Generator,207,0.15368501750301106,0.03027139615390505,6.274126674636502,2964.5,265.53771441695017
Node_5,Camera-like Traffic Generator,208,0.15066014425549384,0.033436494940853684,6.458279367659694,2955.9,378.6559417495284
Node_5,Camera-like Traffic Generator,209,0.14828883500955498,0.030293449521284713,6.657522817428369,2943.8,179.76700970360992
Node_5,Camera-like Traffic Generator,210,0.16620719540888446,0.021351513076529105,5.9259995295674015,2843.7,220.9077484682992
Node_5,Camera-like Traffic Generator,211,0.1605054552617844,0.036658022015538805,5.984666966814649,2837.4,280.0750693018649
Node_5,Camera-like Traffic Generator,212,0.15753220075575314,0.01985479721695155,6.390319461603693,3116.0,251.74634500270747
Node_5,Camera-like Traffic Generator,213,0.15864171114304212,0.03048008753477971,6.1483925952317104,2936.3,306.5779038207273
Node_5,Camera-like Traffic Generator,214,0.14878784751606985,0.01980218745086419,6.730007958844459,3026.4,297.1745465397586
Node_5,Camera-like Traffic Generator,215,0.1519804893903199,0.029262470969342345,6.818052472484462,3055.1,344.85309271565995
Node_5,Camera-like Traffic Generator,216,0.1355689928896993,0.03752195762920502,7.588842718617916,2964.3,344.56641030592505
Node_5,Camera-like Traffic Generator,217,0.1508245814185102,0.025281578691541632,6.770523763848241,2963.2,293.7046135150076
Node_5,Camera-like Traffic Generator,218,0.14634181658805687,0.03314602336278611,6.6808324351913635,3132.3,294.18212423976786
Node_5,Camera-like Traffic Generator,219,0.1471907673600242,0.027165011214318892,6.621071032145754,2990.2,239.9156333195299
Node_5,Camera-like Traffic Generator,220,0.1543086258582605,0.02484479466425914,6.622642657590754,3291.0,204.52275070406117
Node_5,Camera-like Traffic Generator,221,0.13353651504158393,0.029097738202369227,7.340685607550598,2854.6,288.0405835603341
Node_5,Camera-like Traffic Generator,222,0.15415727356419778,0.03424224815656716,6.307856397348969,3005.8,289.09775355597475
Node_5,Camera-like Traffic Generator,223,0.1539181892626175,0.034957365189945425,6.520558500968454,3106.9,262.60593629576954
Node_5,Camera-like Traffic Generator,224,0.14991900138518305,0.033429032445964985,6.535900627055748,3080.5,323.0308722776268
Node_5,Camera-like Traffic Generator,225,0.14153904168332473,0.02970095192394454,7.141981449194846,3004.2,293.57255396995896
Node_5,Camera-like Traffic Generator,226,0.14724758047208866,0.030241765157200805,6.767777942179443,3056.0,342.16175511980686
Node_5,Camera-like Traffic Generator,227,0.1522132443487351,0.03071161593607174,6.5593549584217,2908.9,296.69042975989487
Node_5,Camera-like Traffic Generator,228,0.15835618627618828,0.03138724286001615,6.132762534426759,3107.5,214.9130315060283
Node_5,Camera-like Traffic Generator,229,0.14523544385658055,0.027968649229763234,7.092738937649253,2948.6,321.8699530348657
Node_5,Camera-like Traffic Generator,230,0.14236112251998065,0.027029156200409583,6.849244753490653,3138.6,270.4679894799629
Node_5,Camera-like Traffic Generator,231,0.15428520432474216,0.033305115383554226,6.553741497846118,2923.6,335.3108673720221
Node_5,Camera-like Traffic Generator,232,0.1523336698087178,0.032140094152281244,6.787981527335863,3078.1,350.6455792138584
Node_5,Camera-like Traffic Generator,233,0.13150273202605262,0.03032209714676396,7.661776221419903,3121.2,364.8414571959838
Node_5,Camera-like Traffic Generator,234,0.15113781192262649,0.03029594973159098,6.53133813330645,3134.7,210.33943467114713
Node_5,Camera-like Traffic Generator,235,0.1423006578356194,0.029623798143666454,6.927257745908563,3044.7,246.55630413986805
Node_5,Camera-like Traffic Generator,236,0.15490446511156505,0.03509856541329973,6.522142487051074,2787.5,203.36570780520276
Node_5,Camera-like Traffic Generator,237,0.14540419219289333,0.03245136324230525,6.818666236645442,2954.1,203.13402800450083
Node_5,Camera-like Traffic Generator,238,0.1485688442269691,0.025984446099772854,6.517983734234009,2791.0,278.8755198212198
Node_5,Camera-like Traffic Generator,239,0.14097187266493166,0.025563500714511415,7.252942790819061,3033.6,309.3125711423101
Node_5,Camera-like Traffic Generator,240,0.14830917749021638,0.03338785129447984,6.906365425029079,3058.7,218.57571787470914
Node_5,Camera-like Traffic Generator,241,0.15037399635674548,0.024942754645831757,6.783384543707345,2866.6,216.96553745801302
Node_5,Camera-like Traffic Generator,242,0.14711122224993572,0.02889397059126377,6.7289849170406635,2842.0,288.5450090059127
Node_5,Camera-like Traffic Generator,243,0.13492867480590007,0.025976921521835974,7.329984825673102,2932.3,281.6566270400105
Node_5,Camera-like Traffic Generator,244,0.14314856624159233,0.024138786231239294,7.045681822728241,2947.8,320.7397006227255
Node_5,Camera-like Traffic Generator,245,0.13889616190708692,0.026969570689843615,7.339503563796132,2889.0,313.5077528724148
Node_5,Camera-like Traffic Generator,246,0.1404434379930933,0.027335466620247995,7.28297696316004,2945.2,328.329035504866
Node_5,Camera-like Traffic Generator,247,0.1719047735626134,0.02398507563060731,5.8014602568085705,3134.7,325.3852588343035
Node_5,Camera-like Traffic Generator,248,0.15317314048484149,0.035606592662680306,6.294900869899061,3041.9,255.35049985809266
Node_5,Camera-like Traffic Generator,249,0.13576676844624558,0.02357650068138313,7.290473955574535,3040.5,266.4946320076427
Node_5,Camera-like Traffic Generator,250,0.1412317543459153,0.02766694600903354,7.139898975773731,3131.9,276.6106168123945
Node_5,Camera-like Traffic Generator,251,0.16246163079608777,0.032246646767709386,6.160533699310937,2867.4,239.5761071374003
Node_5,Camera-like Traffic Generator,252,0.14277001905365977,0.027338524755118696,6.822336483565801,3037.4,293.5878441322498
Node_5,Camera-like Traffic Generator,253,0.13853100931267476,0.014434848946702064,7.214310194029151,2940.3,365.93018459810065
Node_5,Camera-like Traffic Generator,254,0.15172404168404227,0.030127825759976343,6.568079816122972,3141.9,265.9872386245459
Node_5,Camera-like Traffic Generator,255,0.1547808283336849,0.025592318608621163,6.6235508594549115,3041.6,300.75763590565003
Node_5,Camera-like Traffic Generator,256,0.14415909985347639,0.03154569196536503,7.06546953620504,3041.6,272.2201723278828
Node_5,Camera-like Traffic Generator,257,0.15535780581883502,0.03055934857567995,6.622356852026031,3049.8,262.21483982075125
Node_5,Camera-like Traffic Generator,258,0.15172193656750324,0.03170669376007326,6.76228565001698,2999.6,272.452727805924
Node_5,Camera-like Traffic Generator,259,0.16092375907837778,0.022812486395463367,6.226953947008202,3029.7,364.025350155117
Node_5,Camera-like Traffic Generator,260,0.1420828551255056,0.03910390331714284,6.878364006314147,2981.9,361.31840375061006
Node_5,Camera-like Traffic Generator,261,0.1479834036381135,0.03028818635542137,6.567889227156056,3038.3,343.4524227118898
Node_5,Camera-like Traffic Generator,262,0.1601399282254931,0.02624430266270408,6.259929209331012,3241.8,166.6538661751089
Node_5,Camera-like Traffic Generator,263,0.12609782606007797,0.014268602642590637,7.825456518776948,2840.6,335.13519659982
Node_5,Camera-like Traffic Generator,264,0.16989703358104863,0.02762865343476444,5.904083176384775,2919.6,320.3308012386917
Node_5,Camera-like Traffic Generator,265,0.1561480412118499,0.03576038379537115,6.58329958128993,3017.9,293.8092540710346
Node_5,Camera-like Traffic Generator,266,0.1392170923403114,0.027130714978847375,7.274833098272661,2923.1,253.18831375524073
Node_5,Camera-like Traffic Generator,267,0.1489750764923201,0.02627998647458084,6.706098142802373,2944.9,277.6294292757884
Node_5,Camera-like Traffic Generator,268,0.1591336131465141,0.02455737682650084,6.109322962442102,3068.4,284.3664302738048
Node_5,Camera-like Traffic Generator,269,0.14644944093967638,0.029990559369827537,7.1069229918964085,2906.1,316.6008528099695
Node_5,Camera-like Traffic Generator,270,0.15943149477795374,0.031032237971525132,6.354669119831841,3031.1,311.08678674750695
Node_5,Camera-like Traffic Generator,271,0.1708391535435851,0.0288451095853678,5.94417082503253,3059.0,338.8303410263018
Node_5,Camera-like Traffic Generator,272,0.15519061979742332,0.02063944564084965,6.510454846109994,2877.0,243.2004203212742
Node_5,Camera-like Traffic Generator,273,0.14052524419468,0.028929273543625213,7.269488869969684,3023.3,297.94856006439176
Node_5,Camera-like Traffic Generator,274,0.14529596659357935,0.038671863055869164,6.895928537377942,2978.5,312.74847899088354
Node_5,Camera-like Traffic Generator,275,0.1524533190921602,0.022370038742065935,6.560952932406266,3117.2,281.62930718706576
Node_5,Camera-like Traffic Generator,276,0.14861774446032427,0.027784321107934787,6.705846245904361,2936.6,325.68021125023853
Node_5,Camera-like Traffic Generator,277,0.14949156585650486,0.028242387902461297,6.792516262265644,2958.3,311.63834095880367
Node_5,Camera-like Traffic Generator,278,0.13775089271613866,0.026320538902803347,7.088881251921965,2817.3,333.8742444560693
Node_5,Camera-like Traffic Generator,279,0.14817825671795504,0.028717673729846193,6.844132728744674,2836.0,341.1754192005436
Node_5,Camera-like Traffic Generator,280,0.13233440847314454,0.027983092967908168,7.44314208460828,3046.3,244.36404991096563
Node_5,Camera-like Traffic Generator,281,0.1599240574427995,0.02325174128069841,6.334454466556247,3025.0,237.79075769349078
Node_5,Camera-like Traffic Generator,282,0.15885296456432343,0.030910513932244924,6.316389508199428,2888.1,275.24108624178103
Node_5,Camera-like Traffic Generator,283,0.14451400355895885,0.0268525625900496,7.043621836196134,3125.1,282.12465723899817
Node_5,Camera-like Traffic Generator,284,0.1572640165695816,0.031732381357427626,6.535230856737895,3256.4,126.17377787092776
Node_5,Camera-like Traffic Generator,285,0.151836054989883,0.03669778719782025,6.683075130989467,3035.9,252.14389630614588
Node_5,Camera-like Traffic Generator,286,0.1446919914670559,0.023613945115079443,6.800706977105487,3130.7,187.09715242206238
Node_5,Camera-like Traffic Generator,287,0.13069614326514056,0.027375184044077103,7.736511771657981,3059.7,282.7672973390743
Node_5,Camera-like Traffic Generator,288,0.14770894194182915,0.026748161776950514,6.711140686924813,2984.4,277.6161218501388
Node_5,Camera-like Traffic Generator,289,0.14462454023087618,0.0283769270773105,6.83460031631035,3087.5,293.47051716389575
Node_5,Camera-like Traffic Generator,290,0.14452316590015926,0.01762233369897307,6.862670300535934,3115.4,300.5122293684568
Node_5,Camera-like Traffic Generator,291,0.16550289164329685,0.02751991981597209,6.164949043792205,2975.1,318.496275924504
Node_5,Camera-like Traffic Generator,292,0.13075443512041715,0.02266955361166043,7.8421514565603525,2908.7,267.48044580658393
Node_5,Camera-like Traffic Generator,293,0.1418274531346185,0.034061395587243366,7.22606955078867,3156.0,282.785352441663
Node_5,Camera-like Traffic Generator,294,0.15558361441774196,0.03012126757616708,6.492437269356079,3170.2,187.51995449373737
Node_5,Camera-like Traffic Generator,295,0.16534129358028055,0.02397469516568929,6.134929622507702,3091.7,257.26166964137246
Node_5,Camera-like Traffic Generator,296,0.13346002801839632,0.030032259140215962,7.463942824637616,2976.0,343.94993175687006
Node_5,Camera-like Traffic Generator,297,0.14733602979637225,0.021723877352914315,6.972536051321245,3027.8,242.96904238103164
Node_5,Camera-like Traffic Generator,298,0.1499305536186398,0.028821498488995245,6.498672149233128,3212.8,332.3558334075092
Node_5,Camera-like Traffic Generator,299,0.14950685247576417,0.03438311316415493,6.850817658865996,3082.1,197.71834625154148
Node_5,Camera-like Traffic Generator,300,0.14016850875051431,0.02344985095728284,7.102360287369839,2875.9,293.05799577709683
Node_5,Camera-like Traffic Generator,301,0.15820174799288794,0.030920790829771984,6.426961567814689,2959.1,247.20142484307092
Node_5,Camera-like Traffic Generator,302,0.1364515904414077,0.03267347580802028,7.223687568302852,2940.9,316.9796523438058
Node_5,Camera-like Traffic Generator,303,0.14989264736704513,0.030133294449662222,6.605227075320095,3018.9,288.13825770896085
Node_5,Camera-like Traffic Generator,304,0.15904520047956794,0.033074906628813405,6.4509457799437575,3038.2,224.72096277630868
Node_5,Camera-like Traffic Generator,305,0.1510011281329696,0.035333215488034836,6.775775437800107,2941.2,368.9928635262928
Node_5,Camera-like Traffic Generator,306,0.15721499841426406,0.025238426677658424,6.412318356836242,3131.2,303.7425079094316
Node_5,Camera-like Traffic Generator,307,0.15794081510496766,0.030145018333272936,6.5141432319300225,3112.9,341.0530913378606
Node_5,Camera-like Traffic Generator,308,0.1436109073243415,0.02763985131393344,7.136167013082618,3111.0,306.94371543402616
Node_5,Camera-like Traffic Generator,309,0.15533030031157297,0.03396892565232187,6.242426533469031,2803.3,313.0811218979657
Node_5,Camera-like Traffic Generator,310,0.14870610543623003,0.02819661891229658,6.855559744952125,2848.5,230.94840693684523
Node_5,Camera-like Traffic Generator,311,0.14541941327850622,0.031724233078093265,6.690534098394689,3023.0,315.87163356162404
Node_5,Camera-like Traffic Generator,312,0.14813989148382234,0.026000621981554835,6.921200459366798,3144.0,275.24009720807595
Node_5,Camera-like Traffic Generator,313,0.1319361705892163,0.024900789761045622,7.460655329568266,2920.2,261.82810306679374
Node_5,Camera-like Traffic Generator,314,0.1448625515572644,0.036710316282830446,6.979209909877109,2997.9,358.998127509818
Node_5,Camera-like Traffic Generator,315,0.15402643695966844,0.026451643290030708,6.693413235193814,3083.2,301.4574965434136
Node_5,Camera-like Traffic Generator,316,0.1406017224526522,0.033367406777166174,6.914540845976913,2828.3,265.6639690369103
Node_5,Camera-like Traffic Generator,317,0.1447259748327383,0.03356498825271349,6.733908318248098,2948.8,348.6363275519189
Node_5,Camera-like Traffic Generator,318,0.1488359218972505,0.022721150256935566,6.6750846612638375,2984.7,320.2492258642738
Node_5,Camera-like Traffic Generator,319,0.13984671728352965,0.036954418767440676,7.392315110517551,3011.8,360.40958181861185
Node_5,Camera-like Traffic Generator,320,0.14582385235625567,0.028501014313263143,6.659477393849865,3056.0,236.1444943720311
Node_5,Camera-like Traffic Generator,321,0.14925248020633716,0.02522202800934743,6.809144683867024,2894.3,235.31352607862462
Node_5,Camera-like Traffic Generator,322,0.14656337591846977,0.026361651551862937,6.894781476474442,3144.0,239.30872668305824
Node_5,Camera-like Traffic Generator,323,0.16173510008986797,0.029810710121506257,5.976265633296502,2948.6,356.5981865723193
Node_5,Camera-like Traffic Generator,324,0.16181151816978173,0.024026298521584714,6.185427918739731,3034.8,358.57303610592675
Node_5,Camera-like Traffic Generator,325,0.1557502003622176,0.027133463239125404,6.550819188348058,2954.8,336.7999076273297
Node_5,Camera-like Traffic Generator,326,0.15843072604199052,0.03446192640969274,6.488565891317282,2934.3,205.15525286420961
Node_5,Camera-like Traffic Generator,327,0.15574733170224137,0.026939815576851902,6.3942939826162535,2994.0,288.78865782590714
Node_5,Camera-like Traffic Generator,328,0.15097341619033955,0.018594828562086902,6.658594043451755,3034.1,241.0714278659612
Node_5,Camera-like Traffic Generator,329,0.14673877795291332,0.03340175505159908,6.603706335686627,2979.8,165.66686787378794
Node_5,Camera-like Traffic Generator,330,0.1414612709187736,0.03600318745788899,6.975138799295403,3096.6,251.26842663220188
Node_5,Camera-like Traffic Generator,331,0.150867072439587,0.033829571428187204,6.4200614612088005,2924.6,384.0868536035972
Node_5,Camera-like Traffic Generator,332,0.1434614238992708,0.026562435882786586,6.743736094633611,3171.8,237.3360486736054
Node_5,Camera-like Traffic Generator,333,0.14745464284863488,0.030371627704557543,6.680589911423057,3133.4,266.36449546522607
Node_5,Camera-like Traffic Generator,334,0.14658767760425917,0.02416944943576549,6.6601014980993245,2948.1,234.37455777736056
Node_5,Camera-like Traffic Generator,335,0.16628976702523346,0.02804079645198235,5.875685798351843,2977.8,337.2140105168955
Node_5,Camera-like Traffic Generator,336,0.14602170975754802,0.02776184886386237,6.638302653406539,2898.8,246.5115728633355
Node_5,Camera-like Traffic Generator,337,0.15111705417436383,0.02848529566935121,6.388899911607302,3052.9,349.24631549794327
Node_5,Camera-like Traffic Generator,338,0.14682616326439302,0.021955560682029543,6.997125373733069,3130.1,314.2569543118073
Node_5,Camera-like Traffic Generator,339,0.15690385816104707,0.030887969568610864,6.289692583466953,2835.2,240.45225906380853
Node_5,Camera-like Traffic Generator,340,0.16401465850264002,0.03909031959505766,6.233925184361928,2825.0,269.0192062536304
Node_5,Camera-like Traffic Generator,341,0.15510126960457454,0.03160137161564779,6.614879651341836,3091.0,305.89395402837096
Node_5,Camera-like Traffic Generator,342,0.15513132655675008,0.027873413194716704,6.588391277488074,2929.3,259.72423409797125
Node_5,Camera-like Traffic Generator,343,0.14606580084015378,0.03495510306357104,7.129741240039498,3108.8,295.917706278095
Node_5,Camera-like Traffic Generator,344,0.15709009796660212,0.025788431245125698,6.491867202794361,3119.5,351.96251378678255
Node_5,Camera-like Traffic Generator,345,0.16402975160915503,0.029981327980099115,6.112279750226747,2908.6,299.10243507311446
Node_5,Camera-like Traffic Generator,346,0.1487903252704541,0.02882608152420354,6.6704122137795085,3048.4,355.8964268810052
Node_5,Camera-like Traffic Generator,347,0.14593287064002425,0.021752852329480866,6.881208223790306,3027.1,325.0922774980804
Node_5,Camera-like Traffic Generator,348,0.16759593485845697,0.01442932130401406,5.956839703446054,3054.1,291.0213623315878
Node_5,Camera-like Traffic Generator,349,0.15857356183573756,0.03325900523505518,6.185022417088574,3050.4,303.1344402882802
Node_5,Camera-like Traffic Generator,350,0.15657747866885074,0.03131222545541948,6.236416864486858,2866.9,283.230353834707
Node_5,Camera-like Traffic Generator,351,0.1351560611830905,0.0330377170839858,7.2757254949405405,2893.7,318.3143275303691
Node_5,Camera-like Traffic Generator,352,0.15359896494576333,0.03330128457432127,6.645957552719918,2955.9,260.6370187743014
Node_5,Camera-like Traffic Generator,353,0.1478648757747692,0.02585338785983053,6.727553750403531,3116.5,381.46508504856786
Node_5,Camera-like Traffic Generator,354,0.15920985763254974,0.03266152300368055,6.05045736130584,2994.0,327.1197538109451
Node_5,Camera-like Traffic Generator,355,0.15509511698611506,0.01885967761241624,6.620955669606602,2784.9,174.30398095791668
Node_5,Camera-like Traffic Generator,356,0.15180416739286784,0.02463038631105897,6.6055065509818816,2896.9,267.73596031247735
Node_5,Camera-like Traffic Generator,357,0.16035768076704926,0.030417475951698112,6.162629692409208,3191.1,230.8474484252413
Node_5,Camera-like Traffic Generator,358,0.14169319459170993,0.027370968809587493,7.3783772671051935,2856.5,287.9966242086104
Node_5,Camera-like Traffic Generator,359,0.15279306660567044,0.031552956977505396,6.5808003255388305,2956.3,320.1225633340386
Node_5,Camera-like Traffic Generator,360,0.15439135845289229,0.03454187981477456,6.492964014443532,2905.2,298.69374877214216
Node_5,Camera-like Traffic Generator,361,0.16964911168073513,0.03163400297773786,5.981907209504213,2945.8,304.36520461080596
Node_5,Camera-like Traffic Generator,362,0.13978055055894173,0.031420636343959245,6.9381230109020064,2974.4,362.9937862951498
Node_5,Camera-like Traffic Generator,363,0.15429460617237964,0.030028124326243782,6.675341473137438,3141.4,278.05642912505687
Node_5,Camera-like Traffic Generator,364,0.1417664975886055,0.030769494828532425,6.949996710548805,3123.2,212.8295092321551
Node_5,Camera-like Traffic Generator,365,0.1413653113919054,0.02673642307561508,7.0171737074747265,3073.8,299.0380131911883
Node_5,Camera-like Traffic Generator,366,0.15504791834312073,0.033828835443492855,6.578497525688402,2961.5,217.98993350866252
Node_5,Camera-like Traffic Generator,367,0.153631002904433,0.030666616722295686,6.437549414138534,3113.1,335.6302363547652
Node_5,Camera-like Traffic Generator,368,0.1451774005790071,0.03479283325385005,6.662714990341702,2975.6,382.22599481342337
Node_5,Camera-like Traffic Generator,369,0.15533166470289644,0.023851570865122344,6.556075309712783,3201.9,286.8505030693011
Node_5,Camera-like Traffic Generator,370,0.1470450055897004,0.031181342269592974,6.966177743996666,3278.1,195.59053033200652
Node_5,Camera-like Traffic Generator,371,0.15022919549879815,0.03435113263893718,6.57743991212082,2927.9,291.46162316465916
Node_5,Camera-like Traffic Generator,372,0.12933424441513353,0.020050359664205455,7.995816574838536,2906.5,361.0134654306155
Node_5,Camera-like Traffic Generator,373,0.14402147706308596,0.02919926266103744,7.059816615977888,3034.4,349.15491627006423
Node_5,Camera-like Traffic Generator,374,0.16267467403307592,0.034528858173308176,6.268005643154223,3033.9,284.3559779962823
Node_5,Camera-like Traffic Generator,375,0.13920475906378443,0.024844366290986155,6.97676327139147,2893.6,305.9212680122489
Node_5,Camera-like Traffic Generator,376,0.15644062378515855,0.02991673632786254,6.4365845543717315,2909.0,281.52521102815007
Node_5,Camera-like Traffic Generator,377,0.1506787161239913,0.030184615774458995,6.403903993137395,3049.0,336.82108669803387
Node_5,Camera-like Traffic Generator,378,0.15315359939465906,0.03343688545943666,6.36295661310965,2919.2,262.2762750315866
Node_5,Camera-like Traffic Generator,379,0.1546819548877238,0.03245593298136289,6.6367449830134495,2883.7,307.44106933054843
Node_5,Camera-like Traffic Generator,380,0.15471329830880903,0.025022458952179978,6.380585887589353,2966.3,278.1606450316875
Node_5,Camera-like Traffic Generator,381,0.1634068141799389,0.030624911845308782,6.239811096354191,3084.6,315.97123638429844
Node_5,Camera-like Traffic Generator,382,0.14675906677256306,0.03266169261452969,6.818628844614386,2999.7,431.5597164806846
Node_5,Camera-like Traffic Generator,383,0.17030332429203554,0.026693258866597312,5.977526753170184,3031.6,281.439632366635
Node_5,Camera-like Traffic Generator,384,0.13374641229377177,0.024392804752479947,7.3341230322647855,3173.0,238.77046160137425
Node_5,Camera-like Traffic Generator,385,0.16717391151373703,0.03327071711065556,5.957784763052701,2972.4,359.6678096985235
Node_5,Camera-like Traffic Generator,386,0.14600127632506882,0.027716569827973565,6.740469239132034,3095.9,400.7580178722428
Node_5,Camera-like Traffic Generator,387,0.15139654666901378,0.0352206258498834,6.785978384777955,2918.0,253.44120510375666
Node_5,Camera-like Traffic Generator,388,0.14620777728088113,0.02540522608015527,6.894847906555354,3128.7,296.8613780500552
Node_5,Camera-like Traffic Generator,389,0.1591566261921457,0.021853172725669678,6.319267738412279,3049.5,302.4302490749819
Node_5,Camera-like Traffic Generator,390,0.14949574589076065,0.03607126595240583,6.555480163383048,3170.9,256.04880177202335
Node_5,Camera-like Traffic Generator,391,0.17215879553128843,0.023605687095285488,5.678220825428449,3068.6,269.2141650557538
Node_5,Camera-like Traffic Generator,392,0.1478884454201875,0.025661624385018796,6.689788067497723,2970.5,372.64378283944154
Node_5,Camera-like Traffic Generator,393,0.1286224607286499,0.0183904464819101,7.805584975519343,3163.4,264.73139426806017
Node_5,Camera-like Traffic Generator,394,0.13500428500915404,0.033290749073851024,7.676882497909302,3044.1,228.8106689431728
Node_5,Camera-like Traffic Generator,395,0.14319724488918836,0.02785262626429627,6.972919759443456,3105.4,282.63647637518017
Node_5,Camera-like Traffic Generator,396,0.15408675576753694,0.03325743475503377,6.338224424232122,3122.9,226.10540806348607
Node_5,Camera-like Traffic Generator,397,0.13575325834806334,0.02591812337978533,7.356614251884317,3007.5,293.9921578697107
Node_5,Camera-like Traffic Generator,398,0.14838921495062324,0.03329836834120156,6.5149716398607085,3017.7,305.3311681145936
Node_5,Camera-like Traffic Generator,399,0.15193952527129112,0.02582141953357697,6.704053860665445,2911.4,260.91897422592916
Node_5,Camera-like Traffic Generator,400,0.15119007602730788,0.0305631817785254,6.487479432550593,3067.0,284.87931167816
Node_5,Camera-like Traffic Generator,401,0.14823571084890547,0.03638883797436845,6.925599138082978,3045.7,182.29953982997932
Node_5,Camera-like Traffic Generator,402,0.16210073012231305,0.033491511818370574,5.995934870101708,3038.1,288.9169238533612
Node_5,Camera-like Traffic Generator,403,0.14410748473281956,0.0338743680439355,6.989413931645936,2945.3,338.4149491050562
Node_5,Camera-like Traffic Generator,404,0.1492589668443202,0.031631305738520535,6.789612093717775,3080.6,316.3532484071845
Node_5,Camera-like Traffic Generator,405,0.14965806458875477,0.035457951918326326,6.869540370544503,2879.1,281.86657600124687
Node_5,Camera-like Traffic Generator,406,0.13612530298145203,0.021693008314766962,7.235880987249588,2943.1,276.3686949630069
Node_5,Camera-like Traffic Generator,407,0.1557191802762759,0.02955989919376519,6.291836386737613,2919.1,268.5427547172165
Node_5,Camera-like Traffic Generator,408,0.15299709000196343,0.034173805672765435,6.755075798228497,2942.9,289.8503253596778
Node_5,Camera-like Traffic Generator,409,0.15056611707391312,0.02545225920845372,6.436654784155154,2980.5,255.18675078808025
Node_5,Camera-like Traffic Generator,410,0.14522955453797975,0.02415133929268621,6.9810788119678975,2908.9,267.49515052717413
Node_5,Camera-like Traffic Generator,411,0.1438024886115045,0.02736716903193379,6.906531304693235,2929.4,257.66136260172533
Node_5,Camera-like Traffic Generator,412,0.1363998149483791,0.02438372637723018,7.692975027769454,2921.8,306.59593387171117
Node_5,Camera-like Traffic Generator,413,0.14256707755682782,0.023176335504726427,7.273329214110184,2819.7,199.30994846107296
Node_5,Camera-like Traffic Generator,414,0.155145856847912,0.02729605901413747,6.43313646625675,3137.6,284.27537510113126
Node_5,Camera-like Traffic Generator,415,0.14079569864447877,0.02823687477924352,7.194138567789714,3089.7,194.77397156704484
Node_5,Camera-like Traffic Generator,416,0.15401622540030074,0.03289106582564097,6.305471140388159,3110.5,330.5450885364288
Node_5,Camera-like Traffic Generator,417,0.15290400323071934,0.026757145152374217,6.516322962111556,2829.7,262.8108952586758
Node_5,Camera-like Traffic Generator,418,0.14092342213020856,0.02976035065254316,6.9030397709259965,3062.0,352.33128350081734
Node_5,Camera-like Traffic Generator,419,0.13539994256681212,0.02884466904033063,7.222468836919479,3012.8,319.7036127415516
Node_5,Camera-like Traffic Generator,420,0.1418124336257506,0.03202902982910749,6.8452736005014465,3020.2,250.0852299161672
Node_5,Camera-like Traffic Generator,421,0.13349685593626645,0.02792127243786444,7.477633759113225,3047.5,254.0298538886063
Node_5,Camera-like Traffic Generator,422,0.14629358470925807,0.03097474356498844,7.0104468106441775,2876.0,313.9830144025841
Node_5,Camera-like Traffic Generator,423,0.1476927193026995,0.02710874377095732,6.820426863301714,2932.1,313.1132028161345
Node_5,Camera-like Traffic Generator,424,0.13909378157970878,0.027988345170474275,7.10886172140279,2978.1,339.1143530498885
Node_5,Camera-like Traffic Generator,425,0.16159047825962033,0.02547309435661378,6.343906390307477,3134.5,344.39746095334544
Node_5,Camera-like Traffic Generator,426,0.1656349673902014,0.026149977675194266,6.1092332149685085,2942.5,175.93133130097473
Node_5,Camera-like Traffic Generator,427,0.15759823269784193,0.030671164653548487,6.508209020571941,2930.3,327.9153176592328
Node_5,Camera-like Traffic Generator,428,0.14299752731712942,0.029583836611025066,6.810331156232948,3081.3,315.5549080588036
Node_5,Camera-like Traffic Generator,429,0.13418076092510772,0.025396401091623003,7.381562335879211,2963.0,270.8603576260899
Node_5,Camera-like Traffic Generator,430,0.14652111832537001,0.025377916764097452,6.735089965726496,3018.9,284.9886742388975
Node_5,Camera-like Traffic Generator,431,0.14930946550216503,0.02990946968720517,6.875304805988929,3025.4,297.18763246287506
Node_5,Camera-like Traffic Generator,432,0.1405980543773353,0.022268037909600257,7.124386461753301,2921.4,318.6196618052453
Node_5,Camera-like Traffic Generator,433,0.14721749019265645,0.025186916169865906,6.740127273966626,2973.3,295.86823268325224
Node_5,Camera-like Traffic Generator,434,0.15005226791256518,0.02884666444080512,6.72504815463754,2890.6,263.3169615163866
Node_5,Camera-like Traffic Generator,435,0.15684583696561277,0.02857701058948361,6.508041813991119,2796.2,280.17407287454546
Node_5,Camera-like Traffic Generator,436,0.145630839649516,0.017003031721825233,6.933618778881418,3100.9,287.65390083686793
Node_5,Camera-like Traffic Generator,437,0.1374132606183366,0.034254878619803475,7.285320267002891,2992.1,263.0853051346232
Node_5,Camera-like Traffic Generator,438,0.1564352920418969,0.02516072674717108,6.254085325011221,3008.5,228.80814379446082
Node_5,Camera-like Traffic Generator,439,0.13729405200208475,0.02309556716914143,7.3675571490888485,2828.5,266.8158957450291
Node_5,Camera-like Traffic Generator,440,0.1592096132761071,0.0261744271348192,6.377845590083478,2996.9,294.14450341437436
Node_5,Camera-like Traffic Generator,441,0.15587000928680936,0.028158781873071557,6.2748662043857815,3048.4,347.5828278586591
Node_5,Camera-like Traffic Generator,442,0.14143396873288339,0.031709973350074756,7.063861630633707,2977.1,288.3965056037338
Node_5,Camera-like Traffic Generator,443,0.1649576954791428,0.024255491902681333,6.042019052100802,3053.9,312.2408080668224
Node_5,Camera-like Traffic Generator,444,0.14640106062840913,0.028723932478083188,7.016511265725933,3022.4,297.7049993981738
Node_5,Camera-like Traffic Generator,445,0.14676526691711161,0.02359532761986854,6.952683395685398,3093.4,211.04301825825834
Node_5,Camera-like Traffic Generator,446,0.14646837842697097,0.024894783500843332,6.917555699040566,3110.8,279.7180326288918
Node_5,Camera-like Traffic Generator,447,0.15682008133626368,0.022427387237738662,6.430405712101743,2983.2,233.03781285924873
Node_5,Camera-like Traffic Generator,448,0.14211434223877858,0.034505835328379954,7.0987904117564815,2950.8,351.89291300368956
Node_5,Camera-like Traffic Generator,449,0.14599619398668437,0.026947884979692208,6.898273674741096,3088.9,246.37570677501645
Node_5,Camera-like Traffic Generator,450,0.13463799830800555,0.03338067381436248,7.375907525558832,3083.2,310.4193579301681
Node_5,Camera-like Traffic Generator,451,0.16345077769435648,0.031714057781538484,5.943822158726019,3012.0,320.21312347317127
Node_5,Camera-like Traffic Generator,452,0.15262649812975723,0.032343802750713996,6.724214515969789,2943.3,271.0276943618698
Node_5,Camera-like Traffic Generator,453,0.16264844053824845,0.03478166247270415,6.272520919586932,2900.5,307.55460219826546
Node_5,Camera-like Traffic Generator,454,0.1456105362700555,0.024960972992209726,6.7841795031328,2912.3,277.2255599888133
Node_5,Camera-like Traffic Generator,455,0.15901483154748347,0.027327268506150203,6.183958330665087,2825.5,328.72827346879944
Node_5,Camera-like Traffic Generator,456,0.15720158317049027,0.023160581032910802,6.393125990615576,2836.7,243.69746727357582
Node_5,Camera-like Traffic Generator,457,0.15220772693871823,0.02598952050637594,6.764610332747713,3023.5,286.30607165525964
Node_5,Camera-like Traffic Generator,458,0.1481111142216605,0.030273168369584314,6.8024483412639265,2966.3,292.20390521384587
Node_5,Camera-like Traffic Generator,459,0.1428197204249841,0.025628028498470384,6.87035895649702,3045.2,262.15423789144523
Node_5,Camera-like Traffic Generator,460,0.1447121064285625,0.024524096737026508,6.788096281369117,3036.9,325.78331244351153
Node_5,Camera-like Traffic Generator,461,0.14542113643336735,0.031667659243296065,7.16835788526449,2833.4,322.4645372405744
Node_5,Camera-like Traffic Generator,462,0.1602745068905392,0.02570015553897548,6.37324716076951,3002.4,241.34079178161693
Node_5,Camera-like Traffic Generator,463,0.15751223842032686,0.02374072480746805,6.258469932812033,2896.2,236.91245452932844
Node_5,Camera-like Traffic Generator,464,0.14964969947126291,0.02793749240616108,6.749779012710157,3060.7,327.469438777626
Node_5,Camera-like Traffic Generator,465,0.14212231758515373,0.03464070623402884,6.8953069783238785,3045.1,349.9125128752424
Node_5,Camera-like Traffic Generator,466,0.15621316740284782,0.02988336324333391,6.521620716145826,2998.3,248.6273650800866
Node_5,Camera-like Traffic Generator,467,0.15521813458680073,0.03501813915608348,6.532484624658073,2873.7,259.28622108481676
Node_5,Camera-like Traffic Generator,468,0.14423790663724959,0.02384430906160057,6.7723201007268505,2883.8,311.6963622216695
Node_5,Camera-like Traffic Generator,469,0.14202207137958567,0.030917435180275014,7.253892141027428,3006.3,280.1793274950091
Node_5,Camera-like Traffic Generator,470,0.13609433071068225,0.02515138728642051,7.189023514112949,3126.9,219.09837972928963
Node_5,Camera-like Traffic Generator,471,0.14588806074639252,0.028988976912095562,6.86118414130859,2960.2,330.0558201947732
Node_5,Camera-like Traffic Generator,472,0.1471286305402259,0.0338095941063731,7.056629929060348,2851.4,245.53804864691202
Node_5,Camera-like Traffic Generator,473,0.15151469963743694,0.029827382975294452,6.769841611236903,2983.5,296.7109517508393
Node_5,Camera-like Traffic Generator,474,0.14824857820807438,0.030019550250524083,6.974045471060342,3210.6,200.1272928246753
Node_5,Camera-like Traffic Generator,475,0.1474035190477025,0.02892801845035753,6.645104083465171,3047.6,255.53438559658116
Node_5,Camera-like Traffic Generator,476,0.1403507046318623,0.02897192332999404,7.267928449635488,2904.8,294.6383093444119
Node_5,Camera-like Traffic Generator,477,0.14455297748124848,0.032296866163161124,6.891587801780061,2969.2,330.4763565252773
Node_5,Camera-like Traffic Generator,478,0.15185692430941344,0.031197630559119564,6.675796219786664,2932.9,361.25628022222674
Node_5,Camera-like Traffic Generator,479,0.14741008138104233,0.036811444720516985,6.740950166125127,2959.0,266.1048247923697
Node_5,Camera-like Traffic Generator,480,0.14011077131814317,0.02449925871682887,7.208513734897893,2938.0,353.35408744078666
Node_5,Camera-like Traffic Generator,481,0.13811793163971514,0.028534553382215555,7.336104217047461,2867.6,286.6861233707229
Node_5,Camera-like Traffic Generator,482,0.1540224247686865,0.03536292950492196,6.6228842262167955,2902.5,202.6920214403013
Node_5,Camera-like Traffic Generator,483,0.14568599646383973,0.03856503260113938,7.067490180046916,2939.7,282.27018183923633
Node_5,Camera-like Traffic Generator,484,0.15427400885452017,0.02825272201492498,6.659987688827642,2910.2,261.85483680000175
Node_5,Camera-like Traffic Generator,485,0.14604859763567218,0.023843467253343673,6.897784128806104,3127.3,313.48083407655616
Node_5,Camera-like Traffic Generator,486,0.14353349953563566,0.02674043679587086,7.114494441678494,3053.1,287.3033433691838
Node_5,Camera-like Traffic Generator,487,0.1549323669746741,0.015475619722940126,6.458211643177104,3073.0,367.2528647494348
Node_5,Camera-like Traffic Generator,488,0.16108808470261238,0.029670337289310744,6.283430722626996,2929.4,265.30912787413354
Node_5,Camera-like Traffic Generator,489,0.15683558262434188,0.034690720259976736,6.4557711459323315,3024.8,247.24113285976054
Node_5,Camera-like Traffic Generator,490,0.14582757689466916,0.03089865694125639,6.670235785895053,2993.5,274.74806641721796
Node_5,Camera-like Traffic Generator,491,0.1482108944274046,0.03640455915638968,6.532930314259197,2942.8,315.275117952559
Node_5,Camera-like Traffic Generator,492,0.1521726961719878,0.035975237502330594,6.753232603994909,2977.9,220.62509678940273
Node_5,Camera-like Traffic Generator,493,0.15420066445129804,0.023622713837591656,6.2710546929160795,2787.4,166.49270921641653
Node_5,Camera-like Traffic Generator,494,0.1448724764725398,0.034908027293649085,6.742599070428481,3036.3,314.4745352700808
Node_5,Camera-like Traffic Generator,495,0.14339865938118238,0.0339089658827859,7.171201995063557,2907.2,322.84939729436286
Node_5,Camera-like Traffic Generator,496,0.15073501481850826,0.03245208203774293,6.695454734807788,2796.3,248.0076387712461
Node_5,Camera-like Traffic Generator,497,0.1591078810549334,0.02962930413098006,6.118168645535038,3032.6,416.5872457641176
Node_5,Camera-like Traffic Generator,498,0.16387008455975546,0.03076228518034735,5.99793159779699,2963.3,346.48714903217467
Node_5,Camera-like Traffic Generator,499,0.15132604237086297,0.023996886673959862,6.773405530324016,2984.7,399.84526173675397
Node_5,Camera-like Traffic Generator,500,0.157952674697367,0.03712595194919955,6.491920910866533,3013.4,302.51141392607906
Node_5,Camera-like Traffic Generator,501,0.14272705549594775,0.038162315560552905,6.788527874780075,3104.0,275.40152505024366
Node_5,Camera-like Traffic Generator,502,0.1500472034399422,0.02935152911486591,6.732736188350072,2962.6,297.74269279213405
Node_5,Camera-like Traffic Generator,503,0.1308731125485451,0.017610642583073394,7.6024855460001595,3001.3,272.5488946959793
Node_5,Camera-like Traffic Generator,504,0.1403629413943122,0.03686823197202864,6.957577066655936,2907.7,284.61164573658766
Node_5,Camera-like Traffic Generator,505,0.13438402167195135,0.02840265347718397,7.629354343886905,3070.1,366.74437055438676
Node_5,Camera-like Traffic Generator,506,0.16377339467229604,0.03632636514136748,6.152951287023774,3116.6,240.8278315403858
Node_5,Camera-like Traffic Generator,507,0.15441231597520755,0.03102940143889445,6.357577157738452,2991.8,284.4084699473238
Node_5,Camera-like Traffic Generator,508,0.14196663584515362,0.024310731983046112,7.247967652256844,3052.2,235.85720727215912
Node_5,Camera-like Traffic Generator,509,0.1385724372515938,0.03164887262935621,7.304145490772459,3078.5,326.0723334885477
Node_5,Camera-like Traffic Generator,510,0.13995833230429752,0.023726104788281892,7.03032805238656,2991.9,243.17960897703207
Node_5,Camera-like Traffic Generator,511,0.13700769945735375,0.036772999597098344,7.449698272390342,2996.2,370.17047123964085
Node_5,Camera-like Traffic Generator,512,0.14009597683703987,0.03020096893065202,7.379330993247644,2825.4,236.53761739825748
Node_5,Camera-like Traffic Generator,513,0.15188834900018264,0.03586484164400628,6.349938944521054,2964.8,329.5207968483257
Node_1,Temperature Sensor,1,0.3022540253096627,0.12360065508188599,3.1999675443658973,73.7,10.924488292109816
Node_1,Temperature Sensor,2,0.3542111176467405,0.11384802680584516,2.722314015909196,78.3,12.092697520955914
Node_1,Temperature Sensor,3,0.2461453917303406,0.11933906165328372,3.9642432185147594,78.3,9.832485839185214
Node_1,Temperature Sensor,4,0.31711551238973074,0.11077073125505131,3.1596960669450023,77.0,11.274356350191843
Node_1,Temperature Sensor,5,0.30065481978779846,0.16690869366886632,3.367363910785076,80.3,10.832564075252195
Node_1,Temperature Sensor,6,0.31891216538557854,0.10757995879664439,3.1955262561457274,80.4,10.772392698209828
Node_1,Temperature Sensor,7,0.27035613990064744,0.14936627579845907,3.9265117420755318,81.7,12.623170934612446
Node_1,Temperature Sensor,8,0.2448835495402733,0.10648657033357682,4.012818111316018,79.2,9.577751997902919
Node_1,Temperature Sensor,9,0.300243447086881,0.12356650518959288,3.20186959887399,79.0,11.42122779934121
Node_1,Temperature Sensor,10,0.34288363236716535,0.1264520816614709,3.066261670288045,79.5,14.065323790561429
Node_1,Temperature Sensor,11,0.3188461540564475,0.11409889737706358,3.2739377406103474,80.3,13.646733430873972
Node_1,Temperature Sensor,12,0.26296101739324274,0.10772296188810883,3.891501322505599,81.8,11.535452599125302
Node_1,Temperature Sensor,13,0.26975672606748874,0.13171282425175113,3.7681275597539283,85.8,11.764352935882194
Node_1,Temperature Sensor,14,0.3072282587381331,0.10961906073179546,3.186436541272222,77.9,14.011503210655958
Node_1,Temperature Sensor,15,0.3072479448897781,0.12020434897370329,3.3103031066946693,77.8,12.942608358098113
Node_1,Temperature Sensor,16,0.3176470600910733,0.1266427099679279,3.281518648583827,84.4,13.953892328347353
Node_1,Temperature Sensor,17,0.3367340699486235,0.12228077457289528,3.058070712381439,83.6,13.091133555875816
Node_1,Temperature Sensor,18,0.3660226636291718,0.15127226161449,2.5346680186985515,73.8,8.727988186161676
Node_1,Temperature Sensor,19,0.2836139684282074,0.0947041436344126,3.609158393954942,82.2,10.643725329455327
Node_1,Temperature Sensor,20,0.28041005808195507,0.12208628520694426,3.487849299648521,77.5,6.276056794587577
Node_1,Temperature Sensor,21,0.30745270624192855,0.11087233873313135,3.2313047795363836,75.9,12.14221286806212
Node_1,Temperature Sensor,22,0.2707801783964278,0.09241463952034637,3.557273320831727,82.7,14.63671183474394
Node_1,Temperature Sensor,23,0.34503556511947553,0.1099871202743912,2.891868483846143,80.8,8.954204474869767
Node_1,Temperature Sensor,24,0.2925703019200981,0.0772585989094461,3.312456299787464,76.8,12.951190421476063
Node_1,Temperature Sensor,25,0.2862731335606966,0.07030658026319744,3.432457867188935,76.9,13.987693003335309
Node_1,Temperature Sensor,26,0.24414275545604341,0.14185941889457654,4.121219815885595,77.8,8.107609594284453
Node_1,Temperature Sensor,27,0.3158624798485846,0.12784756091477986,3.2159313969032017,80.4,12.738393409950355
Node_1,Temperature Sensor,28,0.30272483689753926,0.13271655921035053,3.1206561451283092,79.1,12.031902038608305
Node_1,Temperature Sensor,29,0.30199958700121243,0.09481859383831266,3.3117315777838545,88.5,8.934950102453474
Node_1,Temperature Sensor,30,0.2902567732004087,0.1298655237721368,3.6433185851507033,78.6,13.809819372863322
Node_1,Temperature Sensor,31,0.3107008239520894,0.08462411248086485,3.201050398902015,76.8,9.247221805013174
Node_1,Temperature Sensor,32,0.28157566227162223,0.12441089028372028,3.410740848082839,73.5,10.65885130354632
Node_1,Temperature Sensor,33,0.3218427609677022,0.13774799792541187,3.1696160297325986,74.2,7.871185143010902
Node_1,Temperature Sensor,34,0.3693503946827377,0.096623895952846,2.8160758022382173,77.6,11.758684733704987
Node_1,Temperature Sensor,35,0.29655735751106677,0.10720166197410395,3.2188286819720533,83.3,11.353413583587976
Node_1,Temperature Sensor,36,0.28435123858881184,0.13006441232747556,3.7300134656947437,75.5,11.62612001773019
Node_1,Temperature Sensor,37,0.3392392701449438,0.11110030880148436,3.042586828316511,81.0,12.128936932440167
Node_1,Temperature Sensor,38,0.30354403000583546,0.10475408312644309,3.210251305908585,83.7,8.857514073122072
Node_1,Temperature Sensor,39,0.3189640720346105,0.10995751912147247,3.230850160839955,80.3,13.872835166452298
Node_1,Temperature Sensor,40,0.3321799529093141,0.11100946078344869,3.066274248521619,84.2,10.3794669098819
Node_1,Temperature Sensor,41,0.32858116902529416,0.07274447092623551,3.0497757960962155,77.0,11.69045194450012
Node_1,Temperature Sensor,42,0.3342850183478376,0.10734126423970926,3.0227972804524037,82.7,9.809858986414296
Node_1,Temperature Sensor,43,0.34721705603917313,0.12875870727026928,2.891811639937279,83.4,11.692352676476668
Node_1,Temperature Sensor,44,0.23694423456649077,0.10909054892711732,4.518430949712564,82.4,11.26646942628139
Node_1,Temperature Sensor,45,0.28200899297928006,0.12945604688827483,3.3132928725449737,80.5,8.329999333066533
Node_1,Temperature Sensor,46,0.31403275685433696,0.10647108339290792,3.3973164091774875,86.7,6.236986451805071
Node_1,Temperature Sensor,47,0.3257577903020035,0.08622649032796399,3.0967436533476262,81.1,13.303717107969822
Node_1,Temperature Sensor,48,0.350916169555768,0.12957800277742051,2.915861553245948,84.4,11.720826667849746
Node_1,Temperature Sensor,49,0.23623767027204678,0.11809986952506928,4.654988343764643,86.2,13.406466101599383
Node_1,Temperature Sensor,50,0.3308234484760334,0.13006132383172522,2.8535475093243554,76.7,11.096045341572024
Node_1,Temperature Sensor,51,0.2755752859933807,0.11407442332547829,3.6916011534068844,77.0,12.24744871391589
Node_1,Temperature Sensor,52,0.22980964678073407,0.12529718804484655,4.864290886166636,76.1,13.502674632169072
Node_1,Temperature Sensor,53,0.3768654638925398,0.1048628169974292,2.6703152834744035,75.1,10.47165486232026
Node_1,Temperature Sensor,54,0.2906323769347011,0.09741640880032054,3.2444035373714257,79.7,12.074306973441121
Node_1,Temperature Sensor,55,0.3054075202000547,0.10648174796331286,3.1931849718346763,73.5,10.855106325289187
Node_1,Temperature Sensor,56,0.3222017007774639,0.08829364041725554,3.019548784369042,86.1,11.761046816598522
Node_1,Temperature Sensor,57,0.3540044917743813,0.0913467795789006,2.891404463527205,71.3,11.333823518811096
Node_1,Temperature Sensor,58,0.2908758604191178,0.09560406680964145,3.408025118060068,74.3,8.628763269180327
Node_1,Temperature Sensor,59,0.2574309181189392,0.12243033161151895,4.0854964037553145,76.9,9.791719858011554
Node_1,Temperature Sensor,60,0.3057247696773146,0.14017086530201092,3.0733322710057096,78.3,14.552968387545164
Node_1,Temperature Sensor,61,0.29213970642999526,0.11554536000170472,3.4804822593165055,77.6,8.422192905255336
Node_1,Temperature Sensor,62,0.2950087186240296,0.10519943234951126,3.4777453137711793,80.4,10.80329167944248
Node_1,Temperature Sensor,63,0.28155147942291026,0.1282958465492309,3.4730909585945824,82.2,9.612491872558333
Node_1,Temperature Sensor,64,0.2309519955700523,0.08567314787728347,4.15106327184714,78.7,9.730250653389037
Node_1,Temperature Sensor,65,0.3508306758046416,0.1175603125274929,2.8690242423952013,82.6,8.044321668799123
Node_1,Temperature Sensor,66,0.2956050496720309,0.133958584356365,3.5651091218659934,81.0,10.47748909700114
Node_1,Temperature Sensor,67,0.32647785795526546,0.09998264704978894,2.857433514726948,72.5,7.412451985979028
Node_1,Temperature Sensor,68,0.3571462844975798,0.125599109355011,2.858945992983363,82.0,10.593499054713803
Node_1,Temperature Sensor,69,0.3049383308718944,0.12856435461730858,3.449707438467443,77.5,14.485625058427177
Node_1,Temperature Sensor,70,0.2703391092704749,0.12452900420808445,3.8405623501131387,76.1,11.090035567521364
Node_1,Temperature Sensor,71,0.2950139161042017,0.11900297053555726,3.3554432892612645,74.8,10.464755664185912
Node_4,Motion Sensor,1,3.692213058766888,2.0932881592062893,0.2778771696290807,85.3,13.556876074114157
Node_4,Motion Sensor,2,0.02335316336911717,0.011536049710576335,41.92664598743028,76.2,10.228500487472354
Node_4,Motion Sensor,3,1.2851849255196406,2.0418628912569976,0.7019077493166598,85.4,5.295700562196132
Node_4,Motion Sensor,4,0.03555946127676961,0.012301142676838479,29.16636811231194,82.5,14.245857097572067
Node_4,Motion Sensor,5,0.025290349033440407,0.010552887069422645,37.469532508418524,84.0,12.119772641798562
Node_4,Motion Sensor,6,0.027931438332669246,0.011065183005151432,36.73084865932021,77.8,12.35403667722507
Node_4,Motion Sensor,7,2.163474236782226,2.7552973319266543,0.4164038674838126,71.9,11.836384583140243
Node_4,Motion Sensor,8,4.4893272515505505,0.7948633089337528,0.2150724850415468,87.3,8.11103500725332
Node_4,Motion Sensor,9,2.1216023504696535,2.292071518089798,0.518137973482935,76.1,11.836384583140243
Node_4,Motion Sensor,10,0.030717984279189637,0.01259655954434144,30.339809238149343,73.2,11.867790208983493
Node_4,Motion Sensor,11,0.366350982025898,1.0748986999651324,2.471413787880399,86.3,12.763228431709589
Node_4,Motion Sensor,12,0.03213862496232878,0.012804319879679999,32.79905368734517,76.8,10.972693379476162
Node_4,Motion Sensor,13,3.1822620919046756,2.3179487226012334,0.2832134448230923,82.8,11.89584427903758
Node_4,Motion Sensor,14,4.106008578665433,0.8606645910521896,0.24602074048230502,80.9,11.229425630903835
Node_4,Motion Sensor,15,4.070767859295214,0.9568524840718469,0.2409253385548895,79.5,12.0761472884912
Node_4,Motion Sensor,16,0.03464817969743876,0.013237088754557312,26.84987969002416,79.8,12.062798643395782
Node_4,Motion Sensor,17,0.027872214136414185,0.011697763720039648,34.61992716983393,79.2,12.452576707921404
Node_4,Motion Sensor,18,0.49693107574454415,1.4737678353686101,1.8227301592880767,80.2,12.734903917100347
Node_4,Motion Sensor,19,0.028028621689207965,0.01152243359561376,35.14901078921063,78.9,13.551957628164114
Node_4,Motion Sensor,20,2.186929683208251,2.800465783647669,0.4122381894693525,78.2,15.273797461302442
Node_4,Motion Sensor,21,0.029953618704740847,0.013316422198322445,33.62591051898565,73.0,10.954451150103322
Node_4,Motion Sensor,22,0.4049823686016623,1.1698973066475409,2.240436501863127,82.6,11.983321743156194
Node_4,Motion Sensor,23,0.027800117413585214,0.010144849862986714,35.10486112805375,80.1,14.29413244034846
Node_4,Motion Sensor,24,1.5704180129405358,2.057646419684818,0.5741726306980658,74.9,11.159948227677601
Node_4,Motion Sensor,25,4.139986473376484,0.7486411302606314,0.23996893634212943,83.2,11.380294860464343
Node_4,Motion Sensor,26,1.8720055473403079,2.433491617222406,0.6670843884290113,77.6,11.918239989379492
Node_4,Motion Sensor,27,0.034089731980856186,0.011086964971652956,27.90638862224074,77.6,11.786998487033639
Node_4,Motion Sensor,28,0.03170350359057465,0.012044226091728708,30.81029257324445,78.3,12.111060142604272
Node_4,Motion Sensor,29,0.0317131926495108,0.00797266988620026,31.359161929334185,89.4,10.243697249203207
Node_4,Motion Sensor,30,2.682729163824331,2.3772556963518463,0.33573837312727883,79.2,13.505554412907307
Node_4,Motion Sensor,31,0.02246212853718248,0.011825418449476212,45.34084422090108,77.9,11.4741254810794
Node_4,Motion Sensor,32,0.02953362525187799,0.011121908208373311,34.14401945916818,79.3,14.989255411052872
Node_4,Motion Sensor,33,3.70985199590105,2.1356340884200877,0.24266874580390685,74.4,11.796421302901805
Node_4,Motion Sensor,34,0.9518273120773302,2.0546909637304034,1.4594630011138097,80.0,12.832251036613439
Node_4,Motion Sensor,35,0.03309106958621442,0.010617892943368259,31.826690636279608,79.4,9.547541859324605
Node_4,Motion Sensor,36,0.03460480488436701,0.009867686898466578,29.926803477343114,83.3,10.100055005350768
Node_4,Motion Sensor,37,0.02353124194818861,0.010582029574887871,46.64401475580554,73.1,7.32499525976335
Node_4,Motion Sensor,38,1.0624542468698621,2.178368241009363,0.850188168633196,84.0,12.666666666666668
Node_4,Motion Sensor,39,0.02976689286152805,0.013589482893151678,35.82756866522727,82.2,9.72739544905121
Node_4,Motion Sensor,40,1.8920703474946776,2.4885321291846805,0.4763790061992695,77.4,14.592235378218557
Node_4,Motion Sensor,41,4.6609906726745125,1.0635260552429815,0.20744602043142196,78.5,10.824355254086345
Node_4,Motion Sensor,42,4.631765759164329,1.0797547321830927,0.2107729132523077,73.0,11.766241729815194
Node_4,Motion Sensor,43,2.594292558519146,2.288077788501657,0.42861680689284387,71.8,10.768266135063508
Node_4,Motion Sensor,44,0.027547435389999465,0.010457840419540933,37.31707968007773,77.3,11.499275339486978
