Node_ID,Node_Type,Timestamp,Packet_Size
Node_2,Smart Light,0.023300744334879393,61
Node_3,Smart Plug,0.03478063108617332,96
Node_2,Smart Light,0.05514129414318705,92
Node_2,Smart Light,0.07214485922525539,91
Node_2,Smart Light,0.1007297752151369,87
Node_2,Smart Light,0.13599920912547042,92
Node_2,Smart Light,0.1485232306067594,91
Node_5,Camera-like Traffic Generator,0.16368992126583498,3205
Node_2,Smart Light,0.17683041370465352,71
Node_2,Smart Light,0.18858266473101845,67
Node_2,Smart Light,0.20025890240823374,97
Node_2,Smart Light,0.2308742459784137,99
Node_2,Smart Light,0.26259547388458115,70
Node_5,Camera-like Traffic Generator,0.2924877844913861,2503
Node_2,Smart Light,0.30272711063733576,67
Node_2,Smart Light,0.3270060776787503,91
Node_1,Temperature Sensor,0.3557707193831535,61
Node_2,Smart Light,0.3716380087618726,73
Node_2,Smart Light,0.3866170090916479,74
Node_5,Camera-like Traffic Generator,0.4109956670739613,3407
Node_2,Smart Light,0.4321964697721392,89
Node_2,Smart Light,0.47798196957034134,75
Node_2,Smart Light,0.5269309129429537,79
Node_2,Smart Light,0.5568318486426987,96
Node_1,Temperature Sensor,0.5657824467308012,68
Node_5,Camera-like Traffic Generator,0.5732075020684848,3239
Node_2,Smart Light,0.5876028827840964,92
Node_2,Smart Light,0.6266861357578019,63
Node_2,Smart Light,0.660784267711011,92
Node_2,Smart Light,0.6926032436047964,72
Node_2,Smart Light,0.7058060000477963,86
Node_2,Smart Light,0.7280658342914264,84
Node_2,Smart Light,0.7551104772067482,87
Node_5,Camera-like Traffic Generator,0.7584638959978082,3187
Node_2,Smart Light,0.7791723565576278,61
Node_2,Smart Light,0.8239738435598836,74
Node_2,Smart Light,0.8738998674708055,70
Node_5,Camera-like Traffic Generator,0.8754871533987325,3181
Node_2,Smart Light,0.9231009586385767,97
Node_2,Smart Light,0.9361026052381031,85
Node_1,Temperature Sensor,0.9603709323964063,87
Node_2,Smart Light,0.9606350504641423,92
Node_5,Camera-like Traffic Generator,0.992151698776333,2832
Node_2,Smart Light,0.9978114747767299,98
Node_2,Smart Light,1.0135226535112318,84
Node_2,Smart Light,1.0547751323009704,61
Node_2,Smart Light,1.0674644668234547,91
Node_2,Smart Light,1.0921176057477406,75
Node_2,Smart Light,1.1248073914167054,84
Node_5,Camera-like Traffic Generator,1.1376733307188984,3462
Node_3,Smart Plug,1.150232815836628,84
Node_2,Smart Light,1.1619698736932411,97
Node_2,Smart Light,1.1868504088320684,90
Node_2,Smart Light,1.2198072799654243,81
Node_2,Smart Light,1.2457286418035223,85
Node_2,Smart Light,1.265713107927258,64
Node_5,Camera-like Traffic Generator,1.3042764686252417,2927
Node_2,Smart Light,1.3051401023064353,79
Node_2,Smart Light,1.3306195975080057,82
Node_2,Smart Light,1.3510906645715055,70
Node_2,Smart Light,1.3789415890677301,99
Node_2,Smart Light,1.4003646641756564,96
Node_5,Camera-like Traffic Generator,1.4063591533936168,3474
Node_1,Temperature Sensor,1.4172427594783445,63
Node_2,Smart Light,1.4300126719858253,64
Node_2,Smart Light,1.4741257236011982,78
Node_2,Smart Light,1.5200728848326475,77
Node_2,Smart Light,1.5335845144768367,87
Node_2,Smart Light,1.5774053632358247,72
Node_5,Camera-like Traffic Generator,1.594484906108621,2670
Node_2,Smart Light,1.6013023750253672,62
Node_2,Smart Light,1.6329892294743897,95
Node_2,Smart Light,1.6770437115045147,88
Node_1,Temperature Sensor,1.6860114873524528,61
Node_2,Smart Light,1.7241366897734418,85
Node_2,Smart Light,1.765884545127242,80
Node_5,Camera-like Traffic Generator,1.7705109813325213,2509
Node_2,Smart Light,1.7807390433303802,68
Node_2,Smart Light,1.796294118211915,91
Node_2,Smart Light,1.8073454792842456,82
Node_2,Smart Light,1.8321019259042943,92
Node_2,Smart Light,1.8641678032613513,84
Node_1,Temperature Sensor,1.8734666772738942,80
Node_2,Smart Light,1.8776164225274286,72
Node_5,Camera-like Traffic Generator,1.905725345838484,2973
Node_2,Smart Light,1.927600224284804,88
Node_2,Smart Light,1.958628050478016,90
Node_1,Temperature Sensor,1.9840810651474396,67
Node_2,Smart Light,2.0015616264583516,62
Node_5,Camera-like Traffic Generator,2.005825993115353,3373
Node_2,Smart Light,2.0504568157189023,85
Node_2,Smart Light,2.078455795545422,87
Node_2,Smart Light,2.10223638677353,95
Node_2,Smart Light,2.1434469039270625,85
Node_5,Camera-like Traffic Generator,2.153082817571051,2545
Node_2,Smart Light,2.160725429389148,98
Node_2,Smart Light,2.188030160848427,96
Node_2,Smart Light,2.200246674849138,64
Node_2,Smart Light,2.2163672935215457,66
Node_2,Smart Light,2.239273723567728,88
Node_5,Camera-like Traffic Generator,2.2548218997340768,3180
Node_2,Smart Light,2.2631146468614025,97
Node_2,Smart Light,2.3089116835342476,93
Node_2,Smart Light,2.3289358958935273,85
Node_1,Temperature Sensor,2.344034840259249,81
Node_3,Smart Plug,2.359151768828266,82
Node_2,Smart Light,2.360969552512853,65
Node_2,Smart Light,2.3830825367572084,81
Node_5,Camera-like Traffic Generator,2.383887756694015,2728
Node_2,Smart Light,2.413185462546859,66
Node_2,Smart Light,2.460849742061603,66
Node_2,Smart Light,2.497199056996953,88
Node_2,Smart Light,2.531404613311427,93
Node_1,Temperature Sensor,2.5322110890755276,83
Node_5,Camera-like Traffic Generator,2.5342024037779716,3254
Node_2,Smart Light,2.563949334688679,93
Node_2,Smart Light,2.575084274204634,61
Node_2,Smart Light,2.6107424235576087,83
Node_2,Smart Light,2.646787622657033,90
Node_2,Smart Light,2.6734510940035627,85
Node_2,Smart Light,2.7033726164090073,85
Node_5,Camera-like Traffic Generator,2.711728059028156,2599
Node_2,Smart Light,2.7249594826810717,98
Node_2,Smart Light,2.7542772754080884,92
Node_2,Smart Light,2.7916769090559157,71
Node_2,Smart Light,2.8045958300761296,62
Node_2,Smart Light,2.832180050072946,79
Node_2,Smart Light,2.850340970615482,84
Node_2,Smart Light,2.872844270585359,88
Node_5,Camera-like Traffic Generator,2.8921173208223854,2835
Node_2,Smart Light,2.912212260777541,94
Node_1,Temperature Sensor,2.9559832717466583,60
Node_2,Smart Light,2.9612272258941363,65
Node_2,Smart Light,2.986048833816148,82
Node_2,Smart Light,3.0088134692722743,78
Node_2,Smart Light,3.0295123362504417,69
Node_5,Camera-like Traffic Generator,3.041183505830982,2850
Node_2,Smart Light,3.0433848023528647,71
Node_2,Smart Light,3.068750795692929,84
Node_2,Smart Light,3.0886816069081764,94
Node_2,Smart Light,3.1050695933933827,73
Node_2,Smart Light,3.1381770749091267,72
Node_2,Smart Light,3.1787019299146717,79
Node_5,Camera-like Traffic Generator,3.195755013148808,3163
Node_2,Smart Light,3.2092909234839313,79
Node_2,Smart Light,3.2316325427661083,60
Node_2,Smart Light,3.2794418549288777,80
Node_5,Camera-like Traffic Generator,3.321108697696567,2958
Node_2,Smart Light,3.328109320150977,68
Node_2,Smart Light,3.352225123705231,62
Node_1,Temperature Sensor,3.3783109724797815,87
Node_3,Smart Plug,3.380584980475697,77
Node_2,Smart Light,3.3820208918462384,95
Node_3,Smart Plug,3.4004319860175163,68
Node_2,Smart Light,3.418191293321823,78
Node_2,Smart Light,3.4496589232933803,93
Node_2,Smart Light,3.476896034067282,95
Node_5,Camera-like Traffic Generator,3.5038836455429694,2801
Node_2,Smart Light,3.5159963566016574,90
Node_2,Smart Light,3.54063385070236,76
Node_2,Smart Light,3.573445116457601,67
Node_2,Smart Light,3.605574033522447,62
Node_1,Temperature Sensor,3.614411179086978,66
Node_2,Smart Light,3.635744254687375,90
Node_5,Camera-like Traffic Generator,3.6372575325539107,3017
Node_2,Smart Light,3.6569330817923342,99
Node_2,Smart Light,3.6941490273970885,64
Node_2,Smart Light,3.7431523400136397,75
Node_2,Smart Light,3.7849482291488776,73
Node_5,Camera-like Traffic Generator,3.8036512349245513,3365
Node_2,Smart Light,3.8325061718270925,90
Node_2,Smart Light,3.8504684870891905,80
Node_2,Smart Light,3.8804716032320163,61
Node_2,Smart Light,3.895953058174717,73
Node_2,Smart Light,3.9249028241905246,78
Node_2,Smart Light,3.959153245086677,80
Node_2,Smart Light,3.982271878992138,84
Node_5,Camera-like Traffic Generator,3.9880209469463073,2984
Node_2,Smart Light,3.9987719608272156,99
Node_2,Smart Light,4.03834473525016,71
Node_2,Smart Light,4.0617996733362265,93
Node_2,Smart Light,4.093093266531262,88
Node_1,Temperature Sensor,4.097296407969691,73
Node_5,Camera-like Traffic Generator,4.115014691532554,3019
Node_2,Smart Light,4.115084889120758,92
Node_2,Smart Light,4.1398192015153885,86
Node_2,Smart Light,4.189015122762555,83
Node_2,Smart Light,4.230885315319761,89
Node_1,Temperature Sensor,4.23439474532175,63
Node_2,Smart Light,4.268407061367872,61
Node_5,Camera-like Traffic Generator,4.278994722561486,2647
Node_2,Smart Light,4.297390669931275,98
Node_2,Smart Light,4.338706829588531,91
Node_2,Smart Light,4.371812205423098,88
Node_2,Smart Light,4.405153136505004,66
Node_5,Camera-like Traffic Generator,4.420026617287245,2720
Node_2,Smart Light,4.440314146150818,84
Node_2,Smart Light,4.483960831149149,65
Node_3,Smart Plug,4.505718832280298,93
Node_2,Smart Light,4.521189906951176,61
Node_3,Smart Plug,4.545037744110354,95
Node_2,Smart Light,4.569118113782548,64
Node_2,Smart Light,4.579875608482813,72
Node_2,Smart Light,4.595932858807587,87
Node_5,Camera-like Traffic Generator,4.619435323670379,2857
Node_2,Smart Light,4.622347955180495,90
Node_2,Smart Light,4.669168793176383,94
Node_1,Temperature Sensor,4.673392491860734,84
Node_2,Smart Light,4.708602284027131,62
Node_5,Camera-like Traffic Generator,4.722525791156438,3077
Node_2,Smart Light,4.724125583458539,68
Node_2,Smart Light,4.747127564835582,86
Node_2,Smart Light,4.778146650891583,72
Node_2,Smart Light,4.795073947845876,96
Node_2,Smart Light,4.818767028553149,74
Node_2,Smart Light,4.859646619919099,88
Node_5,Camera-like Traffic Generator,4.892106399742877,2930
Node_2,Smart Light,4.895378983919077,87
Node_2,Smart Light,4.929782047122227,67
Node_2,Smart Light,4.949642812543321,82
Node_2,Smart Light,4.968637494063034,98
Node_2,Smart Light,4.99054207667411,71
Node_2,Smart Light,5.008833188468296,88
Node_5,Camera-like Traffic Generator,5.01273715184767,2589
Node_2,Smart Light,5.031514818269034,73
Node_2,Smart Light,5.078862833259866,91
Node_1,Temperature Sensor,5.096243801170486,89
Node_2,Smart Light,5.099801134730083,64
Node_2,Smart Light,5.136866024561385,75
Node_2,Smart Light,5.18607244605424,92
Node_5,Camera-like Traffic Generator,5.204801877421637,2877
Node_2,Smart Light,5.234256800589899,92
Node_2,Smart Light,5.255874906669616,71
Node_4,Motion Sensor,5.282699691406308,69
Node_2,Smart Light,5.294440558169552,73
Node_5,Camera-like Traffic Generator,5.315595043258458,2773
Node_2,Smart Light,5.3221356026441455,70
Node_2,Smart Light,5.351298773164805,68
Node_2,Smart Light,5.382841890113151,97
Node_1,Temperature Sensor,5.410735037752366,98
Node_2,Smart Light,5.420688742139024,65
Node_2,Smart Light,5.455315823515604,83
Node_2,Smart Light,5.475014145052016,86
Node_5,Camera-like Traffic Generator,5.47828421400556,3044
Node_2,Smart Light,5.506255804641327,85
Node_2,Smart Light,5.518355448914906,76
Node_2,Smart Light,5.557049771164915,64
Node_3,Smart Plug,5.596156865589872,72
Node_2,Smart Light,5.597880413488847,60
Node_2,Smart Light,5.629894516120031,97
Node_2,Smart Light,5.656170814181906,97
Node_1,Temperature Sensor,5.662148788635708,82
Node_5,Camera-like Traffic Generator,5.669523259155594,3487
Node_2,Smart Light,5.7013067990424755,79
Node_2,Smart Light,5.71928503802918,98
Node_2,Smart Light,5.742131746113946,85
Node_2,Smart Light,5.788449224463371,63
Node_2,Smart Light,5.821414558590386,81
Node_5,Camera-like Traffic Generator,5.85713254317425,2674
Node_2,Smart Light,5.860339265720083,97
Node_2,Smart Light,5.906868454746877,67
Node_2,Smart Light,5.9521582536734705,67
Node_2,Smart Light,5.998943646147508,99
Node_2,Smart Light,6.02482342911864,79
Node_5,Camera-like Traffic Generator,6.04816527670336,2848
Node_2,Smart Light,6.07228777890975,98
Node_1,Temperature Sensor,6.093910654336906,84
Node_2,Smart Light,6.119329366825608,95
Node_2,Smart Light,6.129700053564812,82
Node_2,Smart Light,6.143992081195753,99
Node_2,Smart Light,6.165374547289755,99
Node_5,Camera-like Traffic Generator,6.181284843733303,3089
Node_2,Smart Light,6.1971065666320335,79
Node_2,Smart Light,6.244648986701669,94
Node_2,Smart Light,6.27336981746192,67
Node_2,Smart Light,6.287875687902726,66
Node_2,Smart Light,6.316232266744021,70
Node_2,Smart Light,6.3336802295091434,89
Node_2,Smart Light,6.375310936086153,82
Node_5,Camera-like Traffic Generator,6.37581149374033,2776
Node_2,Smart Light,6.415602246096456,67
Node_2,Smart Light,6.459848106267394,95
Node_5,Camera-like Traffic Generator,6.494868760185118,3079
Node_2,Smart Light,6.502927699278446,80
Node_2,Smart Light,6.51639721007238,86
Node_3,Smart Plug,6.51919597821653,84
Node_2,Smart Light,6.533788458114274,65
Node_1,Temperature Sensor,6.538593414461217,83
Node_2,Smart Light,6.5567325249176776,69
Node_2,Smart Light,6.577163936000296,69
Node_2,Smart Light,6.617314202071554,98
Node_2,Smart Light,6.639392035659219,88
Node_2,Smart Light,6.6498494650269855,86
Node_5,Camera-like Traffic Generator,6.665052323673299,3334
Node_2,Smart Light,6.687560208643895,62
Node_2,Smart Light,6.702289202556054,72
Node_2,Smart Light,6.72850586707479,80
Node_2,Smart Light,6.77431060186744,88
Node_5,Camera-like Traffic Generator,6.777348450034087,3295
Node_2,Smart Light,6.796749719802826,64
Node_2,Smart Light,6.8433949352368515,71
Node_2,Smart Light,6.877979953162606,68
Node_2,Smart Light,6.893322704450478,66
Node_1,Temperature Sensor,6.920422148947186,61
Node_2,Smart Light,6.9332320979365125,84
Node_5,Camera-like Traffic Generator,6.9340146930866835,3292
Node_2,Smart Light,6.959865922553761,81
Node_2,Smart Light,6.988699045628934,81
Node_2,Smart Light,7.025262823202521,68
Node_2,Smart Light,7.045161440374864,90
Node_5,Camera-like Traffic Generator,7.068714474540597,2610
Node_2,Smart Light,7.090086842714373,63
Node_1,Temperature Sensor,7.111581459207805,71
Node_2,Smart Light,7.1179567618142325,88
Node_2,Smart Light,7.1310808707001305,82
Node_2,Smart Light,7.143551192602398,81
Node_5,Camera-like Traffic Generator,7.169547962423008,3427
Node_2,Smart Light,7.173770674846101,82
Node_2,Smart Light,7.189764770101397,73
Node_2,Smart Light,7.220578431748788,64
Node_2,Smart Light,7.2387944911703626,83
Node_1,Temperature Sensor,7.243498249977256,69
Node_2,Smart Light,7.25243215694843,80
Node_5,Camera-like Traffic Generator,7.284261071310023,3180
Node_2,Smart Light,7.2947798402755195,78
Node_2,Smart Light,7.325309754003585,78
Node_2,Smart Light,7.337619225240886,78
Node_2,Smart Light,7.379895839343061,88
Node_1,Temperature Sensor,7.383898821741148,71
Node_2,Smart Light,7.405733787741191,92
Node_5,Camera-like Traffic Generator,7.436579688241664,2789
Node_2,Smart Light,7.445565967054463,83
Node_2,Smart Light,7.457377559163577,73
Node_2,Smart Light,7.4699279556480604,99
Node_2,Smart Light,7.517311267603458,62
Node_2,Smart Light,7.564662290106855,61
Node_2,Smart Light,7.591016967539625,90
Node_5,Camera-like Traffic Generator,7.592393773147288,2662
Node_2,Smart Light,7.631650074856574,99
Node_2,Smart Light,7.667485307580461,76
Node_2,Smart Light,7.717199571523696,75
Node_1,Temperature Sensor,7.738172599446909,74
Node_5,Camera-like Traffic Generator,7.741076252922434,2564
Node_2,Smart Light,7.761984382936125,96
Node_2,Smart Light,7.787010204288204,87
Node_2,Smart Light,7.823481905813223,81
Node_2,Smart Light,7.859623269749971,73
Node_5,Camera-like Traffic Generator,7.870548925873352,2953
Node_2,Smart Light,7.876762214910135,81
Node_2,Smart Light,7.907915916491896,89
Node_3,Smart Plug,7.92029553697609,65
Node_2,Smart Light,7.926823525130547,60
Node_2,Smart Light,7.937732938223426,71
Node_2,Smart Light,7.974672932534489,81
Node_1,Temperature Sensor,7.986244986293662,68
Node_5,Camera-like Traffic Generator,7.992281456082042,3325
Node_2,Smart Light,8.005950276874358,92
Node_2,Smart Light,8.02585075841451,73
Node_2,Smart Light,8.046876747526316,97
Node_2,Smart Light,8.085877705362673,64
Node_5,Camera-like Traffic Generator,8.104625032672157,2988
Node_2,Smart Light,8.12825683270424,76
Node_2,Smart Light,8.168898971404797,95
Node_2,Smart Light,8.179524803259339,68
Node_1,Temperature Sensor,8.193036115113307,97
Node_2,Smart Light,8.19356067178304,61
Node_5,Camera-like Traffic Generator,8.205134057404212,2852
Node_2,Smart Light,8.227472067652302,88
Node_2,Smart Light,8.239419120502053,89
Node_2,Smart Light,8.265509734534488,69
Node_2,Smart Light,8.28420050294159,94
Node_2,Smart Light,8.296458264342569,80
Node_2,Smart Light,8.318028802396725,92
Node_2,Smart Light,8.357289501721366,72
Node_5,Camera-like Traffic Generator,8.388545062544042,2549
Node_2,Smart Light,8.391206208692457,86
Node_2,Smart Light,8.414032813308177,72
Node_2,Smart Light,8.42976323067471,86
Node_2,Smart Light,8.448604940292553,72
Node_2,Smart Light,8.461043245776823,97
Node_5,Camera-like Traffic Generator,8.502316940987862,3378
Node_2,Smart Light,8.506231801415378,96
Node_2,Smart Light,8.541271526921312,77
Node_1,Temperature Sensor,8.552250269211944,84
Node_2,Smart Light,8.571096358421032,98
Node_2,Smart Light,8.61875981481431,86
Node_2,Smart Light,8.66019199865353,72
Node_5,Camera-like Traffic Generator,8.680843270877018,3001
Node_2,Smart Light,8.686844983990389,65
Node_2,Smart Light,8.711903391530674,90
Node_1,Temperature Sensor,8.720705728491183,89
Node_2,Smart Light,8.740844144347163,93
Node_2,Smart Light,8.762873601098969,88
Node_2,Smart Light,8.805104647496364,96
Node_2,Smart Light,8.83760008547984,98
Node_2,Smart Light,8.869891555807811,65
Node_5,Camera-like Traffic Generator,8.87669570012458,3060
Node_1,Temperature Sensor,8.886066725995954,75
Node_2,Smart Light,8.889605896451394,68
Node_3,Smart Plug,8.904559792391598,95
Node_3,Smart Plug,8.917575790663333,60
Node_2,Smart Light,8.925474130513312,96
Node_2,Smart Light,8.969359465950095,63
Node_2,Smart Light,9.008342854442382,67
Node_2,Smart Light,9.029081317956582,86
Node_2,Smart Light,9.063198199756144,94
Node_5,Camera-like Traffic Generator,9.072064225574515,3213
Node_2,Smart Light,9.080724731513454,90
Node_2,Smart Light,9.11969694110754,82
Node_2,Smart Light,9.148872709366376,94
Node_2,Smart Light,9.17219128179913,98
Node_2,Smart Light,9.182804630048269,97
Node_5,Camera-like Traffic Generator,9.186328651206809,3233
Node_2,Smart Light,9.231287732292847,64
Node_2,Smart Light,9.28127061257356,79
Node_2,Smart Light,9.30097433984739,84
Node_2,Smart Light,9.319154865566505,96
Node_5,Camera-like Traffic Generator,9.329533729589022,3418
Node_2,Smart Light,9.351238037268418,91
Node_2,Smart Light,9.376464507043336,81
Node_1,Temperature Sensor,9.381876066250593,85
Node_2,Smart Light,9.400834889265399,70
Node_2,Smart Light,9.43134755086635,79
Node_2,Smart Light,9.44529188012897,99
Node_5,Camera-like Traffic Generator,9.45861393218257,2532
Node_2,Smart Light,9.474071497009872,93
Node_2,Smart Light,9.520644716965771,74
Node_2,Smart Light,9.547201923788917,82
Node_2,Smart Light,9.566052887721566,65
Node_2,Smart Light,9.586483852117958,97
Node_2,Smart Light,9.619649569159455,76
Node_2,Smart Light,9.63574602556682,73
Node_5,Camera-like Traffic Generator,9.651907408551528,2748
Node_2,Smart Light,9.660939616556467,93
Node_2,Smart Light,9.69091167585124,86
Node_1,Temperature Sensor,9.704655963760452,87
Node_2,Smart Light,9.728305540345076,70
Node_3,Smart Plug,9.73941175236915,83
Node_2,Smart Light,9.771169217932771,98
Node_2,Smart Light,9.80683699610872,79
Node_4,Motion Sensor,9.81641919797239,69
Node_5,Camera-like Traffic Generator,9.819757436259525,2886
Node_2,Smart Light,9.823566341946782,91
Node_2,Smart Light,9.84033697038119,88
Node_2,Smart Light,9.869869623231354,96
Node_2,Smart Light,9.901555097445408,85
Node_2,Smart Light,9.913904379508638,61
Node_2,Smart Light,9.957772274835948,97
Node_5,Camera-like Traffic Generator,9.959668796528495,3404
Node_2,Smart Light,9.994500896571674,90
Node_2,Smart Light,10.020996585468298,93
Node_2,Smart Light,10.040253921151395,88
Node_2,Smart Light,10.050619579619022,80
Node_2,Smart Light,10.075547607326495,84
Node_2,Smart Light,10.112217796508629,84
Node_2,Smart Light,10.141545962653502,79
Node_1,Temperature Sensor,10.141796731836376,91
Node_5,Camera-like Traffic Generator,10.148972160582803,3420
Node_2,Smart Light,10.15181045693319,82
Node_2,Smart Light,10.162284495658305,81
Node_2,Smart Light,10.183274125146218,99
Node_2,Smart Light,10.193959829050314,92
Node_2,Smart Light,10.230921147135083,92
Node_2,Smart Light,10.277312081775033,64
Node_2,Smart Light,10.291164637385089,65
Node_5,Camera-like Traffic Generator,10.30867603987268,2673
Node_2,Smart Light,10.308841919664754,81
Node_1,Temperature Sensor,10.333415960622018,61
Node_2,Smart Light,10.351450495293285,70
Node_2,Smart Light,10.377326352193208,74
Node_2,Smart Light,10.403567448588163,82
Node_5,Camera-like Traffic Generator,10.452257666942781,3375
Node_2,Smart Light,10.453176769853751,69
Node_2,Smart Light,10.490538434872567,93
Node_2,Smart Light,10.526687863654933,94
Node_1,Temperature Sensor,10.559597179845651,70
Node_2,Smart Light,10.567071297662007,63
Node_2,Smart Light,10.5922418585516,82
Node_2,Smart Light,10.604486456116758,60
Node_2,Smart Light,10.6213417991256,79
Node_5,Camera-like Traffic Generator,10.632695691924226,2639
Node_2,Smart Light,10.648698185204466,91
Node_2,Smart Light,10.681332450322508,94
Node_2,Smart Light,10.695146923741337,81
Node_2,Smart Light,10.70684899404602,68
Node_1,Temperature Sensor,10.743990317280183,97
Node_2,Smart Light,10.751573669669284,95
Node_2,Smart Light,10.780593681175095,61
Node_2,Smart Light,10.793567603572122,97
Node_5,Camera-like Traffic Generator,10.809461727778675,2750
Node_2,Smart Light,10.839540069606722,82
Node_2,Smart Light,10.85085614081286,97
Node_2,Smart Light,10.873435528541926,98
Node_2,Smart Light,10.906916972705305,90
Node_2,Smart Light,10.94542542870328,75
Node_5,Camera-like Traffic Generator,10.951092958158528,2699
Node_3,Smart Plug,10.952437170657653,96
Node_2,Smart Light,10.958502928360932,66
Node_2,Smart Light,10.978121816133104,93
Node_2,Smart Light,11.003688080427798,95
Node_2,Smart Light,11.026957274012672,90
Node_2,Smart Light,11.04255529778208,99
Node_2,Smart Light,11.081521840585852,80
Node_5,Camera-like Traffic Generator,11.081592567782078,2797
Node_2,Smart Light,11.130494773683292,62
Node_2,Smart Light,11.157978303797032,93
Node_2,Smart Light,11.181602013656036,90
Node_1,Temperature Sensor,11.19453736786925,72
Node_2,Smart Light,11.229796349532624,75
Node_2,Smart Light,11.270738546177876,61
Node_5,Camera-like Traffic Generator,11.274304432662042,2961
Node_2,Smart Light,11.291671627323028,99
Node_2,Smart Light,11.32129576556746,74
Node_2,Smart Light,11.368941479366288,77
Node_5,Camera-like Traffic Generator,11.392641649915463,3282
Node_2,Smart Light,11.406129273689814,86
Node_2,Smart Light,11.419557038395283,84
Node_2,Smart Light,11.461479245347393,88
Node_2,Smart Light,11.474760765734318,66
Node_2,Smart Light,11.513227851925462,85
Node_2,Smart Light,11.552814063484526,72
Node_1,Temperature Sensor,11.556712833987202,75
Node_2,Smart Light,11.567076100192976,60
Node_5,Camera-like Traffic Generator,11.576026884567097,2596
Node_2,Smart Light,11.589406798398429,74
Node_2,Smart Light,11.610197456128004,65
Node_2,Smart Light,11.627693127469119,77
Node_2,Smart Light,11.659882727493473,76
Node_2,Smart Light,11.670933203654005,74
Node_2,Smart Light,11.6846557740724,83
Node_2,Smart Light,11.707632987295296,75
Node_5,Camera-like Traffic Generator,11.728684024197639,3194
Node_2,Smart Light,11.72930688134715,75
Node_2,Smart Light,11.74269486202429,96
Node_2,Smart Light,11.788903164996825,99
Node_2,Smart Light,11.821781582226807,66
Node_2,Smart Light,11.847010863166357,65
Node_2,Smart Light,11.86905611378136,79
Node_5,Camera-like Traffic Generator,11.879065541559399,3185
Node_2,Smart Light,11.881586799792439,77
Node_2,Smart Light,11.90843089338334,79
Node_2,Smart Light,11.921507747839145,70
Node_2,Smart Light,11.941371350573025,85
Node_2,Smart Light,11.975123606494588,67
Node_2,Smart Light,11.989402501197825,72
Node_5,Camera-like Traffic Generator,12.014821440711842,2854
Node_1,Temperature Sensor,12.02253186988342,78
Node_2,Smart Light,12.037355439693608,73
Node_2,Smart Light,12.072163127208595,92
Node_2,Smart Light,12.095344795859766,73
Node_3,Smart Plug,12.132865697400335,99
Node_2,Smart Light,12.137963814659887,94
Node_5,Camera-like Traffic Generator,12.16147669658125,3461
Node_2,Smart Light,12.186932829720071,65
Node_2,Smart Light,12.209759435935075,97
Node_2,Smart Light,12.227793495483157,72
Node_1,Temperature Sensor,12.22848393648264,69
Node_2,Smart Light,12.276376480406949,98
Node_2,Smart Light,12.298034406470151,87
Node_5,Camera-like Traffic Generator,12.307605094781875,3412
Node_2,Smart Light,12.327674698985835,83
Node_2,Smart Light,12.347371670857058,75
Node_2,Smart Light,12.390031451474375,75
Node_2,Smart Light,12.404586964418854,82
Node_5,Camera-like Traffic Generator,12.410247306813279,3266
Node_2,Smart Light,12.43827604578887,81
Node_2,Smart Light,12.475544551114073,82
Node_5,Camera-like Traffic Generator,12.519090205536655,2640
Node_2,Smart Light,12.523664735573524,78
Node_1,Temperature Sensor,12.5530311901479,70
Node_2,Smart Light,12.561999417623767,77
Node_2,Smart Light,12.583652665943179,87
Node_2,Smart Light,12.626411288663357,91
Node_2,Smart Light,12.652776952273154,79
Node_2,Smart Light,12.6881103938593,69
Node_5,Camera-like Traffic Generator,12.709775083843036,3286
Node_2,Smart Light,12.724456912600594,88
Node_2,Smart Light,12.766019983129397,62
Node_2,Smart Light,12.815648007706875,79
Node_2,Smart Light,12.84168021160005,80
Node_5,Camera-like Traffic Generator,12.867807325688322,2873
Node_1,Temperature Sensor,12.886865586237317,95
Node_2,Smart Light,12.888495898979182,87
Node_2,Smart Light,12.92024170711468,91
Node_2,Smart Light,12.944622886835331,95
Node_2,Smart Light,12.976099126276315,85
Node_2,Smart Light,12.989498403638354,90
Node_2,Smart Light,13.025802469421585,74
Node_5,Camera-like Traffic Generator,13.029896299913299,3399
Node_2,Smart Light,13.06168246334092,61
Node_2,Smart Light,13.111026791579,87
Node_2,Smart Light,13.137011501428004,90
Node_1,Temperature Sensor,13.146625788293475,68
Node_2,Smart Light,13.185640172536557,77
Node_2,Smart Light,13.19606208344794,70
Node_5,Camera-like Traffic Generator,13.217676823432027,2553
Node_2,Smart Light,13.226489133068942,80
Node_2,Smart Light,13.259709864889901,83
Node_2,Smart Light,13.287541006950097,75
Node_2,Smart Light,13.328434696248594,83
Node_2,Smart Light,13.358453327513384,73
Node_2,Smart Light,13.369435833634416,64
Node_2,Smart Light,13.396074850775445,98
Node_5,Camera-like Traffic Generator,13.402187557656838,2625
Node_2,Smart Light,13.410717624293804,97
Node_2,Smart Light,13.426384631367066,72
Node_2,Smart Light,13.454597936776102,68
Node_3,Smart Plug,13.475503764586534,74
Node_2,Smart Light,13.483914976727277,79
Node_2,Smart Light,13.511441614258198,87
Node_3,Smart Plug,13.516389558328953,89
Node_2,Smart Light,13.534197993226906,72
Node_3,Smart Plug,13.544977604015772,80
Node_5,Camera-like Traffic Generator,13.569195480787494,2962
Node_2,Smart Light,13.576605430703653,64
Node_2,Smart Light,13.62057263102553,85
Node_1,Temperature Sensor,13.64564083089152,80
Node_2,Smart Light,13.657658204341166,66
Node_2,Smart Light,13.707014223164697,69
Node_2,Smart Light,13.723992352477662,66
Node_5,Camera-like Traffic Generator,13.745495032568694,3018
Node_2,Smart Light,13.756386310577257,98
Node_2,Smart Light,13.775660532473713,76
Node_1,Temperature Sensor,13.782004595761038,61
Node_2,Smart Light,13.793038603479769,85
Node_2,Smart Light,13.820323981576939,61
Node_2,Smart Light,13.854888259071815,67
Node_2,Smart Light,13.88857638540623,75
Node_1,Temperature Sensor,13.925864247901302,85
Node_2,Smart Light,13.92676581004462,68
Node_5,Camera-like Traffic Generator,13.929414836407384,2584
Node_2,Smart Light,13.966858829859039,92
Node_2,Smart Light,13.979361379917805,64
Node_2,Smart Light,14.0242405531182,67
Node_2,Smart Light,14.047279949582153,78
Node_5,Camera-like Traffic Generator,14.056432320885957,3486
Node_2,Smart Light,14.067774085400247,94
Node_2,Smart Light,14.098882686185359,85
Node_2,Smart Light,14.132761519356679,84
Node_2,Smart Light,14.166241707939287,73
Node_5,Camera-like Traffic Generator,14.16713721251807,3094
Node_2,Smart Light,14.21006242004607,84
Node_2,Smart Light,14.252611950216506,88
Node_2,Smart Light,14.274509743604481,84
Node_2,Smart Light,14.287899822349402,65
Node_2,Smart Light,14.30261428845587,72
Node_2,Smart Light,14.31993606918913,87
Node_1,Temperature Sensor,14.342695993646487,76
Node_5,Camera-like Traffic Generator,14.349331225883112,3065
Node_2,Smart Light,14.350369063968616,76
Node_2,Smart Light,14.365883755909998,75
Node_2,Smart Light,14.383313903881708,85
Node_2,Smart Light,14.421051220942882,85
Node_1,Temperature Sensor,14.46810707610727,75
Node_2,Smart Light,14.471047203045405,82
Node_2,Smart Light,14.500632884093093,65
Node_5,Camera-like Traffic Generator,14.518390516121812,3364
Node_2,Smart Light,14.523216084679527,78
Node_2,Smart Light,14.535360535184761,74
Node_2,Smart Light,14.545743872767293,65
Node_2,Smart Light,14.588352510393447,98
Node_2,Smart Light,14.618570031182674,79
Node_5,Camera-like Traffic Generator,14.630534784232559,3084
Node_2,Smart Light,14.655957898005074,76
Node_3,Smart Plug,14.696494692782274,86
Node_2,Smart Light,14.699553570089122,79
Node_2,Smart Light,14.71286039512058,61
Node_2,Smart Light,14.753302659862397,71
Node_2,Smart Light,14.774296776593339,81
Node_5,Camera-like Traffic Generator,14.781616871346538,3216
Node_2,Smart Light,14.791025135690802,78
Node_2,Smart Light,14.830725865767993,90
Node_2,Smart Light,14.862714913149516,64
Node_2,Smart Light,14.877283179203875,91
Node_2,Smart Light,14.920214491523778,74
Node_5,Camera-like Traffic Generator,14.951774137907528,3016
Node_2,Smart Light,14.963118928635629,61
Node_1,Temperature Sensor,14.966555628203308,81
Node_2,Smart Light,15.00187813828083,81
Node_2,Smart Light,15.051469167395897,64
Node_2,Smart Light,15.094671996057599,90
Node_5,Camera-like Traffic Generator,15.107979063191634,3467
Node_2,Smart Light,15.116580353461714,99
Node_2,Smart Light,15.144569647174931,73
Node_2,Smart Light,15.187238790579588,77
Node_5,Camera-like Traffic Generator,15.2216193382107,3395
Node_2,Smart Light,15.236997097952333,91
Node_2,Smart Light,15.256474940167001,92
Node_2,Smart Light,15.289991896046073,74
Node_2,Smart Light,15.328422054425825,85
Node_2,Smart Light,15.345061319133436,65
Node_2,Smart Light,15.363326105380906,68
Node_2,Smart Light,15.37570041872648,74
Node_5,Camera-like Traffic Generator,15.385586151039075,2654
Node_2,Smart Light,15.396943819478087,81
Node_4,Motion Sensor,15.408919614836787,99
Node_2,Smart Light,15.419889964112274,88
Node_2,Smart Light,15.441463293850871,70
Node_1,Temperature Sensor,15.454986979248755,94
Node_2,Smart Light,15.485783967648722,99
Node_2,Smart Light,15.522955940285653,63
Node_5,Camera-like Traffic Generator,15.548410097299653,3219
Node_1,Temperature Sensor,15.559579388025883,88
Node_2,Smart Light,15.571466820085405,91
Node_2,Smart Light,15.618217568558597,99
Node_2,Smart Light,15.662899472175948,65
Node_2,Smart Light,15.707542623975593,69
Node_5,Camera-like Traffic Generator,15.742063218150015,3305
Node_2,Smart Light,15.74599841792916,93
Node_2,Smart Light,15.786457361428354,87
Node_2,Smart Light,15.81603571046498,83
Node_2,Smart Light,15.83678439654848,76
Node_2,Smart Light,15.864864065450494,85
Node_5,Camera-like Traffic Generator,15.904429610380834,2700
Node_2,Smart Light,15.910069068702787,63
Node_1,Temperature Sensor,15.932263535636512,81
Node_2,Smart Light,15.940693607586295,71
Node_2,Smart Light,15.988147052149838,74
Node_5,Camera-like Traffic Generator,16.011143816569778,2653
Node_2,Smart Light,16.036157215304453,73
Node_2,Smart Light,16.04625613871013,90
Node_3,Smart Plug,16.061072732631803,84
Node_2,Smart Light,16.08556509977171,89
Node_3,Smart Plug,16.091638199852458,77
Node_2,Smart Light,16.113903070038898,86
Node_2,Smart Light,16.138231979212538,62
Node_1,Temperature Sensor,16.13899361161753,85
Node_3,Smart Plug,16.139586673116977,86
Node_2,Smart Light,16.16960895778804,68
Node_2,Smart Light,16.196794681815447,68
Node_5,Camera-like Traffic Generator,16.199133722881584,3019
Node_2,Smart Light,16.217536155348025,93
Node_2,Smart Light,16.241046361554858,83
Node_2,Smart Light,16.273692045991545,79
Node_1,Temperature Sensor,16.28361448105588,77
Node_2,Smart Light,16.29744163081365,87
Node_2,Smart Light,16.30937800125972,63
Node_5,Camera-like Traffic Generator,16.323854331476817,2603
Node_2,Smart Light,16.35073359173334,78
Node_2,Smart Light,16.36570307890256,94
Node_2,Smart Light,16.393354516857617,60
Node_5,Camera-like Traffic Generator,16.426319969870523,3005
Node_2,Smart Light,16.441675787629777,68
Node_2,Smart Light,16.479219462906237,65
Node_2,Smart Light,16.515219350879864,66
Node_2,Smart Light,16.5625283733889,70
Node_1,Temperature Sensor,16.565103963587564,98
Node_5,Camera-like Traffic Generator,16.565391359199698,3426
Node_2,Smart Light,16.598711891965653,70
Node_2,Smart Light,16.623585642671525,96
Node_2,Smart Light,16.6402066458379,75
Node_2,Smart Light,16.662427015631668,87
Node_2,Smart Light,16.681792769291043,86
Node_5,Camera-like Traffic Generator,16.695383735023967,2983
Node_2,Smart Light,16.719940690881604,60
Node_2,Smart Light,16.749012959212042,65
Node_2,Smart Light,16.76806059367042,87
Node_2,Smart Light,16.77843207157476,87
Node_5,Camera-like Traffic Generator,16.813788129278258,2734
Node_2,Smart Light,16.82111643265129,99
Node_2,Smart Light,16.848008990002292,65
Node_2,Smart Light,16.860842122218312,75
Node_2,Smart Light,16.90007265748887,64
Node_2,Smart Light,16.922606716586508,95
Node_2,Smart Light,16.93809188837625,90
Node_2,Smart Light,16.978218200415892,65
Node_5,Camera-like Traffic Generator,16.998560957906918,2760
Node_1,Temperature Sensor,17.01544513973884,70
Node_2,Smart Light,17.02793580662575,65
Node_2,Smart Light,17.059156137687616,60
Node_2,Smart Light,17.09515694621393,77
Node_2,Smart Light,17.134054227268503,85
Node_2,Smart Light,17.150109192502274,76
Node_5,Camera-like Traffic Generator,17.159836963623032,2939
Node_2,Smart Light,17.187571839297302,94
Node_2,Smart Light,17.201039360635942,64
Node_2,Smart Light,17.24113718649786,83
Node_2,Smart Light,17.266498462871585,98
Node_2,Smart Light,17.28907860959887,65
Node_2,Smart Light,17.310157315876666,63
Node_1,Temperature Sensor,17.31567958495896,67
Node_5,Camera-like Traffic Generator,17.32565289564146,2623
Node_2,Smart Light,17.342293181148055,84
Node_2,Smart Light,17.376596905104677,91
Node_2,Smart Light,17.414215948105262,93
Node_5,Camera-like Traffic Generator,17.44027753273575,2521
Node_2,Smart Light,17.450552162908668,72
Node_3,Smart Plug,17.454730539301355,79
Node_2,Smart Light,17.481262128020557,80
Node_2,Smart Light,17.521175873659807,71
Node_2,Smart Light,17.533358638900417,95
Node_5,Camera-like Traffic Generator,17.55444615122,3244
Node_2,Smart Light,17.581545499354302,79
Node_2,Smart Light,17.596055245858455,79
Node_2,Smart Light,17.629812436583965,81
Node_5,Camera-like Traffic Generator,17.67851434075959,3011
Node_2,Smart Light,17.6789203144977,99
Node_2,Smart Light,17.726277290564667,65
Node_2,Smart Light,17.770709850722138,82
Node_1,Temperature Sensor,17.780730720696887,94
Node_2,Smart Light,17.795326349236063,87
Node_2,Smart Light,17.835835386751885,98
Node_5,Camera-like Traffic Generator,17.84847720702617,2700
Node_2,Smart Light,17.87665006872087,60
Node_2,Smart Light,17.88935137149178,70
Node_2,Smart Light,17.90094444596927,62
Node_2,Smart Light,17.942516045928993,80
Node_2,Smart Light,17.977658873771418,80
Node_5,Camera-like Traffic Generator,17.99652385350944,2789
Node_1,Temperature Sensor,18.00010863727634,85
Node_2,Smart Light,18.004276153546435,88
Node_2,Smart Light,18.017573266023422,81
Node_2,Smart Light,18.05221514825009,71
Node_2,Smart Light,18.074611423674757,80
Node_2,Smart Light,18.09273932343307,92
Node_5,Camera-like Traffic Generator,18.106525822071365,3088
Node_2,Smart Light,18.124194930348647,75
Node_2,Smart Light,18.159566700242777,93
Node_2,Smart Light,18.196808927631146,62
Node_2,Smart Light,18.234755962895367,89
Node_5,Camera-like Traffic Generator,18.24325976281256,2775
Node_2,Smart Light,18.278614687500998,62
Node_2,Smart Light,18.292063199436658,77
Node_2,Smart Light,18.320198073128545,84
Node_2,Smart Light,18.342569675683485,89
Node_1,Temperature Sensor,18.34369672185161,66
Node_5,Camera-like Traffic Generator,18.381841841699824,3299
Node_2,Smart Light,18.38219600289285,64
Node_3,Smart Plug,18.407903921382676,79
Node_2,Smart Light,18.420512027177576,88
Node_3,Smart Plug,18.432681328800577,61
Node_2,Smart Light,18.437065332414992,98
Node_2,Smart Light,18.46798554692413,91
Node_3,Smart Plug,18.478990372503496,74
Node_2,Smart Light,18.50681616764787,66
Node_2,Smart Light,18.521893391947113,91
Node_5,Camera-like Traffic Generator,18.528238211497484,3313
Node_2,Smart Light,18.542643971403482,95
Node_2,Smart Light,18.583501183023067,61
Node_2,Smart Light,18.62578549688936,70
Node_2,Smart Light,18.638340376454288,88
Node_5,Camera-like Traffic Generator,18.64305486450175,2783
Node_2,Smart Light,18.671406443442855,63
Node_2,Smart Light,18.699614354550032,74
Node_2,Smart Light,18.729598754780486,82
Node_1,Temperature Sensor,18.74870104188167,81
Node_2,Smart Light,18.75430626589476,70
Node_5,Camera-like Traffic Generator,18.755067514249635,2889
Node_2,Smart Light,18.768422462495632,82
Node_2,Smart Light,18.807333597428666,69
Node_2,Smart Light,18.837686592825094,61
Node_2,Smart Light,18.8822037326212,69
Node_2,Smart Light,18.91107431620431,75
Node_5,Camera-like Traffic Generator,18.91312132164441,2534
Node_2,Smart Light,18.927077702933957,97
Node_2,Smart Light,18.971377110843875,82
Node_2,Smart Light,19.01793501762472,89
Node_2,Smart Light,19.04470978979923,72
Node_2,Smart Light,19.071360053739284,88
Node_5,Camera-like Traffic Generator,19.0781635542869,3157
Node_2,Smart Light,19.092210372059675,63
Node_2,Smart Light,19.11712269872919,80
Node_1,Temperature Sensor,19.160151633333893,81
Node_2,Smart Light,19.16320033909952,67
Node_2,Smart Light,19.205373859877874,99
Node_5,Camera-like Traffic Generator,19.222611492671486,3408
Node_2,Smart Light,19.25353703617629,62
Node_1,Temperature Sensor,19.26038039178507,72
Node_2,Smart Light,19.282140803292965,71
Node_2,Smart Light,19.325934663463418,73
Node_2,Smart Light,19.35805831927638,60
Node_5,Camera-like Traffic Generator,19.35808417997759,2639
Node_1,Temperature Sensor,19.368171088739402,97
Node_2,Smart Light,19.376085165414498,82
Node_2,Smart Light,19.39824153770522,84
Node_2,Smart Light,19.42679860532844,83
Node_2,Smart Light,19.456533032362636,90
Node_2,Smart Light,19.474349929317547,96
Node_2,Smart Light,19.514769218130414,69
Node_2,Smart Light,19.525024333440488,76
Node_2,Smart Light,19.544344243114878,73
Node_5,Camera-like Traffic Generator,19.5463265988353,2958
Node_2,Smart Light,19.587927203390723,95
Node_3,Smart Plug,19.59724078735992,61
Node_2,Smart Light,19.63596681387646,60
Node_5,Camera-like Traffic Generator,19.647238605021066,2658
Node_2,Smart Light,19.6722589678835,93
Node_2,Smart Light,19.711347569445138,64
Node_2,Smart Light,19.74254014900754,69
Node_2,Smart Light,19.772221304081533,62
Node_5,Camera-like Traffic Generator,19.797302442978328,3361
Node_1,Temperature Sensor,19.819659839868674,93
Node_2,Smart Light,19.822099674885834,88
Node_2,Smart Light,19.835820740420157,96
Node_2,Smart Light,19.881712239297414,80
Node_5,Camera-like Traffic Generator,19.918380456866952,3402
Node_2,Smart Light,19.91974611568536,74
Node_2,Smart Light,19.96872830729209,63
Node_2,Smart Light,19.982551387505584,65
Node_2,Smart Light,20.025349903181354,62
Node_1,Temperature Sensor,20.042665490029737,62
Node_2,Smart Light,20.058062732312923,77
Node_5,Camera-like Traffic Generator,20.070886021847627,3013
Node_2,Smart Light,20.106631463302232,69
Node_2,Smart Light,20.127071100859176,72
Node_2,Smart Light,20.169103773739156,88
Node_5,Camera-like Traffic Generator,20.18833570975765,2651
Node_2,Smart Light,20.20851788849045,72
Node_2,Smart Light,20.22939612336375,62
Node_2,Smart Light,20.24750462841492,91
Node_2,Smart Light,20.280892949847086,66
Node_2,Smart Light,20.297467949075077,78
Node_2,Smart Light,20.323728451151446,81
Node_5,Camera-like Traffic Generator,20.353929048306195,3063
Node_2,Smart Light,20.372313840041453,68
Node_2,Smart Light,20.394646148769954,70
Node_2,Smart Light,20.40944269102417,66
Node_2,Smart Light,20.446884884742193,93
Node_2,Smart Light,20.484760004071678,61
Node_1,Temperature Sensor,20.49386932971135,97
Node_5,Camera-like Traffic Generator,20.499877222689822,3358
Node_2,Smart Light,20.528196994111198,73
Node_2,Smart Light,20.541845510262853,69
Node_2,Smart Light,20.566075220483025,80
Node_2,Smart Light,20.603162555562587,70
Node_5,Camera-like Traffic Generator,20.613881152393013,3284
Node_3,Smart Plug,20.624090564404703,88
Node_1,Temperature Sensor,20.628130710538503,79
Node_2,Smart Light,20.652789620378904,61
Node_2,Smart Light,20.67896530943679,78
Node_2,Smart Light,20.71888844732514,69
Node_2,Smart Light,20.74737017728019,92
Node_1,Temperature Sensor,20.755815717925856,90
Node_2,Smart Light,20.762961898851113,60
Node_5,Camera-like Traffic Generator,20.77972554688532,3423
Node_2,Smart Light,20.806176792126898,99
Node_2,Smart Light,20.821405401628656,92
Node_2,Smart Light,20.846294991381296,85
Node_4,Motion Sensor,20.870747863691342,67
Node_2,Smart Light,20.882082392009636,83
Node_5,Camera-like Traffic Generator,20.886546557829686,3339
Node_2,Smart Light,20.9024352181035,92
Node_2,Smart Light,20.913307225413043,62
Node_2,Smart Light,20.959407068690375,77
Node_2,Smart Light,20.974558730650255,96
Node_2,Smart Light,21.01773297773895,73
Node_2,Smart Light,21.02944083050257,78
Node_5,Camera-like Traffic Generator,21.034921023963193,3462
Node_2,Smart Light,21.046160398851733,82
Node_2,Smart Light,21.089027814913024,75
Node_2,Smart Light,21.100207106633036,87
Node_2,Smart Light,21.11711939510627,68
Node_2,Smart Light,21.134605439654713,71
Node_1,Temperature Sensor,21.16214948964865,65
Node_2,Smart Light,21.179942391610457,61
Node_5,Camera-like Traffic Generator,21.195505203766157,2680
Node_2,Smart Light,21.214709453564293,69
Node_2,Smart Light,21.23651366008428,76
Node_2,Smart Light,21.26854120669244,62
Node_2,Smart Light,21.28973224619,65
Node_2,Smart Light,21.307710558456662,95
Node_2,Smart Light,21.338743120786773,85
Node_5,Camera-like Traffic Generator,21.36635522212395,3006
Node_2,Smart Light,21.38082984409762,91
Node_2,Smart Light,21.43040598872808,91
Node_1,Temperature Sensor,21.452262440888145,81
Node_2,Smart Light,21.45477047312158,81
Node_2,Smart Light,21.484157652539203,96
Node_2,Smart Light,21.514253382760952,75
Node_2,Smart Light,21.531446017708866,72
Node_5,Camera-like Traffic Generator,21.53224573215064,2759
Node_2,Smart Light,21.55020682523179,95
Node_2,Smart Light,21.59134835648493,62
Node_2,Smart Light,21.641009609422152,81
Node_1,Temperature Sensor,21.65828509246417,94
Node_2,Smart Light,21.681683296160163,99
Node_5,Camera-like Traffic Generator,21.7020226027024,3088
Node_2,Smart Light,21.730642490629503,64
Node_2,Smart Light,21.766917067484552,70
Node_2,Smart Light,21.8095684739489,96
Node_2,Smart Light,21.821804820182997,99
Node_2,Smart Light,21.840581283624754,93
Node_5,Camera-like Traffic Generator,21.860095074580403,3084
Node_2,Smart Light,21.88247691111993,74
Node_2,Smart Light,21.926045801212165,93
Node_1,Temperature Sensor,21.927540268544522,68
Node_2,Smart Light,21.943089815915364,83
Node_2,Smart Light,21.98533822492974,87
Node_3,Smart Plug,22.00484357336226,93
Node_2,Smart Light,22.031897425094883,61
Node_3,Smart Plug,22.036617575845792,66
Node_5,Camera-like Traffic Generator,22.043083701391144,2567
Node_2,Smart Light,22.06991985722894,97
Node_2,Smart Light,22.10246411670027,82
Node_2,Smart Light,22.119993463296478,99
Node_5,Camera-like Traffic Generator,22.14603588580901,3232
Node_2,Smart Light,22.165258517692386,79
Node_2,Smart Light,22.187620640578434,79
Node_2,Smart Light,22.201230935652468,69
Node_2,Smart Light,22.21998329332013,81
Node_2,Smart Light,22.230010633175482,96
Node_1,Temperature Sensor,22.243258704056306,89
Node_2,Smart Light,22.248069208509566,65
Node_5,Camera-like Traffic Generator,22.26920631683921,3165
Node_2,Smart Light,22.286746713817198,96
Node_2,Smart Light,22.330518077274704,72
Node_2,Smart Light,22.341394593124445,83
Node_2,Smart Light,22.38808355902369,90
Node_5,Camera-like Traffic Generator,22.419149707278834,3179
Node_1,Temperature Sensor,22.423719129412184,72
Node_2,Smart Light,22.431942794526858,94
Node_2,Smart Light,22.48036514453789,74
Node_2,Smart Light,22.52804207307661,75
Node_2,Smart Light,22.542083359883836,72
Node_5,Camera-like Traffic Generator,22.551515645376004,2731
Node_2,Smart Light,22.557541426638135,66
Node_2,Smart Light,22.60548916791919,91
Node_2,Smart Light,22.65391565193394,85
Node_2,Smart Light,22.67088375877216,98
Node_2,Smart Light,22.708626174703863,97
Node_5,Camera-like Traffic Generator,22.72868997722623,3417
Node_2,Smart Light,22.750105846407685,68
Node_2,Smart Light,22.78366385263901,67
Node_2,Smart Light,22.805936781810928,87
Node_2,Smart Light,22.821030716399868,89
Node_2,Smart Light,22.86898224056872,97
Node_2,Smart Light,22.894646297659822,99
Node_5,Camera-like Traffic Generator,22.90825047033532,2605
Node_1,Temperature Sensor,22.92177887207654,85
Node_2,Smart Light,22.943253655271324,61
Node_2,Smart Light,22.977349201969364,96
Node_2,Smart Light,23.026050469394,68
Node_2,Smart Light,23.058672479238812,97
Node_2,Smart Light,23.074298213964756,89
Node_3,Smart Plug,23.092325320439524,86
Node_2,Smart Light,23.093818050970732,99
Node_5,Camera-like Traffic Generator,23.096326011424797,3228
Node_2,Smart Light,23.110533547640795,95
Node_2,Smart Light,23.1240825881436,88
Node_2,Smart Light,23.159646695659795,95
Node_2,Smart Light,23.187511893023707,70
Node_1,Temperature Sensor,23.19701890564234,80
Node_2,Smart Light,23.20749352754912,62
Node_2,Smart Light,23.227759845210826,64
Node_5,Camera-like Traffic Generator,23.234734357717034,3473
Node_2,Smart Light,23.237811091510615,75
Node_2,Smart Light,23.277114471290567,98
Node_2,Smart Light,23.322496551194057,79
Node_1,Temperature Sensor,23.345420583989647,68
Node_2,Smart Light,23.347645054185026,81
Node_2,Smart Light,23.361702196570512,79
Node_2,Smart Light,23.406264225389254,86
Node_5,Camera-like Traffic Generator,23.426971937587535,2561
Node_2,Smart Light,23.443750641557937,66
Node_2,Smart Light,23.45669901714039,93
Node_2,Smart Light,23.478495361665036,72
Node_2,Smart Light,23.5265618469224,62
Node_2,Smart Light,23.54336605504845,75
Node_5,Camera-like Traffic Generator,23.55202032248828,2537
Node_1,Temperature Sensor,23.580654808848628,83
Node_2,Smart Light,23.5826454584593,81
Node_2,Smart Light,23.628570425384098,63
Node_2,Smart Light,23.662331647146182,84
Node_2,Smart Light,23.69164111860572,61
Node_5,Camera-like Traffic Generator,23.727013816695603,2941
Node_2,Smart Light,23.739338808929798,66
Node_1,Temperature Sensor,23.77270070188726,68
Node_2,Smart Light,23.78492893974596,66
Node_2,Smart Light,23.798979252184893,68
Node_2,Smart Light,23.81657862248843,87
Node_2,Smart Light,23.855460146671454,89
Node_5,Camera-like Traffic Generator,23.864446028039943,3131
Node_2,Smart Light,23.876070737445453,71
Node_2,Smart Light,23.895572668843343,61
Node_1,Temperature Sensor,23.901097936290874,85
Node_2,Smart Light,23.928443461157652,93
Node_2,Smart Light,23.94458705853832,74
Node_5,Camera-like Traffic Generator,23.967391973394903,2674
Node_2,Smart Light,23.97169129683615,71
Node_2,Smart Light,24.008172105876543,84
Node_2,Smart Light,24.02615909790698,61
Node_2,Smart Light,24.04299238557467,71
Node_2,Smart Light,24.056269829363192,93
Node_5,Camera-like Traffic Generator,24.07815807405392,2949
Node_2,Smart Light,24.0786039653679,75
Node_1,Temperature Sensor,24.092674649815336,96
Node_2,Smart Light,24.108167837852726,86
Node_2,Smart Light,24.121813312954753,81
Node_2,Smart Light,24.139208561776435,95
Node_2,Smart Light,24.16398462837371,77
Node_2,Smart Light,24.18451646704103,78
Node_5,Camera-like Traffic Generator,24.191479738229962,3137
Node_2,Smart Light,24.203566158252336,70
Node_2,Smart Light,24.21603173303874,90
Node_2,Smart Light,24.252730471404124,63
Node_3,Smart Plug,24.25398934872728,75
Node_2,Smart Light,24.276482126865965,81
Node_2,Smart Light,24.325310348352907,83
Node_5,Camera-like Traffic Generator,24.347126560235274,2695
Node_2,Smart Light,24.357454424599222,93
Node_2,Smart Light,24.400190633193837,76
Node_2,Smart Light,24.431611209672994,94
Node_2,Smart Light,24.46060418519787,95
Node_2,Smart Light,24.489654676441127,63
Node_5,Camera-like Traffic Generator,24.496236862145253,3178
Node_2,Smart Light,24.535765764494695,88
Node_1,Temperature Sensor,24.536528809916835,62
Node_2,Smart Light,24.565849823307317,96
Node_2,Smart Light,24.607867836776144,87
Node_5,Camera-like Traffic Generator,24.618786516093493,3242
Node_2,Smart Light,24.642678761350115,64
Node_2,Smart Light,24.682966311575683,66
Node_1,Temperature Sensor,24.731730663664433,86
Node_2,Smart Light,24.732341031185648,98
Node_5,Camera-like Traffic Generator,24.762192816946566,3028
Node_2,Smart Light,24.77467946003842,65
Node_2,Smart Light,24.801614456011045,99
Node_2,Smart Light,24.829030185832345,99
Node_2,Smart Light,24.86411923432164,93
Node_2,Smart Light,24.884434688721154,96
Node_1,Temperature Sensor,24.917425386612607,65
Node_2,Smart Light,24.931001646197096,62
Node_5,Camera-like Traffic Generator,24.941193238703292,2586
Node_2,Smart Light,24.956525612317687,75
Node_2,Smart Light,24.979570684532476,71
Node_2,Smart Light,25.00789697177738,94
Node_5,Camera-like Traffic Generator,25.043617544104375,3459
Node_2,Smart Light,25.049358997330494,84
Node_2,Smart Light,25.080261477748486,76
Node_2,Smart Light,25.106839173699246,65
Node_2,Smart Light,25.140356539030503,90
Node_5,Camera-like Traffic Generator,25.153238155625633,2533
Node_2,Smart Light,25.187942538429986,96
Node_2,Smart Light,25.22044988880908,64
Node_2,Smart Light,25.241893602971032,81
Node_2,Smart Light,25.265648370114132,76
Node_5,Camera-like Traffic Generator,25.267294414939823,2505
Node_2,Smart Light,25.290970109029214,79
Node_2,Smart Light,25.32532859510731,61
Node_2,Smart Light,25.3463451607887,65
Node_2,Smart Light,25.380691371352125,87
Node_1,Temperature Sensor,25.391631082844874,82
Node_2,Smart Light,25.392242672651395,95
Node_3,Smart Plug,25.41544959624458,74
Node_2,Smart Light,25.415502435680768,69
Node_5,Camera-like Traffic Generator,25.44473298207756,3068
Node_2,Smart Light,25.455332428474332,96
Node_2,Smart Light,25.50121368296031,60
Node_2,Smart Light,25.54390911997252,72
Node_2,Smart Light,25.565122986099905,79
Node_2,Smart Light,25.602970299886902,63
Node_5,Camera-like Traffic Generator,25.631182097854552,2840
Node_2,Smart Light,25.64772630089087,65
Node_1,Temperature Sensor,25.68069949336959,91
Node_2,Smart Light,25.696695077875003,77
Node_2,Smart Light,25.73972801114619,70
Node_2,Smart Light,25.766398920254407,85
Node_2,Smart Light,25.783916347890113,68
Node_5,Camera-like Traffic Generator,25.799418218443613,3457
Node_2,Smart Light,25.82687512526032,89
Node_2,Smart Light,25.86725485706937,94
Node_2,Smart Light,25.91009555276531,80
Node_2,Smart Light,25.92645445047087,72
Node_2,Smart Light,25.956726261480334,65
Node_5,Camera-like Traffic Generator,25.97224657062838,3028
Node_2,Smart Light,26.000778075119822,95
Node_2,Smart Light,26.01193600149263,67
Node_2,Smart Light,26.05525319881569,93
Node_2,Smart Light,26.075232809268662,78
Node_5,Camera-like Traffic Generator,26.09126026070694,2707
Node_1,Temperature Sensor,26.10369829247625,67
Node_2,Smart Light,26.12195405204231,88
Node_2,Smart Light,26.142913151981283,92
Node_2,Smart Light,26.17311820697877,85
Node_2,Smart Light,26.188073121334398,61
Node_2,Smart Light,26.21297179179581,83
Node_2,Smart Light,26.230075139562363,94
Node_1,Temperature Sensor,26.24247061816778,77
Node_2,Smart Light,26.26355034949926,73
Node_5,Camera-like Traffic Generator,26.27401783463468,3000
Node_2,Smart Light,26.280090894079972,95
Node_4,Motion Sensor,26.300605269034953,88
Node_2,Smart Light,26.32004933945937,87
Node_2,Smart Light,26.34145211451676,75
Node_2,Smart Light,26.357968410740703,82
Node_2,Smart Light,26.406565115108794,94
Node_5,Camera-like Traffic Generator,26.409666353896217,3399
Node_2,Smart Light,26.442460310779254,87
Node_2,Smart Light,26.463223653950013,76
Node_2,Smart Light,26.474025748249993,91
Node_1,Temperature Sensor,26.511902067375747,78
Node_2,Smart Light,26.514728657386467,60
Node_3,Smart Plug,26.556252690116505,79
Node_2,Smart Light,26.56118927490856,85
Node_5,Camera-like Traffic Generator,26.595008513866226,3301
Node_2,Smart Light,26.59523495292834,60
Node_2,Smart Light,26.615330570582767,92
Node_2,Smart Light,26.63754895851815,98
Node_2,Smart Light,26.673258570969757,76
Node_2,Smart Light,26.698317589060597,73
Node_2,Smart Light,26.718397537431713,78
Node_5,Camera-like Traffic Generator,26.73889632012347,3125
Node_2,Smart Light,26.755485383687205,92
Node_2,Smart Light,26.78137148528609,64
Node_2,Smart Light,26.81183203398482,86
Node_2,Smart Light,26.85556339198825,74
Node_2,Smart Light,26.891457076790836,84
Node_1,Temperature Sensor,26.903532407159688,86
Node_2,Smart Light,26.913396113840967,64
Node_2,Smart Light,26.92594959599685,99
Node_5,Camera-like Traffic Generator,26.926294010293628,3069
Node_2,Smart Light,26.96157338582144,94
Node_2,Smart Light,26.982019262138497,88
Node_2,Smart Light,27.027714214045734,71
Node_5,Camera-like Traffic Generator,27.039013248680966,3017
Node_2,Smart Light,27.0437113858999,90
Node_2,Smart Light,27.08969886768972,92
Node_2,Smart Light,27.131793417467833,84
Node_5,Camera-like Traffic Generator,27.149104549077535,2998
Node_2,Smart Light,27.16821463041508,87
Node_2,Smart Light,27.207065958318783,86
Node_5,Camera-like Traffic Generator,27.254252449958027,3040
Node_2,Smart Light,27.256964722301916,70
Node_2,Smart Light,27.28370734974517,75
Node_2,Smart Light,27.295120109938228,88
Node_2,Smart Light,27.328001807299703,67
Node_5,Camera-like Traffic Generator,27.35650669779034,3321
Node_2,Smart Light,27.36706380236294,68
Node_1,Temperature Sensor,27.397198491706074,63
Node_2,Smart Light,27.398449206424708,91
Node_2,Smart Light,27.44471026664491,86
Node_2,Smart Light,27.475002860869182,93
Node_5,Camera-like Traffic Generator,27.485496345806343,3328
Node_2,Smart Light,27.518628408653036,95
Node_2,Smart Light,27.535873842965195,63
Node_2,Smart Light,27.550991608553037,70
Node_2,Smart Light,27.593325363318737,90
Node_2,Smart Light,27.610648097599242,87
Node_5,Camera-like Traffic Generator,27.624538986807742,2857
Node_2,Smart Light,27.634073396127448,63
Node_1,Temperature Sensor,27.658247004546983,73
Node_2,Smart Light,27.65828473197224,89
Node_2,Smart Light,27.68056814282553,91
Node_2,Smart Light,27.70382082830436,70
Node_3,Smart Plug,27.707538579246023,65
Node_3,Smart Plug,27.720622108275673,85
Node_2,Smart Light,27.72558287317037,94
Node_3,Smart Plug,27.738098335308024,74
Node_2,Smart Light,27.754404335877197,94
Node_2,Smart Light,27.7877473206669,97
Node_2,Smart Light,27.80059595016306,95
Node_5,Camera-like Traffic Generator,27.811783240317588,2657
Node_2,Smart Light,27.830615045142768,94
Node_2,Smart Light,27.855881813934992,71
Node_2,Smart Light,27.868044292760697,94
Node_2,Smart Light,27.883538903127622,68
Node_2,Smart Light,27.909906576997706,82
Node_5,Camera-like Traffic Generator,27.940590139861275,3034
Node_2,Smart Light,27.956171414377952,78
Node_2,Smart Light,27.9788267526839,88
Node_2,Smart Light,28.019984399781254,79
Node_2,Smart Light,28.055225710671763,67
Node_5,Camera-like Traffic Generator,28.064729979907735,3017
Node_2,Smart Light,28.09060566943787,60
Node_1,Temperature Sensor,28.1029160190881,69
Node_2,Smart Light,28.11154678392593,90
Node_2,Smart Light,28.128291014189248,90
Node_2,Smart Light,28.15787409781445,90
Node_2,Smart Light,28.171395751564813,84
Node_2,Smart Light,28.206735253192917,76
Node_5,Camera-like Traffic Generator,28.225854715605873,2812
Node_2,Smart Light,28.25534836679812,75
Node_2,Smart Light,28.266857379537118,67
Node_1,Temperature Sensor,28.278999582464422,77
Node_2,Smart Light,28.291781435754213,60
Node_2,Smart Light,28.314669961108137,93
Node_2,Smart Light,28.332293029505752,87
Node_2,Smart Light,28.367360506652616,69
Node_5,Camera-like Traffic Generator,28.387719207200195,3045
Node_2,Smart Light,28.405101496539434,73
Node_2,Smart Light,28.420258728556565,75
Node_2,Smart Light,28.45380555608329,66
Node_2,Smart Light,28.496759309270264,71
Node_2,Smart Light,28.518392420942643,89
Node_1,Temperature Sensor,28.547752238398186,71
Node_2,Smart Light,28.552247217687263,73
Node_5,Camera-like Traffic Generator,28.576900044854423,3082
Node_2,Smart Light,28.597766179440743,99
Node_3,Smart Plug,28.620929491284503,69
Node_2,Smart Light,28.621475493011047,96
Node_2,Smart Light,28.645845528465713,67
Node_2,Smart Light,28.693768902613993,96
Node_2,Smart Light,28.71990456839404,69
Node_1,Temperature Sensor,28.747674817551026,96
Node_2,Smart Light,28.758991321519492,65
Node_5,Camera-like Traffic Generator,28.770592733436807,3484
Node_2,Smart Light,28.79835438629195,83
Node_2,Smart Light,28.815113775967557,74
Node_2,Smart Light,28.851135391172406,61
Node_2,Smart Light,28.896197156676386,70
Node_2,Smart Light,28.92758649404414,61
Node_5,Camera-like Traffic Generator,28.93591593353596,2532
Node_2,Smart Light,28.97737370339042,86
Node_2,Smart Light,29.01351640812645,60
Node_1,Temperature Sensor,29.02492711557241,94
Node_2,Smart Light,29.051106398061545,76
Node_2,Smart Light,29.07631654857865,81
Node_5,Camera-like Traffic Generator,29.078056503268208,2700
Node_2,Smart Light,29.105292402111758,66
Node_2,Smart Light,29.143100083280594,85
Node_2,Smart Light,29.165144741470865,86
Node_2,Smart Light,29.20164406010642,70
Node_2,Smart Light,29.23586943358338,65
Node_5,Camera-like Traffic Generator,29.266859306400693,2559
Node_2,Smart Light,29.279095542402217,64
Node_2,Smart Light,29.317846191382863,64
Node_2,Smart Light,29.33240669349023,64
Node_1,Temperature Sensor,29.34505724055235,62
Node_2,Smart Light,29.350352559958484,67
Node_2,Smart Light,29.370872316583032,80
Node_5,Camera-like Traffic Generator,29.387282637174916,3316
Node_2,Smart Light,29.38893924418232,88
Node_2,Smart Light,29.410753292222346,61
Node_2,Smart Light,29.44060748075707,68
Node_2,Smart Light,29.487932454543145,73
Node_2,Smart Light,29.49804197450544,86
Node_5,Camera-like Traffic Generator,29.52024355417403,3257
Node_2,Smart Light,29.54431717627623,93
Node_2,Smart Light,29.581078053496295,65
Node_2,Smart Light,29.59468136043933,80
Node_2,Smart Light,29.63362390511527,64
Node_2,Smart Light,29.6538595892253,69
Node_2,Smart Light,29.703406226455602,71
Node_5,Camera-like Traffic Generator,29.71147550818108,2562
Node_2,Smart Light,29.73197732074505,63
Node_2,Smart Light,29.748965393102864,61
Node_2,Smart Light,29.770588080192372,92
Node_2,Smart Light,29.793096364470884,89
Node_2,Smart Light,29.806896303284105,90
Node_2,Smart Light,29.81873186676784,94
Node_4,Motion Sensor,29.844170017545725,99
Node_1,Temperature Sensor,29.84477022791744,93
Node_2,Smart Light,29.855266067867475,66
Node_5,Camera-like Traffic Generator,29.860831019602728,3305
Node_2,Smart Light,29.879567164036985,77
Node_2,Smart Light,29.914439445370284,95
Node_3,Smart Plug,29.925108452496968,79
Node_2,Smart Light,29.92815749798778,92
Node_2,Smart Light,29.945472274799926,76
Node_2,Smart Light,29.993964672005916,70
Node_5,Camera-like Traffic Generator,30.017216639469815,3110
Node_2,Smart Light,30.019393291596288,94
Node_2,Smart Light,30.061389255474246,85
Node_2,Smart Light,30.103265637755662,64
Node_2,Smart Light,30.141112432696612,62
Node_2,Smart Light,30.18881111221661,66
Node_5,Camera-like Traffic Generator,30.2007169850915,3307
Node_2,Smart Light,30.215452220881843,83
Node_2,Smart Light,30.257542812243646,87
Node_2,Smart Light,30.274793234665136,75
Node_2,Smart Light,30.29913719125822,61
Node_1,Temperature Sensor,30.33236873083134,97
Node_5,Camera-like Traffic Generator,30.335301542342428,2570
Node_2,Smart Light,30.33651575659348,93
Node_2,Smart Light,30.385453539802498,65
Node_2,Smart Light,30.43226945922802,64
Node_2,Smart Light,30.458720829777427,61
Node_5,Camera-like Traffic Generator,30.476925559847885,3239
Node_2,Smart Light,30.479185344466565,72
Node_2,Smart Light,30.51736807152579,87
Node_2,Smart Light,30.558069220257387,83
Node_2,Smart Light,30.59066970928488,99
Node_2,Smart Light,30.627463483613454,73
Node_2,Smart Light,30.65838761062244,88
Node_5,Camera-like Traffic Generator,30.669861918508786,3387
Node_2,Smart Light,30.67219729616051,86
Node_2,Smart Light,30.692140375954537,73
Node_2,Smart Light,30.729192198688835,75
Node_1,Temperature Sensor,30.771847024597065,66
Node_2,Smart Light,30.77275351953803,82
Node_5,Camera-like Traffic Generator,30.817739067007828,2629
Node_2,Smart Light,30.822265184528487,62
Node_2,Smart Light,30.858001133190758,66
Node_3,Smart Plug,30.872601218233203,66
Node_2,Smart Light,30.901954956181797,94
Node_2,Smart Light,30.946731581566308,62
Node_2,Smart Light,30.976397500012084,69
Node_5,Camera-like Traffic Generator,30.990072044542465,2604
Node_2,Smart Light,31.02520330196342,62
Node_2,Smart Light,31.044111562890173,85
Node_1,Temperature Sensor,31.066103474777353,68
Node_2,Smart Light,31.070242642628642,69
Node_2,Smart Light,31.09860642641857,92
Node_2,Smart Light,31.126530369845185,94
Node_5,Camera-like Traffic Generator,31.139731716555097,2725
Node_2,Smart Light,31.154413094641736,64
Node_2,Smart Light,31.184308028564395,86
Node_2,Smart Light,31.198413761423602,76
Node_2,Smart Light,31.230699001879795,60
Node_2,Smart Light,31.244334823756258,84
Node_5,Camera-like Traffic Generator,31.274757484858608,2977
Node_2,Smart Light,31.279097469906112,72
Node_2,Smart Light,31.30943097951889,68
Node_1,Temperature Sensor,31.326519591797133,62
Node_2,Smart Light,31.346289954350055,98
Node_2,Smart Light,31.37082365345285,62
Node_2,Smart Light,31.3897403780287,78
Node_2,Smart Light,31.422146411832944,84
Node_2,Smart Light,31.451071759076687,86
Node_5,Camera-like Traffic Generator,31.45291166867092,3376
Node_2,Smart Light,31.48970829908801,64
Node_2,Smart Light,31.530081097131177,68
Node_2,Smart Light,31.55373538171425,93
Node_5,Camera-like Traffic Generator,31.575687182365687,3431
Node_1,Temperature Sensor,31.578108839387898,99
Node_2,Smart Light,31.602312729052425,71
Node_2,Smart Light,31.63319213251659,88
Node_2,Smart Light,31.645023256910793,66
Node_2,Smart Light,31.660641224403683,88
Node_5,Camera-like Traffic Generator,31.678322564312857,3281
Node_3,Smart Plug,31.68831344494121,61
Node_2,Smart Light,31.699503588221734,64
Node_2,Smart Light,31.733937658867283,67
Node_2,Smart Light,31.78114630923341,75
Node_1,Temperature Sensor,31.78419006265676,91
Node_5,Camera-like Traffic Generator,31.79793999259639,3108
Node_2,Smart Light,31.80942814956513,91
Node_2,Smart Light,31.848099666143902,64
Node_2,Smart Light,31.874678479949036,97
Node_2,Smart Light,31.918177129448495,83
Node_5,Camera-like Traffic Generator,31.935878831556575,3183
Node_2,Smart Light,31.959062936393984,78
Node_2,Smart Light,31.995401204193993,98
Node_2,Smart Light,32.010786644771215,79
Node_5,Camera-like Traffic Generator,32.037688317969945,2982
Node_2,Smart Light,32.04200121867198,61
Node_1,Temperature Sensor,32.066193409592415,76
Node_2,Smart Light,32.089413549905245,93
Node_2,Smart Light,32.11873082844668,80
Node_2,Smart Light,32.165577321008435,67
Node_5,Camera-like Traffic Generator,32.1764007969695,2877
Node_2,Smart Light,32.1987194964366,89
Node_2,Smart Light,32.213854767718665,75
Node_2,Smart Light,32.24787660859088,95
Node_2,Smart Light,32.278041013365005,75
Node_5,Camera-like Traffic Generator,32.28892453632957,3201
Node_2,Smart Light,32.32722104377321,96
Node_2,Smart Light,32.36771603002368,70
Node_2,Smart Light,32.41625977153087,98
Node_5,Camera-like Traffic Generator,32.443879028732965,2615
Node_2,Smart Light,32.444373599774124,65
Node_2,Smart Light,32.47088341868643,88
Node_2,Smart Light,32.510820493321546,71
Node_2,Smart Light,32.54888026573784,94
Node_1,Temperature Sensor,32.549120465936284,99
Node_5,Camera-like Traffic Generator,32.55567828441486,3115
Node_2,Smart Light,32.58735523999365,97
Node_3,Smart Plug,32.60110384319849,85
Node_2,Smart Light,32.62265857137394,68
Node_3,Smart Plug,32.63399461516771,62
Node_3,Smart Plug,32.65119611675076,98
Node_2,Smart Light,32.657625274942156,71
Node_2,Smart Light,32.6814370181781,86
Node_2,Smart Light,32.730690438027494,86
Node_5,Camera-like Traffic Generator,32.74603341348373,2851
Node_2,Smart Light,32.7790234961397,80
Node_2,Smart Light,32.816795975088795,72
Node_2,Smart Light,32.83141218518014,74
Node_2,Smart Light,32.860626982075765,82
Node_1,Temperature Sensor,32.87142779529853,88
Node_5,Camera-like Traffic Generator,32.88034597719851,3418
Node_2,Smart Light,32.89731327159785,76
Node_2,Smart Light,32.93722802053291,93
Node_2,Smart Light,32.958665139741925,93
Node_2,Smart Light,33.00099733091499,80
Node_5,Camera-like Traffic Generator,33.00416299802607,2591
Node_2,Smart Light,33.01200821656517,65
Node_1,Temperature Sensor,33.033346525408156,71
Node_2,Smart Light,33.04881838371585,67
Node_2,Smart Light,33.08882578446265,66
Node_5,Camera-like Traffic Generator,33.10516796305358,2913
Node_2,Smart Light,33.11029040638901,70
Node_2,Smart Light,33.15386567896762,87
Node_2,Smart Light,33.17567130160609,90
Node_2,Smart Light,33.18696355693578,92
Node_2,Smart Light,33.2010627571893,94
Node_2,Smart Light,33.24064245639621,94
Node_2,Smart Light,33.28033896583112,82
Node_5,Camera-like Traffic Generator,33.28042486942018,3307
Node_2,Smart Light,33.29984278473377,91
Node_2,Smart Light,33.341795654833355,71
Node_2,Smart Light,33.37837539757702,97
Node_2,Smart Light,33.40387758352269,98
Node_5,Camera-like Traffic Generator,33.434046626873894,2545
Node_2,Smart Light,33.45291049240494,72
Node_2,Smart Light,33.48499547630626,60
Node_2,Smart Light,33.505049121441154,84
Node_1,Temperature Sensor,33.520830271395816,83
Node_2,Smart Light,33.54628611715619,94
Node_2,Smart Light,33.589485456434396,96
Node_5,Camera-like Traffic Generator,33.61422333647734,3373
Node_2,Smart Light,33.627670619190106,85
Node_2,Smart Light,33.66787492739845,81
Node_2,Smart Light,33.70201040649,91
Node_5,Camera-like Traffic Generator,33.73921557655804,2556
Node_2,Smart Light,33.75058199941504,71
Node_2,Smart Light,33.76767903535457,87
Node_2,Smart Light,33.78515809861586,66
Node_2,Smart Light,33.815711972726845,75
Node_1,Temperature Sensor,33.83770835194552,89
Node_2,Smart Light,33.842852285302875,82
Node_5,Camera-like Traffic Generator,33.84488103539125,2938
Node_3,Smart Plug,33.8457194083858,60
Node_2,Smart Light,33.85805494650749,83
Node_2,Smart Light,33.87825559243279,73
Node_2,Smart Light,33.91664316428544,66
Node_2,Smart Light,33.93279129962822,72
Node_2,Smart Light,33.94482551727603,97
Node_1,Temperature Sensor,33.960574461108514,83
Node_5,Camera-like Traffic Generator,33.97314063314254,2814
Node_2,Smart Light,33.97944986432,86
Node_2,Smart Light,34.00907190196615,82
Node_2,Smart Light,34.0333953254927,91
Node_2,Smart Light,34.05610968570758,68
Node_2,Smart Light,34.073464449609,62
Node_2,Smart Light,34.10367006362725,76
Node_5,Camera-like Traffic Generator,34.133382234501795,3390
Node_2,Smart Light,34.13515150172861,63
Node_2,Smart Light,34.15399942497267,68
Node_2,Smart Light,34.177274765568825,74
Node_2,Smart Light,34.196012577000204,90
Node_2,Smart Light,34.22723253282447,99
Node_1,Temperature Sensor,34.26171461427632,94
Node_2,Smart Light,34.27018006886148,99
Node_2,Smart Light,34.28053221671328,86
Node_2,Smart Light,34.30835890656467,96
Node_5,Camera-like Traffic Generator,34.33319111540642,2629
Node_2,Smart Light,34.3429069504471,84
Node_2,Smart Light,34.39126282309006,87
Node_2,Smart Light,34.414100303510345,96
Node_1,Temperature Sensor,34.424687705452115,98
Node_2,Smart Light,34.461899810327616,75
Node_5,Camera-like Traffic Generator,34.472972980495584,3157
Node_2,Smart Light,34.49350930284532,71
Node_2,Smart Light,34.539962739910465,92
Node_1,Temperature Sensor,34.55673229154835,67
Node_2,Smart Light,34.56496106159695,92
Node_2,Smart Light,34.59278333749982,61
Node_5,Camera-like Traffic Generator,34.63863200884451,2576
Node_2,Smart Light,34.63871460185605,67
Node_2,Smart Light,34.66927038986115,97
Node_2,Smart Light,34.685966182229684,98
Node_2,Smart Light,34.717485175468255,60
Node_2,Smart Light,34.7301040483524,86
Node_4,Motion Sensor,34.747601592890064,69
Node_2,Smart Light,34.771047339007175,94
Node_2,Smart Light,34.79801571708482,64
Node_2,Smart Light,34.829525885645786,88
Node_5,Camera-like Traffic Generator,34.83246902309023,2705
Node_2,Smart Light,34.87857484249935,91
Node_1,Temperature Sensor,34.894746334128364,87
Node_2,Smart Light,34.91443728887208,97
Node_2,Smart Light,34.95431292189905,66
Node_2,Smart Light,34.98268193130946,73
Node_2,Smart Light,34.99618276722683,62
Node_5,Camera-like Traffic Generator,35.002994541697745,3313
Node_2,Smart Light,35.03795135870586,82
Node_2,Smart Light,35.070949850476374,69
Node_1,Temperature Sensor,35.088827892128734,64
Node_2,Smart Light,35.09129576883602,75
Node_3,Smart Plug,35.108940952226206,71
Node_2,Smart Light,35.12650445942105,77
Node_3,Smart Plug,35.136909086690984,99
Node_2,Smart Light,35.137180098153216,86
Node_2,Smart Light,35.16857347295566,85
Node_5,Camera-like Traffic Generator,35.19275855924623,3358
Node_2,Smart Light,35.20330744731208,90
Node_2,Smart Light,35.23673176784461,88
Node_2,Smart Light,35.24963534563657,97
Node_2,Smart Light,35.26388076731137,91
Node_2,Smart Light,35.28593479570517,63
Node_2,Smart Light,35.32654576534598,77
Node_5,Camera-like Traffic Generator,35.33711274300438,2802
Node_2,Smart Light,35.35235029567513,86
Node_2,Smart Light,35.38130980276985,81
Node_2,Smart Light,35.39676506118303,75
Node_2,Smart Light,35.43866444569637,81
Node_5,Camera-like Traffic Generator,35.473806106477355,3051
Node_2,Smart Light,35.48706981629959,65
Node_2,Smart Light,35.52416137811979,96
Node_1,Temperature Sensor,35.54494281778051,69
Node_2,Smart Light,35.56596206300909,89
Node_2,Smart Light,35.5908872836051,97
Node_2,Smart Light,35.62302825111567,82
Node_2,Smart Light,35.63795765747301,60
Node_5,Camera-like Traffic Generator,35.660703200767045,2744
Node_2,Smart Light,35.671823852971144,81
Node_2,Smart Light,35.7197030285403,72
Node_2,Smart Light,35.759634892009615,96
Node_2,Smart Light,35.78338895800356,76
Node_2,Smart Light,35.819226218145964,80
Node_2,Smart Light,35.83566439244854,68
Node_5,Camera-like Traffic Generator,35.85000104841615,2818
Node_2,Smart Light,35.879054327123264,67
Node_1,Temperature Sensor,35.88275047919389,84
Node_2,Smart Light,35.89630864651421,91
Node_2,Smart Light,35.94039869162491,94
Node_2,Smart Light,35.987693486241035,99
Node_5,Camera-like Traffic Generator,36.00414296587093,2604
Node_2,Smart Light,36.01614409438862,81
Node_2,Smart Light,36.03777020108942,62
Node_2,Smart Light,36.05169829714464,89
Node_3,Smart Plug,36.05630583548377,93
Node_2,Smart Light,36.08118591354999,73
Node_2,Smart Light,36.09631451941382,86
Node_5,Camera-like Traffic Generator,36.13880651113704,2910
Node_1,Temperature Sensor,36.150440445328236,83
Node_5,Camera-like Traffic Generator,36.33386285691416,2986
Node_5,Camera-like Traffic Generator,36.44170746459784,3412
Node_1,Temperature Sensor,36.45955353154102,97
Node_5,Camera-like Traffic Generator,36.625849999759765,3020
Node_1,Temperature Sensor,36.64125721131043,88
Node_5,Camera-like Traffic Generator,36.7563439198639,3052
Node_1,Temperature Sensor,36.83673159235677,75
Node_5,Camera-like Traffic Generator,36.868618724852695,3224
Node_5,Camera-like Traffic Generator,37.047412730471656,2535
Node_5,Camera-like Traffic Generator,37.17092325487745,2940
Node_1,Temperature Sensor,37.205407681540756,71
Node_5,Camera-like Traffic Generator,37.347342452983504,3453
Node_3,Smart Plug,37.412537084666084,92
Node_1,Temperature Sensor,37.4318785600495,90
Node_3,Smart Plug,37.4489230346684,70
Node_5,Camera-like Traffic Generator,37.44947141801777,3336
Node_1,Temperature Sensor,37.56089580584676,78
Node_5,Camera-like Traffic Generator,37.57650127526433,3088
Node_5,Camera-like Traffic Generator,37.706542559994745,3465
Node_5,Camera-like Traffic Generator,37.812514564139455,3354
Node_4,Motion Sensor,37.862700887534544,99
Node_5,Camera-like Traffic Generator,37.95090819012555,2518
Node_1,Temperature Sensor,38.06027758218854,99
Node_5,Camera-like Traffic Generator,38.089167008204086,2944
Node_1,Temperature Sensor,38.189581870628395,68
Node_5,Camera-like Traffic Generator,38.21161185334834,2879
Node_5,Camera-like Traffic Generator,38.37760442284787,3032
Node_1,Temperature Sensor,38.395662036528556,97
Node_3,Smart Plug,38.488792926860626,78
Node_5,Camera-like Traffic Generator,38.5436446685188,2531
Node_5,Camera-like Traffic Generator,38.71994429962849,3437
Node_1,Temperature Sensor,38.84800770600313,95
Node_5,Camera-like Traffic Generator,38.910949699905224,3254
Node_5,Camera-like Traffic Generator,39.044571529595785,3328
Node_1,Temperature Sensor,39.09581854149869,66
Node_5,Camera-like Traffic Generator,39.17082480353754,3253
Node_5,Camera-like Traffic Generator,39.292479218487294,2527
Node_3,Smart Plug,39.449662577885775,75
Node_5,Camera-like Traffic Generator,39.465057846721294,3121
Node_3,Smart Plug,39.4677565198493,94
Node_1,Temperature Sensor,39.52931652335461,88
Node_5,Camera-like Traffic Generator,39.65163207589283,3282
Node_5,Camera-like Traffic Generator,39.84448872351498,3252
Node_1,Temperature Sensor,39.873987629644986,99
Node_5,Camera-like Traffic Generator,40.025228393098125,3053
Node_5,Camera-like Traffic Generator,40.22047575246432,3432
Node_1,Temperature Sensor,40.23557815672928,60
Node_5,Camera-like Traffic Generator,40.349217600082625,3490
Node_5,Camera-like Traffic Generator,40.50269373809586,2923
Node_3,Smart Plug,40.56161302871943,65
Node_3,Smart Plug,40.59064779613901,84
Node_3,Smart Plug,40.63200252553256,80
Node_3,Smart Plug,40.66129216293706,65
Node_1,Temperature Sensor,40.66241981077547,71
Node_5,Camera-like Traffic Generator,40.67461575764331,3269
Node_5,Camera-like Traffic Generator,40.800625828505595,3460
Node_5,Camera-like Traffic Generator,40.94735907580481,3492
Node_1,Temperature Sensor,41.0277752967619,97
Node_5,Camera-like Traffic Generator,41.07118176644958,3407
Node_1,Temperature Sensor,41.18149174251925,64
Node_5,Camera-like Traffic Generator,41.19925177952534,3182
Node_1,Temperature Sensor,41.32430613360302,82
Node_5,Camera-like Traffic Generator,41.326691061678545,3498
Node_5,Camera-like Traffic Generator,41.50382498212667,2795
Node_1,Temperature Sensor,41.53324541852894,84
Node_5,Camera-like Traffic Generator,41.66093324534702,2538
Node_5,Camera-like Traffic Generator,41.78836023350293,2768
Node_5,Camera-like Traffic Generator,41.91341156113561,3153
Node_1,Temperature Sensor,41.92029029338446,68
Node_3,Smart Plug,42.04055740799351,95
Node_5,Camera-like Traffic Generator,42.09056795407351,2512
Node_4,Motion Sensor,42.141609818648206,84
Node_4,Motion Sensor,42.166823924614086,80
Node_4,Motion Sensor,42.20483027907519,99
Node_5,Camera-like Traffic Generator,42.22125746967046,3160
Node_4,Motion Sensor,42.2237012885252,77
Node_4,Motion Sensor,42.23615527746766,77
Node_4,Motion Sensor,42.248221497007385,64
Node_4,Motion Sensor,42.2727645428502,97
Node_1,Temperature Sensor,42.27398547693849,70
Node_4,Motion Sensor,42.31122796682295,69
Node_4,Motion Sensor,42.35703221618338,67
Node_4,Motion Sensor,42.36705365330743,86
Node_4,Motion Sensor,42.389919237565266,71
Node_5,Camera-like Traffic Generator,42.40485744929798,3347
Node_4,Motion Sensor,42.41112561170639,84
Node_4,Motion Sensor,42.43836191276636,70
Node_4,Motion Sensor,42.46801336666776,73
Node_4,Motion Sensor,42.48247451120357,86
Node_4,Motion Sensor,42.51979297171328,90
Node_5,Camera-like Traffic Generator,42.549238317869026,2517
Node_1,Temperature Sensor,42.569398217798245,96
Node_5,Camera-like Traffic Generator,42.650125388067714,2537
Node_5,Camera-like Traffic Generator,42.785997753214744,3137
Node_5,Camera-like Traffic Generator,42.941658594246,2908
Node_1,Temperature Sensor,43.00783970311619,63
Node_5,Camera-like Traffic Generator,43.09961562652331,2579
Node_1,Temperature Sensor,43.27727001214168,71
Node_5,Camera-like Traffic Generator,43.289320054846165,3051
Node_3,Smart Plug,43.295019622568084,80
Node_1,Temperature Sensor,43.37868828777679,90
Node_5,Camera-like Traffic Generator,43.48464938352028,2940
Node_5,Camera-like Traffic Generator,43.61045007936127,3286
Node_1,Temperature Sensor,43.73353363869734,70
Node_5,Camera-like Traffic Generator,43.736404159636756,2994
Node_5,Camera-like Traffic Generator,43.85914605155013,2674
Node_5,Camera-like Traffic Generator,44.0462699697988,3155
Node_3,Smart Plug,44.12542642090362,81
Node_1,Temperature Sensor,44.13002600203651,82
Node_3,Smart Plug,44.16751842874393,91
Node_5,Camera-like Traffic Generator,44.16953721517673,3154
Node_5,Camera-like Traffic Generator,44.287962764508364,3006
Node_1,Temperature Sensor,44.40110076962878,60
Node_5,Camera-like Traffic Generator,44.43199365257398,2817
Node_1,Temperature Sensor,44.53119831365829,95
Node_5,Camera-like Traffic Generator,44.587334425230594,2727
Node_5,Camera-like Traffic Generator,44.782504804447974,3491
Node_5,Camera-like Traffic Generator,44.980033037273856,2516
Node_1,Temperature Sensor,44.99276974228224,81
Node_5,Camera-like Traffic Generator,45.16452612738002,3349
Node_5,Camera-like Traffic Generator,45.318570262830086,2544
Node_3,Smart Plug,45.37985208904278,89
Node_1,Temperature Sensor,45.42660775023665,83
Node_5,Camera-like Traffic Generator,45.442039948853775,2609
Node_1,Temperature Sensor,45.58584526446364,65
Node_5,Camera-like Traffic Generator,45.59273374277928,2613
Node_5,Camera-like Traffic Generator,45.700478765282554,2704
Node_1,Temperature Sensor,45.8091486044357,95
Node_5,Camera-like Traffic Generator,45.857515354645294,3329
Node_5,Camera-like Traffic Generator,46.02561698084475,2571
Node_5,Camera-like Traffic Generator,46.16826451387098,2783
Node_1,Temperature Sensor,46.227597526390916,94
Node_5,Camera-like Traffic Generator,46.270733974035394,3106
Node_5,Camera-like Traffic Generator,46.40676266864643,3475
Node_5,Camera-like Traffic Generator,46.59650189121171,2874
Node_4,Motion Sensor,46.6014990949452,92
Node_3,Smart Plug,46.667547411253004,63
Node_1,Temperature Sensor,46.68716738100151,68
Node_3,Smart Plug,46.696633060733184,69
Node_5,Camera-like Traffic Generator,46.790749846275816,2794
Node_1,Temperature Sensor,46.88697927669068,64
Node_5,Camera-like Traffic Generator,46.89386558681369,2868
Node_5,Camera-like Traffic Generator,47.02295285010749,2650
Node_5,Camera-like Traffic Generator,47.18207559358407,2606
Node_1,Temperature Sensor,47.29902577343926,95
Node_5,Camera-like Traffic Generator,47.303223558335816,2813
Node_5,Camera-like Traffic Generator,47.47480035538968,3242
Node_1,Temperature Sensor,47.561576729372106,84
Node_5,Camera-like Traffic Generator,47.653147070200326,3212
Node_3,Smart Plug,47.69491972833946,95
Node_1,Temperature Sensor,47.72339806470499,97
Node_5,Camera-like Traffic Generator,47.84714105377817,2878
Node_5,Camera-like Traffic Generator,48.0054096783466,3157
Node_5,Camera-like Traffic Generator,48.12041714694352,3262
Node_1,Temperature Sensor,48.169240343192975,99
Node_5,Camera-like Traffic Generator,48.28533835472796,3455
Node_5,Camera-like Traffic Generator,48.48120087144075,3492
Node_1,Temperature Sensor,48.59354903116913,95
Node_3,Smart Plug,48.627234437941965,88
Node_5,Camera-like Traffic Generator,48.63774110992809,3497
Node_1,Temperature Sensor,48.70346357592841,89
Node_5,Camera-like Traffic Generator,48.800773547452465,3233
Node_1,Temperature Sensor,48.936337763106984,97
Node_5,Camera-like Traffic Generator,48.954670285842376,2621
Node_5,Camera-like Traffic Generator,49.14251824623086,3298
Node_5,Camera-like Traffic Generator,49.30322844725015,3159
Node_1,Temperature Sensor,49.35723181868184,94
Node_5,Camera-like Traffic Generator,49.45526204704482,2816
Node_5,Camera-like Traffic Generator,49.57476440655131,3075
Node_5,Camera-like Traffic Generator,49.76587135871491,2828
Node_1,Temperature Sensor,49.781531545311594,70
Node_3,Smart Plug,49.83182544000228,64
Node_3,Smart Plug,49.868007284834405,87
Node_5,Camera-like Traffic Generator,49.94577195408756,3477
Node_5,Camera-like Traffic Generator,50.06886102430027,2814
Node_1,Temperature Sensor,50.19648134896578,64
Node_5,Camera-like Traffic Generator,50.266100709444856,3193
Node_5,Camera-like Traffic Generator,50.41060145805893,3457
Node_5,Camera-like Traffic Generator,50.55159403942782,2579
Node_1,Temperature Sensor,50.64534806212822,94
Node_5,Camera-like Traffic Generator,50.70763975233517,2576
Node_1,Temperature Sensor,50.83432154914649,92
Node_5,Camera-like Traffic Generator,50.84386945192696,2984
Node_3,Smart Plug,50.921596137676616,66
Node_5,Camera-like Traffic Generator,50.96690443538978,3286
Node_5,Camera-like Traffic Generator,51.089880765736645,3327
Node_1,Temperature Sensor,51.118442843018066,72
Node_5,Camera-like Traffic Generator,51.28855526283831,3425
Node_4,Motion Sensor,51.36823232102533,84
Node_5,Camera-like Traffic Generator,51.41304965584163,3409
Node_1,Temperature Sensor,51.53658104267921,69
Node_5,Camera-like Traffic Generator,51.580460168545855,3165
Node_1,Temperature Sensor,51.64604681655979,67
Node_5,Camera-like Traffic Generator,51.74101473497413,3295
Node_5,Camera-like Traffic Generator,51.875171915249034,2617
Node_1,Temperature Sensor,51.877351597038874,94
Node_3,Smart Plug,51.899139046039004,94
Node_5,Camera-like Traffic Generator,52.01602219429788,3005
Node_5,Camera-like Traffic Generator,52.13086205179868,2994
Node_5,Camera-like Traffic Generator,52.31900617592858,2698
Node_1,Temperature Sensor,52.36410723865822,71
Node_5,Camera-like Traffic Generator,52.43699774696486,2954
Node_5,Camera-like Traffic Generator,52.55367484130578,2918
Node_1,Temperature Sensor,52.72069993410127,75
Node_5,Camera-like Traffic Generator,52.73022579704433,3211
Node_5,Camera-like Traffic Generator,52.877211823914685,2600
Node_3,Smart Plug,52.95508991214454,71
Node_5,Camera-like Traffic Generator,53.06415770339945,3333
Node_5,Camera-like Traffic Generator,53.16655084977282,2666
Node_1,Temperature Sensor,53.21315980898057,81
Node_5,Camera-like Traffic Generator,53.273852320508766,3014
Node_5,Camera-like Traffic Generator,53.42678328870294,2888
Node_5,Camera-like Traffic Generator,53.569019157391146,2627
Node_1,Temperature Sensor,53.688854665110455,64
Node_5,Camera-like Traffic Generator,53.738712027290525,2741
Node_5,Camera-like Traffic Generator,53.868051216461595,2836
Node_5,Camera-like Traffic Generator,54.05052277483752,2836
Node_1,Temperature Sensor,54.17701490951934,67
Node_5,Camera-like Traffic Generator,54.21139851892449,2607
Node_3,Smart Plug,54.28357024257142,76
Node_5,Camera-like Traffic Generator,54.38361647737871,2573
Node_5,Camera-like Traffic Generator,54.575688848291556,3449
Node_1,Temperature Sensor,54.662028635823965,70
Node_5,Camera-like Traffic Generator,54.766756270777556,3130
Node_1,Temperature Sensor,54.80538965470985,77
Node_5,Camera-like Traffic Generator,54.940826018728295,2935
Node_5,Camera-like Traffic Generator,55.116592025195864,3200
Node_4,Motion Sensor,55.19607316057598,83
Node_1,Temperature Sensor,55.19680767897093,72
Node_4,Motion Sensor,55.2112925767859,89
Node_4,Motion Sensor,55.22610675067537,83
Node_4,Motion Sensor,55.27259382394308,86
Node_5,Camera-like Traffic Generator,55.28993633868585,3223
Node_4,Motion Sensor,55.290211167962774,88
Node_4,Motion Sensor,55.33723119354349,62
Node_4,Motion Sensor,55.369094354457374,73
Node_4,Motion Sensor,55.40810838082331,99
Node_3,Smart Plug,55.421297672476236,74
Node_4,Motion Sensor,55.42618834550087,88
Node_4,Motion Sensor,55.437940789746634,67
Node_5,Camera-like Traffic Generator,55.4488921518228,3320
Node_4,Motion Sensor,55.46996061702656,70
Node_4,Motion Sensor,55.5150436307278,94
Node_1,Temperature Sensor,55.539291220293386,80
Node_4,Motion Sensor,55.56131622463145,99
Node_5,Camera-like Traffic Generator,55.599829550408316,2652
Node_4,Motion Sensor,55.607112745748545,77
Node_4,Motion Sensor,55.64580578073046,96
Node_4,Motion Sensor,55.65851412056551,76
Node_5,Camera-like Traffic Generator,55.70060792492644,3093
Node_4,Motion Sensor,55.70576741364836,80
Node_4,Motion Sensor,55.72673335927865,98
Node_4,Motion Sensor,55.74831961353127,98
Node_4,Motion Sensor,55.7607513491644,98
Node_4,Motion Sensor,55.778358985836874,92
Node_1,Temperature Sensor,55.793369393631274,83
Node_4,Motion Sensor,55.80816002186236,81
Node_4,Motion Sensor,55.83869952971979,62
Node_4,Motion Sensor,55.86620932745701,80
Node_5,Camera-like Traffic Generator,55.8679986340356,2953
Node_4,Motion Sensor,55.89870927106487,75
Node_4,Motion Sensor,55.93299800623746,68
Node_4,Motion Sensor,55.94314202809425,82
Node_4,Motion Sensor,55.97682653829449,60
Node_1,Temperature Sensor,55.995258396086705,88
Node_5,Camera-like Traffic Generator,56.00004232161656,2676
Node_4,Motion Sensor,56.02397163042141,80
Node_4,Motion Sensor,56.05412434101051,88
Node_4,Motion Sensor,56.07447772571492,94
Node_1,Temperature Sensor,56.09593490737416,97
Node_4,Motion Sensor,56.09633227318819,70
Node_4,Motion Sensor,56.11109640901714,68
Node_4,Motion Sensor,56.142439040666574,71
Node_5,Camera-like Traffic Generator,56.17229564018569,2779
Node_4,Motion Sensor,56.17802365439156,97
Node_4,Motion Sensor,56.19913391455846,65
Node_4,Motion Sensor,56.244069228257295,62
Node_4,Motion Sensor,56.29327017472213,99
Node_4,Motion Sensor,56.31166907014512,64
Node_4,Motion Sensor,56.347614890163015,85
Node_5,Camera-like Traffic Generator,56.349596272257855,2732
Node_4,Motion Sensor,56.39650363528292,72
Node_3,Smart Plug,56.39894202428612,72
Node_1,Temperature Sensor,56.411315706211276,88
Node_5,Camera-like Traffic Generator,56.498925618930386,2548
Node_5,Camera-like Traffic Generator,56.65069338309437,3025
Node_5,Camera-like Traffic Generator,56.801516172200195,3428
Node_1,Temperature Sensor,56.80809573734707,86
Node_5,Camera-like Traffic Generator,56.93004189223235,2884
Node_1,Temperature Sensor,57.05378432605957,62
Node_5,Camera-like Traffic Generator,57.10577191366321,3453
Node_5,Camera-like Traffic Generator,57.20996535658454,3445
Node_5,Camera-like Traffic Generator,57.39820377318865,3230
Node_1,Temperature Sensor,57.41947940002408,73
Node_5,Camera-like Traffic Generator,57.541257538425334,2778
Node_1,Temperature Sensor,57.64504565804742,93
Node_3,Smart Plug,57.692788249865885,89
Node_5,Camera-like Traffic Generator,57.72921591275833,2814
Node_5,Camera-like Traffic Generator,57.86395047426483,2665
Node_5,Camera-like Traffic Generator,57.99273479050199,2986
Node_1,Temperature Sensor,58.032947363253,72
Node_5,Camera-like Traffic Generator,58.115098126800866,2669
Node_1,Temperature Sensor,58.256661228136466,76
Node_5,Camera-like Traffic Generator,58.30901861465005,2759
Node_5,Camera-like Traffic Generator,58.4696356329574,2606
Node_1,Temperature Sensor,58.517621382959554,71
Node_5,Camera-like Traffic Generator,58.59280309163054,2778
Node_1,Temperature Sensor,58.668536502583216,76
Node_5,Camera-like Traffic Generator,58.70240069278115,3052
Node_5,Camera-like Traffic Generator,58.853270509885235,2668
Node_3,Smart Plug,58.95428624425423,89
Node_5,Camera-like Traffic Generator,59.01310966384747,2539
Node_1,Temperature Sensor,59.14468197087529,87
Node_5,Camera-like Traffic Generator,59.202174107361095,3037
Node_5,Camera-like Traffic Generator,59.32168737389967,2988
Node_5,Camera-like Traffic Generator,59.50392719472705,2869
Node_1,Temperature Sensor,59.605804189168325,84
Node_5,Camera-like Traffic Generator,59.632110946982046,3447
Node_5,Camera-like Traffic Generator,59.77476120308837,2944
Node_1,Temperature Sensor,59.82618413899455,81
Node_5,Camera-like Traffic Generator,59.8873790733827,2953
Node_1,Temperature Sensor,59.926346514873465,71
Node_5,Camera-like Traffic Generator,60.07917859267542,3216
Node_1,Temperature Sensor,60.1983017748694,83
Node_3,Smart Plug,60.243804253860766,66
Node_3,Smart Plug,60.269826690117796,73
Node_5,Camera-like Traffic Generator,60.27109695970719,2619
Node_5,Camera-like Traffic Generator,60.459984935394175,2993
Node_1,Temperature Sensor,60.560184024350626,78
Node_5,Camera-like Traffic Generator,60.56867131836178,2636
Node_5,Camera-like Traffic Generator,60.69651663826738,3168
Node_1,Temperature Sensor,60.83704794407255,68
Node_5,Camera-like Traffic Generator,60.89336059568687,3303
Node_5,Camera-like Traffic Generator,61.06778834921979,2722
Node_1,Temperature Sensor,61.12632241843628,96
Node_5,Camera-like Traffic Generator,61.17522338218885,2656
Node_5,Camera-like Traffic Generator,61.308757098596345,2953
Node_5,Camera-like Traffic Generator,61.48230927309959,3172
Node_1,Temperature Sensor,61.54473232248699,66
Node_3,Smart Plug,61.55776687622492,88
Node_5,Camera-like Traffic Generator,61.5897181235212,3187
Node_3,Smart Plug,61.6063496862799,60
Node_3,Smart Plug,61.62216282371333,97
Node_1,Temperature Sensor,61.67865053717704,80
Node_5,Camera-like Traffic Generator,61.778945374428574,2538
Node_5,Camera-like Traffic Generator,61.88898925472162,3205
Node_1,Temperature Sensor,62.03182687948336,73
Node_5,Camera-like Traffic Generator,62.041118934876486,2690
Node_4,Motion Sensor,62.04846279858976,70
Node_5,Camera-like Traffic Generator,62.19693596350413,3337
Node_5,Camera-like Traffic Generator,62.35954404314294,3449
Node_1,Temperature Sensor,62.459196265298026,90
Node_3,Smart Plug,62.46701914317185,68
Node_3,Smart Plug,62.47852935670325,75
Node_5,Camera-like Traffic Generator,62.52227254798544,2745
Node_5,Camera-like Traffic Generator,62.680906885303536,3372
Node_5,Camera-like Traffic Generator,62.802927840443935,2695
Node_1,Temperature Sensor,62.828314533520896,68
Node_5,Camera-like Traffic Generator,62.9499393813869,2984
Node_1,Temperature Sensor,63.007966506611524,60
Node_5,Camera-like Traffic Generator,63.06864986703419,2996
Node_5,Camera-like Traffic Generator,63.181829059874175,3134
Node_1,Temperature Sensor,63.20590352424286,79
Node_5,Camera-like Traffic Generator,63.290700230715956,3016
Node_5,Camera-like Traffic Generator,63.463028590908024,2714
Node_5,Camera-like Traffic Generator,63.606460469048045,2990
Node_1,Temperature Sensor,63.64579860209275,62
Node_3,Smart Plug,63.708305270204946,80
Node_5,Camera-like Traffic Generator,63.76758218778892,3209
Node_5,Camera-like Traffic Generator,63.87146346077408,3187
Node_1,Temperature Sensor,63.911575006491844,85
Node_5,Camera-like Traffic Generator,64.03280128298806,3131
Node_1,Temperature Sensor,64.08934910118772,87
Node_5,Camera-like Traffic Generator,64.15627286167378,2848
Node_5,Camera-like Traffic Generator,64.30931897541588,3454
Node_1,Temperature Sensor,64.3870999687919,69
Node_5,Camera-like Traffic Generator,64.49710794044746,3340
Node_5,Camera-like Traffic Generator,64.68461184774957,3167
Node_1,Temperature Sensor,64.74952317323661,60
Node_5,Camera-like Traffic Generator,64.83363404532152,3130
Node_3,Smart Plug,64.92653606487481,97
Node_5,Camera-like Traffic Generator,64.99341825606089,3043
Node_5,Camera-like Traffic Generator,65.12295997807286,2718
Node_1,Temperature Sensor,65.149908963884,90
Node_1,Temperature Sensor,65.29254388250942,77
Node_5,Camera-like Traffic Generator,65.31925187319486,3396
Node_1,Temperature Sensor,65.46289855519203,98
Node_5,Camera-like Traffic Generator,65.49564553505692,2919
Node_5,Camera-like Traffic Generator,65.64036282629687,2747
Node_1,Temperature Sensor,65.77008165536952,62
Node_5,Camera-like Traffic Generator,65.78284935469036,2676
Node_1,Temperature Sensor,65.96976096723351,93
Node_5,Camera-like Traffic Generator,65.97848090741557,3160
Node_5,Camera-like Traffic Generator,66.11323876495952,2898
Node_3,Smart Plug,66.1747399850459,77
Node_3,Smart Plug,66.21101535395418,92
Node_3,Smart Plug,66.22235972801003,83
Node_5,Camera-like Traffic Generator,66.22604455151976,3382
Node_1,Temperature Sensor,66.25234569742157,92
Node_5,Camera-like Traffic Generator,66.41005663433845,3364
Node_5,Camera-like Traffic Generator,66.57016251350517,3187
Node_1,Temperature Sensor,66.61937679045612,99
Node_5,Camera-like Traffic Generator,66.67305876823161,2767
Node_5,Camera-like Traffic Generator,66.7945693855845,3350
Node_5,Camera-like Traffic Generator,66.93546996770492,3062
Node_1,Temperature Sensor,66.95755771784388,98
Node_5,Camera-like Traffic Generator,67.06778916942885,3174
Node_3,Smart Plug,67.18452940898268,66
Node_3,Smart Plug,67.20409967399418,60
Node_5,Camera-like Traffic Generator,67.20891207786563,3309
Node_3,Smart Plug,67.25397235974727,91
Node_5,Camera-like Traffic Generator,67.35143200593257,2760
Node_1,Temperature Sensor,67.41412808816806,84
Node_5,Camera-like Traffic Generator,67.45689534254062,2985
Node_5,Camera-like Traffic Generator,67.57879016208327,3136
Node_5,Camera-like Traffic Generator,67.68335301558986,2947
Node_4,Motion Sensor,67.74347007687156,71
Node_1,Temperature Sensor,67.80183767267845,80
Node_5,Camera-like Traffic Generator,67.8054840202009,3375
Node_5,Camera-like Traffic Generator,67.95908533001162,3279
Node_5,Camera-like Traffic Generator,68.0701168920627,3468
Node_5,Camera-like Traffic Generator,68.2311920320991,2629
Node_1,Temperature Sensor,68.23406534056701,81
Node_3,Smart Plug,68.33057254168311,83
Node_5,Camera-like Traffic Generator,68.38516876311627,3450
Node_5,Camera-like Traffic Generator,68.48728053243664,2879
Node_5,Camera-like Traffic Generator,68.66532388502918,2833
Node_1,Temperature Sensor,68.69294858186032,89
Node_5,Camera-like Traffic Generator,68.80059394843455,3266
Node_5,Camera-like Traffic Generator,68.90694042649066,2549
Node_1,Temperature Sensor,68.98281835658955,70
Node_5,Camera-like Traffic Generator,69.02798676573587,3035
Node_1,Temperature Sensor,69.1817142515934,85
Node_5,Camera-like Traffic Generator,69.22650849541155,3338
Node_5,Camera-like Traffic Generator,69.36606112430103,3217
Node_5,Camera-like Traffic Generator,69.49507987270458,2661
Node_1,Temperature Sensor,69.58803972531227,80
Node_5,Camera-like Traffic Generator,69.63246786762839,2913
Node_3,Smart Plug,69.64642041978558,62
Node_3,Smart Plug,69.66780017126705,93
Node_5,Camera-like Traffic Generator,69.78776298462913,2748
Node_5,Camera-like Traffic Generator,69.88912707345953,3345
Node_1,Temperature Sensor,69.93873910010498,70
Node_5,Camera-like Traffic Generator,70.06463925463753,3026
Node_1,Temperature Sensor,70.06973244165087,71
Node_5,Camera-like Traffic Generator,70.21478918669266,3291
Node_1,Temperature Sensor,70.27841848448375,72
Node_5,Camera-like Traffic Generator,70.31901770347767,2783
Node_5,Camera-like Traffic Generator,70.42144213971162,3131
Node_5,Camera-like Traffic Generator,70.5902491427979,2533
Node_1,Temperature Sensor,70.59447937349114,65
Node_3,Smart Plug,70.71146684504082,98
Node_3,Smart Plug,70.74572138136051,67
Node_5,Camera-like Traffic Generator,70.7652406820107,3312
Node_1,Temperature Sensor,70.78698396538242,87
Node_5,Camera-like Traffic Generator,70.90302635564039,2900
Node_5,Camera-like Traffic Generator,71.08485594430734,3376
Node_1,Temperature Sensor,71.16955162206024,62
Node_5,Camera-like Traffic Generator,71.27105431378422,2576
Node_5,Camera-like Traffic Generator,71.42150528008438,3203
Node_1,Temperature Sensor,71.43259136992687,81
Node_5,Camera-like Traffic Generator,71.59476916323949,2520
Node_1,Temperature Sensor,71.69890106356813,68
Node_5,Camera-like Traffic Generator,71.76903436152257,3041
Node_3,Smart Plug,71.94815608658259,70
Node_5,Camera-like Traffic Generator,71.96093181798365,2595
Node_1,Temperature Sensor,71.9669584706775,96
Node_5,Camera-like Traffic Generator,72.1197513971622,2891
Node_1,Temperature Sensor,72.30059023635918,87
Node_5,Camera-like Traffic Generator,72.30289856875319,3359
Node_5,Camera-like Traffic Generator,72.48137574452817,2925
Node_4,Motion Sensor,72.62133599073778,60
Node_5,Camera-like Traffic Generator,72.65572408025878,2802
Node_1,Temperature Sensor,72.74328304928076,90
Node_5,Camera-like Traffic Generator,72.80161464413621,2599
Node_3,Smart Plug,72.82268155605739,62
Node_3,Smart Plug,72.8705621746645,92
Node_1,Temperature Sensor,72.99543546085185,60
Node_5,Camera-like Traffic Generator,72.99854088301282,3076
Node_5,Camera-like Traffic Generator,73.13619895549282,2929
Node_1,Temperature Sensor,73.23613898192058,90
Node_5,Camera-like Traffic Generator,73.25842425122043,2906
Node_5,Camera-like Traffic Generator,73.38628004124196,2784
Node_5,Camera-like Traffic Generator,73.55656798750582,3006
Node_1,Temperature Sensor,73.67751816214822,98
Node_5,Camera-like Traffic Generator,73.69480882109913,3493
Node_5,Camera-like Traffic Generator,73.86756456644571,3451
Node_1,Temperature Sensor,73.94512667520014,89
Node_5,Camera-like Traffic Generator,74.04383460474243,3214
Node_5,Camera-like Traffic Generator,74.1890616400444,3077
Node_1,Temperature Sensor,74.26357959909367,84
Node_3,Smart Plug,74.28384130703465,92
Node_5,Camera-like Traffic Generator,74.29155082716382,3271
Node_5,Camera-like Traffic Generator,74.43625935580903,2976
Node_1,Temperature Sensor,74.4517950768232,68
Node_5,Camera-like Traffic Generator,74.54715420096899,2810
Node_5,Camera-like Traffic Generator,74.66153132692487,3129
Node_1,Temperature Sensor,74.72612946724186,61
Node_5,Camera-like Traffic Generator,74.76989478103981,3060
Node_5,Camera-like Traffic Generator,74.89066296291875,3442
Node_1,Temperature Sensor,74.96058128472121,87
Node_5,Camera-like Traffic Generator,75.05000391618684,2583
Node_5,Camera-like Traffic Generator,75.19032342347018,3338
Node_1,Temperature Sensor,75.22230795237627,66
Node_5,Camera-like Traffic Generator,75.34266399037578,3339
Node_1,Temperature Sensor,75.5092640120692,65
Node_5,Camera-like Traffic Generator,75.51872215031754,2558
Node_3,Smart Plug,75.56977561006455,98
Node_5,Camera-like Traffic Generator,75.66806392449213,2911
Node_5,Camera-like Traffic Generator,75.84211503742549,3334
Node_1,Temperature Sensor,75.85816679645882,61
Node_5,Camera-like Traffic Generator,75.94576600842198,3188
Node_5,Camera-like Traffic Generator,76.1056390174529,3371
Node_1,Temperature Sensor,76.1157748989947,82
Node_1,Temperature Sensor,76.22661571753082,85
Node_5,Camera-like Traffic Generator,76.2324535070339,2709
Node_1,Temperature Sensor,76.38089551242305,78
Node_5,Camera-like Traffic Generator,76.38869445666069,2988
Node_1,Temperature Sensor,76.5010093658185,75
Node_5,Camera-like Traffic Generator,76.53867600329588,3459
Node_5,Camera-like Traffic Generator,76.66224993707743,2961
Node_1,Temperature Sensor,76.6856734795031,73
Node_5,Camera-like Traffic Generator,76.81054957042723,3054
Node_3,Smart Plug,76.90875264497824,90
Node_5,Camera-like Traffic Generator,76.98451806957569,3233
Node_1,Temperature Sensor,77.0901653626607,75
Node_5,Camera-like Traffic Generator,77.17664110872074,2925
Node_5,Camera-like Traffic Generator,77.28439155311486,2627
Node_5,Camera-like Traffic Generator,77.3857540051466,3019
Node_1,Temperature Sensor,77.49096929208261,93
Node_5,Camera-like Traffic Generator,77.4979017738573,2697
Node_5,Camera-like Traffic Generator,77.68487669118856,2613
Node_1,Temperature Sensor,77.69187790479556,63
Node_1,Temperature Sensor,77.79963121961556,81
Node_4,Motion Sensor,77.81276602221382,71
Node_5,Camera-like Traffic Generator,77.87342697451938,2995
Node_3,Smart Plug,78.02994654551212,78
Node_5,Camera-like Traffic Generator,78.03604346569047,3024
Node_5,Camera-like Traffic Generator,78.15003000459909,3374
Node_5,Camera-like Traffic Generator,78.29184473893837,2509
Node_1,Temperature Sensor,78.29959435101925,73
Node_5,Camera-like Traffic Generator,78.40360306674695,3495
Node_5,Camera-like Traffic Generator,78.5755973661304,3380
Node_1,Temperature Sensor,78.6596519883192,91
Node_5,Camera-like Traffic Generator,78.70270812941382,2822
Node_3,Smart Plug,78.84909203378457,64
Node_3,Smart Plug,78.8844385056869,99
Node_5,Camera-like Traffic Generator,78.89166263874036,3063
Node_5,Camera-like Traffic Generator,79.00825720599568,2790
Node_1,Temperature Sensor,79.02035385041675,90
Node_5,Camera-like Traffic Generator,79.17675959355245,3302
Node_5,Camera-like Traffic Generator,79.37195912987188,2871
Node_1,Temperature Sensor,79.50019854350315,67
Node_5,Camera-like Traffic Generator,79.5324109080835,2972
Node_1,Temperature Sensor,79.60835055043128,66
Node_5,Camera-like Traffic Generator,79.65347262128446,2830
Node_1,Temperature Sensor,79.75883894038097,86
Node_5,Camera-like Traffic Generator,79.82814904534085,3496
Node_3,Smart Plug,79.84538960269931,72
Node_5,Camera-like Traffic Generator,80.02093321028762,2664
Node_1,Temperature Sensor,80.08442677315297,68
Node_5,Camera-like Traffic Generator,80.19244135325768,2973
Node_5,Camera-like Traffic Generator,80.32421015612127,2679
Node_1,Temperature Sensor,80.46421276165142,90
Node_5,Camera-like Traffic Generator,80.4712594997572,3493
Node_5,Camera-like Traffic Generator,80.57181974267223,3201
Node_1,Temperature Sensor,80.63132841899855,84
Node_5,Camera-like Traffic Generator,80.69174650651527,2593
Node_5,Camera-like Traffic Generator,80.83760586447657,2594
Node_4,Motion Sensor,80.85968149087803,86
Node_5,Camera-like Traffic Generator,81.00010314089351,3094
Node_3,Smart Plug,81.0069425547427,60
Node_1,Temperature Sensor,81.03049867978066,64
Node_5,Camera-like Traffic Generator,81.10678034105477,3136
Node_5,Camera-like Traffic Generator,81.2951146594736,2844
Node_5,Camera-like Traffic Generator,81.3965276083859,2692
Node_1,Temperature Sensor,81.4582191495051,98
Node_5,Camera-like Traffic Generator,81.52494636601884,3411
Node_1,Temperature Sensor,81.60145864936814,61
Node_5,Camera-like Traffic Generator,81.66756293123477,3229
Node_5,Camera-like Traffic Generator,81.80429041154534,3266
Node_1,Temperature Sensor,81.82624154712602,87
Node_3,Smart Plug,81.98072288129615,63
Node_5,Camera-like Traffic Generator,81.99772120353039,3061
Node_5,Camera-like Traffic Generator,82.16188113898941,2702
Node_1,Temperature Sensor,82.30951068240837,75
Node_5,Camera-like Traffic Generator,82.32114505169133,2602
Node_5,Camera-like Traffic Generator,82.44278919864037,2678
Node_5,Camera-like Traffic Generator,82.59915517519923,2626
Node_1,Temperature Sensor,82.69551656442816,63
Node_5,Camera-like Traffic Generator,82.75138695533137,3144
Node_5,Camera-like Traffic Generator,82.88968160693668,3075
Node_1,Temperature Sensor,83.07176233080135,85
Node_5,Camera-like Traffic Generator,83.07502162892854,3104
Node_1,Temperature Sensor,83.21252285297975,90
Node_5,Camera-like Traffic Generator,83.2716875178097,3237
Node_3,Smart Plug,83.35547516394092,63
Node_5,Camera-like Traffic Generator,83.4332762370499,3409
Node_5,Camera-like Traffic Generator,83.55420690812197,2502
Node_1,Temperature Sensor,83.65264014861526,84
Node_5,Camera-like Traffic Generator,83.67739001176464,2716
Node_1,Temperature Sensor,83.80106217464218,99
Node_5,Camera-like Traffic Generator,83.87034472323417,3114
Node_5,Camera-like Traffic Generator,83.98467805643202,2975
Node_5,Camera-like Traffic Generator,84.08470274342667,2577
Node_1,Temperature Sensor,84.2141163131866,73
Node_5,Camera-like Traffic Generator,84.28168695035066,2636
Node_5,Camera-like Traffic Generator,84.46241038909021,2925
Node_1,Temperature Sensor,84.48546751848049,74
Node_3,Smart Plug,84.48906398180343,74
Node_5,Camera-like Traffic Generator,84.60957929685706,2802
Node_5,Camera-like Traffic Generator,84.78558003955872,2740
Node_1,Temperature Sensor,84.78785183435132,73
Node_5,Camera-like Traffic Generator,84.92490470565448,3273
Node_5,Camera-like Traffic Generator,85.09552916479782,2854
Node_1,Temperature Sensor,85.22768208515114,92
Node_5,Camera-like Traffic Generator,85.27939410737976,2816
Node_1,Temperature Sensor,85.36989763340874,98
Node_5,Camera-like Traffic Generator,85.38721407351962,3105
Node_3,Smart Plug,85.47741702953158,97
Node_5,Camera-like Traffic Generator,85.50860401014212,2666
Node_5,Camera-like Traffic Generator,85.6719809984887,2777
Node_1,Temperature Sensor,85.72413167584932,93
Node_5,Camera-like Traffic Generator,85.78626939848299,2937
Node_5,Camera-like Traffic Generator,85.93043408028277,3195
Node_5,Camera-like Traffic Generator,86.0554879842539,2620
Node_1,Temperature Sensor,86.10705513333176,77
Node_5,Camera-like Traffic Generator,86.24546419770569,3152
Node_5,Camera-like Traffic Generator,86.36326543855614,3366
Node_1,Temperature Sensor,86.50057325493711,98
Node_5,Camera-like Traffic Generator,86.54880266987188,3270
Node_4,Motion Sensor,86.67673221119375,83
Node_5,Camera-like Traffic Generator,86.68340182560225,2924
Node_1,Temperature Sensor,86.70860621349208,92
Node_5,Camera-like Traffic Generator,86.84509924500708,3376
Node_3,Smart Plug,86.91436625082311,79
Node_3,Smart Plug,86.95378341343282,94
Node_3,Smart Plug,86.97189407578435,69
Node_1,Temperature Sensor,87.02387537607137,79
Node_5,Camera-like Traffic Generator,87.0371598645546,2690
Node_5,Camera-like Traffic Generator,87.17458045043949,3433
Node_1,Temperature Sensor,87.29810517327293,89
Node_5,Camera-like Traffic Generator,87.37412429237568,2695
Node_1,Temperature Sensor,87.50546338849261,94
Node_5,Camera-like Traffic Generator,87.51022343013341,2694
Node_5,Camera-like Traffic Generator,87.66884227093989,2828
Node_5,Camera-like Traffic Generator,87.85994634652734,3415
Node_3,Smart Plug,87.88109097371766,64
Node_1,Temperature Sensor,87.93775579604886,63
Node_5,Camera-like Traffic Generator,88.01022568214653,2512
Node_5,Camera-like Traffic Generator,88.13752846515409,3147
Node_5,Camera-like Traffic Generator,88.3016958711757,2898
Node_1,Temperature Sensor,88.39040826964997,69
Node_5,Camera-like Traffic Generator,88.50126965601542,3204
Node_5,Camera-like Traffic Generator,88.62868703907921,2557
Node_1,Temperature Sensor,88.67629165629126,84
Node_5,Camera-like Traffic Generator,88.7859051308825,2530
Node_1,Temperature Sensor,88.92788737794255,61
Node_5,Camera-like Traffic Generator,88.95770808222404,2970
Node_5,Camera-like Traffic Generator,89.1184627089394,2954
Node_3,Smart Plug,89.15415946113123,86
Node_5,Camera-like Traffic Generator,89.23583980570672,3249
Node_1,Temperature Sensor,89.36826851246754,67
Node_5,Camera-like Traffic Generator,89.4005946551932,3045
Node_5,Camera-like Traffic Generator,89.51098338345285,2869
Node_1,Temperature Sensor,89.55311645253943,91
Node_5,Camera-like Traffic Generator,89.67227543266283,3213
Node_1,Temperature Sensor,89.78925198980514,95
Node_5,Camera-like Traffic Generator,89.84283939030648,2676
Node_5,Camera-like Traffic Generator,90.02793370149288,2582
Node_1,Temperature Sensor,90.16972548993802,71
Node_5,Camera-like Traffic Generator,90.21134014452684,2619
Node_1,Temperature Sensor,90.27378593571349,97
Node_5,Camera-like Traffic Generator,90.35567794514695,3210
Node_1,Temperature Sensor,90.4080311204967,88
Node_5,Camera-like Traffic Generator,90.4871016003719,3357
Node_3,Smart Plug,90.4891304099761,81
Node_3,Smart Plug,90.51842209322415,84
Node_5,Camera-like Traffic Generator,90.61484941695198,3352
Node_1,Temperature Sensor,90.70346225923622,90
Node_5,Camera-like Traffic Generator,90.78035993923858,3237
Node_5,Camera-like Traffic Generator,90.91362643801084,3171
Node_1,Temperature Sensor,91.07970599501483,85
Node_5,Camera-like Traffic Generator,91.10359308631864,3397
Node_5,Camera-like Traffic Generator,91.22051444107866,3486
Node_1,Temperature Sensor,91.37603452904627,91
Node_5,Camera-like Traffic Generator,91.39272799467443,2866
Node_5,Camera-like Traffic Generator,91.4941451159213,3164
Node_1,Temperature Sensor,91.51325586926814,68
Node_5,Camera-like Traffic Generator,91.63578298870493,3167
Node_4,Motion Sensor,91.74107838419664,97
Node_5,Camera-like Traffic Generator,91.74193132930637,2692
Node_1,Temperature Sensor,91.88997073138621,72
Node_5,Camera-like Traffic Generator,91.91806063653286,2647
Node_3,Smart Plug,92.00817502375126,95
Node_5,Camera-like Traffic Generator,92.04472422905319,2672
Node_5,Camera-like Traffic Generator,92.14917507199662,3108
Node_1,Temperature Sensor,92.22259296551915,78
Node_5,Camera-like Traffic Generator,92.31804674258954,2909
Node_5,Camera-like Traffic Generator,92.48157671364287,3342
Node_1,Temperature Sensor,92.53496173797747,77
Node_5,Camera-like Traffic Generator,92.67568570720535,2811
Node_5,Camera-like Traffic Generator,92.83174164591911,2617
Node_1,Temperature Sensor,92.93333591266291,73
Node_5,Camera-like Traffic Generator,92.97836687382356,3336
Node_5,Camera-like Traffic Generator,93.08697639712453,3430
Node_3,Smart Plug,93.15173876987585,99
Node_5,Camera-like Traffic Generator,93.1957925924905,3418
Node_5,Camera-like Traffic Generator,93.31404268962339,2586
Node_1,Temperature Sensor,93.31447788953722,70
Node_5,Camera-like Traffic Generator,93.44579281848203,3126
Node_1,Temperature Sensor,93.5150393600176,64
Node_5,Camera-like Traffic Generator,93.54780355566776,2669
Node_5,Camera-like Traffic Generator,93.64884742612988,3137
Node_1,Temperature Sensor,93.6920730773982,64
Node_5,Camera-like Traffic Generator,93.79488233597523,3377
Node_5,Camera-like Traffic Generator,93.98920606886298,2807
Node_1,Temperature Sensor,94.0064186635517,90
Node_3,Smart Plug,94.14792540610408,68
Node_5,Camera-like Traffic Generator,94.1572951283368,3442
Node_1,Temperature Sensor,94.18047860052677,68
Node_5,Camera-like Traffic Generator,94.34375371910589,3247
Node_1,Temperature Sensor,94.47415803541185,88
Node_5,Camera-like Traffic Generator,94.51756476598395,2810
Node_5,Camera-like Traffic Generator,94.65549581165469,2787
Node_5,Camera-like Traffic Generator,94.78339215120562,3065
Node_5,Camera-like Traffic Generator,94.92479042850768,3335
Node_1,Temperature Sensor,94.96480084456508,80
Node_3,Smart Plug,94.98582912600622,91
Node_5,Camera-like Traffic Generator,95.05207037090364,2699
Node_1,Temperature Sensor,95.17800032587506,64
Node_5,Camera-like Traffic Generator,95.2499981918059,2759
Node_1,Temperature Sensor,95.3556473571115,69
Node_5,Camera-like Traffic Generator,95.39395802419448,2592
Node_1,Temperature Sensor,95.52742397458566,60
Node_5,Camera-like Traffic Generator,95.52947333449588,2863
Node_5,Camera-like Traffic Generator,95.70671038893464,3023
Node_1,Temperature Sensor,95.84107801029272,70
Node_5,Camera-like Traffic Generator,95.88966039657522,3187
Node_5,Camera-like Traffic Generator,96.00670786070509,3449
Node_3,Smart Plug,96.1643666879205,80
Node_5,Camera-like Traffic Generator,96.16523015917946,2655
Node_5,Camera-like Traffic Generator,96.32210128965386,3493
Node_1,Temperature Sensor,96.33079598273382,82
Node_5,Camera-like Traffic Generator,96.46548662944066,3146
Node_4,Motion Sensor,96.61976730748788,84
Node_5,Camera-like Traffic Generator,96.63368840513773,2788
Node_1,Temperature Sensor,96.7097629398979,65
Node_5,Camera-like Traffic Generator,96.76790652176362,3468
Node_5,Camera-like Traffic Generator,96.92306764237941,3243
Node_5,Camera-like Traffic Generator,97.04996265366343,3013
Node_1,Temperature Sensor,97.15714741880308,79
Node_5,Camera-like Traffic Generator,97.17103485230638,2718
Node_5,Camera-like Traffic Generator,97.29711944377812,3421
Node_3,Smart Plug,97.44480374049178,66
Node_5,Camera-like Traffic Generator,97.44882242571083,3131
Node_5,Camera-like Traffic Generator,97.59634340754403,2967
Node_1,Temperature Sensor,97.6062353128025,82
Node_5,Camera-like Traffic Generator,97.72864250321362,3063
Node_1,Temperature Sensor,97.8939940907747,77
Node_5,Camera-like Traffic Generator,97.89447298395935,3401
Node_5,Camera-like Traffic Generator,98.02671018864612,2604
Node_1,Temperature Sensor,98.06773955893073,62
Node_5,Camera-like Traffic Generator,98.16259860337873,3401
Node_5,Camera-like Traffic Generator,98.27847365337317,2975
Node_5,Camera-like Traffic Generator,98.4121408375233,3402
Node_5,Camera-like Traffic Generator,98.53085198938629,2858
Node_1,Temperature Sensor,98.54416499763796,79
Node_5,Camera-like Traffic Generator,98.6471265537023,3046
Node_3,Smart Plug,98.73357493815908,78
Node_5,Camera-like Traffic Generator,98.82233107141083,2939
Node_1,Temperature Sensor,98.97301125575774,76
Node_5,Camera-like Traffic Generator,98.98399230401375,3093
Node_1,Temperature Sensor,99.10264412386,85
Node_5,Camera-like Traffic Generator,99.15344214780411,3230
Node_1,Temperature Sensor,99.22408775357701,65
Node_5,Camera-like Traffic Generator,99.30079935521721,2743
Node_5,Camera-like Traffic Generator,99.47313660069138,3100
Node_3,Smart Plug,99.5418489231864,68
Node_1,Temperature Sensor,99.54922359241084,72
Node_5,Camera-like Traffic Generator,99.6213923599295,2901
Node_5,Camera-like Traffic Generator,99.72540525677333,3428
Node_5,Camera-like Traffic Generator,99.84883556157119,3434
Node_5,Camera-like Traffic Generator,100.04152420290102,2607
Node_1,Temperature Sensor,100.04679084149492,64
Node_5,Camera-like Traffic Generator,100.1841136257931,2769
Node_5,Camera-like Traffic Generator,100.3418624251177,3093
Node_1,Temperature Sensor,100.4525682196254,84
Node_5,Camera-like Traffic Generator,100.45826502173459,2666
Node_3,Smart Plug,100.56965426312719,84
Node_5,Camera-like Traffic Generator,100.5883232983034,3096
Node_3,Smart Plug,100.60159679914236,69
Node_5,Camera-like Traffic Generator,100.75808644907201,3024
Node_1,Temperature Sensor,100.86886455156278,69
Node_4,Motion Sensor,100.94632197589887,72
Node_5,Camera-like Traffic Generator,100.95323583721574,3067
Node_5,Camera-like Traffic Generator,101.06719075763422,3163
Node_1,Temperature Sensor,101.17789356561487,78
Node_5,Camera-like Traffic Generator,101.24604769966197,2553
Node_5,Camera-like Traffic Generator,101.35508756458151,3292
Node_1,Temperature Sensor,101.4549819672226,94
Node_5,Camera-like Traffic Generator,101.46923365920284,2846
Node_5,Camera-like Traffic Generator,101.60883304592868,2960
Node_5,Camera-like Traffic Generator,101.77469390608829,2700
Node_3,Smart Plug,101.83075562933927,74
Node_5,Camera-like Traffic Generator,101.8919007495101,2807
Node_1,Temperature Sensor,101.95099447140932,72
Node_5,Camera-like Traffic Generator,102.01036011520297,3357
Node_5,Camera-like Traffic Generator,102.15401500339343,3224
Node_5,Camera-like Traffic Generator,102.26942879708,3055
Node_1,Temperature Sensor,102.29940539983818,84
Node_5,Camera-like Traffic Generator,102.4469896490818,2504
Node_5,Camera-like Traffic Generator,102.56292262951841,2599
Node_1,Temperature Sensor,102.695441122032,97
Node_5,Camera-like Traffic Generator,102.71790553661008,2894
Node_3,Smart Plug,102.77812836681673,88
Node_5,Camera-like Traffic Generator,102.83915472428284,2972
Node_1,Temperature Sensor,102.87855628436141,68
Node_5,Camera-like Traffic Generator,102.976783882207,2963
Node_5,Camera-like Traffic Generator,103.10105808297656,3416
Node_5,Camera-like Traffic Generator,103.23981547434629,2818
Node_1,Temperature Sensor,103.24272753923822,66
Node_1,Temperature Sensor,103.41225295856879,63
Node_5,Camera-like Traffic Generator,103.43334171413893,2899
Node_1,Temperature Sensor,103.51332324760995,78
Node_5,Camera-like Traffic Generator,103.56605289808776,2783
Node_5,Camera-like Traffic Generator,103.7335278591677,3372
Node_1,Temperature Sensor,103.85084772565777,71
Node_5,Camera-like Traffic Generator,103.89322174654586,3034
Node_5,Camera-like Traffic Generator,104.02790846504575,3169
Node_1,Temperature Sensor,104.04343821948018,88
Node_3,Smart Plug,104.1761566278853,71
Node_3,Smart Plug,104.19140219454525,83
Node_3,Smart Plug,104.20539698418163,70
Node_5,Camera-like Traffic Generator,104.22493103168198,2526
Node_3,Smart Plug,104.23268573425086,75
Node_3,Smart Plug,104.28105165108073,65
Node_5,Camera-like Traffic Generator,104.4134898445748,2678
Node_1,Temperature Sensor,104.42463324271766,78
Node_5,Camera-like Traffic Generator,104.53700560276818,2862
Node_5,Camera-like Traffic Generator,104.68715119592204,2501
Node_1,Temperature Sensor,104.79958721074615,96
Node_5,Camera-like Traffic Generator,104.84706821504464,2898
Node_5,Camera-like Traffic Generator,104.95479517839003,2730
Node_5,Camera-like Traffic Generator,105.104790147153,2544
Node_3,Smart Plug,105.20467674474246,79
Node_1,Temperature Sensor,105.21471842140484,85
Node_5,Camera-like Traffic Generator,105.23498393901588,2592
Node_5,Camera-like Traffic Generator,105.37339059246038,2679
Node_5,Camera-like Traffic Generator,105.48846534941423,2811
Node_1,Temperature Sensor,105.57919163854619,97
Node_5,Camera-like Traffic Generator,105.65599264269494,2980
Node_5,Camera-like Traffic Generator,105.782094592475,3455
Node_4,Motion Sensor,105.83572395879638,94
Node_1,Temperature Sensor,105.84924722498788,81
Node_5,Camera-like Traffic Generator,105.90004638805564,2898
Node_5,Camera-like Traffic Generator,106.05178124519331,2606
Node_1,Temperature Sensor,106.20830111434887,96
Node_5,Camera-like Traffic Generator,106.23240413882674,2846
Node_5,Camera-like Traffic Generator,106.40567120463596,3155
Node_5,Camera-like Traffic Generator,106.54611855955137,3306
Node_3,Smart Plug,106.59924968552012,80
Node_1,Temperature Sensor,106.6389535782089,62
Node_5,Camera-like Traffic Generator,106.66220693747343,2628
Node_1,Temperature Sensor,106.80532269389718,72
Node_5,Camera-like Traffic Generator,106.81290398055256,3186
Node_5,Camera-like Traffic Generator,106.91406284645599,3153
Node_5,Camera-like Traffic Generator,107.08108233914305,2922
Node_5,Camera-like Traffic Generator,107.1865334680006,2924
Node_1,Temperature Sensor,107.20490578272504,82
Node_5,Camera-like Traffic Generator,107.3607399689735,2615
Node_1,Temperature Sensor,107.42035001804737,64
Node_5,Camera-like Traffic Generator,107.54145247798157,3408
Node_5,Camera-like Traffic Generator,107.69165863656951,3281
Node_1,Temperature Sensor,107.79582121453221,87
Node_5,Camera-like Traffic Generator,107.86286098424677,3344
Node_3,Smart Plug,107.94898274120584,72
Node_5,Camera-like Traffic Generator,108.06003800870427,2611
Node_5,Camera-like Traffic Generator,108.17792196512225,2924
Node_1,Temperature Sensor,108.27289171082982,80
Node_5,Camera-like Traffic Generator,108.35388304336631,3370
Node_5,Camera-like Traffic Generator,108.46188395450555,2506
Node_1,Temperature Sensor,108.57040979856785,63
Node_5,Camera-like Traffic Generator,108.65670407613224,3207
Node_1,Temperature Sensor,108.68635411224129,77
Node_5,Camera-like Traffic Generator,108.7824877313269,3014
Node_1,Temperature Sensor,108.9152827455846,70
Node_5,Camera-like Traffic Generator,108.94393974288802,3372
Node_1,Temperature Sensor,109.051813500237,98
Node_5,Camera-like Traffic Generator,109.08742854717514,2964
Node_3,Smart Plug,109.14646690464956,75
Node_5,Camera-like Traffic Generator,109.19141299185412,3367
Node_5,Camera-like Traffic Generator,109.33743806342075,2550
Node_1,Temperature Sensor,109.48619694579948,83
Node_5,Camera-like Traffic Generator,109.4973708859212,2869
Node_5,Camera-like Traffic Generator,109.63994113963423,3174
Node_5,Camera-like Traffic Generator,109.81662451473888,2523
Node_5,Camera-like Traffic Generator,109.94334806662222,2793
Node_1,Temperature Sensor,109.96651145692202,99
Node_3,Smart Plug,109.98849236905637,92
Node_5,Camera-like Traffic Generator,110.08505409000054,2946
Node_4,Motion Sensor,110.1738916760682,89
Node_5,Camera-like Traffic Generator,110.21482242480351,2535
Node_5,Camera-like Traffic Generator,110.32599075299727,3231
Node_1,Temperature Sensor,110.33542409064331,70
Node_1,Temperature Sensor,110.45151675990117,90
Node_5,Camera-like Traffic Generator,110.47911760650703,2896
Node_5,Camera-like Traffic Generator,110.59664097129237,3034
Node_5,Camera-like Traffic Generator,110.70924643405716,2644
Node_1,Temperature Sensor,110.73971708920182,86
Node_5,Camera-like Traffic Generator,110.85859146352384,3392
Node_5,Camera-like Traffic Generator,110.99313009166382,2958
Node_5,Camera-like Traffic Generator,111.1548542047736,3418
Node_1,Temperature Sensor,111.20614620437253,67
Node_3,Smart Plug,111.22939591770988,77
Node_5,Camera-like Traffic Generator,111.345212252583,3432
Node_5,Camera-like Traffic Generator,111.52726081663226,3069
Node_1,Temperature Sensor,111.54027805448368,85
Node_5,Camera-like Traffic Generator,111.63132491468981,2826
Node_5,Camera-like Traffic Generator,111.7351536526839,3109
Node_1,Temperature Sensor,111.83696837536009,63
Node_5,Camera-like Traffic Generator,111.9075346727514,3312
Node_5,Camera-like Traffic Generator,112.01764694449385,3012
Node_1,Temperature Sensor,112.07615279787795,73
Node_5,Camera-like Traffic Generator,112.19018685150134,2837
Node_3,Smart Plug,112.28206933244846,82
Node_5,Camera-like Traffic Generator,112.35386095850848,2801
Node_1,Temperature Sensor,112.44420620168643,94
Node_5,Camera-like Traffic Generator,112.4939349173095,2683
Node_5,Camera-like Traffic Generator,112.6686116204175,3221
Node_1,Temperature Sensor,112.67612766711801,87
Node_5,Camera-like Traffic Generator,112.84288011189645,2579
Node_1,Temperature Sensor,112.8914147852626,97
Node_5,Camera-like Traffic Generator,113.03411477534823,3465
Node_5,Camera-like Traffic Generator,113.21347925482418,3070
Node_3,Smart Plug,113.26246971026515,60
Node_3,Smart Plug,113.30716445362411,98
Node_1,Temperature Sensor,113.31684119915779,82
Node_3,Smart Plug,113.34020023192305,85
Node_3,Smart Plug,113.38141259584702,74
Node_5,Camera-like Traffic Generator,113.41297109565105,3115
Node_5,Camera-like Traffic Generator,113.56688685844375,3293
Node_1,Temperature Sensor,113.59877156259849,72
Node_4,Motion Sensor,113.61889424462981,79
Node_5,Camera-like Traffic Generator,113.73631257230993,2548
Node_1,Temperature Sensor,113.82808107710889,98
Node_5,Camera-like Traffic Generator,113.89364617392843,2715
Node_5,Camera-like Traffic Generator,114.08719400051432,2774
Node_1,Temperature Sensor,114.0897510999092,80
Node_5,Camera-like Traffic Generator,114.25608032883773,2685
Node_5,Camera-like Traffic Generator,114.40623663730351,2545
Node_3,Smart Plug,114.52265821686008,89
Node_5,Camera-like Traffic Generator,114.54610370084801,2681
Node_1,Temperature Sensor,114.5849987858219,86
Node_5,Camera-like Traffic Generator,114.67459495147675,2505
Node_5,Camera-like Traffic Generator,114.79530858553463,3282
Node_1,Temperature Sensor,114.90203622356478,76
Node_5,Camera-like Traffic Generator,114.96102986426897,2774
Node_1,Temperature Sensor,115.07706924012258,74
Node_5,Camera-like Traffic Generator,115.10727398680326,3290
Node_5,Camera-like Traffic Generator,115.27075965340474,2597
Node_5,Camera-like Traffic Generator,115.39324213054671,3209
Node_1,Temperature Sensor,115.47964650174481,85
Node_5,Camera-like Traffic Generator,115.51534790189736,3111
Node_3,Smart Plug,115.58940791574908,71
Node_5,Camera-like Traffic Generator,115.6881642989325,3109
Node_5,Camera-like Traffic Generator,115.83422871419955,2920
Node_1,Temperature Sensor,115.88364271616922,68
Node_5,Camera-like Traffic Generator,115.9937517902635,3041
Node_5,Camera-like Traffic Generator,116.14131207896834,3057
Node_1,Temperature Sensor,116.20333057180335,97
Node_5,Camera-like Traffic Generator,116.27560715088357,2819
Node_5,Camera-like Traffic Generator,116.45787002113897,2651
Node_1,Temperature Sensor,116.4785770098323,87
Node_3,Smart Plug,116.49080175254373,66
Node_1,Temperature Sensor,116.62714744317735,98
Node_5,Camera-like Traffic Generator,116.64330562003585,2998
Node_5,Camera-like Traffic Generator,116.79652965665322,2670
Node_5,Camera-like Traffic Generator,116.93553578202564,2902
Node_1,Temperature Sensor,116.97069611001014,69
Node_5,Camera-like Traffic Generator,117.10160563149611,3071
Node_1,Temperature Sensor,117.13404737553223,82
Node_5,Camera-like Traffic Generator,117.20946648325437,2986
Node_5,Camera-like Traffic Generator,117.40796120322557,2583
Node_1,Temperature Sensor,117.45494793915373,63
Node_3,Smart Plug,117.52697356954299,85
Node_5,Camera-like Traffic Generator,117.58276229282892,3029
Node_5,Camera-like Traffic Generator,117.71316556585394,3250
Node_5,Camera-like Traffic Generator,117.85831548425705,2967
Node_1,Temperature Sensor,117.95185079491182,96
Node_5,Camera-like Traffic Generator,117.97390553404902,3084
Node_4,Motion Sensor,117.99706458256821,92
Node_5,Camera-like Traffic Generator,118.13633204774446,3064
Node_1,Temperature Sensor,118.23642995258334,64
Node_5,Camera-like Traffic Generator,118.27787134722942,3264
Node_5,Camera-like Traffic Generator,118.45301018803394,2783
Node_5,Camera-like Traffic Generator,118.62741538992408,3489
Node_1,Temperature Sensor,118.6692872220909,79
Node_5,Camera-like Traffic Generator,118.76494382351609,3037
Node_5,Camera-like Traffic Generator,118.90278670788314,3448
Node_3,Smart Plug,118.92120410990016,62
Node_3,Smart Plug,118.94033282747567,72
Node_3,Smart Plug,118.9610317231105,85
Node_3,Smart Plug,118.98882765861642,94
Node_5,Camera-like Traffic Generator,119.01513610862473,2895
Node_1,Temperature Sensor,119.05592855248761,80
Node_5,Camera-like Traffic Generator,119.136266625744,2610
Node_5,Camera-like Traffic Generator,119.26520152335948,3364
Node_1,Temperature Sensor,119.26529851117293,93
Node_5,Camera-like Traffic Generator,119.44188898731173,3484
Node_5,Camera-like Traffic Generator,119.6397786374786,3050
Node_1,Temperature Sensor,119.75739636421427,69
Node_5,Camera-like Traffic Generator,119.77498109951944,2717
Node_5,Camera-like Traffic Generator,119.96502699017798,2778
Node_1,Temperature Sensor,120.07790239496646,75
Node_5,Camera-like Traffic Generator,120.1420769573501,3130
Node_3,Smart Plug,120.19967150008462,98
Node_5,Camera-like Traffic Generator,120.30850041512518,3186
Node_5,Camera-like Traffic Generator,120.47181267351905,3136
Node_1,Temperature Sensor,120.54664965493909,80
Node_5,Camera-like Traffic Generator,120.62204314049255,3032
Node_5,Camera-like Traffic Generator,120.74455306172968,2903
Node_5,Camera-like Traffic Generator,120.92023588021988,2786
Node_1,Temperature Sensor,120.99838015699768,94
Node_5,Camera-like Traffic Generator,121.11269091302259,2656
Node_3,Smart Plug,121.128391839457,60
Node_1,Temperature Sensor,121.2088791181265,91
Node_5,Camera-like Traffic Generator,121.30002510271892,2900
Node_5,Camera-like Traffic Generator,121.40035884069775,3329
Node_1,Temperature Sensor,121.47485608754704,97
Node_5,Camera-like Traffic Generator,121.5766523311255,3156
Node_5,Camera-like Traffic Generator,121.74498750880582,2598
Node_1,Temperature Sensor,121.7779511578709,92
Node_5,Camera-like Traffic Generator,121.90300329167849,2918
Node_1,Temperature Sensor,121.99108675118403,71
Node_5,Camera-like Traffic Generator,122.0448302494484,2688
Node_5,Camera-like Traffic Generator,122.14773434913549,2724
Node_5,Camera-like Traffic Generator,122.3087049555072,3003
Node_1,Temperature Sensor,122.3258618401497,99
Node_3,Smart Plug,122.39180762292304,97
Node_5,Camera-like Traffic Generator,122.41675553702171,3070
Node_5,Camera-like Traffic Generator,122.55763306397962,2522
Node_1,Temperature Sensor,122.62171797881197,65
Node_4,Motion Sensor,122.70603853771932,97
Node_5,Camera-like Traffic Generator,122.71861431472017,2666
Node_5,Camera-like Traffic Generator,122.88116382716007,3184
Node_1,Temperature Sensor,122.93715020989352,73
Node_5,Camera-like Traffic Generator,123.07634843523978,2522
Node_5,Camera-like Traffic Generator,123.2364826940193,3289
Node_3,Smart Plug,123.24785293943592,66
Node_1,Temperature Sensor,123.25791717672185,81
Node_3,Smart Plug,123.26040463541956,95
Node_5,Camera-like Traffic Generator,123.37541663242725,3011
Node_5,Camera-like Traffic Generator,123.49471979024132,3413
Node_1,Temperature Sensor,123.54005502346845,72
Node_5,Camera-like Traffic Generator,123.6404966799895,3223
Node_1,Temperature Sensor,123.7155159729513,87
Node_5,Camera-like Traffic Generator,123.7644282124732,2972
Node_5,Camera-like Traffic Generator,123.93570746473516,2699
Node_1,Temperature Sensor,124.04423502974525,69
Node_5,Camera-like Traffic Generator,124.04897247045257,2564
Node_3,Smart Plug,124.07886007477593,75
Node_5,Camera-like Traffic Generator,124.15206144630456,3077
Node_5,Camera-like Traffic Generator,124.29798073890728,3183
Node_5,Camera-like Traffic Generator,124.44234605850926,2741
Node_1,Temperature Sensor,124.45445281978496,61
Node_5,Camera-like Traffic Generator,124.56003384783975,2961
Node_5,Camera-like Traffic Generator,124.72417177387524,3303
Node_1,Temperature Sensor,124.85233488041104,88
Node_5,Camera-like Traffic Generator,124.90795931893878,3372
Node_3,Smart Plug,124.93713591574941,70
Node_3,Smart Plug,124.97332922277114,95
Node_5,Camera-like Traffic Generator,125.09884718150137,2744
Node_5,Camera-like Traffic Generator,125.271051807825,2569
Node_1,Temperature Sensor,125.27689844143698,75
Node_5,Camera-like Traffic Generator,125.44591266527621,3182
Node_5,Camera-like Traffic Generator,125.58654733603078,3019
Node_1,Temperature Sensor,125.6423739732308,92
Node_5,Camera-like Traffic Generator,125.7335682585293,2885
Node_5,Camera-like Traffic Generator,125.91187253173015,3457
Node_3,Smart Plug,125.94650678629178,71
Node_5,Camera-like Traffic Generator,126.10020823557694,3037
Node_1,Temperature Sensor,126.13470122869472,79
Node_1,Temperature Sensor,126.24950907323296,80
Node_5,Camera-like Traffic Generator,126.27178772079711,3106
Node_5,Camera-like Traffic Generator,126.47070860219824,3214
Node_4,Motion Sensor,126.55217127856815,72
Node_1,Temperature Sensor,126.58558124495678,94
Node_5,Camera-like Traffic Generator,126.61456071425367,3327
Node_5,Camera-like Traffic Generator,126.72053934122981,3311
Node_3,Smart Plug,126.83840076373058,93
Node_3,Smart Plug,126.87494272914273,94
Node_5,Camera-like Traffic Generator,126.90337011513645,3225
Node_5,Camera-like Traffic Generator,127.00736076111384,2899
Node_1,Temperature Sensor,127.03525739457851,77
Node_5,Camera-like Traffic Generator,127.2000997512356,3129
Node_5,Camera-like Traffic Generator,127.34410433193345,3287
Node_1,Temperature Sensor,127.34563782930154,78
Node_5,Camera-like Traffic Generator,127.45446663306403,3347
Node_5,Camera-like Traffic Generator,127.6302606755807,3079
Node_1,Temperature Sensor,127.7346153603298,76
Node_5,Camera-like Traffic Generator,127.8094225297523,3221
Node_5,Camera-like Traffic Generator,127.94606898037087,3156
Node_3,Smart Plug,128.0082510476015,98
Node_5,Camera-like Traffic Generator,128.06026399037205,2743
Node_1,Temperature Sensor,128.0965278909009,66
Node_5,Camera-like Traffic Generator,128.20852309084654,2764
Node_5,Camera-like Traffic Generator,128.34152565936122,3193
Node_1,Temperature Sensor,128.3843241312948,98
Node_5,Camera-like Traffic Generator,128.48734986143623,3209
Node_1,Temperature Sensor,128.61974862491536,87
Node_5,Camera-like Traffic Generator,128.6626001087394,3256
Node_5,Camera-like Traffic Generator,128.79684439895365,3189
Node_5,Camera-like Traffic Generator,128.92991052028404,2950
Node_1,Temperature Sensor,128.97968328594706,94
Node_3,Smart Plug,128.99894114693012,77
Node_5,Camera-like Traffic Generator,129.0557026962388,2775
Node_5,Camera-like Traffic Generator,129.1592771605311,2640
Node_5,Camera-like Traffic Generator,129.3114550898792,2525
Node_1,Temperature Sensor,129.42061982057342,94
Node_5,Camera-like Traffic Generator,129.49947214927306,3063
Node_5,Camera-like Traffic Generator,129.67085246223084,2806
Node_1,Temperature Sensor,129.67262357958248,72
Node_5,Camera-like Traffic Generator,129.84243613049134,3067
Node_5,Camera-like Traffic Generator,129.97291026687017,3213
Node_1,Temperature Sensor,130.06011054967166,90
Node_5,Camera-like Traffic Generator,130.1402381382635,2654
Node_3,Smart Plug,130.28727716076506,67
Node_5,Camera-like Traffic Generator,130.32075800348957,2628
Node_5,Camera-like Traffic Generator,130.48150294568703,3359
Node_1,Temperature Sensor,130.50906375663106,61
Node_5,Camera-like Traffic Generator,130.60723352178258,2727
Node_1,Temperature Sensor,130.6364320555037,85
Node_5,Camera-like Traffic Generator,130.79232543692189,3083
Node_5,Camera-like Traffic Generator,130.90716177328443,2512
Node_5,Camera-like Traffic Generator,131.04357795276346,3008
Node_1,Temperature Sensor,131.10480369501582,99
Node_5,Camera-like Traffic Generator,131.2306012087346,3016
Node_5,Camera-like Traffic Generator,131.37829864227965,3400
Node_1,Temperature Sensor,131.50351024171098,77
Node_3,Smart Plug,131.5290104266138,85
Node_5,Camera-like Traffic Generator,131.57553897356004,3143
Node_1,Temperature Sensor,131.64288749226426,85
Node_5,Camera-like Traffic Generator,131.73425251612025,3001
Node_5,Camera-like Traffic Generator,131.88658625803424,2877
Node_4,Motion Sensor,132.00466888143765,87
Node_5,Camera-like Traffic Generator,132.07919448821173,3148
Node_1,Temperature Sensor,132.0919191853071,77
Node_5,Camera-like Traffic Generator,132.2662727142157,2982
Node_5,Camera-like Traffic Generator,132.41467255666953,2879
Node_1,Temperature Sensor,132.4695196504244,96
Node_5,Camera-like Traffic Generator,132.5815470383676,2564
Node_1,Temperature Sensor,132.58791603789527,91
Node_3,Smart Plug,132.69543228966197,85
Node_5,Camera-like Traffic Generator,132.7040295559597,2706
Node_1,Temperature Sensor,132.80526314828134,74
Node_5,Camera-like Traffic Generator,132.81903840805285,3108
Node_1,Temperature Sensor,132.9634910665611,81
Node_5,Camera-like Traffic Generator,132.99191459009438,2619
Node_5,Camera-like Traffic Generator,133.1116088106347,2998
Node_5,Camera-like Traffic Generator,133.26854960977616,3138
Node_1,Temperature Sensor,133.28986229132747,91
Node_5,Camera-like Traffic Generator,133.36976968842328,3246
Node_1,Temperature Sensor,133.4578557509547,63
Node_5,Camera-like Traffic Generator,133.55165933699718,3287
Node_3,Smart Plug,133.73845009977686,81
Node_5,Camera-like Traffic Generator,133.7414728042825,3241
Node_5,Camera-like Traffic Generator,133.87782883741713,2532
Node_1,Temperature Sensor,133.90619159041265,84
Node_5,Camera-like Traffic Generator,134.04046904028127,3452
Node_1,Temperature Sensor,134.10252350715518,96
Node_5,Camera-like Traffic Generator,134.19121069049547,2771
Node_1,Temperature Sensor,134.2597705952066,78
Node_5,Camera-like Traffic Generator,134.38737630844926,3346
Node_1,Temperature Sensor,134.461361530972,70
Node_5,Camera-like Traffic Generator,134.5411492175486,2579
Node_1,Temperature Sensor,134.56512050355394,92
Node_5,Camera-like Traffic Generator,134.72094099815152,2946
Node_3,Smart Plug,134.84775231368042,74
Node_3,Smart Plug,134.86989523030334,60
Node_5,Camera-like Traffic Generator,134.87323587774296,2744
Node_1,Temperature Sensor,135.0256042729935,87
Node_5,Camera-like Traffic Generator,135.05296286413588,2682
Node_1,Temperature Sensor,135.18879452182222,77
Node_5,Camera-like Traffic Generator,135.24659620790013,3357
Node_5,Camera-like Traffic Generator,135.36943020095478,3217
Node_1,Temperature Sensor,135.42702077159944,83
Node_4,Motion Sensor,135.43523596134042,77
Node_5,Camera-like Traffic Generator,135.48717326842814,3479
Node_5,Camera-like Traffic Generator,135.61374960233238,2777
Node_1,Temperature Sensor,135.78259625254344,76
Node_5,Camera-like Traffic Generator,135.78806064728616,3233
Node_5,Camera-like Traffic Generator,135.97980733075235,3406
Node_1,Temperature Sensor,135.98263554230653,93
Node_5,Camera-like Traffic Generator,136.09306222471284,2802
Node_1,Temperature Sensor,136.16232234195007,75
Node_5,Camera-like Traffic Generator,136.21383542929843,2743
Node_3,Smart Plug,136.26345777217122,73
Node_5,Camera-like Traffic Generator,136.39000347885838,2977
Node_1,Temperature Sensor,136.45560556637375,69
Node_5,Camera-like Traffic Generator,136.49983050225794,3381
Node_5,Camera-like Traffic Generator,136.60493878223036,3290
Node_5,Camera-like Traffic Generator,136.71224423683947,2978
Node_1,Temperature Sensor,136.78437464331404,82
Node_5,Camera-like Traffic Generator,136.85643404392917,2976
Node_5,Camera-like Traffic Generator,136.96642163479524,3089
Node_3,Smart Plug,137.06927974958867,96
Node_5,Camera-like Traffic Generator,137.1262510117962,2799
Node_5,Camera-like Traffic Generator,137.2272112594482,2929
Node_1,Temperature Sensor,137.2814514607648,71
Node_5,Camera-like Traffic Generator,137.41771014355353,3219
Node_5,Camera-like Traffic Generator,137.561974325091,3142
Node_5,Camera-like Traffic Generator,137.72086807927954,3134
Node_1,Temperature Sensor,137.77262925459556,86
Node_5,Camera-like Traffic Generator,137.89642238418944,3492
Node_1,Temperature Sensor,137.98242140666684,82
Node_5,Camera-like Traffic Generator,138.02159716196138,2907
Node_5,Camera-like Traffic Generator,138.14867148219767,3131
Node_3,Smart Plug,138.2032266989047,60
Node_5,Camera-like Traffic Generator,138.28153542212914,2983
Node_1,Temperature Sensor,138.35674120376044,89
Node_5,Camera-like Traffic Generator,138.40991099256902,3145
Node_1,Temperature Sensor,138.47635890407085,84
Node_5,Camera-like Traffic Generator,138.53633098297988,3032
Node_5,Camera-like Traffic Generator,138.670445211374,3177
Node_1,Temperature Sensor,138.7750498186804,96
Node_5,Camera-like Traffic Generator,138.8207514394073,3125
Node_5,Camera-like Traffic Generator,138.93189844524636,3256
Node_1,Temperature Sensor,138.98952747926407,91
Node_5,Camera-like Traffic Generator,139.05011647340996,2506
Node_3,Smart Plug,139.20827252800638,69
Node_3,Smart Plug,139.23321828306746,76
Node_5,Camera-like Traffic Generator,139.23945319349983,3009
Node_1,Temperature Sensor,139.33235347852977,74
Node_5,Camera-like Traffic Generator,139.3890319862232,2678
Node_5,Camera-like Traffic Generator,139.56507576743815,3172
Node_5,Camera-like Traffic Generator,139.67453256507167,3362
Node_1,Temperature Sensor,139.68700062973213,84
Node_5,Camera-like Traffic Generator,139.80877573720903,3186
Node_5,Camera-like Traffic Generator,139.99103150537601,2693
Node_1,Temperature Sensor,140.05810641318146,88
Node_5,Camera-like Traffic Generator,140.1019026756605,2731
Node_5,Camera-like Traffic Generator,140.23262270953097,2805
Node_3,Smart Plug,140.30954473880158,66
Node_4,Motion Sensor,140.37059223492565,76
Node_5,Camera-like Traffic Generator,140.4092647612653,2971
Node_1,Temperature Sensor,140.42177902930817,93
Node_5,Camera-like Traffic Generator,140.5777393932454,3427
Node_5,Camera-like Traffic Generator,140.69876858588006,3171
Node_1,Temperature Sensor,140.77307827078292,96
Node_5,Camera-like Traffic Generator,140.831145128684,2691
Node_5,Camera-like Traffic Generator,140.970769127375,2671
Node_5,Camera-like Traffic Generator,141.08656344376377,3162
Node_1,Temperature Sensor,141.13161451433913,72
Node_5,Camera-like Traffic Generator,141.21913156990334,3016
Node_5,Camera-like Traffic Generator,141.36650908969975,3095
Node_3,Smart Plug,141.3823510276988,75
Node_1,Temperature Sensor,141.40794379040426,83
Node_3,Smart Plug,141.40924060300895,69
Node_5,Camera-like Traffic Generator,141.5082000061037,3226
Node_5,Camera-like Traffic Generator,141.63107236610435,2762
Node_1,Temperature Sensor,141.80088769757995,63
Node_5,Camera-like Traffic Generator,141.8245053639094,3334
Node_5,Camera-like Traffic Generator,141.9615844769942,2806
Node_1,Temperature Sensor,142.01893187823163,89
Node_5,Camera-like Traffic Generator,142.13425544066448,3329
Node_1,Temperature Sensor,142.18918790640936,65
Node_5,Camera-like Traffic Generator,142.2657901053324,2808
Node_5,Camera-like Traffic Generator,142.42211874575875,3262
Node_1,Temperature Sensor,142.50495101000314,98
Node_5,Camera-like Traffic Generator,142.52268599851558,3439
Node_5,Camera-like Traffic Generator,142.6282167410481,2908
Node_5,Camera-like Traffic Generator,142.79279601242825,2639
Node_1,Temperature Sensor,142.81729195948427,96
Node_3,Smart Plug,142.84620868541646,92
Node_5,Camera-like Traffic Generator,142.9384849841318,2774
Node_5,Camera-like Traffic Generator,143.12033829095006,2702
Node_1,Temperature Sensor,143.24948100731123,70
Node_5,Camera-like Traffic Generator,143.28654375355234,2755
Node_5,Camera-like Traffic Generator,143.46979892709652,2523
Node_5,Camera-like Traffic Generator,143.61254876174647,2882
Node_1,Temperature Sensor,143.6793569323282,79
Node_5,Camera-like Traffic Generator,143.76835557853298,3239
Node_4,Motion Sensor,143.78246612076802,90
Node_4,Motion Sensor,143.8075811259584,60
Node_3,Smart Plug,143.84548248368787,89
Node_4,Motion Sensor,143.85064361588925,90
Node_4,Motion Sensor,143.88642290040661,61
Node_4,Motion Sensor,143.906356618185,63
Node_4,Motion Sensor,143.92206204241586,85
Node_4,Motion Sensor,143.9326019185766,98
Node_5,Camera-like Traffic Generator,143.94810304022073,3117
Node_4,Motion Sensor,143.9809066262205,64
Node_4,Motion Sensor,144.0203518866315,73
Node_4,Motion Sensor,144.058650116828,68
Node_4,Motion Sensor,144.08786713404936,82
Node_5,Camera-like Traffic Generator,144.09211335520416,2773
Node_1,Temperature Sensor,144.10195232984572,89
Node_4,Motion Sensor,144.11564018197802,66
Node_4,Motion Sensor,144.13891043476576,66
Node_4,Motion Sensor,144.15114545502882,87
Node_4,Motion Sensor,144.18624488914938,64
Node_5,Camera-like Traffic Generator,144.19955604656244,2660
Node_4,Motion Sensor,144.22924188520776,64
Node_4,Motion Sensor,144.25111142485682,80
Node_1,Temperature Sensor,144.33743843136648,64
Node_5,Camera-like Traffic Generator,144.371840961473,3441
Node_5,Camera-like Traffic Generator,144.5311349881681,3452
Node_5,Camera-like Traffic Generator,144.72580580024294,3281
Node_1,Temperature Sensor,144.82259574851403,65
Node_5,Camera-like Traffic Generator,144.864812101771,3459
Node_3,Smart Plug,144.93451519724715,94
Node_3,Smart Plug,144.9560990092188,85
Node_5,Camera-like Traffic Generator,145.0354609675356,2749
Node_5,Camera-like Traffic Generator,145.23415388730155,3086
Node_1,Temperature Sensor,145.30919583229914,94
Node_5,Camera-like Traffic Generator,145.34008556951676,2556
Node_5,Camera-like Traffic Generator,145.47435476253725,3037
Node_5,Camera-like Traffic Generator,145.61816719983585,2784
Node_1,Temperature Sensor,145.69888251712933,99
Node_5,Camera-like Traffic Generator,145.7653512865269,3380
Node_5,Camera-like Traffic Generator,145.87275016257146,3477
Node_3,Smart Plug,145.94659290053494,84
Node_3,Smart Plug,145.9573687164248,61
Node_5,Camera-like Traffic Generator,146.04599506462625,3324
Node_1,Temperature Sensor,146.18579041604934,92
Node_5,Camera-like Traffic Generator,146.23339012629086,3089
Node_5,Camera-like Traffic Generator,146.3907989383369,3061
Node_1,Temperature Sensor,146.43210043581158,91
Node_5,Camera-like Traffic Generator,146.53462505812132,2827
Node_1,Temperature Sensor,146.53766789785195,81
Node_5,Camera-like Traffic Generator,146.6892835729509,3160
Node_1,Temperature Sensor,146.81958230894548,86
Node_5,Camera-like Traffic Generator,146.84495101617497,3317
Node_3,Smart Plug,146.88752503512387,64
Node_3,Smart Plug,146.92613287281233,89
Node_3,Smart Plug,146.94216022056023,79
Node_5,Camera-like Traffic Generator,147.013908029083,2640
Node_1,Temperature Sensor,147.18851862788588,83
Node_5,Camera-like Traffic Generator,147.19089861714303,3370
Node_5,Camera-like Traffic Generator,147.3608237485768,3239
Node_5,Camera-like Traffic Generator,147.55654376244368,2861
Node_1,Temperature Sensor,147.6174855483766,97
Node_4,Motion Sensor,147.6766165042129,96
Node_4,Motion Sensor,147.70203182644138,74
Node_4,Motion Sensor,147.7235056747324,96
Node_5,Camera-like Traffic Generator,147.73381406122704,3247
Node_1,Temperature Sensor,147.7608239892563,69
Node_4,Motion Sensor,147.76088237369865,87
Node_4,Motion Sensor,147.79947642166906,96
Node_4,Motion Sensor,147.82914924467187,99
Node_4,Motion Sensor,147.84813014296327,98
Node_5,Camera-like Traffic Generator,147.85529534288318,2821
Node_4,Motion Sensor,147.86940271385862,63
Node_1,Temperature Sensor,147.8708338491149,95
Node_4,Motion Sensor,147.89275170546674,74
Node_4,Motion Sensor,147.93973979452747,63
Node_4,Motion Sensor,147.95147366789612,66
Node_3,Smart Plug,147.96026390020236,91
Node_5,Camera-like Traffic Generator,147.97806357098253,2862
Node_4,Motion Sensor,147.97861880405296,73
Node_4,Motion Sensor,147.99587342355582,77
Node_4,Motion Sensor,148.04159812563609,87
Node_4,Motion Sensor,148.07658845651625,71
Node_5,Camera-like Traffic Generator,148.09796208891726,3471
Node_4,Motion Sensor,148.12160454324479,70
Node_4,Motion Sensor,148.15157457452463,74
Node_4,Motion Sensor,148.17219061350593,96
Node_1,Temperature Sensor,148.19539680201484,96
Node_4,Motion Sensor,148.21413795509002,91
Node_5,Camera-like Traffic Generator,148.22386467106747,3103
Node_4,Motion Sensor,148.2586065140968,99
Node_4,Motion Sensor,148.29971787567666,65
Node_4,Motion Sensor,148.31562908299216,77
Node_1,Temperature Sensor,148.38394368204445,62
Node_5,Camera-like Traffic Generator,148.4171327958439,2640
Node_5,Camera-like Traffic Generator,148.58135681952191,2927
Node_5,Camera-like Traffic Generator,148.76196330057215,3298
Node_1,Temperature Sensor,148.81348582260063,96
Node_5,Camera-like Traffic Generator,148.94513074513534,2560
Node_1,Temperature Sensor,149.03436189241233,76
Node_3,Smart Plug,149.08484302724477,91
Node_5,Camera-like Traffic Generator,149.14409505297422,2873
Node_1,Temperature Sensor,149.19027269741522,97
Node_5,Camera-like Traffic Generator,149.3006665123251,3495
Node_1,Temperature Sensor,149.41201853115763,79
Node_5,Camera-like Traffic Generator,149.4966453382401,3373
Node_1,Temperature Sensor,149.55089533060635,95
Node_5,Camera-like Traffic Generator,149.6293523393526,3038
Node_1,Temperature Sensor,149.7051609500889,78
Node_5,Camera-like Traffic Generator,149.75761698154267,2833
Node_5,Camera-like Traffic Generator,149.86432792939482,2575
Node_5,Camera-like Traffic Generator,149.9735422814469,3058
Node_1,Temperature Sensor,150.07335543762898,89
Node_5,Camera-like Traffic Generator,150.0847757740387,2658
Node_5,Camera-like Traffic Generator,150.23612581018764,3351
Node_5,Camera-like Traffic Generator,150.3935183343127,2968
Node_3,Smart Plug,150.47532543673242,98
Node_3,Smart Plug,150.51635155316092,62
Node_1,Temperature Sensor,150.55174507194076,76
Node_5,Camera-like Traffic Generator,150.55853573424434,2690
Node_5,Camera-like Traffic Generator,150.66584409053473,3183
Node_5,Camera-like Traffic Generator,150.8476196673623,2965
Node_1,Temperature Sensor,150.9486526778469,66
Node_5,Camera-like Traffic Generator,151.03655524588777,3494
Node_5,Camera-like Traffic Generator,151.1517757774486,2830
Node_1,Temperature Sensor,151.21460648882163,63
Node_5,Camera-like Traffic Generator,151.26994315966493,3075
Node_5,Camera-like Traffic Generator,151.41534786769853,3281
Node_3,Smart Plug,151.45088615820944,93
Node_1,Temperature Sensor,151.51034530393747,76
Node_5,Camera-like Traffic Generator,151.58929372887434,3448
Node_5,Camera-like Traffic Generator,151.77823342693083,2901
Node_5,Camera-like Traffic Generator,151.90761480567562,3123
Node_1,Temperature Sensor,151.99095391408989,61
Node_5,Camera-like Traffic Generator,152.04660955532515,2508
Node_5,Camera-like Traffic Generator,152.17884798617322,2650
Node_1,Temperature Sensor,152.23916589758366,77
Node_5,Camera-like Traffic Generator,152.36440544935937,3084
Node_5,Camera-like Traffic Generator,152.5411833332218,3032
Node_5,Camera-like Traffic Generator,152.706544603281,2700
Node_1,Temperature Sensor,152.71938796552422,94
Node_3,Smart Plug,152.83066259138548,64
Node_1,Temperature Sensor,152.85912981536669,87
Node_5,Camera-like Traffic Generator,152.8886970783806,3425
Node_5,Camera-like Traffic Generator,153.07802143192674,3214
Node_1,Temperature Sensor,153.17691615995955,99
Node_5,Camera-like Traffic Generator,153.23570703971217,2688
Node_5,Camera-like Traffic Generator,153.35053542006304,2808
Node_1,Temperature Sensor,153.42038569644447,75
Node_5,Camera-like Traffic Generator,153.46062506934263,3033
Node_1,Temperature Sensor,153.5963091213089,64
Node_5,Camera-like Traffic Generator,153.65507454239935,2539
Node_5,Camera-like Traffic Generator,153.76780689660822,2848
Node_3,Smart Plug,153.80493624374054,90
Node_5,Camera-like Traffic Generator,153.87473358465905,3370
Node_1,Temperature Sensor,154.03552239669438,78
Node_5,Camera-like Traffic Generator,154.0675801348779,3158
Node_5,Camera-like Traffic Generator,154.18775027760518,2663
Node_4,Motion Sensor,154.24464682374318,92
Node_5,Camera-like Traffic Generator,154.38685064031662,2732
Node_1,Temperature Sensor,154.40062989191918,85
Node_5,Camera-like Traffic Generator,154.5788384664086,3272
Node_5,Camera-like Traffic Generator,154.68156811039222,3377
Node_1,Temperature Sensor,154.739488275727,60
Node_5,Camera-like Traffic Generator,154.8760067738448,2623
Node_5,Camera-like Traffic Generator,155.0708081434337,2525
Node_3,Smart Plug,155.121269552528,61
Node_1,Temperature Sensor,155.15420611190885,69
Node_5,Camera-like Traffic Generator,155.25756142221366,3354
Node_1,Temperature Sensor,155.30457566603206,82
Node_5,Camera-like Traffic Generator,155.3784198570848,2549
Node_1,Temperature Sensor,155.43201972716182,90
Node_5,Camera-like Traffic Generator,155.52227454250993,2698
Node_1,Temperature Sensor,155.6148826753005,68
Node_5,Camera-like Traffic Generator,155.6993729161171,3090
Node_5,Camera-like Traffic Generator,155.81183784779353,3469
Node_5,Camera-like Traffic Generator,155.96250818093557,3078
Node_1,Temperature Sensor,156.0627608460083,73
Node_5,Camera-like Traffic Generator,156.11415779917505,2662
Node_1,Temperature Sensor,156.22178251798488,96
Node_5,Camera-like Traffic Generator,156.23512159623795,3440
Node_1,Temperature Sensor,156.32291673857688,94
Node_5,Camera-like Traffic Generator,156.40918579631503,2858
Node_3,Smart Plug,156.46096672998112,80
Node_1,Temperature Sensor,156.4807919307051,65
Node_5,Camera-like Traffic Generator,156.60872155236424,2915
Node_1,Temperature Sensor,156.68105360939634,66
Node_5,Camera-like Traffic Generator,156.72975429848938,2590
Node_5,Camera-like Traffic Generator,156.88044531701107,2977
Node_5,Camera-like Traffic Generator,157.0313188425352,3444
Node_1,Temperature Sensor,157.04547666643526,61
Node_5,Camera-like Traffic Generator,157.13293338857136,2880
Node_1,Temperature Sensor,157.15142079732755,91
Node_5,Camera-like Traffic Generator,157.2749347837971,3461
Node_1,Temperature Sensor,157.34659343976372,72
Node_5,Camera-like Traffic Generator,157.38494138616986,2860
Node_5,Camera-like Traffic Generator,157.51593955865906,2565
Node_1,Temperature Sensor,157.51629192032618,62
Node_3,Smart Plug,157.59194461147518,87
Node_5,Camera-like Traffic Generator,157.71053361843022,3152
Node_5,Camera-like Traffic Generator,157.83346950213084,3201
Node_1,Temperature Sensor,157.91297914310783,81
Node_5,Camera-like Traffic Generator,157.99851276649275,3310
Node_5,Camera-like Traffic Generator,158.18610694814316,2515
Node_1,Temperature Sensor,158.31124525312143,79
Node_5,Camera-like Traffic Generator,158.38253039473489,3229
Node_4,Motion Sensor,158.5270063036977,89
Node_5,Camera-like Traffic Generator,158.57226351428469,2545
Node_3,Smart Plug,158.61808884341323,85
Node_3,Smart Plug,158.66558568035853,80
Node_3,Smart Plug,158.7011264808402,67
Node_1,Temperature Sensor,158.7224520688471,80
Node_5,Camera-like Traffic Generator,158.75700499511873,2677
Node_5,Camera-like Traffic Generator,158.85793238984257,3018
Node_1,Temperature Sensor,158.86607367284864,80
Node_5,Camera-like Traffic Generator,158.9719544262572,2969
Node_5,Camera-like Traffic Generator,159.07585350735414,3096
Node_5,Camera-like Traffic Generator,159.19683606702492,3239
Node_5,Camera-like Traffic Generator,159.32614452497447,3117
Node_1,Temperature Sensor,159.34423993003668,61
Node_5,Camera-like Traffic Generator,159.50846959544316,2919
Node_5,Camera-like Traffic Generator,159.62593334355273,3018
Node_5,Camera-like Traffic Generator,159.74107139352924,3309
Node_1,Temperature Sensor,159.75753072842883,94
Node_5,Camera-like Traffic Generator,159.90793817448207,2865
Node_1,Temperature Sensor,160.06611121431408,78
Node_5,Camera-like Traffic Generator,160.10043362345093,3286
Node_3,Smart Plug,160.10568684686493,68
Node_3,Smart Plug,160.141003205501,72
Node_3,Smart Plug,160.16204720725455,64
Node_5,Camera-like Traffic Generator,160.20343163612594,2704
Node_5,Camera-like Traffic Generator,160.3437970658144,2873
Node_5,Camera-like Traffic Generator,160.527939564684,3121
Node_1,Temperature Sensor,160.5517216875629,62
Node_5,Camera-like Traffic Generator,160.63078738280777,2525
Node_5,Camera-like Traffic Generator,160.73363707185095,2970
Node_1,Temperature Sensor,160.84331445196224,76
Node_5,Camera-like Traffic Generator,160.9071321558029,2644
Node_3,Smart Plug,160.9682981063771,61
Node_5,Camera-like Traffic Generator,161.04789758661582,3039
Node_1,Temperature Sensor,161.21775345038714,79
Node_5,Camera-like Traffic Generator,161.2241478160926,3222
Node_5,Camera-like Traffic Generator,161.34112183919495,2600
Node_5,Camera-like Traffic Generator,161.47598847983514,2722
Node_5,Camera-like Traffic Generator,161.61797676769245,2566
Node_1,Temperature Sensor,161.68163378203323,62
Node_1,Temperature Sensor,161.81394997299753,84
Node_5,Camera-like Traffic Generator,161.8148498077991,2964
Node_1,Temperature Sensor,161.94022286632557,71
Node_5,Camera-like Traffic Generator,161.95635749213133,3398
Node_5,Camera-like Traffic Generator,162.10039907517347,3356
Node_3,Smart Plug,162.10098758151025,83
Node_5,Camera-like Traffic Generator,162.2813415872065,2500
Node_1,Temperature Sensor,162.293453556046,81
Node_5,Camera-like Traffic Generator,162.42896593417018,3399
Node_4,Motion Sensor,162.49616653999908,65
Node_1,Temperature Sensor,162.52352773337347,99
Node_5,Camera-like Traffic Generator,162.55465209623083,2822
Node_5,Camera-like Traffic Generator,162.7086507053904,3456
Node_1,Temperature Sensor,162.835750468346,78
Node_5,Camera-like Traffic Generator,162.8754939004386,2596
Node_3,Smart Plug,162.96362351343504,66
Node_3,Smart Plug,162.99836930777255,97
Node_5,Camera-like Traffic Generator,163.0247740713477,3331
Node_1,Temperature Sensor,163.17792118496013,63
Node_5,Camera-like Traffic Generator,163.18189802459798,2625
Node_5,Camera-like Traffic Generator,163.3333714276717,3305
Node_5,Camera-like Traffic Generator,163.44763098079537,3159
Node_1,Temperature Sensor,163.55863295237856,94
Node_5,Camera-like Traffic Generator,163.621949504571,3217
Node_5,Camera-like Traffic Generator,163.7501794824223,3115
Node_5,Camera-like Traffic Generator,163.87515736181706,2750
Node_1,Temperature Sensor,163.91899961833107,90
Node_5,Camera-like Traffic Generator,164.0481603891514,2801
Node_5,Camera-like Traffic Generator,164.21920643604466,2962
Node_3,Smart Plug,164.23596193891913,62
Node_1,Temperature Sensor,164.30733558499412,68
Node_5,Camera-like Traffic Generator,164.37828490183415,3016
Node_5,Camera-like Traffic Generator,164.5770491946432,2766
Node_1,Temperature Sensor,164.58795755138024,69
Node_5,Camera-like Traffic Generator,164.76700240792638,2827
Node_1,Temperature Sensor,164.8235301989143,78
Node_5,Camera-like Traffic Generator,164.90447947776713,2645
Node_5,Camera-like Traffic Generator,165.078120510444,3350
Node_1,Temperature Sensor,165.08992605901892,63
Node_5,Camera-like Traffic Generator,165.25291410470453,3299
Node_1,Temperature Sensor,165.3606316615233,86
Node_5,Camera-like Traffic Generator,165.4161021271154,3294
Node_3,Smart Plug,165.52689163693523,91
Node_3,Smart Plug,165.54619862216947,99
Node_1,Temperature Sensor,165.61035207089753,66
Node_5,Camera-like Traffic Generator,165.6140551890106,2514
Node_5,Camera-like Traffic Generator,165.7775182540642,3335
Node_5,Camera-like Traffic Generator,165.90130118694316,2896
Node_5,Camera-like Traffic Generator,166.00247243801076,2980
Node_1,Temperature Sensor,166.07954608519128,62
Node_5,Camera-like Traffic Generator,166.18824048300695,2687
Node_5,Camera-like Traffic Generator,166.37519306710746,3470
Node_1,Temperature Sensor,166.51225484058122,63
Node_5,Camera-like Traffic Generator,166.5157587526271,3492
Node_4,Motion Sensor,166.55399281282905,79
Node_1,Temperature Sensor,166.65088061360754,89
Node_5,Camera-like Traffic Generator,166.66107811209451,2762
Node_5,Camera-like Traffic Generator,166.8050644118163,3244
Node_3,Smart Plug,166.87588688841043,92
Node_5,Camera-like Traffic Generator,166.97061046231158,3014
Node_1,Temperature Sensor,167.0755883277185,82
Node_5,Camera-like Traffic Generator,167.10434549643261,3496
Node_5,Camera-like Traffic Generator,167.2229774362128,2840
Node_1,Temperature Sensor,167.4101743608143,82
Node_5,Camera-like Traffic Generator,167.41017454737784,3272
Node_5,Camera-like Traffic Generator,167.55580614804333,2596
Node_1,Temperature Sensor,167.6420327533808,64
Node_5,Camera-like Traffic Generator,167.74142758647386,3263
Node_3,Smart Plug,167.81096259774554,87
Node_5,Camera-like Traffic Generator,167.8677139210653,3281
Node_1,Temperature Sensor,167.8834719852343,86
Node_5,Camera-like Traffic Generator,168.0103653729229,2525
Node_5,Camera-like Traffic Generator,168.16469725158964,2594
Node_1,Temperature Sensor,168.2835856853349,94
Node_5,Camera-like Traffic Generator,168.3622060400393,3330
Node_5,Camera-like Traffic Generator,168.47423381445554,3212
Node_5,Camera-like Traffic Generator,168.58686373982079,2847
Node_1,Temperature Sensor,168.67200995683336,98
Node_3,Smart Plug,168.7052751193782,95
Node_5,Camera-like Traffic Generator,168.73212022221048,3053
Node_5,Camera-like Traffic Generator,168.9260750849265,3466
Node_1,Temperature Sensor,169.01217399332324,74
Node_5,Camera-like Traffic Generator,169.12324306150313,2682
Node_5,Camera-like Traffic Generator,169.3052457235816,3385
Node_1,Temperature Sensor,169.34334140067918,68
Node_5,Camera-like Traffic Generator,169.45633618548757,2641
Node_5,Camera-like Traffic Generator,169.6243936221489,3275
Node_1,Temperature Sensor,169.70603592187445,68
Node_5,Camera-like Traffic Generator,169.74426133420957,3244
Node_3,Smart Plug,169.81152512229374,71
Node_1,Temperature Sensor,169.84932327464534,93
Node_5,Camera-like Traffic Generator,169.8968188030716,3279
Node_5,Camera-like Traffic Generator,170.05310710342184,3030
Node_1,Temperature Sensor,170.09634769489148,90
Node_5,Camera-like Traffic Generator,170.15780662552987,3033
Node_5,Camera-like Traffic Generator,170.31175234589733,3193
Node_1,Temperature Sensor,170.42598769662408,92
Node_5,Camera-like Traffic Generator,170.51146983070743,2666
Node_5,Camera-like Traffic Generator,170.62734481042705,3180
Node_3,Smart Plug,170.7443682076475,67
Node_5,Camera-like Traffic Generator,170.79083554440393,3358
Node_1,Temperature Sensor,170.86404976115543,98
Node_5,Camera-like Traffic Generator,170.91346129384536,3430
Node_5,Camera-like Traffic Generator,171.08506989025378,3040
Node_5,Camera-like Traffic Generator,171.28058293575077,2924
Node_1,Temperature Sensor,171.29142050497168,84
Node_5,Camera-like Traffic Generator,171.40080254807978,2548
Node_5,Camera-like Traffic Generator,171.59771718587555,2900
Node_1,Temperature Sensor,171.6485001705036,61
Node_5,Camera-like Traffic Generator,171.73669442582775,3021
Node_5,Camera-like Traffic Generator,171.87882083992838,2976
Node_5,Camera-like Traffic Generator,172.01101296818146,3221
Node_3,Smart Plug,172.0570498947334,71
Node_1,Temperature Sensor,172.12013388690158,93
Node_5,Camera-like Traffic Generator,172.1410122891358,2574
Node_5,Camera-like Traffic Generator,172.3118463950117,3168
Node_1,Temperature Sensor,172.32711297696324,67
Node_5,Camera-like Traffic Generator,172.4327218749804,3233
Node_4,Motion Sensor,172.4725394093102,84
Node_5,Camera-like Traffic Generator,172.5921203681208,2566
Node_1,Temperature Sensor,172.70819248610948,72
Node_5,Camera-like Traffic Generator,172.76763732472608,2640
Node_5,Camera-like Traffic Generator,172.91573053698968,2660
Node_1,Temperature Sensor,172.94412234882037,60
Node_5,Camera-like Traffic Generator,173.11294003811236,3476
Node_5,Camera-like Traffic Generator,173.31077470287622,2891
Node_1,Temperature Sensor,173.39206743143495,82
Node_5,Camera-like Traffic Generator,173.42671900394953,2919
Node_3,Smart Plug,173.49718169611805,82
Node_3,Smart Plug,173.51338271524105,71
Node_3,Smart Plug,173.53806722352124,60
Node_5,Camera-like Traffic Generator,173.58586064445873,2748
Node_1,Temperature Sensor,173.65238116903475,65
Node_5,Camera-like Traffic Generator,173.7209013777295,2726
Node_5,Camera-like Traffic Generator,173.91580638631092,2640
Node_1,Temperature Sensor,174.00564997409697,61
Node_5,Camera-like Traffic Generator,174.05595043950444,3225
Node_5,Camera-like Traffic Generator,174.21454341236742,3172
Node_5,Camera-like Traffic Generator,174.33512652151035,2642
Node_1,Temperature Sensor,174.40409467889924,68
Node_5,Camera-like Traffic Generator,174.46267355148285,2827
Node_3,Smart Plug,174.60339772228784,67
Node_5,Camera-like Traffic Generator,174.62634921221024,3020
Node_3,Smart Plug,174.6476708938212,91
Node_1,Temperature Sensor,174.67202767640504,73
Node_3,Smart Plug,174.68651103632857,86
Node_5,Camera-like Traffic Generator,174.77877330785773,3271
Node_1,Temperature Sensor,174.92004891339585,88
Node_5,Camera-like Traffic Generator,174.93861795779185,2732
Node_5,Camera-like Traffic Generator,175.0824451564603,3322
Node_5,Camera-like Traffic Generator,175.23657110451904,3110
Node_1,Temperature Sensor,175.33078316138256,82
Node_5,Camera-like Traffic Generator,175.35193876524298,3380
Node_1,Temperature Sensor,175.46476597737342,62
Node_5,Camera-like Traffic Generator,175.52736379099704,3220
Node_1,Temperature Sensor,175.62772993621627,84
Node_5,Camera-like Traffic Generator,175.71488733875975,3449
Node_3,Smart Plug,175.7577546244551,80
Node_5,Camera-like Traffic Generator,175.81898450197616,3337
Node_4,Motion Sensor,175.88720324124768,97
Node_5,Camera-like Traffic Generator,175.9445297392736,3126
Node_1,Temperature Sensor,175.9973174204615,70
Node_5,Camera-like Traffic Generator,176.0871207966822,2668
Node_5,Camera-like Traffic Generator,176.2580968637867,3365
Node_1,Temperature Sensor,176.36209289758483,79
Node_5,Camera-like Traffic Generator,176.40682727498728,2791
Node_5,Camera-like Traffic Generator,176.55911120584256,2588
Node_1,Temperature Sensor,176.63891057226394,70
Node_5,Camera-like Traffic Generator,176.73228713652387,3459
Node_5,Camera-like Traffic Generator,176.91879564333047,2741
Node_3,Smart Plug,176.94378208952955,84
Node_1,Temperature Sensor,177.04088782973128,64
Node_5,Camera-like Traffic Generator,177.1037921846703,2994
Node_5,Camera-like Traffic Generator,177.27395208930173,2932
Node_1,Temperature Sensor,177.31285328309042,71
Node_5,Camera-like Traffic Generator,177.37961734138977,2605
Node_5,Camera-like Traffic Generator,177.5566119000223,3342
Node_1,Temperature Sensor,177.68424778499448,79
Node_5,Camera-like Traffic Generator,177.72985616345957,3404
Node_5,Camera-like Traffic Generator,177.89388270584584,2828
Node_1,Temperature Sensor,178.05110080848902,61
Node_5,Camera-like Traffic Generator,178.0605805543121,2751
Node_3,Smart Plug,178.1924148403791,64
Node_5,Camera-like Traffic Generator,178.19624668336706,2512
Node_1,Temperature Sensor,178.30920616692407,83
Node_5,Camera-like Traffic Generator,178.36755624524997,2985
Node_1,Temperature Sensor,178.41228100128401,72
Node_5,Camera-like Traffic Generator,178.52613465710849,2721
Node_1,Temperature Sensor,178.59677459297214,65
Node_5,Camera-like Traffic Generator,178.6695113604197,2765
Node_1,Temperature Sensor,178.79898239458072,73
Node_5,Camera-like Traffic Generator,178.86924161422115,3326
Node_1,Temperature Sensor,178.90207435720845,89
Node_5,Camera-like Traffic Generator,179.0180278107515,3106
Node_3,Smart Plug,179.03909073054646,93
Node_1,Temperature Sensor,179.0723522779588,75
Node_3,Smart Plug,179.08403044164967,68
Node_5,Camera-like Traffic Generator,179.17458981899517,3106
Node_5,Camera-like Traffic Generator,179.3616291651874,3167
Node_1,Temperature Sensor,179.45382078331187,80
Node_5,Camera-like Traffic Generator,179.46583928831038,2607
Node_5,Camera-like Traffic Generator,179.64965985320148,3142
Node_5,Camera-like Traffic Generator,179.75951752608327,2594
Node_1,Temperature Sensor,179.8871624642798,92
Node_3,Smart Plug,179.95315795230366,82
Node_5,Camera-like Traffic Generator,179.95619048627825,2738
Node_1,Temperature Sensor,180.0159926629167,94
Node_4,Motion Sensor,180.03675887413678,81
Node_5,Camera-like Traffic Generator,180.1142026921417,3209
Node_1,Temperature Sensor,180.1329135675418,60
Node_5,Camera-like Traffic Generator,180.27458326975201,3315
Node_5,Camera-like Traffic Generator,180.44641216983914,2539
Node_1,Temperature Sensor,180.60137854134277,94
Node_5,Camera-like Traffic Generator,180.6111210172338,2940
Node_5,Camera-like Traffic Generator,180.75719531419506,3363
Node_5,Camera-like Traffic Generator,180.8609229379708,2898
Node_1,Temperature Sensor,180.93168220563751,82
Node_5,Camera-like Traffic Generator,181.04144499734295,3244
Node_5,Camera-like Traffic Generator,181.18462473263773,3408
Node_3,Smart Plug,181.21370283310313,81
Node_5,Camera-like Traffic Generator,181.30622868615342,2680
Node_1,Temperature Sensor,181.3154817902651,76
Node_1,Temperature Sensor,181.46155113933062,60
Node_5,Camera-like Traffic Generator,181.46928081362347,2828
Node_5,Camera-like Traffic Generator,181.5985084980026,2912
Node_1,Temperature Sensor,181.69145841110884,92
Node_5,Camera-like Traffic Generator,181.70134595605361,2956
Node_5,Camera-like Traffic Generator,181.89044042072337,2858
Node_1,Temperature Sensor,182.03870851643055,93
Node_5,Camera-like Traffic Generator,182.05874159055395,2852
Node_3,Smart Plug,182.1928598043369,74
Node_5,Camera-like Traffic Generator,182.25530044993855,2776
Node_5,Camera-like Traffic Generator,182.4336714301475,2824
Node_1,Temperature Sensor,182.5066164171271,63
Node_5,Camera-like Traffic Generator,182.60358187296993,3134
Node_5,Camera-like Traffic Generator,182.7804429868711,2660
Node_5,Camera-like Traffic Generator,182.93629076338152,3363
Node_1,Temperature Sensor,182.94441016105299,69
Node_3,Smart Plug,183.042471577002,97
Node_3,Smart Plug,183.07212779705912,95
Node_5,Camera-like Traffic Generator,183.10111945450785,3240
Node_3,Smart Plug,183.11416859501955,62
Node_5,Camera-like Traffic Generator,183.2764513699375,3280
Node_1,Temperature Sensor,183.27995867637415,80
Node_5,Camera-like Traffic Generator,183.39365717142798,2999
Node_5,Camera-like Traffic Generator,183.5025441169243,2851
Node_1,Temperature Sensor,183.5382653551179,72
Node_5,Camera-like Traffic Generator,183.65636759376028,3305
Node_1,Temperature Sensor,183.77407066757726,73
Node_5,Camera-like Traffic Generator,183.85295795641906,2816
Node_1,Temperature Sensor,183.94132375079553,80
Node_5,Camera-like Traffic Generator,183.98354147300287,3414
Node_1,Temperature Sensor,184.08693440673096,80
Node_5,Camera-like Traffic Generator,184.09258472147707,2906
Node_5,Camera-like Traffic Generator,184.2547646940789,3139
Node_5,Camera-like Traffic Generator,184.4304211419236,2702
Node_4,Motion Sensor,184.51456309235022,81
Node_1,Temperature Sensor,184.549303499363,73
Node_3,Smart Plug,184.57093929540946,76
Node_5,Camera-like Traffic Generator,184.6160187417484,2985
Node_5,Camera-like Traffic Generator,184.7497188665232,2937
Node_5,Camera-like Traffic Generator,184.88586518823323,2659
Node_1,Temperature Sensor,184.94025514163255,92
Node_5,Camera-like Traffic Generator,185.0027195074501,2515
Node_5,Camera-like Traffic Generator,185.12169848285183,2810
Node_5,Camera-like Traffic Generator,185.27231041073384,3142
Node_1,Temperature Sensor,185.36626994393256,69
Node_5,Camera-like Traffic Generator,185.40193078007638,3059
Node_5,Camera-like Traffic Generator,185.51972159039167,3118
Node_1,Temperature Sensor,185.52484763124363,67
Node_5,Camera-like Traffic Generator,185.6273151254265,2593
Node_5,Camera-like Traffic Generator,185.79848168220056,3414
Node_1,Temperature Sensor,185.8658072253529,90
Node_3,Smart Plug,185.86684294489464,92
Node_3,Smart Plug,185.8784690709856,62
Node_5,Camera-like Traffic Generator,185.96480070035935,3352
Node_5,Camera-like Traffic Generator,186.0793772447603,2840
Node_5,Camera-like Traffic Generator,186.2147572099142,2633
Node_1,Temperature Sensor,186.22801082956042,67
Node_5,Camera-like Traffic Generator,186.3532812259843,3345
Node_5,Camera-like Traffic Generator,186.52690946145447,3376
Node_1,Temperature Sensor,186.63715006525945,79
Node_5,Camera-like Traffic Generator,186.706758184787,3113
Node_5,Camera-like Traffic Generator,186.90383271214168,2823
Node_5,Camera-like Traffic Generator,187.02631519779553,3326
Node_1,Temperature Sensor,187.03892839535825,90
Node_5,Camera-like Traffic Generator,187.15090555708696,2655
Node_1,Temperature Sensor,187.31849049815628,96
Node_3,Smart Plug,187.33969150839067,98
Node_5,Camera-like Traffic Generator,187.35017328517262,2526
Node_3,Smart Plug,187.37869838570305,81
Node_3,Smart Plug,187.4097460665748,69
Node_5,Camera-like Traffic Generator,187.4726201454214,3195
Node_5,Camera-like Traffic Generator,187.59451766125875,3375
Node_1,Temperature Sensor,187.6442872115174,85
Node_5,Camera-like Traffic Generator,187.73855325143646,3311
Node_4,Motion Sensor,187.76541625641877,88
Node_5,Camera-like Traffic Generator,187.85309092116398,2796
Node_1,Temperature Sensor,187.99409592329414,94
Node_5,Camera-like Traffic Generator,188.04954996942084,3357
Node_5,Camera-like Traffic Generator,188.19787729830986,2938
Node_3,Smart Plug,188.33497459071503,89
Node_1,Temperature Sensor,188.34498288605405,66
Node_5,Camera-like Traffic Generator,188.35350953308532,3498
Node_1,Temperature Sensor,188.47229738945236,77
Node_5,Camera-like Traffic Generator,188.47273344396265,2686
Node_5,Camera-like Traffic Generator,188.62459058282056,2899
Node_1,Temperature Sensor,188.69342556350796,70
Node_5,Camera-like Traffic Generator,188.78213626925074,3402
Node_1,Temperature Sensor,188.81589441159318,80
Node_5,Camera-like Traffic Generator,188.9208466486626,2761
Node_1,Temperature Sensor,189.0400575518357,78
Node_5,Camera-like Traffic Generator,189.10052638141886,2863
Node_1,Temperature Sensor,189.16281357216928,93
Node_3,Smart Plug,189.20883451804445,85
Node_5,Camera-like Traffic Generator,189.28069891366704,2931
Node_1,Temperature Sensor,189.29350597263866,94
Node_5,Camera-like Traffic Generator,189.41715036656308,3425
Node_5,Camera-like Traffic Generator,189.54062094737947,3040
Node_5,Camera-like Traffic Generator,189.64832499222672,3193
Node_1,Temperature Sensor,189.73562332122108,84
Node_5,Camera-like Traffic Generator,189.78049124738786,3327
Node_5,Camera-like Traffic Generator,189.95073472911844,3295
Node_1,Temperature Sensor,190.03845044815466,78
Node_5,Camera-like Traffic Generator,190.1086305758793,2596
Node_5,Camera-like Traffic Generator,190.30037852126563,3485
Node_3,Smart Plug,190.3299389327443,86
Node_1,Temperature Sensor,190.36017699668997,91
Node_5,Camera-like Traffic Generator,190.47121391305214,3035
Node_5,Camera-like Traffic Generator,190.5816946751816,3326
Node_5,Camera-like Traffic Generator,190.70447711769182,2848
Node_1,Temperature Sensor,190.8185277029127,77
Node_5,Camera-like Traffic Generator,190.87469156629652,3476
Node_5,Camera-like Traffic Generator,191.05679931959202,2723
Node_5,Camera-like Traffic Generator,191.18371266338983,3336
Node_1,Temperature Sensor,191.24245406999188,86
Node_3,Smart Plug,191.2467054559768,67
Node_5,Camera-like Traffic Generator,191.32973655050168,2937
Node_1,Temperature Sensor,191.47106477514404,79
Node_5,Camera-like Traffic Generator,191.48884284340227,2564
Node_1,Temperature Sensor,191.6314092058223,62
Node_5,Camera-like Traffic Generator,191.68842170318698,2522
Node_1,Temperature Sensor,191.77280995673047,95
Node_5,Camera-like Traffic Generator,191.83326853039523,3150
Node_1,Temperature Sensor,192.01018506706578,88
Node_5,Camera-like Traffic Generator,192.02285269348553,2976
Node_5,Camera-like Traffic Generator,192.19348359490257,2563
Node_3,Smart Plug,192.2829644653699,66
Node_1,Temperature Sensor,192.31200466766617,66
Node_5,Camera-like Traffic Generator,192.32892482220856,3454
Node_5,Camera-like Traffic Generator,192.45653386024097,2752
Node_1,Temperature Sensor,192.51110215710548,77
Node_5,Camera-like Traffic Generator,192.64618675447545,2527
Node_1,Temperature Sensor,192.78687087381053,80
Node_5,Camera-like Traffic Generator,192.80596060602716,2930
Node_1,Temperature Sensor,192.95036935700315,74
Node_5,Camera-like Traffic Generator,192.9823971256073,2633
Node_4,Motion Sensor,193.09519392990538,92
Node_5,Camera-like Traffic Generator,193.1220217273702,3161
Node_1,Temperature Sensor,193.16352678844893,76
Node_5,Camera-like Traffic Generator,193.25300425490815,3197
Node_5,Camera-like Traffic Generator,193.3834703616884,2732
Node_3,Smart Plug,193.3930729843687,74
Node_1,Temperature Sensor,193.3988736471855,83
Node_5,Camera-like Traffic Generator,193.56331199622716,3007
Node_5,Camera-like Traffic Generator,193.70402619617565,3266
Node_1,Temperature Sensor,193.81456441981095,85
Node_5,Camera-like Traffic Generator,193.90204405167185,3086
Node_1,Temperature Sensor,193.94092916152283,63
Node_5,Camera-like Traffic Generator,194.08831745886795,3470
Node_5,Camera-like Traffic Generator,194.1936145510018,3254
Node_1,Temperature Sensor,194.31228089945887,71
Node_5,Camera-like Traffic Generator,194.35235931839918,3274
Node_5,Camera-like Traffic Generator,194.45946065795832,2563
Node_5,Camera-like Traffic Generator,194.60083180211177,2661
Node_1,Temperature Sensor,194.70177436145985,86
Node_5,Camera-like Traffic Generator,194.72029369856764,3479
Node_3,Smart Plug,194.8870970778014,72
Node_5,Camera-like Traffic Generator,194.89766711883507,3489
Node_5,Camera-like Traffic Generator,195.08124106011147,2529
Node_1,Temperature Sensor,195.16431144032532,94
Node_5,Camera-like Traffic Generator,195.27412367804325,3228
Node_1,Temperature Sensor,195.39765625474953,83
Node_5,Camera-like Traffic Generator,195.40730268930554,2594
Node_5,Camera-like Traffic Generator,195.54765821787925,3200
Node_1,Temperature Sensor,195.55422760698326,73
Node_5,Camera-like Traffic Generator,195.71619352372755,3304
Node_5,Camera-like Traffic Generator,195.8543225946476,2974
Node_5,Camera-like Traffic Generator,196.03904914905874,2682
Node_1,Temperature Sensor,196.04130621006036,87
Node_5,Camera-like Traffic Generator,196.17016868742192,2677
Node_3,Smart Plug,196.22202613533446,77
Node_1,Temperature Sensor,196.2980894037945,83
Node_5,Camera-like Traffic Generator,196.3132047764243,2752
Node_4,Motion Sensor,196.35694458854846,74
Node_5,Camera-like Traffic Generator,196.42227822548801,2760
Node_5,Camera-like Traffic Generator,196.54233895489227,2851
Node_5,Camera-like Traffic Generator,196.7070614821824,2581
Node_1,Temperature Sensor,196.7732902836208,72
Node_5,Camera-like Traffic Generator,196.85223423145723,2594
Node_5,Camera-like Traffic Generator,196.9780110141043,3379
Node_1,Temperature Sensor,197.02396200604332,91
Node_5,Camera-like Traffic Generator,197.0841011030246,3057
Node_5,Camera-like Traffic Generator,197.2523721114365,2595
Node_5,Camera-like Traffic Generator,197.35254500138709,3485
Node_3,Smart Plug,197.44791549451438,82
Node_1,Temperature Sensor,197.44923591956925,86
Node_5,Camera-like Traffic Generator,197.4538028493851,2826
Node_3,Smart Plug,197.48854382329975,97
Node_3,Smart Plug,197.537009894325,77
Node_5,Camera-like Traffic Generator,197.58442923804492,3300
Node_5,Camera-like Traffic Generator,197.7412371036671,2874
Node_5,Camera-like Traffic Generator,197.8481760267844,2672
Node_1,Temperature Sensor,197.88081950872703,89
Node_5,Camera-like Traffic Generator,198.01182420269515,2998
Node_5,Camera-like Traffic Generator,198.1653456020578,3475
Node_1,Temperature Sensor,198.25498528483806,81
Node_5,Camera-like Traffic Generator,198.27504218019695,3183
Node_5,Camera-like Traffic Generator,198.39050929688045,2874
Node_5,Camera-like Traffic Generator,198.50820212572302,2940
Node_1,Temperature Sensor,198.61339521313144,76
Node_5,Camera-like Traffic Generator,198.69279943158688,3271
Node_5,Camera-like Traffic Generator,198.8435323043329,3314
Node_3,Smart Plug,198.8454291891611,99
Node_1,Temperature Sensor,198.85812645167016,74
Node_5,Camera-like Traffic Generator,198.98804294902982,3122
Node_1,Temperature Sensor,199.0302316208209,68
Node_5,Camera-like Traffic Generator,199.18157225354733,3388
Node_5,Camera-like Traffic Generator,199.3609370010572,2620
Node_1,Temperature Sensor,199.50929892783464,79
Node_5,Camera-like Traffic Generator,199.55436179760247,3435
Node_5,Camera-like Traffic Generator,199.66513928993868,3183
Node_1,Temperature Sensor,199.6999161464482,65
Node_5,Camera-like Traffic Generator,199.82414992266112,2667
Node_1,Temperature Sensor,199.83078218016854,93
Node_5,Camera-like Traffic Generator,199.93412207961617,2693
Node_1,Temperature Sensor,199.9712384856357,90
Node_3,Smart Plug,200.00775574034935,99
Node_5,Camera-like Traffic Generator,200.04964734167197,3113
Node_5,Camera-like Traffic Generator,200.18338701124662,2954
Node_5,Camera-like Traffic Generator,200.3492358114498,3331
Node_1,Temperature Sensor,200.40528641628953,95
Node_1,Temperature Sensor,200.52038541323256,73
Node_5,Camera-like Traffic Generator,200.52764207641647,3444
Node_5,Camera-like Traffic Generator,200.69451258442749,2565
Node_5,Camera-like Traffic Generator,200.81913480152068,2641
Node_1,Temperature Sensor,200.92690845501144,65
Node_5,Camera-like Traffic Generator,201.01517350798542,2990
Node_3,Smart Plug,201.0179895135591,68
Node_1,Temperature Sensor,201.17759640334046,66
Node_5,Camera-like Traffic Generator,201.19457890397325,2541
Node_5,Camera-like Traffic Generator,201.3004413224733,3482
Node_5,Camera-like Traffic Generator,201.448483662164,3343
Node_1,Temperature Sensor,201.61013442601612,90
Node_5,Camera-like Traffic Generator,201.61444966458927,3254
Node_5,Camera-like Traffic Generator,201.7735629861162,3347
Node_3,Smart Plug,201.8331804735794,92
Node_5,Camera-like Traffic Generator,201.8826583335382,3154
Node_4,Motion Sensor,201.90872991642604,74
Node_1,Temperature Sensor,202.03375191387184,66
Node_5,Camera-like Traffic Generator,202.07384503618252,3062
Node_5,Camera-like Traffic Generator,202.24406562696166,3021
Node_1,Temperature Sensor,202.3088212759272,76
Node_5,Camera-like Traffic Generator,202.41975797406081,3143
Node_5,Camera-like Traffic Generator,202.54801412984995,2635
Node_1,Temperature Sensor,202.6793664448026,69
Node_5,Camera-like Traffic Generator,202.72436639100434,2792
Node_3,Smart Plug,202.82635046929994,82
Node_5,Camera-like Traffic Generator,202.88700031848845,2904
Node_1,Temperature Sensor,202.9570459287247,71
Node_5,Camera-like Traffic Generator,203.02470701330182,2990
Node_5,Camera-like Traffic Generator,203.1738309539964,2821
Node_5,Camera-like Traffic Generator,203.3222414028826,2888
Node_1,Temperature Sensor,203.3564605359629,77
Node_5,Camera-like Traffic Generator,203.47200286359836,3286
Node_5,Camera-like Traffic Generator,203.6007222573366,3184
Node_1,Temperature Sensor,203.6700649958422,72
Node_5,Camera-like Traffic Generator,203.70623381131517,3331
Node_5,Camera-like Traffic Generator,203.8250417015417,2589
Node_5,Camera-like Traffic Generator,204.01425095532036,3247
Node_1,Temperature Sensor,204.09351454427852,78
Node_5,Camera-like Traffic Generator,204.17137844636446,2673
Node_3,Smart Plug,204.27449618444814,66
Node_3,Smart Plug,204.29872241457957,65
Node_5,Camera-like Traffic Generator,204.30274380947003,2547
Node_5,Camera-like Traffic Generator,204.40554011969158,3466
Node_1,Temperature Sensor,204.5275599013688,74
Node_5,Camera-like Traffic Generator,204.5440302587798,2851
Node_5,Camera-like Traffic Generator,204.69780662582755,3323
Node_5,Camera-like Traffic Generator,204.8662231630779,2933
Node_1,Temperature Sensor,205.00641196946643,99
Node_5,Camera-like Traffic Generator,205.0170606459803,3349
Node_5,Camera-like Traffic Generator,205.16793520434777,3181
Node_5,Camera-like Traffic Generator,205.2724072752136,2714
Node_1,Temperature Sensor,205.29108396084283,71
Node_4,Motion Sensor,205.30950795494797,64
Node_5,Camera-like Traffic Generator,205.41813065085438,2685
Node_3,Smart Plug,205.50623140903147,69
Node_5,Camera-like Traffic Generator,205.54028736528812,2820
Node_1,Temperature Sensor,205.54383293451912,81
Node_5,Camera-like Traffic Generator,205.7116908226642,2995
Node_5,Camera-like Traffic Generator,205.86880535573127,3113
Node_5,Camera-like Traffic Generator,205.97332874396957,2881
Node_1,Temperature Sensor,206.0303401958015,92
Node_5,Camera-like Traffic Generator,206.16336081386825,2616
Node_5,Camera-like Traffic Generator,206.2924049815692,3404
Node_3,Smart Plug,206.37056499393123,75
Node_1,Temperature Sensor,206.45084388546212,65
Node_5,Camera-like Traffic Generator,206.45836440074044,3415
Node_5,Camera-like Traffic Generator,206.59143947036492,2677
Node_1,Temperature Sensor,206.6508451700977,85
Node_5,Camera-like Traffic Generator,206.73043104741393,2728
Node_5,Camera-like Traffic Generator,206.92218941694748,2901
Node_5,Camera-like Traffic Generator,207.03778231622653,3098
Node_1,Temperature Sensor,207.10049194811862,82
Node_5,Camera-like Traffic Generator,207.19995869107063,2758
Node_1,Temperature Sensor,207.24152784081798,93
Node_5,Camera-like Traffic Generator,207.3921764690551,3180
Node_5,Camera-like Traffic Generator,207.56319371192166,3402
Node_1,Temperature Sensor,207.68199426005188,71
Node_3,Smart Plug,207.68455116164554,88
Node_5,Camera-like Traffic Generator,207.69416763677074,3440
Node_5,Camera-like Traffic Generator,207.85950127267958,3413
Node_5,Camera-like Traffic Generator,208.0004216134637,2510
Node_1,Temperature Sensor,208.08724099216855,70
Node_5,Camera-like Traffic Generator,208.18277710558888,2877
Node_5,Camera-like Traffic Generator,208.36704053009052,2689
Node_5,Camera-like Traffic Generator,208.54496306465185,2753
Node_1,Temperature Sensor,208.54936347575983,65
Node_3,Smart Plug,208.60558290524497,93
Node_5,Camera-like Traffic Generator,208.64600603538858,3192
Node_5,Camera-like Traffic Generator,208.7501859703194,3267
Node_1,Temperature Sensor,208.82435249983783,97
Node_5,Camera-like Traffic Generator,208.863074795008,3189
Node_5,Camera-like Traffic Generator,208.97012723046393,2614
Node_1,Temperature Sensor,209.0131677026006,78
Node_5,Camera-like Traffic Generator,209.0860196138473,3291
Node_5,Camera-like Traffic Generator,209.1926696453419,3036
Node_1,Temperature Sensor,209.25300173385608,61
Node_5,Camera-like Traffic Generator,209.30940631886352,3240
Node_1,Temperature Sensor,209.3743044887245,80
Node_4,Motion Sensor,209.39208356333745,93
Node_5,Camera-like Traffic Generator,209.50493803929385,3215
Node_1,Temperature Sensor,209.56861571826988,99
Node_5,Camera-like Traffic Generator,209.6744399626152,2784
Node_5,Camera-like Traffic Generator,209.803083858513,3355
Node_3,Smart Plug,209.80894562848866,96
Node_1,Temperature Sensor,209.818580787637,61
Node_5,Camera-like Traffic Generator,209.92923377747786,3260
Node_5,Camera-like Traffic Generator,210.0687244018631,3385
Node_5,Camera-like Traffic Generator,210.188937012637,2586
Node_1,Temperature Sensor,210.29091114953698,93
Node_5,Camera-like Traffic Generator,210.3735824422616,2700
Node_5,Camera-like Traffic Generator,210.52540499806852,2535
Node_1,Temperature Sensor,210.65089542325467,91
Node_5,Camera-like Traffic Generator,210.67328697690021,2611
Node_5,Camera-like Traffic Generator,210.77709010254475,2888
Node_1,Temperature Sensor,210.80593525834502,71
Node_3,Smart Plug,210.81922090617894,89
Node_5,Camera-like Traffic Generator,210.8854509054951,3193
Node_5,Camera-like Traffic Generator,210.99219094302708,2935
Node_5,Camera-like Traffic Generator,211.12928113310846,3238
Node_1,Temperature Sensor,211.23783989160614,87
Node_5,Camera-like Traffic Generator,211.27348351492572,3269
Node_1,Temperature Sensor,211.39335696833342,88
Node_5,Camera-like Traffic Generator,211.43977119112122,3003
Node_5,Camera-like Traffic Generator,211.6372219512689,3268
Node_1,Temperature Sensor,211.67279755792632,60
Node_3,Smart Plug,211.67415508332493,62
Node_1,Temperature Sensor,211.8044878664346,70
Node_5,Camera-like Traffic Generator,211.80971296699965,2543
Node_5,Camera-like Traffic Generator,211.91113408101864,2652
Node_5,Camera-like Traffic Generator,212.0970828365738,2750
Node_5,Camera-like Traffic Generator,212.214635737149,2962
Node_1,Temperature Sensor,212.23847310614755,81
Node_5,Camera-like Traffic Generator,212.40479201862334,2556
Node_5,Camera-like Traffic Generator,212.54279545297823,3446
Node_1,Temperature Sensor,212.62936702027753,81
Node_5,Camera-like Traffic Generator,212.69335491265232,2725
Node_3,Smart Plug,212.717706228192,92
Node_1,Temperature Sensor,212.77384176440722,71
Node_4,Motion Sensor,212.8101313929363,78
Node_5,Camera-like Traffic Generator,212.85607627550712,2835
Node_1,Temperature Sensor,212.9943022422417,61
Node_5,Camera-like Traffic Generator,213.02819438380862,2525
Node_5,Camera-like Traffic Generator,213.17224743324587,3343
Node_1,Temperature Sensor,213.26223245974307,91
Node_5,Camera-like Traffic Generator,213.33241343868485,2787
Node_5,Camera-like Traffic Generator,213.44852323838535,3047
Node_1,Temperature Sensor,213.54507790639767,64
Node_5,Camera-like Traffic Generator,213.58027859417317,2611
Node_5,Camera-like Traffic Generator,213.6867917288687,3018
Node_5,Camera-like Traffic Generator,213.78853790998318,3220
Node_5,Camera-like Traffic Generator,213.9609458462379,2821
Node_1,Temperature Sensor,214.00713666066247,83
Node_5,Camera-like Traffic Generator,214.06478884836613,3401
Node_1,Temperature Sensor,214.1137108015448,80
Node_3,Smart Plug,214.12518799605783,94
Node_3,Smart Plug,214.16129916338426,84
Node_3,Smart Plug,214.20239590811002,75
Node_5,Camera-like Traffic Generator,214.2332205090732,2505
Node_1,Temperature Sensor,214.31048605531322,65
Node_5,Camera-like Traffic Generator,214.33356260439066,2558
Node_5,Camera-like Traffic Generator,214.47231533142886,3066
Node_1,Temperature Sensor,214.58218161255456,84
Node_5,Camera-like Traffic Generator,214.6580156326771,3262
Node_5,Camera-like Traffic Generator,214.76153515475067,3045
Node_1,Temperature Sensor,214.7784073080772,76
Node_5,Camera-like Traffic Generator,214.8635144906316,3323
Node_5,Camera-like Traffic Generator,215.01115731463858,3071
Node_3,Smart Plug,215.03122348462452,81
Node_3,Smart Plug,215.0613195490424,68
Node_3,Smart Plug,215.10058269198498,75
Node_1,Temperature Sensor,215.144155828774,63
Node_5,Camera-like Traffic Generator,215.1497627895297,3185
Node_5,Camera-like Traffic Generator,215.28843950327175,3410
Node_5,Camera-like Traffic Generator,215.41220640810482,2990
Node_5,Camera-like Traffic Generator,215.5372106395467,3480
Node_1,Temperature Sensor,215.63401762515488,62
Node_5,Camera-like Traffic Generator,215.70088039668562,2979
Node_5,Camera-like Traffic Generator,215.89073807193486,2954
Node_1,Temperature Sensor,215.94444140328375,80
Node_5,Camera-like Traffic Generator,216.0786825030611,2723
Node_5,Camera-like Traffic Generator,216.20736885411978,3230
Node_3,Smart Plug,216.31717522589136,80
Node_3,Smart Plug,216.33876654705762,75
Node_3,Smart Plug,216.35206835156316,82
Node_3,Smart Plug,216.37803600354505,63
Node_5,Camera-like Traffic Generator,216.40367282297206,2888
Node_1,Temperature Sensor,216.43977399752234,82
Node_5,Camera-like Traffic Generator,216.52939391838646,2660
Node_1,Temperature Sensor,216.69595549054637,78
Node_5,Camera-like Traffic Generator,216.7033944759141,2931
Node_5,Camera-like Traffic Generator,216.83338024213418,2542
Node_5,Camera-like Traffic Generator,216.97441738717563,3379
Node_1,Temperature Sensor,217.05022380713382,99
Node_5,Camera-like Traffic Generator,217.1595857519888,3487
Node_1,Temperature Sensor,217.2516839115615,60
Node_5,Camera-like Traffic Generator,217.27208817405344,3126
Node_5,Camera-like Traffic Generator,217.3928982662507,2905
Node_4,Motion Sensor,217.46463255477582,97
Node_5,Camera-like Traffic Generator,217.58126044551344,2960
Node_1,Temperature Sensor,217.6670919180733,73
Node_3,Smart Plug,217.71971359913442,65
Node_5,Camera-like Traffic Generator,217.72649162648224,3452
Node_3,Smart Plug,217.75208544622697,79
Node_5,Camera-like Traffic Generator,217.8728433419304,2837
Node_5,Camera-like Traffic Generator,218.03938068444813,2633
Node_1,Temperature Sensor,218.06026832665356,85
Node_5,Camera-like Traffic Generator,218.19237436141302,2746
Node_5,Camera-like Traffic Generator,218.36363334755154,3068
Node_1,Temperature Sensor,218.4688688762975,89
Node_5,Camera-like Traffic Generator,218.5584338480291,3229
Node_3,Smart Plug,218.68935495650223,84
Node_5,Camera-like Traffic Generator,218.73684642600008,2863
Node_5,Camera-like Traffic Generator,218.88318401901032,3362
Node_5,Camera-like Traffic Generator,219.0623918494455,2874
Node_5,Camera-like Traffic Generator,219.19308174773786,2892
Node_5,Camera-like Traffic Generator,219.34010499276602,3042
Node_5,Camera-like Traffic Generator,219.4853369738202,3404
Node_3,Smart Plug,219.6617270448572,62
Node_5,Camera-like Traffic Generator,219.68091025812924,3370
Node_5,Camera-like Traffic Generator,219.82212204279818,2699
Node_5,Camera-like Traffic Generator,219.95589035807745,3389
Node_5,Camera-like Traffic Generator,220.1218555041901,3437
Node_5,Camera-like Traffic Generator,220.2650338860953,3443
Node_5,Camera-like Traffic Generator,220.36741742569296,2706
Node_5,Camera-like Traffic Generator,220.5241567162485,2672
Node_3,Smart Plug,220.68811519366656,96
Node_5,Camera-like Traffic Generator,220.72251997176866,3180
Node_3,Smart Plug,220.72498509580456,76
Node_5,Camera-like Traffic Generator,220.8994439748004,3141
Node_5,Camera-like Traffic Generator,221.05695088907467,3300
Node_4,Motion Sensor,221.0968446607911,68
Node_5,Camera-like Traffic Generator,221.17201921478147,2816
Node_5,Camera-like Traffic Generator,221.29658906286295,3238
Node_5,Camera-like Traffic Generator,221.47285108983695,2986
Node_5,Camera-like Traffic Generator,221.63388689423755,3263
Node_3,Smart Plug,221.7495019498014,83
Node_3,Smart Plug,221.77169470370328,99
Node_5,Camera-like Traffic Generator,221.7869457053175,3128
Node_5,Camera-like Traffic Generator,221.89047586839416,2597
Node_5,Camera-like Traffic Generator,221.99701177256753,2521
Node_5,Camera-like Traffic Generator,222.1890289514474,3369
Node_5,Camera-like Traffic Generator,222.32217981498505,2589
Node_5,Camera-like Traffic Generator,222.51533607963424,2856
Node_5,Camera-like Traffic Generator,222.68969451025126,3457
Node_5,Camera-like Traffic Generator,222.82045069459127,2566
Node_5,Camera-like Traffic Generator,222.98277386318884,2815
Node_5,Camera-like Traffic Generator,223.1732253777818,2946
Node_3,Smart Plug,223.2648061312932,77
Node_3,Smart Plug,223.27660123333047,92
Node_3,Smart Plug,223.3015540649433,90
Node_5,Camera-like Traffic Generator,223.30708745500576,2675
Node_5,Camera-like Traffic Generator,223.43741150288525,3302
Node_5,Camera-like Traffic Generator,223.5533927433819,3380
Node_5,Camera-like Traffic Generator,223.66971841789726,2618
Node_5,Camera-like Traffic Generator,223.8607415669542,2909
Node_5,Camera-like Traffic Generator,224.0169079740866,3128
Node_3,Smart Plug,224.1802142834929,62
Node_5,Camera-like Traffic Generator,224.18689423550154,2781
Node_5,Camera-like Traffic Generator,224.37169370618224,2749
Node_4,Motion Sensor,224.44855208863666,87
Node_5,Camera-like Traffic Generator,224.48302975015392,3445
Node_5,Camera-like Traffic Generator,224.6739482325804,2597
Node_5,Camera-like Traffic Generator,224.7778860671827,3380
Node_5,Camera-like Traffic Generator,224.9251673759375,2976
Node_5,Camera-like Traffic Generator,225.10188118532335,3086
Node_5,Camera-like Traffic Generator,225.30065849052252,2862
Node_5,Camera-like Traffic Generator,225.44475214228282,3071
Node_5,Camera-like Traffic Generator,225.58948548398712,2519
Node_3,Smart Plug,225.62892507006927,94
Node_5,Camera-like Traffic Generator,225.7386621873408,3171
Node_5,Camera-like Traffic Generator,225.8730450692248,2839
Node_5,Camera-like Traffic Generator,225.98154612050655,2869
Node_5,Camera-like Traffic Generator,226.09926966752928,3124
Node_5,Camera-like Traffic Generator,226.2670069834177,3416
Node_5,Camera-like Traffic Generator,226.37810416500082,3435
Node_3,Smart Plug,226.43853837495467,87
Node_3,Smart Plug,226.4665408377802,60
Node_3,Smart Plug,226.49806105609647,68
Node_5,Camera-like Traffic Generator,226.5741456049728,2697
Node_5,Camera-like Traffic Generator,226.7375678812914,2792
Node_5,Camera-like Traffic Generator,226.9168460679619,3286
Node_5,Camera-like Traffic Generator,227.05231725296275,3483
Node_5,Camera-like Traffic Generator,227.20179224259746,3121
Node_5,Camera-like Traffic Generator,227.36082451620123,3491
Node_3,Smart Plug,227.4791216584944,79
Node_5,Camera-like Traffic Generator,227.49734611404205,2752
Node_5,Camera-like Traffic Generator,227.64868839371485,3482
Node_5,Camera-like Traffic Generator,227.8391163809297,2523
Node_5,Camera-like Traffic Generator,227.97097313602677,2666
Node_5,Camera-like Traffic Generator,228.13591364763997,3200
Node_5,Camera-like Traffic Generator,228.26222498666735,3496
Node_3,Smart Plug,228.37806485314115,87
Node_5,Camera-like Traffic Generator,228.3959767694724,2772
Node_3,Smart Plug,228.4113850508742,86
Node_3,Smart Plug,228.428197836756,71
Node_5,Camera-like Traffic Generator,228.59548643913377,3156
Node_5,Camera-like Traffic Generator,228.76142749133237,2832
Node_5,Camera-like Traffic Generator,228.8645648720595,3372
Node_5,Camera-like Traffic Generator,229.05721938758234,2510
Node_5,Camera-like Traffic Generator,229.21458464786986,2802
Node_5,Camera-like Traffic Generator,229.33454888754505,2970
Node_5,Camera-like Traffic Generator,229.47338860105592,3195
Node_5,Camera-like Traffic Generator,229.60041696998857,2875
Node_4,Motion Sensor,229.64779664803675,87
Node_3,Smart Plug,229.66077318022997,62
Node_5,Camera-like Traffic Generator,229.73709635991472,3012
Node_5,Camera-like Traffic Generator,229.9364616663995,2924
Node_5,Camera-like Traffic Generator,230.10718971831685,2632
Node_5,Camera-like Traffic Generator,230.2418136278492,2761
Node_5,Camera-like Traffic Generator,230.3611039711404,2781
Node_3,Smart Plug,230.46660710290388,75
Node_5,Camera-like Traffic Generator,230.46943458370552,2949
Node_3,Smart Plug,230.51069042069417,86
Node_5,Camera-like Traffic Generator,230.63661537601098,3305
Node_5,Camera-like Traffic Generator,230.82794954560637,3361
Node_5,Camera-like Traffic Generator,231.01753145993703,2523
Node_5,Camera-like Traffic Generator,231.1303840428732,3262
Node_5,Camera-like Traffic Generator,231.25468014560147,2677
Node_3,Smart Plug,231.3240452474481,94
Node_5,Camera-like Traffic Generator,231.36117606255962,3071
Node_5,Camera-like Traffic Generator,231.48487059550453,2587
Node_5,Camera-like Traffic Generator,231.5924117498367,3223
Node_5,Camera-like Traffic Generator,231.76606210234974,2841
Node_5,Camera-like Traffic Generator,231.95695324499928,2570
Node_5,Camera-like Traffic Generator,232.115228736465,3465
Node_3,Smart Plug,232.28586328154458,75
Node_5,Camera-like Traffic Generator,232.3121397119367,3131
Node_5,Camera-like Traffic Generator,232.44522977570693,3164
Node_5,Camera-like Traffic Generator,232.60648629401277,2556
Node_5,Camera-like Traffic Generator,232.720357788097,3418
Node_4,Motion Sensor,232.81004668332423,64
Node_5,Camera-like Traffic Generator,232.913013981086,2685
Node_5,Camera-like Traffic Generator,233.0848394212778,2591
Node_3,Smart Plug,233.15558587983435,72
Node_5,Camera-like Traffic Generator,233.22813635802194,3185
Node_5,Camera-like Traffic Generator,233.3491582621105,3216
Node_5,Camera-like Traffic Generator,233.48784835699902,3125
Node_5,Camera-like Traffic Generator,233.60711221570185,3317
Node_5,Camera-like Traffic Generator,233.7779359782587,2995
Node_5,Camera-like Traffic Generator,233.9485633764412,2969
Node_5,Camera-like Traffic Generator,234.1217198507306,3091
Node_5,Camera-like Traffic Generator,234.30780974346166,2942
Node_3,Smart Plug,234.3276783314486,67
Node_5,Camera-like Traffic Generator,234.4585681827688,2579
Node_5,Camera-like Traffic Generator,234.65598721835084,2763
Node_5,Camera-like Traffic Generator,234.8438048831991,3075
Node_5,Camera-like Traffic Generator,234.9627394420526,2624
Node_5,Camera-like Traffic Generator,235.13890609425206,2688
Node_5,Camera-like Traffic Generator,235.32376772469286,3256
Node_5,Camera-like Traffic Generator,235.44653927925413,2894
Node_3,Smart Plug,235.44826871495204,97
Node_3,Smart Plug,235.46816440054204,81
Node_5,Camera-like Traffic Generator,235.63014331969228,2796
Node_5,Camera-like Traffic Generator,235.77137151832983,3140
Node_5,Camera-like Traffic Generator,235.89319734109037,2750
Node_5,Camera-like Traffic Generator,236.0276732455964,2740
Node_5,Camera-like Traffic Generator,236.1283715524958,3390
Node_5,Camera-like Traffic Generator,236.2967246550395,2781
Node_5,Camera-like Traffic Generator,236.41285107171126,2561
Node_3,Smart Plug,236.54354427302113,66
Node_5,Camera-like Traffic Generator,236.5622433765372,3402
Node_5,Camera-like Traffic Generator,236.66828377428544,3255
Node_5,Camera-like Traffic Generator,236.8112932521988,3174
Node_5,Camera-like Traffic Generator,237.00115722062785,2945
Node_5,Camera-like Traffic Generator,237.19887398703315,3174
Node_4,Motion Sensor,237.24052639247495,83
Node_5,Camera-like Traffic Generator,237.3307137918227,3271
Node_5,Camera-like Traffic Generator,237.52216145837943,3198
Node_3,Smart Plug,237.58988343060815,85
Node_3,Smart Plug,237.63901320129793,80
Node_5,Camera-like Traffic Generator,237.68271214411163,3459
Node_5,Camera-like Traffic Generator,237.83963225697664,3227
Node_5,Camera-like Traffic Generator,237.9715386549532,2858
Node_5,Camera-like Traffic Generator,238.1526351919773,2870
Node_5,Camera-like Traffic Generator,238.2826599095492,2989
Node_5,Camera-like Traffic Generator,238.4372515995524,3244
Node_5,Camera-like Traffic Generator,238.5600627624617,2670
Node_5,Camera-like Traffic Generator,238.72914922423888,2909
Node_3,Smart Plug,238.87706785589896,95
Node_5,Camera-like Traffic Generator,238.91714668941847,2824
Node_5,Camera-like Traffic Generator,239.0967718547666,3445
Node_5,Camera-like Traffic Generator,239.23709602301926,3368
Node_5,Camera-like Traffic Generator,239.3835352806203,2652
Node_5,Camera-like Traffic Generator,239.55732120013053,2885
Node_5,Camera-like Traffic Generator,239.7522846106455,3373
Node_5,Camera-like Traffic Generator,239.9311111411592,2881
Node_5,Camera-like Traffic Generator,240.11813619170408,2649
Node_3,Smart Plug,240.2474689022738,61
Node_5,Camera-like Traffic Generator,240.25470719670125,2934
Node_5,Camera-like Traffic Generator,240.4364476763656,3405
Node_5,Camera-like Traffic Generator,240.55155154147715,3446
Node_5,Camera-like Traffic Generator,240.6732509201873,2516
Node_4,Motion Sensor,240.6811864079368,65
Node_5,Camera-like Traffic Generator,240.82047974241107,2770
Node_5,Camera-like Traffic Generator,240.9402553908423,2997
Node_5,Camera-like Traffic Generator,241.05608702472566,3329
Node_5,Camera-like Traffic Generator,241.24146849054017,2777
Node_3,Smart Plug,241.24360459351354,66
Node_5,Camera-like Traffic Generator,241.3604630964439,3106
Node_5,Camera-like Traffic Generator,241.5103767855155,2935
Node_5,Camera-like Traffic Generator,241.69553649419407,2987
Node_5,Camera-like Traffic Generator,241.86211541442415,2853
Node_5,Camera-like Traffic Generator,241.97271656471847,3452
Node_5,Camera-like Traffic Generator,242.1433189753603,3107
Node_5,Camera-like Traffic Generator,242.25746675488102,3018
Node_5,Camera-like Traffic Generator,242.40688991364857,2716
Node_3,Smart Plug,242.50345682477825,63
Node_5,Camera-like Traffic Generator,242.5559406009117,3456
Node_5,Camera-like Traffic Generator,242.71909146139907,2838
Node_5,Camera-like Traffic Generator,242.8501526537656,3118
Node_5,Camera-like Traffic Generator,243.01131532977354,3099
Node_5,Camera-like Traffic Generator,243.16427900181685,2841
Node_5,Camera-like Traffic Generator,243.3016144712469,3188
Node_5,Camera-like Traffic Generator,243.4144278228256,3065
Node_5,Camera-like Traffic Generator,243.56178012718223,2517
Node_5,Camera-like Traffic Generator,243.69878097882605,2746
Node_4,Motion Sensor,243.7186195084848,93
Node_5,Camera-like Traffic Generator,243.89323865384063,3188
Node_3,Smart Plug,243.97588081018947,84
Node_5,Camera-like Traffic Generator,244.08425326621125,3402
Node_5,Camera-like Traffic Generator,244.24764040901533,3401
Node_5,Camera-like Traffic Generator,244.39525917722068,2780
Node_5,Camera-like Traffic Generator,244.52933491092497,3293
Node_5,Camera-like Traffic Generator,244.69916786562555,3401
Node_5,Camera-like Traffic Generator,244.89571525564085,3281
Node_3,Smart Plug,244.93508039440633,69
Node_3,Smart Plug,244.98390188133013,96
Node_5,Camera-like Traffic Generator,245.0529427516771,3411
Node_5,Camera-like Traffic Generator,245.2237532399852,3109
Node_5,Camera-like Traffic Generator,245.40508542944056,2749
Node_5,Camera-like Traffic Generator,245.5614152314692,3390
Node_5,Camera-like Traffic Generator,245.69276123630618,3380
Node_5,Camera-like Traffic Generator,245.83117557062585,2648
Node_5,Camera-like Traffic Generator,245.9633410637575,3029
Node_5,Camera-like Traffic Generator,246.10960999002228,3400
Node_3,Smart Plug,246.16346550717424,68
Node_3,Smart Plug,246.19511966024828,92
Node_5,Camera-like Traffic Generator,246.30432441847563,3227
Node_5,Camera-like Traffic Generator,246.41101696318142,2889
Node_5,Camera-like Traffic Generator,246.53033513536155,3269
Node_5,Camera-like Traffic Generator,246.70152589724293,2863
Node_5,Camera-like Traffic Generator,246.87930182491996,2973
Node_5,Camera-like Traffic Generator,247.00163515679776,2503
Node_5,Camera-like Traffic Generator,247.1372520343423,3120
Node_3,Smart Plug,247.2114185375618,88
Node_5,Camera-like Traffic Generator,247.29343982433838,3283
Node_5,Camera-like Traffic Generator,247.48910658701823,2984
Node_5,Camera-like Traffic Generator,247.6205234149091,3383
Node_5,Camera-like Traffic Generator,247.74052924888068,3310
Node_5,Camera-like Traffic Generator,247.8593487545705,3423
Node_5,Camera-like Traffic Generator,248.01985689558177,2795
Node_3,Smart Plug,248.10609528325253,99
Node_5,Camera-like Traffic Generator,248.12591319071998,3384
Node_5,Camera-like Traffic Generator,248.27826340990924,3004
Node_5,Camera-like Traffic Generator,248.40308605687784,2876
Node_5,Camera-like Traffic Generator,248.57315066624045,3352
Node_5,Camera-like Traffic Generator,248.702968367566,2704
Node_5,Camera-like Traffic Generator,248.83257870490183,2528
Node_5,Camera-like Traffic Generator,248.99697753287364,2921
Node_3,Smart Plug,249.0077019596773,97
Node_4,Motion Sensor,249.01487262005045,78
Node_5,Camera-like Traffic Generator,249.13384069782376,3275
Node_5,Camera-like Traffic Generator,249.33313867293745,2946
Node_5,Camera-like Traffic Generator,249.47134061862621,2656
Node_5,Camera-like Traffic Generator,249.61575454638876,2814
Node_5,Camera-like Traffic Generator,249.8094448443452,2955
Node_5,Camera-like Traffic Generator,249.9292229132351,3106
Node_3,Smart Plug,250.02994930726666,82
Node_5,Camera-like Traffic Generator,250.05769919109528,3086
Node_5,Camera-like Traffic Generator,250.18997956314576,2516
Node_5,Camera-like Traffic Generator,250.29522191150954,2826
Node_5,Camera-like Traffic Generator,250.44293206300966,2641
Node_5,Camera-like Traffic Generator,250.62611249705822,2875
Node_5,Camera-like Traffic Generator,250.72865902327337,2934
Node_5,Camera-like Traffic Generator,250.86104744620624,2677
Node_3,Smart Plug,250.9128204107687,72
Node_5,Camera-like Traffic Generator,251.02235565195687,3260
Node_5,Camera-like Traffic Generator,251.1867177496992,2824
Node_5,Camera-like Traffic Generator,251.3623668871727,2539
Node_5,Camera-like Traffic Generator,251.51353772434845,3222
Node_5,Camera-like Traffic Generator,251.6849041366393,2996
Node_5,Camera-like Traffic Generator,251.87759901005265,2639
Node_5,Camera-like Traffic Generator,251.98782433179463,2663
Node_5,Camera-like Traffic Generator,252.15920971110535,2591
Node_3,Smart Plug,252.22177608405082,90
Node_5,Camera-like Traffic Generator,252.29524140430487,2857
Node_5,Camera-like Traffic Generator,252.403357276608,2843
Node_5,Camera-like Traffic Generator,252.51031492939472,2900
Node_5,Camera-like Traffic Generator,252.6165299746417,2916
Node_5,Camera-like Traffic Generator,252.79550284430314,3194
Node_5,Camera-like Traffic Generator,252.95031259627783,2589
Node_5,Camera-like Traffic Generator,253.0710380532372,2659
Node_5,Camera-like Traffic Generator,253.24731446056205,3368
Node_3,Smart Plug,253.31160419284458,76
Node_5,Camera-like Traffic Generator,253.37005407603166,2556
Node_5,Camera-like Traffic Generator,253.53840626983254,2524
Node_4,Motion Sensor,253.59722273326122,97
Node_5,Camera-like Traffic Generator,253.7026965257687,3197
Node_5,Camera-like Traffic Generator,253.8505658489943,2542
Node_5,Camera-like Traffic Generator,254.02641862325126,3449
Node_5,Camera-like Traffic Generator,254.22186072525918,2637
Node_5,Camera-like Traffic Generator,254.35380662686387,2887
Node_5,Camera-like Traffic Generator,254.5172396866682,2895
Node_5,Camera-like Traffic Generator,254.66826438123428,2789
Node_3,Smart Plug,254.76524215991842,95
Node_5,Camera-like Traffic Generator,254.77061569481756,3214
Node_5,Camera-like Traffic Generator,254.91210956629035,2567
Node_5,Camera-like Traffic Generator,255.03212200651708,2536
Node_5,Camera-like Traffic Generator,255.15507260554878,2991
Node_5,Camera-like Traffic Generator,255.29001075895115,2580
Node_5,Camera-like Traffic Generator,255.47817545457775,3009
Node_5,Camera-like Traffic Generator,255.66107912223944,2897
Node_3,Smart Plug,255.75689947516048,91
Node_3,Smart Plug,255.77428933502347,90
Node_5,Camera-like Traffic Generator,255.77630470744398,2507
Node_5,Camera-like Traffic Generator,255.9390726867561,3122
Node_5,Camera-like Traffic Generator,256.0656373590148,2874
Node_5,Camera-like Traffic Generator,256.2044793375944,3334
Node_5,Camera-like Traffic Generator,256.3798964848789,2756
Node_5,Camera-like Traffic Generator,256.49947372830167,3397
Node_5,Camera-like Traffic Generator,256.6387369723637,3150
Node_3,Smart Plug,256.7610931641266,82
Node_3,Smart Plug,256.78038046549733,87
Node_5,Camera-like Traffic Generator,256.78390194939925,2945
Node_5,Camera-like Traffic Generator,256.98067542678325,3171
Node_5,Camera-like Traffic Generator,257.15767709336313,2704
Node_5,Camera-like Traffic Generator,257.26894644225393,2887
Node_5,Camera-like Traffic Generator,257.37961940472786,3433
Node_5,Camera-like Traffic Generator,257.50017772337276,3259
Node_5,Camera-like Traffic Generator,257.6737479761394,2798
Node_5,Camera-like Traffic Generator,257.8427229580987,2714
Node_5,Camera-like Traffic Generator,258.00204877519036,2803
Node_3,Smart Plug,258.06207936481024,79
Node_5,Camera-like Traffic Generator,258.1484267522147,3147
Node_5,Camera-like Traffic Generator,258.27140775705396,3390
Node_5,Camera-like Traffic Generator,258.45576397134806,2716
Node_5,Camera-like Traffic Generator,258.5581452240764,2512
Node_5,Camera-like Traffic Generator,258.74110394334554,3360
Node_4,Motion Sensor,258.7648949949464,77
Node_5,Camera-like Traffic Generator,258.86173921330004,3446
Node_5,Camera-like Traffic Generator,259.00059638552096,2827
Node_5,Camera-like Traffic Generator,259.1990193340831,3101
Node_3,Smart Plug,259.28537759653216,88
Node_5,Camera-like Traffic Generator,259.3155450630247,2991
Node_5,Camera-like Traffic Generator,259.4716280497645,2785
Node_5,Camera-like Traffic Generator,259.67030616974205,3357
Node_5,Camera-like Traffic Generator,259.7951580142597,3116
Node_5,Camera-like Traffic Generator,259.983599249832,3352
Node_5,Camera-like Traffic Generator,260.145526923835,3357
Node_5,Camera-like Traffic Generator,260.34020563518544,3430
Node_5,Camera-like Traffic Generator,260.4705502901367,2881
Node_5,Camera-like Traffic Generator,260.6273613814116,2659
Node_3,Smart Plug,260.6818681992581,79
Node_3,Smart Plug,260.6995985924372,61
Node_5,Camera-like Traffic Generator,260.73271516550193,2715
Node_5,Camera-like Traffic Generator,260.8517937100076,2923
Node_5,Camera-like Traffic Generator,261.0394381740629,2576
Node_5,Camera-like Traffic Generator,261.181186877076,2522
Node_5,Camera-like Traffic Generator,261.35823124563734,3398
Node_5,Camera-like Traffic Generator,261.48843625711083,2762
Node_3,Smart Plug,261.5101085747534,70
Node_5,Camera-like Traffic Generator,261.6814488321205,3387
Node_4,Motion Sensor,261.80452325374324,64
Node_4,Motion Sensor,261.8158080180343,90
Node_4,Motion Sensor,261.84593983494614,60
Node_5,Camera-like Traffic Generator,261.8615045054773,2704
Node_4,Motion Sensor,261.8892470387229,87
Node_4,Motion Sensor,261.93428609927213,82
Node_4,Motion Sensor,261.9774668284998,96
Node_4,Motion Sensor,262.0075417259995,88
Node_4,Motion Sensor,262.034488536463,66
Node_5,Camera-like Traffic Generator,262.0534451413944,3244
Node_4,Motion Sensor,262.0834134296312,80
Node_4,Motion Sensor,262.1325304809796,65
Node_4,Motion Sensor,262.15100505071763,84
Node_4,Motion Sensor,262.16976130723606,67
Node_4,Motion Sensor,262.2096011367334,82
Node_5,Camera-like Traffic Generator,262.22162800304494,2530
Node_4,Motion Sensor,262.2532696563129,92
Node_4,Motion Sensor,262.28200710014073,72
Node_4,Motion Sensor,262.31768273351315,93
Node_4,Motion Sensor,262.3342757078942,92
Node_4,Motion Sensor,262.37014159572215,67
Node_4,Motion Sensor,262.38447763100487,63
Node_5,Camera-like Traffic Generator,262.41473230960275,2976
Node_4,Motion Sensor,262.4186052376885,93
Node_4,Motion Sensor,262.42972719208177,71
Node_4,Motion Sensor,262.46138990868104,62
Node_4,Motion Sensor,262.495274338914,90
Node_5,Camera-like Traffic Generator,262.51616671334455,2586
Node_4,Motion Sensor,262.51763914341666,82
Node_4,Motion Sensor,262.5531747018577,61
Node_4,Motion Sensor,262.5739414223568,99
Node_5,Camera-like Traffic Generator,262.6396469956626,3369
Node_5,Camera-like Traffic Generator,262.7976246964138,3057
Node_3,Smart Plug,262.82976523791746,99
Node_5,Camera-like Traffic Generator,262.9246313799292,3202
Node_5,Camera-like Traffic Generator,263.0726038795556,3231
Node_5,Camera-like Traffic Generator,263.1879333651027,2565
Node_5,Camera-like Traffic Generator,263.35573529166896,2529
Node_5,Camera-like Traffic Generator,263.50547763526794,3330
Node_5,Camera-like Traffic Generator,263.64672006054207,3472
Node_3,Smart Plug,263.6760606648819,97
Node_5,Camera-like Traffic Generator,263.80439612915904,2544
Node_5,Camera-like Traffic Generator,263.91069715368496,3269
Node_5,Camera-like Traffic Generator,264.0387794459958,2781
Node_5,Camera-like Traffic Generator,264.1866965640703,3301
Node_5,Camera-like Traffic Generator,264.28913785161114,2771
Node_5,Camera-like Traffic Generator,264.47633700848263,2734
Node_5,Camera-like Traffic Generator,264.6211359211943,2501
Node_5,Camera-like Traffic Generator,264.78615414296314,3373
Node_5,Camera-like Traffic Generator,264.96969339111445,2935
Node_3,Smart Plug,265.08305096672893,79
Node_5,Camera-like Traffic Generator,265.1649080342225,2988
Node_5,Camera-like Traffic Generator,265.2880601223845,3348
Node_5,Camera-like Traffic Generator,265.3927895753272,2864
Node_5,Camera-like Traffic Generator,265.55259448304196,2956
Node_5,Camera-like Traffic Generator,265.6998420013017,2663
Node_5,Camera-like Traffic Generator,265.86570213559173,2871
Node_5,Camera-like Traffic Generator,266.02080454169175,2645
Node_5,Camera-like Traffic Generator,266.19432403729763,2846
Node_3,Smart Plug,266.2033324173381,69
Node_5,Camera-like Traffic Generator,266.31172031044883,2901
Node_5,Camera-like Traffic Generator,266.4584687280524,2847
Node_5,Camera-like Traffic Generator,266.58771368155635,3314
Node_5,Camera-like Traffic Generator,266.76287960441374,2994
Node_5,Camera-like Traffic Generator,266.9171064636315,2860
Node_3,Smart Plug,267.0326108098732,89
Node_5,Camera-like Traffic Generator,267.0602775967969,3102
Node_5,Camera-like Traffic Generator,267.2487548314418,2832
Node_4,Motion Sensor,267.26515938843266,91
Node_4,Motion Sensor,267.27888782583955,72
Node_4,Motion Sensor,267.328109490911,90
Node_4,Motion Sensor,267.3764590518269,80
Node_5,Camera-like Traffic Generator,267.3846217004186,2966
Node_4,Motion Sensor,267.39903794952716,75
Node_4,Motion Sensor,267.4232714412381,65
Node_4,Motion Sensor,267.46025889794646,73
Node_4,Motion Sensor,267.50611934515695,80
Node_4,Motion Sensor,267.53620642986976,91
Node_4,Motion Sensor,267.5471538422972,91
Node_5,Camera-like Traffic Generator,267.5599920319289,3361
Node_4,Motion Sensor,267.5762319636572,94
Node_4,Motion Sensor,267.5877282951374,66
Node_4,Motion Sensor,267.62502325440335,63
Node_4,Motion Sensor,267.66006136325683,98
Node_5,Camera-like Traffic Generator,267.6764196471317,2542
Node_4,Motion Sensor,267.6793241664193,68
Node_4,Motion Sensor,267.7165825559084,65
Node_4,Motion Sensor,267.75532473731715,99
Node_4,Motion Sensor,267.7853895339784,99
Node_4,Motion Sensor,267.81973909103584,80
Node_5,Camera-like Traffic Generator,267.8270549349815,3359
Node_4,Motion Sensor,267.8604845396077,77
Node_4,Motion Sensor,267.8757324425789,71
Node_5,Camera-like Traffic Generator,267.98956121592903,3098
Node_3,Smart Plug,268.0516390538612,84
Node_5,Camera-like Traffic Generator,268.14358232008055,3332
Node_5,Camera-like Traffic Generator,268.2595251170344,3298
Node_5,Camera-like Traffic Generator,268.37347724709673,3316
Node_5,Camera-like Traffic Generator,268.4940585259161,3193
Node_5,Camera-like Traffic Generator,268.6022328654664,2918
Node_5,Camera-like Traffic Generator,268.7134208614296,3001
Node_5,Camera-like Traffic Generator,268.8176187036994,2603
Node_5,Camera-like Traffic Generator,268.91802275334527,3434
Node_5,Camera-like Traffic Generator,269.08448644727866,2664
Node_5,Camera-like Traffic Generator,269.2071646799813,3209
Node_3,Smart Plug,269.2673031148362,81
Node_5,Camera-like Traffic Generator,269.34065465344383,2616
Node_5,Camera-like Traffic Generator,269.5138401232772,3296
Node_5,Camera-like Traffic Generator,269.66868519406916,2894
Node_5,Camera-like Traffic Generator,269.83437438366667,2892
Node_5,Camera-like Traffic Generator,269.99207632699796,3249
Node_5,Camera-like Traffic Generator,270.160856421198,3487
Node_5,Camera-like Traffic Generator,270.28343790286374,3143
Node_5,Camera-like Traffic Generator,270.3990080210186,3193
Node_5,Camera-like Traffic Generator,270.5743399139771,3216
Node_3,Smart Plug,270.6181470184594,80
Node_5,Camera-like Traffic Generator,270.76365826750606,3469
Node_5,Camera-like Traffic Generator,270.9436517882635,2995
Node_5,Camera-like Traffic Generator,271.1352361578575,3194
Node_5,Camera-like Traffic Generator,271.2658917507176,3255
Node_5,Camera-like Traffic Generator,271.39617751134773,2709
Node_5,Camera-like Traffic Generator,271.56000237291636,3451
Node_5,Camera-like Traffic Generator,271.6791030300393,2516
Node_5,Camera-like Traffic Generator,271.8086814372383,2707
Node_5,Camera-like Traffic Generator,271.9914470975064,3180
Node_3,Smart Plug,271.997054089621,61
Node_5,Camera-like Traffic Generator,272.09814928237233,2952
Node_5,Camera-like Traffic Generator,272.21004457568404,3444
Node_5,Camera-like Traffic Generator,272.3762030807684,2510
Node_5,Camera-like Traffic Generator,272.53595916701374,2843
Node_5,Camera-like Traffic Generator,272.673450760679,2803
Node_5,Camera-like Traffic Generator,272.8353765381662,3419
Node_5,Camera-like Traffic Generator,272.9988984982569,3093
Node_3,Smart Plug,273.16014594643224,75
Node_5,Camera-like Traffic Generator,273.1668102405055,3477
Node_5,Camera-like Traffic Generator,273.31680972516347,2851
Node_5,Camera-like Traffic Generator,273.44238794289384,2973
Node_5,Camera-like Traffic Generator,273.62217111683026,3252
Node_4,Motion Sensor,273.69615585410247,61
Node_5,Camera-like Traffic Generator,273.7991498562543,2922
Node_5,Camera-like Traffic Generator,273.9578623279929,3380
Node_5,Camera-like Traffic Generator,274.15277455894005,3184
Node_3,Smart Plug,274.3505366113016,80
Node_5,Camera-like Traffic Generator,274.35223839059375,2879
Node_5,Camera-like Traffic Generator,274.54851521662334,3259
Node_5,Camera-like Traffic Generator,274.65719807890133,2752
Node_5,Camera-like Traffic Generator,274.7664029628366,2745
Node_5,Camera-like Traffic Generator,274.94946596902577,3131
Node_5,Camera-like Traffic Generator,275.0588665315615,2879
Node_3,Smart Plug,275.1850434257285,71
Node_5,Camera-like Traffic Generator,275.1926048013982,3103
Node_5,Camera-like Traffic Generator,275.33953275120996,2822
Node_5,Camera-like Traffic Generator,275.4947953278326,3204
Node_5,Camera-like Traffic Generator,275.63991522676025,3113
Node_5,Camera-like Traffic Generator,275.7494106028184,3183
Node_5,Camera-like Traffic Generator,275.90875350934016,3175
Node_5,Camera-like Traffic Generator,276.01157708413314,3006
Node_5,Camera-like Traffic Generator,276.11848704501557,2681
Node_3,Smart Plug,276.1982313292041,93
Node_5,Camera-like Traffic Generator,276.24596115983377,3065
Node_5,Camera-like Traffic Generator,276.42609192760017,3035
Node_5,Camera-like Traffic Generator,276.5985250200816,2753
Node_5,Camera-like Traffic Generator,276.71029187676555,3016
Node_5,Camera-like Traffic Generator,276.8276837446284,2951
Node_5,Camera-like Traffic Generator,277.013039250842,2539
Node_5,Camera-like Traffic Generator,277.17315128561836,2926
Node_3,Smart Plug,277.2939548569194,84
Node_3,Smart Plug,277.32463364293005,65
Node_5,Camera-like Traffic Generator,277.34183202141116,3468
Node_5,Camera-like Traffic Generator,277.4495140864802,2982
Node_5,Camera-like Traffic Generator,277.5744183524842,2887
Node_5,Camera-like Traffic Generator,277.74887142980555,3153
Node_5,Camera-like Traffic Generator,277.86653459034756,2876
Node_5,Camera-like Traffic Generator,277.99676225310657,2723
Node_5,Camera-like Traffic Generator,278.1833188119264,3083
Node_5,Camera-like Traffic Generator,278.3326539163239,3213
Node_3,Smart Plug,278.4408223044108,88
Node_3,Smart Plug,278.48197155008586,97
Node_5,Camera-like Traffic Generator,278.5134957673354,3448
Node_5,Camera-like Traffic Generator,278.62510472118504,2664
Node_5,Camera-like Traffic Generator,278.73830462182735,3478
Node_4,Motion Sensor,278.7447762804809,69
Node_5,Camera-like Traffic Generator,278.8988252190489,2523
Node_5,Camera-like Traffic Generator,279.04843978514157,3294
Node_5,Camera-like Traffic Generator,279.19143713123026,3208
Node_3,Smart Plug,279.3766862220191,76
Node_5,Camera-like Traffic Generator,279.381206077918,2868
Node_5,Camera-like Traffic Generator,279.5355545408173,2918
Node_5,Camera-like Traffic Generator,279.63890822691076,2936
Node_5,Camera-like Traffic Generator,279.8091130030058,2566
Node_5,Camera-like Traffic Generator,279.9178372985495,3377
Node_5,Camera-like Traffic Generator,280.0843075299318,2974
Node_5,Camera-like Traffic Generator,280.2350188867201,2743
Node_3,Smart Plug,280.30190122727964,83
Node_5,Camera-like Traffic Generator,280.42780566290185,2637
Node_5,Camera-like Traffic Generator,280.5302165904374,2586
Node_5,Camera-like Traffic Generator,280.6488956621504,2696
Node_5,Camera-like Traffic Generator,280.81488185884456,3045
Node_5,Camera-like Traffic Generator,280.97061870626237,2977
Node_5,Camera-like Traffic Generator,281.16770524373527,3156
Node_3,Smart Plug,281.2432536305761,78
Node_3,Smart Plug,281.28092232770933,96
Node_5,Camera-like Traffic Generator,281.32591729483875,2615
Node_5,Camera-like Traffic Generator,281.4298928711741,2702
Node_5,Camera-like Traffic Generator,281.559927181644,3246
Node_5,Camera-like Traffic Generator,281.69899815743287,2871
Node_5,Camera-like Traffic Generator,281.85001776028895,2512
Node_5,Camera-like Traffic Generator,282.00247407266664,2765
Node_5,Camera-like Traffic Generator,282.1555260025942,2803
Node_5,Camera-like Traffic Generator,282.3366721766205,2819
Node_5,Camera-like Traffic Generator,282.4610397913521,2980
Node_5,Camera-like Traffic Generator,282.58239589655204,3164
Node_3,Smart Plug,282.58378463151234,64
Node_3,Smart Plug,282.6117605682333,74
Node_5,Camera-like Traffic Generator,282.730223440227,2714
Node_5,Camera-like Traffic Generator,282.84746523736715,3053
Node_5,Camera-like Traffic Generator,283.010168216918,3358
Node_5,Camera-like Traffic Generator,283.1172600707945,3167
Node_5,Camera-like Traffic Generator,283.3030446338515,2645
Node_5,Camera-like Traffic Generator,283.47909643609034,2977
Node_4,Motion Sensor,283.56540741368707,98
Node_5,Camera-like Traffic Generator,283.67808312880754,2572
Node_3,Smart Plug,283.6806217302164,91
Node_5,Camera-like Traffic Generator,283.7945564006894,3126
Node_5,Camera-like Traffic Generator,283.93590726295383,3125
Node_5,Camera-like Traffic Generator,284.1296681178726,3327
Node_5,Camera-like Traffic Generator,284.27030726433446,3252
Node_5,Camera-like Traffic Generator,284.3745981549318,2820
Node_5,Camera-like Traffic Generator,284.51406103872284,2692
Node_5,Camera-like Traffic Generator,284.68671056377724,2873
Node_5,Camera-like Traffic Generator,284.83169339764436,3336
Node_5,Camera-like Traffic Generator,284.9541655033774,3407
Node_5,Camera-like Traffic Generator,285.1021020834206,3449
Node_3,Smart Plug,285.1454494526163,75
Node_5,Camera-like Traffic Generator,285.2530568119113,2906
Node_5,Camera-like Traffic Generator,285.4402439313024,3135
Node_5,Camera-like Traffic Generator,285.5643779917441,3021
Node_5,Camera-like Traffic Generator,285.71409134017233,2575
Node_5,Camera-like Traffic Generator,285.8740735185556,2917
Node_5,Camera-like Traffic Generator,286.0302421858458,3204
Node_5,Camera-like Traffic Generator,286.20794698736466,3272
Node_5,Camera-like Traffic Generator,286.31194184217964,2777
Node_5,Camera-like Traffic Generator,286.4400251900549,3150
Node_3,Smart Plug,286.4832316792654,96
Node_5,Camera-like Traffic Generator,286.6386930805716,2841
Node_5,Camera-like Traffic Generator,286.82232552779595,3105
Node_5,Camera-like Traffic Generator,287.01425820699325,3355
Node_5,Camera-like Traffic Generator,287.1612493954534,2987
Node_5,Camera-like Traffic Generator,287.33699116622097,3339
Node_5,Camera-like Traffic Generator,287.4959472764714,3060
Node_5,Camera-like Traffic Generator,287.664165655645,3099
Node_3,Smart Plug,287.74490291768683,66
Node_5,Camera-like Traffic Generator,287.8427472619243,2637
Node_5,Camera-like Traffic Generator,287.9764547875732,3191
Node_5,Camera-like Traffic Generator,288.1739774526435,3032
Node_5,Camera-like Traffic Generator,288.3356141185773,2562
Node_5,Camera-like Traffic Generator,288.4985262558385,3434
Node_3,Smart Plug,288.6701096529581,88
Node_5,Camera-like Traffic Generator,288.6860014076224,3094
Node_5,Camera-like Traffic Generator,288.8087856305181,3426
Node_5,Camera-like Traffic Generator,288.9412020657801,2739
Node_5,Camera-like Traffic Generator,289.0603287234363,3472
Node_5,Camera-like Traffic Generator,289.17951337751254,2834
Node_5,Camera-like Traffic Generator,289.34712338906894,2778
Node_5,Camera-like Traffic Generator,289.50689943998213,3169
Node_4,Motion Sensor,289.5486209985018,63
Node_4,Motion Sensor,289.58050644060006,98
Node_4,Motion Sensor,289.62176426129423,63
Node_5,Camera-like Traffic Generator,289.62573471840994,3113
Node_4,Motion Sensor,289.63552882105637,72
Node_4,Motion Sensor,289.68289105990925,66
Node_3,Smart Plug,289.686772466764,90
Node_4,Motion Sensor,289.70409575280246,74
Node_4,Motion Sensor,289.7176649224642,67
Node_4,Motion Sensor,289.75854254288134,70
Node_4,Motion Sensor,289.7874729810358,70
Node_5,Camera-like Traffic Generator,289.8044240567806,3302
Node_4,Motion Sensor,289.83253929580525,86
Node_4,Motion Sensor,289.8481571855492,64
Node_4,Motion Sensor,289.88090652354674,61
Node_4,Motion Sensor,289.9252666537634,76
Node_4,Motion Sensor,289.9695466921261,96
Node_5,Camera-like Traffic Generator,289.9732572747703,2689
Node_4,Motion Sensor,289.98470606166654,74
Node_4,Motion Sensor,290.0284994874127,98
Node_4,Motion Sensor,290.0534468112367,87
Node_4,Motion Sensor,290.08368450843574,70
Node_4,Motion Sensor,290.1287059667013,87
Node_5,Camera-like Traffic Generator,290.1418552407271,3212
Node_4,Motion Sensor,290.1635305156543,85
Node_5,Camera-like Traffic Generator,290.2971455599919,2704
Node_5,Camera-like Traffic Generator,290.4434146032153,3020
Node_5,Camera-like Traffic Generator,290.5551356798264,3222
Node_5,Camera-like Traffic Generator,290.68428179131365,2747
Node_5,Camera-like Traffic Generator,290.84409491584364,3133
Node_3,Smart Plug,290.9252894615271,64
Node_3,Smart Plug,290.94340352973825,84
Node_3,Smart Plug,290.9717492360514,94
Node_5,Camera-like Traffic Generator,290.9778321224391,3387
Node_5,Camera-like Traffic Generator,291.15878987155025,2874
Node_5,Camera-like Traffic Generator,291.29795289514453,3217
Node_5,Camera-like Traffic Generator,291.4912012867193,2959
Node_5,Camera-like Traffic Generator,291.6253412299512,2754
Node_5,Camera-like Traffic Generator,291.73254625450096,2624
Node_3,Smart Plug,291.77577462028074,95
Node_3,Smart Plug,291.8093291133681,79
Node_5,Camera-like Traffic Generator,291.870202456529,3050
Node_5,Camera-like Traffic Generator,292.00951055299987,2566
Node_5,Camera-like Traffic Generator,292.1907096714458,2754
Node_5,Camera-like Traffic Generator,292.3402152318847,3434
Node_5,Camera-like Traffic Generator,292.4952796504864,3321
Node_5,Camera-like Traffic Generator,292.64639149136593,2920
Node_3,Smart Plug,292.664912555526,84
Node_3,Smart Plug,292.6968062199093,84
Node_5,Camera-like Traffic Generator,292.77296161185774,3481
Node_5,Camera-like Traffic Generator,292.93577288443544,2989
Node_5,Camera-like Traffic Generator,293.04658080205746,2937
Node_5,Camera-like Traffic Generator,293.17789500007416,2639
Node_5,Camera-like Traffic Generator,293.29018665975815,3260
Node_5,Camera-like Traffic Generator,293.48960565756335,2541
Node_5,Camera-like Traffic Generator,293.5966336555916,2607
Node_5,Camera-like Traffic Generator,293.7501559192589,2627
Node_5,Camera-like Traffic Generator,293.8597449818347,3243
Node_4,Motion Sensor,293.89798087156584,92
Node_4,Motion Sensor,293.9196072955732,66
Node_4,Motion Sensor,293.94557851238704,62
Node_4,Motion Sensor,293.97110743234435,78
Node_4,Motion Sensor,293.9848475571508,78
Node_5,Camera-like Traffic Generator,294.00207136975035,2539
Node_4,Motion Sensor,294.02054693645636,96
Node_4,Motion Sensor,294.0491410563357,63
Node_3,Smart Plug,294.0744829732019,61
Node_4,Motion Sensor,294.0884121812674,96
Node_3,Smart Plug,294.1106140483305,61
Node_4,Motion Sensor,294.13531181121704,90
Node_4,Motion Sensor,294.15329065121097,73
Node_5,Camera-like Traffic Generator,294.1681010648489,2559
Node_4,Motion Sensor,294.1759820457017,99
Node_4,Motion Sensor,294.2054338463499,88
Node_4,Motion Sensor,294.2344826250967,71
Node_4,Motion Sensor,294.24601391865133,66
Node_4,Motion Sensor,294.27481262045785,85
Node_5,Camera-like Traffic Generator,294.2792442689252,3476
Node_4,Motion Sensor,294.2976200852268,61
Node_4,Motion Sensor,294.3316631817615,75
Node_5,Camera-like Traffic Generator,294.4512014646819,2784
Node_5,Camera-like Traffic Generator,294.5752694918433,2720
Node_5,Camera-like Traffic Generator,294.73563562139856,3251
Node_5,Camera-like Traffic Generator,294.9284207753483,2853
Node_5,Camera-like Traffic Generator,295.05205700852287,2522
Node_5,Camera-like Traffic Generator,295.21046900929576,3262
Node_5,Camera-like Traffic Generator,295.3276532428165,3466
Node_3,Smart Plug,295.3775116283928,93
Node_3,Smart Plug,295.4243270163236,61
Node_5,Camera-like Traffic Generator,295.4659804421885,3041
Node_5,Camera-like Traffic Generator,295.5677244993927,2660
Node_5,Camera-like Traffic Generator,295.7248485268091,3114
Node_5,Camera-like Traffic Generator,295.9222571279067,3309
Node_5,Camera-like Traffic Generator,296.03471345565475,2746
Node_5,Camera-like Traffic Generator,296.17535367586544,2742
Node_5,Camera-like Traffic Generator,296.33631439646837,3391
Node_3,Smart Plug,296.3491008905538,86
Node_5,Camera-like Traffic Generator,296.52807694978793,2779
Node_5,Camera-like Traffic Generator,296.6283937859057,3171
Node_5,Camera-like Traffic Generator,296.77191311412713,3360
Node_5,Camera-like Traffic Generator,296.9568720685707,2946
Node_5,Camera-like Traffic Generator,297.0800901415963,3347
Node_5,Camera-like Traffic Generator,297.22094360300525,2944
Node_5,Camera-like Traffic Generator,297.3359821564363,3388
Node_5,Camera-like Traffic Generator,297.5210407946029,3250
Node_5,Camera-like Traffic Generator,297.6233434535641,3265
Node_3,Smart Plug,297.63316042321026,83
Node_5,Camera-like Traffic Generator,297.74385633013566,3173
Node_5,Camera-like Traffic Generator,297.88752135908743,3375
Node_5,Camera-like Traffic Generator,298.02175023258025,2520
Node_5,Camera-like Traffic Generator,298.17250616596607,2887
Node_5,Camera-like Traffic Generator,298.31672511341134,2705
Node_4,Motion Sensor,298.4161414584961,77
Node_5,Camera-like Traffic Generator,298.43117668697954,2577
Node_3,Smart Plug,298.55735391035086,78
Node_5,Camera-like Traffic Generator,298.6148706619654,3183
Node_5,Camera-like Traffic Generator,298.7317088271801,2904
Node_5,Camera-like Traffic Generator,298.85350166315646,2853
Node_5,Camera-like Traffic Generator,298.9809158399549,3214
Node_5,Camera-like Traffic Generator,299.1707611003596,2879
Node_5,Camera-like Traffic Generator,299.35853415703787,3460
Node_5,Camera-like Traffic Generator,299.527183374476,3063
Node_5,Camera-like Traffic Generator,299.6917311000176,2564
Node_5,Camera-like Traffic Generator,299.8630380668589,2521
Node_3,Smart Plug,300.00938978392105,63
Node_5,Camera-like Traffic Generator,300.0202037181395,2859
Node_3,Smart Plug,300.03413256094007,75
Node_3,Smart Plug,300.0612255145157,82
Node_3,Smart Plug,300.0766073460788,87
Node_3,Smart Plug,300.10768945541497,80
Node_5,Camera-like Traffic Generator,300.12225313033855,2936
Node_5,Camera-like Traffic Generator,300.26678588603323,2924
Node_5,Camera-like Traffic Generator,300.41052212053046,2848
Node_5,Camera-like Traffic Generator,300.53743428474667,3411
Node_5,Camera-like Traffic Generator,300.6634201936115,2658
Node_5,Camera-like Traffic Generator,300.78533387095644,3085
Node_5,Camera-like Traffic Generator,300.9370508502508,3030
Node_5,Camera-like Traffic Generator,301.05662207324593,2536
Node_5,Camera-like Traffic Generator,301.194766481684,2547
Node_5,Camera-like Traffic Generator,301.3176245001791,3207
Node_3,Smart Plug,301.33612707686484,64
Node_5,Camera-like Traffic Generator,301.4334998673231,3115
Node_4,Motion Sensor,301.57837400377116,94
Node_5,Camera-like Traffic Generator,301.588782269399,2750
Node_5,Camera-like Traffic Generator,301.7413076563077,2755
Node_5,Camera-like Traffic Generator,301.8562105902131,2641
Node_5,Camera-like Traffic Generator,301.9997999670788,3371
Node_5,Camera-like Traffic Generator,302.1184019741319,2909
Node_5,Camera-like Traffic Generator,302.23506485380796,2566
Node_5,Camera-like Traffic Generator,302.422245864719,3120
Node_3,Smart Plug,302.5764120962198,99
Node_5,Camera-like Traffic Generator,302.5795067696679,3283
Node_5,Camera-like Traffic Generator,302.76668955818434,3366
Node_5,Camera-like Traffic Generator,302.9407990515114,2788
Node_5,Camera-like Traffic Generator,303.08782388785943,2923
Node_5,Camera-like Traffic Generator,303.204616509499,2517
Node_5,Camera-like Traffic Generator,303.4007507230027,3102
Node_5,Camera-like Traffic Generator,303.5084554697761,3272
Node_5,Camera-like Traffic Generator,303.635359882744,3283
Node_5,Camera-like Traffic Generator,303.7887552152325,3279
Node_3,Smart Plug,303.85847009099786,97
Node_5,Camera-like Traffic Generator,303.94409908065757,2868
Node_5,Camera-like Traffic Generator,304.0619914787115,3033
Node_5,Camera-like Traffic Generator,304.18067214975196,3286
Node_5,Camera-like Traffic Generator,304.313219935731,2671
Node_5,Camera-like Traffic Generator,304.44045368052605,3313
Node_5,Camera-like Traffic Generator,304.5905449892573,3394
Node_5,Camera-like Traffic Generator,304.7299255568787,2667
Node_3,Smart Plug,304.85950120366084,84
Node_5,Camera-like Traffic Generator,304.8768322458043,3346
Node_5,Camera-like Traffic Generator,305.0010248024401,3108
Node_5,Camera-like Traffic Generator,305.13774388739876,3283
Node_5,Camera-like Traffic Generator,305.28398440880426,2954
Node_5,Camera-like Traffic Generator,305.4550053272256,3213
Node_5,Camera-like Traffic Generator,305.57121401736237,3106
Node_5,Camera-like Traffic Generator,305.67544137104477,3482
Node_5,Camera-like Traffic Generator,305.7890317962981,2787
Node_5,Camera-like Traffic Generator,305.9419211015014,2989
Node_3,Smart Plug,306.02727506139297,99
Node_5,Camera-like Traffic Generator,306.117346955376,3050
Node_5,Camera-like Traffic Generator,306.2899704491993,3388
Node_5,Camera-like Traffic Generator,306.4366324705994,3147
Node_5,Camera-like Traffic Generator,306.58859808527137,3286
Node_4,Motion Sensor,306.6293883248358,70
Node_5,Camera-like Traffic Generator,306.746345273272,3337
Node_5,Camera-like Traffic Generator,306.88686513496395,2751
Node_3,Smart Plug,306.918074257681,82
Node_5,Camera-like Traffic Generator,307.0805521458242,2666
Node_5,Camera-like Traffic Generator,307.26634482926147,2626
Node_5,Camera-like Traffic Generator,307.36998649663263,2573
Node_5,Camera-like Traffic Generator,307.56945795569914,3341
Node_5,Camera-like Traffic Generator,307.6810115752064,3404
Node_5,Camera-like Traffic Generator,307.8192688033246,2799
Node_5,Camera-like Traffic Generator,307.9216563883048,2987
Node_5,Camera-like Traffic Generator,308.0966875257832,2715
Node_3,Smart Plug,308.1603745829288,79
Node_3,Smart Plug,308.19475081323804,88
Node_5,Camera-like Traffic Generator,308.27419473156635,3250
Node_5,Camera-like Traffic Generator,308.41918877502474,3090
Node_5,Camera-like Traffic Generator,308.5950643946368,2639
Node_5,Camera-like Traffic Generator,308.77444044718175,2896
Node_5,Camera-like Traffic Generator,308.88867198000605,3400
Node_3,Smart Plug,308.9958574552961,60
Node_5,Camera-like Traffic Generator,309.07903834758383,2752
Node_5,Camera-like Traffic Generator,309.2189622661785,3212
Node_5,Camera-like Traffic Generator,309.3561189783547,2704
Node_5,Camera-like Traffic Generator,309.4691603892597,3459
Node_5,Camera-like Traffic Generator,309.5936969899297,2645
Node_5,Camera-like Traffic Generator,309.75769927726,2601
Node_3,Smart Plug,309.87840546204103,93
Node_4,Motion Sensor,309.88016217510705,62
Node_5,Camera-like Traffic Generator,309.8951028414547,2850
Node_5,Camera-like Traffic Generator,310.0860420446474,3387
Node_5,Camera-like Traffic Generator,310.273253332737,2578
Node_5,Camera-like Traffic Generator,310.40264843645593,3321
Node_5,Camera-like Traffic Generator,310.557809109029,2540
Node_5,Camera-like Traffic Generator,310.7559448552015,3347
Node_5,Camera-like Traffic Generator,310.86272042090957,2831
Node_5,Camera-like Traffic Generator,310.9937545983932,3006
Node_5,Camera-like Traffic Generator,311.09486021686416,2601
Node_5,Camera-like Traffic Generator,311.26929398816975,3061
Node_5,Camera-like Traffic Generator,311.3752826844057,3009
Node_3,Smart Plug,311.37769636711613,76
Node_5,Camera-like Traffic Generator,311.5383501351683,2871
Node_5,Camera-like Traffic Generator,311.68318600096643,2834
Node_5,Camera-like Traffic Generator,311.84447860492133,2846
Node_5,Camera-like Traffic Generator,311.97713307161365,2867
Node_5,Camera-like Traffic Generator,312.1572554676037,3085
Node_5,Camera-like Traffic Generator,312.3456087710052,3258
Node_5,Camera-like Traffic Generator,312.488949588668,3013
Node_3,Smart Plug,312.56998722055863,85
Node_3,Smart Plug,312.5880347061158,71
Node_5,Camera-like Traffic Generator,312.6555815903506,3047
Node_5,Camera-like Traffic Generator,312.83047532239647,3005
Node_5,Camera-like Traffic Generator,313.03033977545005,2653
Node_5,Camera-like Traffic Generator,313.2128110726679,2830
Node_5,Camera-like Traffic Generator,313.3842381895387,3231
Node_5,Camera-like Traffic Generator,313.54775865850917,2643
Node_3,Smart Plug,313.60347549058656,80
Node_5,Camera-like Traffic Generator,313.7239695350001,2696
Node_4,Motion Sensor,313.7751725840251,88
Node_5,Camera-like Traffic Generator,313.88565697049586,2775
Node_5,Camera-like Traffic Generator,314.00768072509396,2544
Node_5,Camera-like Traffic Generator,314.1088921984051,2632
Node_5,Camera-like Traffic Generator,314.2507297860368,2693
Node_3,Smart Plug,314.40776737429127,87
Node_5,Camera-like Traffic Generator,314.430676952797,3383
Node_5,Camera-like Traffic Generator,314.57336810202213,3068
Node_5,Camera-like Traffic Generator,314.77241073141016,2710
Node_5,Camera-like Traffic Generator,314.97151338129726,2663
Node_5,Camera-like Traffic Generator,315.07525948052006,3227
Node_5,Camera-like Traffic Generator,315.25396069580665,2719
Node_5,Camera-like Traffic Generator,315.4454740978076,2665
Node_5,Camera-like Traffic Generator,315.61273527771186,2614
Node_3,Smart Plug,315.714845024259,84
Node_3,Smart Plug,315.7318701877885,73
Node_5,Camera-like Traffic Generator,315.77967699159603,3311
Node_5,Camera-like Traffic Generator,315.91395070513767,3227
Node_5,Camera-like Traffic Generator,316.0511623437154,2968
Node_5,Camera-like Traffic Generator,316.24681471927795,3077
Node_5,Camera-like Traffic Generator,316.40160725524544,3401
Node_5,Camera-like Traffic Generator,316.57581838950824,3131
Node_5,Camera-like Traffic Generator,316.70847169632526,2655
Node_5,Camera-like Traffic Generator,316.87666742516024,3216
Node_3,Smart Plug,317.0026012579447,96
Node_5,Camera-like Traffic Generator,317.0286722532278,2778
Node_5,Camera-like Traffic Generator,317.1880572852694,3396
Node_5,Camera-like Traffic Generator,317.31067717480806,2522
Node_5,Camera-like Traffic Generator,317.4590167714016,2828
Node_5,Camera-like Traffic Generator,317.6099002741387,2998
Node_5,Camera-like Traffic Generator,317.7823279529855,2904
Node_5,Camera-like Traffic Generator,317.9775379982574,2800
Node_5,Camera-like Traffic Generator,318.16385058973384,2606
Node_3,Smart Plug,318.2545578124099,79
Node_5,Camera-like Traffic Generator,318.2786477866846,2723
Node_4,Motion Sensor,318.349506413028,86
Node_5,Camera-like Traffic Generator,318.4569954318026,3380
Node_5,Camera-like Traffic Generator,318.5818692334694,3405
Node_5,Camera-like Traffic Generator,318.7744743966998,3197
Node_5,Camera-like Traffic Generator,318.9250587623978,2912
Node_5,Camera-like Traffic Generator,319.06504383308777,3066
Node_5,Camera-like Traffic Generator,319.1949522860763,2742
Node_5,Camera-like Traffic Generator,319.35725810046256,3448
Node_5,Camera-like Traffic Generator,319.52354633406037,3274
Node_3,Smart Plug,319.6789986411629,81
Node_5,Camera-like Traffic Generator,319.71615878454776,2556
Node_5,Camera-like Traffic Generator,319.8567512551751,2932
Node_5,Camera-like Traffic Generator,319.99817354513755,3478
Node_5,Camera-like Traffic Generator,320.131552130519,2870
Node_5,Camera-like Traffic Generator,320.2623528718605,2986
Node_5,Camera-like Traffic Generator,320.46213272396164,3427
Node_5,Camera-like Traffic Generator,320.60176719131636,2714
Node_5,Camera-like Traffic Generator,320.7447777546076,2735
Node_5,Camera-like Traffic Generator,320.8691013421821,3304
Node_5,Camera-like Traffic Generator,321.00271247077995,3097
Node_3,Smart Plug,321.02779096440884,76
Node_5,Camera-like Traffic Generator,321.1620570749271,3353
Node_5,Camera-like Traffic Generator,321.27212305822405,2582
Node_5,Camera-like Traffic Generator,321.4458660789735,2650
Node_5,Camera-like Traffic Generator,321.58872034073886,3396
Node_5,Camera-like Traffic Generator,321.7821577657637,3293
Node_5,Camera-like Traffic Generator,321.95189611631,2651
Node_5,Camera-like Traffic Generator,322.05703189539435,2971
Node_5,Camera-like Traffic Generator,322.1603003579133,2791
Node_5,Camera-like Traffic Generator,322.3446583365901,3178
Node_3,Smart Plug,322.41236497958477,71
Node_5,Camera-like Traffic Generator,322.5364666935508,3199
Node_5,Camera-like Traffic Generator,322.7030725167189,2587
Node_5,Camera-like Traffic Generator,322.81959467308627,2809
Node_5,Camera-like Traffic Generator,322.9295918040457,3496
Node_5,Camera-like Traffic Generator,323.037826383153,2539
Node_5,Camera-like Traffic Generator,323.1378476946607,3422
Node_5,Camera-like Traffic Generator,323.3168019630342,3397
Node_3,Smart Plug,323.43321696859044,81
Node_3,Smart Plug,323.4706367006043,91
Node_5,Camera-like Traffic Generator,323.4992210552375,2990
Node_5,Camera-like Traffic Generator,323.6259540845683,2791
Node_5,Camera-like Traffic Generator,323.8096390673197,2571
Node_4,Motion Sensor,323.8411536875313,63
Node_5,Camera-like Traffic Generator,323.9709127638052,2638
Node_5,Camera-like Traffic Generator,324.1171464205142,3352
Node_5,Camera-like Traffic Generator,324.2328858246587,3276
Node_5,Camera-like Traffic Generator,324.38437497003906,2996
Node_5,Camera-like Traffic Generator,324.5067541610272,2783
Node_3,Smart Plug,324.5181535788989,98
Node_3,Smart Plug,324.5294005054864,99
Node_5,Camera-like Traffic Generator,324.6460935088458,2838
Node_5,Camera-like Traffic Generator,324.7623741604561,2972
Node_5,Camera-like Traffic Generator,324.9076250056788,3451
Node_5,Camera-like Traffic Generator,325.03826488157785,3153
Node_5,Camera-like Traffic Generator,325.2197286837375,2917
Node_5,Camera-like Traffic Generator,325.4127783934116,3294
Node_5,Camera-like Traffic Generator,325.5974906791905,3166
Node_5,Camera-like Traffic Generator,325.718545407699,2961
Node_5,Camera-like Traffic Generator,325.8888688691088,2536
Node_3,Smart Plug,325.9190845479415,82
Node_5,Camera-like Traffic Generator,325.9947436776793,3375
Node_5,Camera-like Traffic Generator,326.1095116747264,3498
Node_5,Camera-like Traffic Generator,326.2221226490004,3222
Node_5,Camera-like Traffic Generator,326.35037017511735,2832
Node_5,Camera-like Traffic Generator,326.4823652142371,2739
Node_5,Camera-like Traffic Generator,326.63052489060664,2909
Node_5,Camera-like Traffic Generator,326.8235122176193,3168
Node_5,Camera-like Traffic Generator,326.99067628669974,3229
Node_5,Camera-like Traffic Generator,327.1209308868502,3209
Node_3,Smart Plug,327.1357188548625,94
Node_5,Camera-like Traffic Generator,327.31048985068037,3156
Node_5,Camera-like Traffic Generator,327.4469107839542,2890
Node_5,Camera-like Traffic Generator,327.5814193483266,2548
Node_5,Camera-like Traffic Generator,327.76553148353804,3303
Node_4,Motion Sensor,327.8672111312253,90
Node_5,Camera-like Traffic Generator,327.90448739045564,3312
Node_5,Camera-like Traffic Generator,328.0508377851355,3466
Node_5,Camera-like Traffic Generator,328.2292102634039,3362
Node_5,Camera-like Traffic Generator,328.37417148799926,3315
Node_3,Smart Plug,328.42940518369437,72
Node_3,Smart Plug,328.45595996640884,79
Node_3,Smart Plug,328.48403621959335,98
Node_3,Smart Plug,328.5061289515386,64
Node_5,Camera-like Traffic Generator,328.54869961364795,3207
Node_5,Camera-like Traffic Generator,328.71454009510416,3458
Node_5,Camera-like Traffic Generator,328.8896915062252,3368
Node_5,Camera-like Traffic Generator,329.00808769454943,3369
Node_5,Camera-like Traffic Generator,329.12450560690917,2750
Node_5,Camera-like Traffic Generator,329.2338272402532,3375
Node_5,Camera-like Traffic Generator,329.36728286703016,2542
Node_5,Camera-like Traffic Generator,329.48131696559574,3012
Node_5,Camera-like Traffic Generator,329.63085273031754,2777
Node_5,Camera-like Traffic Generator,329.751078269168,2680
Node_3,Smart Plug,329.85058222556114,96
Node_5,Camera-like Traffic Generator,329.85492317762214,2509
Node_5,Camera-like Traffic Generator,329.9909959307769,2842
Node_5,Camera-like Traffic Generator,330.15248362364935,2837
Node_5,Camera-like Traffic Generator,330.2629433488228,3271
Node_5,Camera-like Traffic Generator,330.45987075732506,2701
Node_5,Camera-like Traffic Generator,330.5746513415505,3180
Node_3,Smart Plug,330.6680365678021,79
Node_5,Camera-like Traffic Generator,330.7604287499839,3244
Node_5,Camera-like Traffic Generator,330.8877733534709,2890
Node_5,Camera-like Traffic Generator,331.04064686954894,3090
Node_5,Camera-like Traffic Generator,331.2333046923756,2696
Node_5,Camera-like Traffic Generator,331.4102758760555,3231
Node_5,Camera-like Traffic Generator,331.5142183995461,3464
Node_3,Smart Plug,331.60118474281876,96
Node_5,Camera-like Traffic Generator,331.6733159142553,2790
Node_5,Camera-like Traffic Generator,331.87299492592484,2956
Node_4,Motion Sensor,331.91503990855216,76
Node_5,Camera-like Traffic Generator,332.00144349296704,2517
Node_5,Camera-like Traffic Generator,332.16037551916486,3465
Node_5,Camera-like Traffic Generator,332.26665536579924,3329
Node_5,Camera-like Traffic Generator,332.4083798777274,2963
Node_5,Camera-like Traffic Generator,332.5968166590509,3071
Node_3,Smart Plug,332.76772431587165,91
Node_5,Camera-like Traffic Generator,332.78912561045496,3334
Node_3,Smart Plug,332.8125962752892,92
Node_5,Camera-like Traffic Generator,332.91141556491556,2764
Node_5,Camera-like Traffic Generator,333.1005668845177,3352
Node_5,Camera-like Traffic Generator,333.2822405112904,3168
Node_5,Camera-like Traffic Generator,333.4401968836812,2894
Node_5,Camera-like Traffic Generator,333.5406253855932,2729
Node_5,Camera-like Traffic Generator,333.6628054793823,3321
Node_5,Camera-like Traffic Generator,333.7867034762229,2502
Node_5,Camera-like Traffic Generator,333.89147985193284,2576
Node_5,Camera-like Traffic Generator,334.0718082331983,3035
Node_3,Smart Plug,334.08629837740574,65
Node_5,Camera-like Traffic Generator,334.2617576224075,3439
Node_5,Camera-like Traffic Generator,334.3633919627696,3368
Node_5,Camera-like Traffic Generator,334.53666697215925,3266
Node_5,Camera-like Traffic Generator,334.71546635572963,3268
Node_5,Camera-like Traffic Generator,334.88179777511647,2996
Node_5,Camera-like Traffic Generator,335.03981539944505,3034
Node_5,Camera-like Traffic Generator,335.1950513249761,3279
Node_3,Smart Plug,335.2078562648356,88
Node_5,Camera-like Traffic Generator,335.38057471294076,3425
Node_5,Camera-like Traffic Generator,335.51947736487716,3225
Node_5,Camera-like Traffic Generator,335.6372010366302,3156
Node_5,Camera-like Traffic Generator,335.73862217205954,2929
Node_5,Camera-like Traffic Generator,335.8714996550153,2745
Node_3,Smart Plug,336.01073317329946,97
Node_5,Camera-like Traffic Generator,336.0194861065672,2599
Node_5,Camera-like Traffic Generator,336.21259430442717,3231
Node_5,Camera-like Traffic Generator,336.3294965676345,2792
Node_5,Camera-like Traffic Generator,336.4552058162783,2661
Node_5,Camera-like Traffic Generator,336.5978507552569,3229
Node_5,Camera-like Traffic Generator,336.7339937177556,3265
Node_5,Camera-like Traffic Generator,336.8628715686081,3497
Node_4,Motion Sensor,336.981531388363,66
Node_5,Camera-like Traffic Generator,337.03202731795045,3139
Node_5,Camera-like Traffic Generator,337.13964989518763,2655
Node_3,Smart Plug,337.2267344798505,63
Node_5,Camera-like Traffic Generator,337.25179398382323,3437
Node_5,Camera-like Traffic Generator,337.44715253678544,2565
Node_5,Camera-like Traffic Generator,337.62418648106024,3258
Node_5,Camera-like Traffic Generator,337.7511915917153,2678
Node_5,Camera-like Traffic Generator,337.9276816209992,2837
Node_3,Smart Plug,338.05903231886754,80
Node_5,Camera-like Traffic Generator,338.0777279284184,3335
Node_5,Camera-like Traffic Generator,338.2311871171072,3010
Node_5,Camera-like Traffic Generator,338.3793113042995,3114
Node_5,Camera-like Traffic Generator,338.5578610045919,2856
Node_5,Camera-like Traffic Generator,338.66706401490757,2676
Node_5,Camera-like Traffic Generator,338.84772420473683,3045
Node_5,Camera-like Traffic Generator,338.9727517962673,2518
Node_3,Smart Plug,339.07776887888247,83
Node_5,Camera-like Traffic Generator,339.16413978312124,3304
Node_5,Camera-like Traffic Generator,339.34347076670525,2586
Node_5,Camera-like Traffic Generator,339.44981406448653,2645
Node_5,Camera-like Traffic Generator,339.56584804736104,3315
Node_5,Camera-like Traffic Generator,339.71932896993644,2978
Node_5,Camera-like Traffic Generator,339.9118003592281,3131
Node_5,Camera-like Traffic Generator,340.01477926998734,3353
Node_5,Camera-like Traffic Generator,340.1940458015716,2932
Node_5,Camera-like Traffic Generator,340.3747733054021,3275
Node_3,Smart Plug,340.5022637879819,72
Node_5,Camera-like Traffic Generator,340.51501924460644,2667
Node_3,Smart Plug,340.52332976952863,72
Node_5,Camera-like Traffic Generator,340.6771267529659,2983
Node_5,Camera-like Traffic Generator,340.8357622006973,3197
Node_5,Camera-like Traffic Generator,341.03337592724836,3244
Node_4,Motion Sensor,341.0456085178596,87
Node_5,Camera-like Traffic Generator,341.21682704382295,3433
Node_5,Camera-like Traffic Generator,341.39490359530083,3057
Node_3,Smart Plug,341.40568535664494,65
Node_3,Smart Plug,341.41629562534456,84
Node_5,Camera-like Traffic Generator,341.5406889139044,2822
Node_5,Camera-like Traffic Generator,341.6775759942751,3399
Node_5,Camera-like Traffic Generator,341.78121394249973,2688
Node_5,Camera-like Traffic Generator,341.9383078722639,2517
Node_5,Camera-like Traffic Generator,342.1047658962992,2872
Node_5,Camera-like Traffic Generator,342.23863845776555,3249
Node_5,Camera-like Traffic Generator,342.339382238028,2815
Node_3,Smart Plug,342.3608997910459,74
Node_5,Camera-like Traffic Generator,342.4857303658142,2634
Node_5,Camera-like Traffic Generator,342.5953281013642,3020
Node_5,Camera-like Traffic Generator,342.7719406164535,3092
Node_5,Camera-like Traffic Generator,342.9192835974749,3053
Node_5,Camera-like Traffic Generator,343.07444405491157,3261
Node_5,Camera-like Traffic Generator,343.1864193594145,3310
Node_3,Smart Plug,343.2599895711999,88
Node_3,Smart Plug,343.2797825741544,62
Node_5,Camera-like Traffic Generator,343.36503398164626,3138
Node_5,Camera-like Traffic Generator,343.489637739141,3037
Node_5,Camera-like Traffic Generator,343.63220179989867,2538
Node_5,Camera-like Traffic Generator,343.7428592244193,3439
Node_5,Camera-like Traffic Generator,343.909341591014,3498
Node_4,Motion Sensor,344.0754030445761,91
Node_5,Camera-like Traffic Generator,344.0789322685274,3315
Node_5,Camera-like Traffic Generator,344.27886034297154,2780
Node_3,Smart Plug,344.31689979892525,77
Node_3,Smart Plug,344.3457292220856,87
Node_3,Smart Plug,344.3578812171145,77
Node_3,Smart Plug,344.3917260716158,83
Node_5,Camera-like Traffic Generator,344.46383404287803,3481
Node_5,Camera-like Traffic Generator,344.6613469984922,2863
Node_5,Camera-like Traffic Generator,344.81117570316854,3238
Node_5,Camera-like Traffic Generator,344.9518627911088,2526
Node_5,Camera-like Traffic Generator,345.08037831278995,2684
Node_5,Camera-like Traffic Generator,345.18968593783745,2637
Node_5,Camera-like Traffic Generator,345.34218137242186,3099
Node_5,Camera-like Traffic Generator,345.45219363426145,2613
Node_5,Camera-like Traffic Generator,345.6496575432498,3267
Node_3,Smart Plug,345.6812819215858,84
Node_5,Camera-like Traffic Generator,345.78148871602036,2623
Node_5,Camera-like Traffic Generator,345.93912985207976,3082
Node_5,Camera-like Traffic Generator,346.04701373850014,2549
Node_5,Camera-like Traffic Generator,346.17816259078995,3260
Node_5,Camera-like Traffic Generator,346.3536466539245,3412
Node_5,Camera-like Traffic Generator,346.4616129680403,3212
Node_5,Camera-like Traffic Generator,346.6551338988799,3370
Node_5,Camera-like Traffic Generator,346.8097403613714,3406
Node_5,Camera-like Traffic Generator,346.9755303323486,2600
Node_3,Smart Plug,347.0534913069116,88
Node_5,Camera-like Traffic Generator,347.1158953106265,3430
Node_5,Camera-like Traffic Generator,347.24708453021964,3377
Node_4,Motion Sensor,347.30882918458775,86
Node_5,Camera-like Traffic Generator,347.35638127800684,2833
Node_5,Camera-like Traffic Generator,347.53049071014686,2636
Node_5,Camera-like Traffic Generator,347.63992220711646,3444
Node_5,Camera-like Traffic Generator,347.74032315199526,3391
Node_5,Camera-like Traffic Generator,347.84457563678563,3309
Node_5,Camera-like Traffic Generator,347.9851745057681,2606
Node_5,Camera-like Traffic Generator,348.1010552004486,3439
Node_3,Smart Plug,348.2269307571382,98
Node_5,Camera-like Traffic Generator,348.29055765260915,2747
Node_5,Camera-like Traffic Generator,348.42396393569595,2685
Node_5,Camera-like Traffic Generator,348.61578025042974,3200
Node_5,Camera-like Traffic Generator,348.72616763057584,3312
Node_5,Camera-like Traffic Generator,348.8731991979843,3228
Node_5,Camera-like Traffic Generator,348.98586534009735,3237
Node_5,Camera-like Traffic Generator,349.16808290368465,3182
Node_5,Camera-like Traffic Generator,349.2919415574309,2907
Node_3,Smart Plug,349.3529175112684,65
Node_5,Camera-like Traffic Generator,349.4600826777477,3375
Node_5,Camera-like Traffic Generator,349.6177517531732,3229
Node_5,Camera-like Traffic Generator,349.8019357718354,2992
Node_5,Camera-like Traffic Generator,349.92572694199987,2929
Node_5,Camera-like Traffic Generator,350.08705273770016,2888
Node_5,Camera-like Traffic Generator,350.26955527531413,2792
Node_5,Camera-like Traffic Generator,350.38317632648,3473
Node_5,Camera-like Traffic Generator,350.5243306283251,3078
Node_5,Camera-like Traffic Generator,350.651266652193,3116
Node_3,Smart Plug,350.79669984074593,78
Node_5,Camera-like Traffic Generator,350.84022342184164,3206
Node_5,Camera-like Traffic Generator,350.96572335032226,3105
Node_5,Camera-like Traffic Generator,351.06586861427564,2614
Node_5,Camera-like Traffic Generator,351.2249423501916,3246
Node_4,Motion Sensor,351.2800269088719,99
Node_5,Camera-like Traffic Generator,351.39407234628885,3076
Node_5,Camera-like Traffic Generator,351.5755169693425,3080
Node_5,Camera-like Traffic Generator,351.77223440570907,2748
Node_5,Camera-like Traffic Generator,351.94334122480245,2730
Node_5,Camera-like Traffic Generator,352.068340822281,2546
Node_3,Smart Plug,352.0758344231097,88
Node_5,Camera-like Traffic Generator,352.17556074756845,2894
Node_5,Camera-like Traffic Generator,352.3720827369871,2776
Node_5,Camera-like Traffic Generator,352.4833440925471,2502
Node_5,Camera-like Traffic Generator,352.60436458897306,2610
Node_5,Camera-like Traffic Generator,352.77398700130726,2913
Node_5,Camera-like Traffic Generator,352.9081226999881,2947
Node_5,Camera-like Traffic Generator,353.0228214555238,3147
Node_3,Smart Plug,353.03802037266786,68
Node_5,Camera-like Traffic Generator,353.1351458713184,2868
Node_5,Camera-like Traffic Generator,353.33287087185715,2878
Node_5,Camera-like Traffic Generator,353.4847574651694,2775
Node_5,Camera-like Traffic Generator,353.65106943865294,3357
Node_5,Camera-like Traffic Generator,353.7656609866538,2889
Node_5,Camera-like Traffic Generator,353.88446105594863,3165
Node_5,Camera-like Traffic Generator,354.0791375719021,2742
Node_5,Camera-like Traffic Generator,354.2280289232362,2773
Node_3,Smart Plug,354.2698798337417,96
Node_5,Camera-like Traffic Generator,354.3329222658296,2503
Node_5,Camera-like Traffic Generator,354.4792805167744,2561
Node_5,Camera-like Traffic Generator,354.6681741857491,2559
Node_5,Camera-like Traffic Generator,354.8140489471847,2789
Node_5,Camera-like Traffic Generator,354.9553893818182,3381
Node_5,Camera-like Traffic Generator,355.0694591679521,2779
Node_5,Camera-like Traffic Generator,355.2120743966714,2513
Node_5,Camera-like Traffic Generator,355.3906439189946,3029
Node_5,Camera-like Traffic Generator,355.54929236404536,2847
Node_3,Smart Plug,355.5596100684994,86
Node_5,Camera-like Traffic Generator,355.7137173655059,2949
Node_5,Camera-like Traffic Generator,355.88256045593863,2775
Node_5,Camera-like Traffic Generator,356.03024397801664,2890
Node_5,Camera-like Traffic Generator,356.1462898072832,2720
Node_5,Camera-like Traffic Generator,356.3367704613243,2517
Node_5,Camera-like Traffic Generator,356.4602125580682,2985
Node_4,Motion Sensor,356.50853595110294,89
Node_5,Camera-like Traffic Generator,356.58209984704575,3448
Node_5,Camera-like Traffic Generator,356.73306961807475,3433
Node_5,Camera-like Traffic Generator,356.84405205794116,3221
Node_3,Smart Plug,356.977292791659,78
Node_5,Camera-like Traffic Generator,356.99625488114407,3189
Node_3,Smart Plug,357.00630616614046,74
Node_5,Camera-like Traffic Generator,357.1234360921552,3158
Node_5,Camera-like Traffic Generator,357.3033822258807,3246
Node_5,Camera-like Traffic Generator,357.40541218205976,3067
Node_5,Camera-like Traffic Generator,357.5938930443696,2741
Node_5,Camera-like Traffic Generator,357.72217437785497,3309
Node_5,Camera-like Traffic Generator,357.89794806995445,3168
Node_3,Smart Plug,357.9258672475021,90
Node_5,Camera-like Traffic Generator,358.0535438939695,3113
Node_5,Camera-like Traffic Generator,358.23344335920586,3029
Node_5,Camera-like Traffic Generator,358.3517380837504,2997
Node_5,Camera-like Traffic Generator,358.5045708630412,2649
Node_5,Camera-like Traffic Generator,358.60652786705737,3268
Node_5,Camera-like Traffic Generator,358.78349652022507,2919
Node_3,Smart Plug,358.81504304889523,64
Node_5,Camera-like Traffic Generator,358.917626145785,2981
Node_5,Camera-like Traffic Generator,359.03636333235727,3232
Node_5,Camera-like Traffic Generator,359.20845140910086,2924
Node_5,Camera-like Traffic Generator,359.3780541025726,2771
Node_5,Camera-like Traffic Generator,359.4980007735734,2901
Node_5,Camera-like Traffic Generator,359.6821917762408,3101
Node_5,Camera-like Traffic Generator,359.83859397696716,2596
Node_4,Motion Sensor,359.9600547898774,78
Node_5,Camera-like Traffic Generator,359.9857794244996,2696
Node_5,Camera-like Traffic Generator,360.1102678306248,2545
Node_3,Smart Plug,360.17277349024863,73
Node_5,Camera-like Traffic Generator,360.24388262803586,2971
Node_5,Camera-like Traffic Generator,360.3679993412412,2833
Node_5,Camera-like Traffic Generator,360.4907571094481,3457
Node_5,Camera-like Traffic Generator,360.59240024685073,2576
Node_5,Camera-like Traffic Generator,360.74891614309354,2636
Node_5,Camera-like Traffic Generator,360.88998967316144,2543
Node_5,Camera-like Traffic Generator,361.03669796076736,3034
Node_5,Camera-like Traffic Generator,361.21055949720505,2602
Node_5,Camera-like Traffic Generator,361.40953695640917,3048
Node_3,Smart Plug,361.5274751479274,81
Node_5,Camera-like Traffic Generator,361.5813800531242,2720
Node_5,Camera-like Traffic Generator,361.7028334271661,2870
Node_5,Camera-like Traffic Generator,361.80649501370146,2511
Node_5,Camera-like Traffic Generator,361.9652449758593,2620
Node_5,Camera-like Traffic Generator,362.0932860649195,3088
Node_5,Camera-like Traffic Generator,362.23826975358173,2709
Node_5,Camera-like Traffic Generator,362.37235118202284,2736
Node_5,Camera-like Traffic Generator,362.48422909214025,3305
Node_3,Smart Plug,362.6168844818941,84
Node_5,Camera-like Traffic Generator,362.663339046675,3036
Node_5,Camera-like Traffic Generator,362.8262497457283,3260
Node_5,Camera-like Traffic Generator,362.9306668011832,3188
Node_5,Camera-like Traffic Generator,363.0847743153314,3157
Node_5,Camera-like Traffic Generator,363.2543612015948,2506
Node_5,Camera-like Traffic Generator,363.4385658816871,3317
Node_5,Camera-like Traffic Generator,363.5602017365242,2911
Node_5,Camera-like Traffic Generator,363.69327614760357,2588
Node_5,Camera-like Traffic Generator,363.85156406857726,3424
Node_5,Camera-like Traffic Generator,363.97933106445436,2927
Node_3,Smart Plug,364.0986086937483,75
Node_5,Camera-like Traffic Generator,364.1142269456711,2856
Node_5,Camera-like Traffic Generator,364.2594625262915,3195
Node_5,Camera-like Traffic Generator,364.3621524635991,2597
Node_5,Camera-like Traffic Generator,364.5248731084991,2521
Node_5,Camera-like Traffic Generator,364.6523989016585,2672
Node_5,Camera-like Traffic Generator,364.7680943180153,3237
Node_5,Camera-like Traffic Generator,364.941338340727,2695
Node_5,Camera-like Traffic Generator,365.06224543296867,2632
Node_5,Camera-like Traffic Generator,365.20833094490735,3161
Node_5,Camera-like Traffic Generator,365.330893462594,2634
Node_5,Camera-like Traffic Generator,365.4426810855567,3412
Node_3,Smart Plug,365.46834968717235,83
Node_4,Motion Sensor,365.552958835677,64
Node_5,Camera-like Traffic Generator,365.56309744617835,3127
Node_5,Camera-like Traffic Generator,365.75111408267,2799
Node_5,Camera-like Traffic Generator,365.9197900570031,2653
Node_5,Camera-like Traffic Generator,366.0261168552288,3401
Node_5,Camera-like Traffic Generator,366.1734898605132,2507
Node_5,Camera-like Traffic Generator,366.3109434247958,3033
Node_5,Camera-like Traffic Generator,366.4793873891005,3392
Node_3,Smart Plug,366.5730972827884,91
Node_5,Camera-like Traffic Generator,366.59023983110046,3264
Node_5,Camera-like Traffic Generator,366.7114183486456,2653
Node_5,Camera-like Traffic Generator,366.82226232108616,2729
Node_5,Camera-like Traffic Generator,367.0035222759307,2766
Node_5,Camera-like Traffic Generator,367.1555484626009,3054
Node_5,Camera-like Traffic Generator,367.32326263708825,3449
Node_5,Camera-like Traffic Generator,367.5164678711924,3398
Node_3,Smart Plug,367.5384053061902,86
Node_3,Smart Plug,367.58563983655324,82
Node_5,Camera-like Traffic Generator,367.70818165775387,3484
Node_5,Camera-like Traffic Generator,367.89682047784555,2657
Node_5,Camera-like Traffic Generator,368.0965422438065,3032
Node_5,Camera-like Traffic Generator,368.2532716061271,3453
Node_5,Camera-like Traffic Generator,368.39576023786145,3110
Node_5,Camera-like Traffic Generator,368.57523189189294,2779
Node_5,Camera-like Traffic Generator,368.70125475871293,2714
Node_3,Smart Plug,368.8001540311107,78
Node_5,Camera-like Traffic Generator,368.87459619822704,3271
Node_5,Camera-like Traffic Generator,368.97659897255227,2905
Node_5,Camera-like Traffic Generator,369.11415158540274,3035
Node_5,Camera-like Traffic Generator,369.30687634236705,3374
Node_5,Camera-like Traffic Generator,369.4184110941672,3194
Node_5,Camera-like Traffic Generator,369.6084941881485,2729
Node_4,Motion Sensor,369.77211875014376,80
Node_5,Camera-like Traffic Generator,369.7785211457897,3449
Node_4,Motion Sensor,369.8198516999468,94
Node_4,Motion Sensor,369.85522342206366,85
Node_4,Motion Sensor,369.88835850272824,61
Node_5,Camera-like Traffic Generator,369.88983763489017,2979
Node_4,Motion Sensor,369.9281868043902,67
Node_4,Motion Sensor,369.9660446478924,90
Node_4,Motion Sensor,370.00008238227497,68
Node_4,Motion Sensor,370.01847290545606,67
Node_4,Motion Sensor,370.0556580351512,98
Node_4,Motion Sensor,370.0804682917557,74
Node_5,Camera-like Traffic Generator,370.0807709329487,3080
Node_4,Motion Sensor,370.10254607060074,72
Node_4,Motion Sensor,370.1453081313228,64
Node_4,Motion Sensor,370.1752733578684,99
Node_3,Smart Plug,370.17557016773054,67
Node_4,Motion Sensor,370.20183550691934,74
Node_4,Motion Sensor,370.2449629413347,77
Node_5,Camera-like Traffic Generator,370.25453215979405,2635
Node_4,Motion Sensor,370.2939257477279,73
Node_4,Motion Sensor,370.34097970208353,78
Node_4,Motion Sensor,370.3659045615408,82
Node_4,Motion Sensor,370.3824108470719,77
Node_4,Motion Sensor,370.4038119644698,86
Node_5,Camera-like Traffic Generator,370.40632760307545,3039
Node_4,Motion Sensor,370.44102323791276,85
Node_4,Motion Sensor,370.4791069428077,97
Node_4,Motion Sensor,370.52534225349837,63
Node_5,Camera-like Traffic Generator,370.52950764587797,2626
Node_4,Motion Sensor,370.53892777109843,60
Node_4,Motion Sensor,370.5862276411756,64
Node_4,Motion Sensor,370.62622538834404,84
Node_4,Motion Sensor,370.65801473798933,85
Node_4,Motion Sensor,370.6881491987906,92
Node_5,Camera-like Traffic Generator,370.7203077718127,3008
Node_4,Motion Sensor,370.7248576041929,94
Node_4,Motion Sensor,370.74333244925145,91
Node_4,Motion Sensor,370.7753959657434,64
Node_4,Motion Sensor,370.8196496710273,98
Node_4,Motion Sensor,370.84367421835617,91
Node_4,Motion Sensor,370.8722321034704,96
Node_5,Camera-like Traffic Generator,370.88099791145186,3384
Node_4,Motion Sensor,370.90802648011305,91
Node_4,Motion Sensor,370.93385882232275,97
Node_4,Motion Sensor,370.9751466644844,80
Node_4,Motion Sensor,370.9958510301192,86
Node_5,Camera-like Traffic Generator,371.0051473848649,3052
Node_4,Motion Sensor,371.01814689757373,96
Node_3,Smart Plug,371.02429551211117,64
Node_5,Camera-like Traffic Generator,371.1390585806535,3037
Node_5,Camera-like Traffic Generator,371.2650244025911,2832
Node_5,Camera-like Traffic Generator,371.3786423978444,2678
Node_5,Camera-like Traffic Generator,371.5214144685283,3350
Node_5,Camera-like Traffic Generator,371.64194450546927,3302
Node_5,Camera-like Traffic Generator,371.7639952875379,3136
Node_5,Camera-like Traffic Generator,371.9157907941254,3124
Node_5,Camera-like Traffic Generator,372.02293431723893,3220
Node_5,Camera-like Traffic Generator,372.1776069451947,3237
Node_5,Camera-like Traffic Generator,372.30979118650515,2664
Node_3,Smart Plug,372.36423587732065,75
Node_5,Camera-like Traffic Generator,372.437422313589,3347
Node_5,Camera-like Traffic Generator,372.5404183254371,3265
Node_5,Camera-like Traffic Generator,372.71842308128225,3275
Node_5,Camera-like Traffic Generator,372.887511435262,3362
Node_5,Camera-like Traffic Generator,373.05982043756484,2583
Node_5,Camera-like Traffic Generator,373.17631283099706,3242
Node_5,Camera-like Traffic Generator,373.34001675063564,2581
Node_5,Camera-like Traffic Generator,373.50881239079905,2980
Node_3,Smart Plug,373.6263512086354,63
Node_5,Camera-like Traffic Generator,373.68934971825126,2938
Node_5,Camera-like Traffic Generator,373.8787791485714,3147
Node_5,Camera-like Traffic Generator,373.98450390632286,3130
Node_5,Camera-like Traffic Generator,374.1813682733049,2525
Node_5,Camera-like Traffic Generator,374.29634579847084,2853
Node_5,Camera-like Traffic Generator,374.4342503044033,2615
Node_5,Camera-like Traffic Generator,374.6256762056851,3145
Node_5,Camera-like Traffic Generator,374.80092913895794,2760
Node_5,Camera-like Traffic Generator,374.9094331828841,3312
Node_3,Smart Plug,375.0474342842373,96
Node_5,Camera-like Traffic Generator,375.06946801201497,3076
Node_5,Camera-like Traffic Generator,375.2171458458159,2991
Node_5,Camera-like Traffic Generator,375.40817120557165,2576
Node_5,Camera-like Traffic Generator,375.5257437022722,3263
Node_5,Camera-like Traffic Generator,375.6758852443952,3288
Node_5,Camera-like Traffic Generator,375.8072966078624,2968
Node_3,Smart Plug,375.8475633225559,65
Node_3,Smart Plug,375.87881355539895,75
Node_5,Camera-like Traffic Generator,375.9580109765594,2967
Node_4,Motion Sensor,376.03804933344765,60
Node_5,Camera-like Traffic Generator,376.06242561811797,2548
Node_5,Camera-like Traffic Generator,376.22862932949454,3385
Node_5,Camera-like Traffic Generator,376.3664189032723,3136
Node_5,Camera-like Traffic Generator,376.4752877587796,3223
Node_5,Camera-like Traffic Generator,376.60279569016853,2649
Node_5,Camera-like Traffic Generator,376.74056780739807,2622
Node_3,Smart Plug,376.8157801895232,87
Node_5,Camera-like Traffic Generator,376.88186504731954,3297
Node_5,Camera-like Traffic Generator,377.03303330448733,3490
Node_5,Camera-like Traffic Generator,377.1699899341371,2548
Node_5,Camera-like Traffic Generator,377.3010025711723,2670
Node_5,Camera-like Traffic Generator,377.45868509011297,3229
Node_5,Camera-like Traffic Generator,377.61393942262134,2539
Node_5,Camera-like Traffic Generator,377.7609163451133,2906
Node_5,Camera-like Traffic Generator,377.8849553307905,3102
Node_3,Smart Plug,378.01497367502196,96
Node_5,Camera-like Traffic Generator,378.0463762114645,2960
Node_5,Camera-like Traffic Generator,378.18188391860326,3498
Node_5,Camera-like Traffic Generator,378.3591205662273,3278
Node_5,Camera-like Traffic Generator,378.55443111040415,3356
Node_5,Camera-like Traffic Generator,378.70701329104185,2625
Node_5,Camera-like Traffic Generator,378.8130844676213,3301
Node_5,Camera-like Traffic Generator,379.0058983275925,3365
Node_5,Camera-like Traffic Generator,379.1311798394617,3028
Node_4,Motion Sensor,379.1360731656391,61
Node_5,Camera-like Traffic Generator,379.3202003379727,3415
Node_3,Smart Plug,379.47530698326926,77
Node_5,Camera-like Traffic Generator,379.4940509592595,2761
Node_5,Camera-like Traffic Generator,379.6673794589482,3462
Node_5,Camera-like Traffic Generator,379.8317572013411,3047
Node_5,Camera-like Traffic Generator,379.9791213785222,3380
Node_5,Camera-like Traffic Generator,380.10402291203326,2693
Node_5,Camera-like Traffic Generator,380.27584105200646,2687
Node_5,Camera-like Traffic Generator,380.4406153082539,2899
Node_3,Smart Plug,380.5162922217707,63
Node_5,Camera-like Traffic Generator,380.56483802729355,3172
Node_3,Smart Plug,380.56574908771034,76
Node_3,Smart Plug,380.587516474225,74
Node_5,Camera-like Traffic Generator,380.67898812279856,2900
Node_5,Camera-like Traffic Generator,380.8467784271428,3225
Node_5,Camera-like Traffic Generator,380.9989507747267,3145
Node_5,Camera-like Traffic Generator,381.16564867154295,2807
Node_5,Camera-like Traffic Generator,381.2954073440773,2520
Node_3,Smart Plug,381.4247055920485,88
Node_5,Camera-like Traffic Generator,381.48335195555205,3256
Node_5,Camera-like Traffic Generator,381.5964029933168,3222
Node_5,Camera-like Traffic Generator,381.7809069535748,2930
Node_5,Camera-like Traffic Generator,381.8913162426589,3460
Node_5,Camera-like Traffic Generator,382.01650123542095,2961
Node_5,Camera-like Traffic Generator,382.1205791213333,2890
Node_5,Camera-like Traffic Generator,382.31512440597874,3131
Node_5,Camera-like Traffic Generator,382.43079160707657,3446
Node_3,Smart Plug,382.4761768334391,94
Node_5,Camera-like Traffic Generator,382.56815810292255,2790
Node_5,Camera-like Traffic Generator,382.75550479757254,2686
Node_5,Camera-like Traffic Generator,382.934370699124,3221
Node_5,Camera-like Traffic Generator,383.07127546057245,3043
Node_5,Camera-like Traffic Generator,383.1899709918318,2691
Node_5,Camera-like Traffic Generator,383.3765177950316,3229
Node_3,Smart Plug,383.4408456527638,88
Node_5,Camera-like Traffic Generator,383.54338423244036,2969
Node_5,Camera-like Traffic Generator,383.67415717952167,3292
Node_5,Camera-like Traffic Generator,383.8604655979525,3012
Node_5,Camera-like Traffic Generator,384.05646276817333,3030
Node_5,Camera-like Traffic Generator,384.2480902131842,2522
Node_5,Camera-like Traffic Generator,384.37067685295415,2608
Node_3,Smart Plug,384.4635347694969,75
Node_5,Camera-like Traffic Generator,384.4948211921849,3197
Node_5,Camera-like Traffic Generator,384.6466958828207,3330
Node_4,Motion Sensor,384.6583820401428,80
Node_5,Camera-like Traffic Generator,384.77423920208446,3225
Node_5,Camera-like Traffic Generator,384.8876645868933,3110
Node_5,Camera-like Traffic Generator,385.0573836444693,3173
Node_5,Camera-like Traffic Generator,385.19137654519665,2789
Node_5,Camera-like Traffic Generator,385.3552846736799,3493
Node_5,Camera-like Traffic Generator,385.484422298658,2704
Node_5,Camera-like Traffic Generator,385.606035645599,3469
Node_3,Smart Plug,385.6451179210747,86
Node_5,Camera-like Traffic Generator,385.78842940237234,2694
Node_5,Camera-like Traffic Generator,385.9410506553992,3087
Node_5,Camera-like Traffic Generator,386.1293986802658,2622
Node_5,Camera-like Traffic Generator,386.30224378178764,3306
Node_5,Camera-like Traffic Generator,386.4828385807863,2590
Node_3,Smart Plug,386.5768767077291,75
Node_5,Camera-like Traffic Generator,386.6539691341211,2954
Node_5,Camera-like Traffic Generator,386.8006141359805,3378
Node_5,Camera-like Traffic Generator,386.9129920161547,2548
Node_5,Camera-like Traffic Generator,387.1105510421864,2741
Node_5,Camera-like Traffic Generator,387.2196929110093,3178
Node_5,Camera-like Traffic Generator,387.36895101662765,2634
Node_5,Camera-like Traffic Generator,387.5333538400185,3499
Node_5,Camera-like Traffic Generator,387.6372749545842,2906
Node_5,Camera-like Traffic Generator,387.74075070163553,2576
Node_5,Camera-like Traffic Generator,387.84913723081155,3250
Node_3,Smart Plug,387.96485058843786,66
Node_5,Camera-like Traffic Generator,388.0252725894021,2996
Node_5,Camera-like Traffic Generator,388.22144268723554,3491
Node_5,Camera-like Traffic Generator,388.3309734665538,3460
Node_5,Camera-like Traffic Generator,388.5168113123615,3278
Node_4,Motion Sensor,388.61079492858977,66
Node_5,Camera-like Traffic Generator,388.6888399193902,3024
Node_5,Camera-like Traffic Generator,388.7896781141857,3411
Node_5,Camera-like Traffic Generator,388.9105484695685,2526
Node_5,Camera-like Traffic Generator,389.09161718802375,3086
Node_5,Camera-like Traffic Generator,389.2250760361564,2915
Node_3,Smart Plug,389.2338968457839,65
Node_3,Smart Plug,389.24452515775886,88
Node_5,Camera-like Traffic Generator,389.380050079621,3337
Node_5,Camera-like Traffic Generator,389.53243705410796,2513
Node_5,Camera-like Traffic Generator,389.7012767236167,2833
Node_5,Camera-like Traffic Generator,389.864960067074,2997
Node_5,Camera-like Traffic Generator,390.0378861825299,3323
Node_5,Camera-like Traffic Generator,390.19749339337443,3460
Node_3,Smart Plug,390.3502397387901,99
Node_3,Smart Plug,390.38592945477336,76
Node_5,Camera-like Traffic Generator,390.38828707780897,3416
Node_5,Camera-like Traffic Generator,390.57651520488696,3180
Node_5,Camera-like Traffic Generator,390.7156913458867,3109
Node_5,Camera-like Traffic Generator,390.8502706029085,3385
Node_5,Camera-like Traffic Generator,390.95789579703427,3103
Node_5,Camera-like Traffic Generator,391.13874715828155,3370
Node_5,Camera-like Traffic Generator,391.30267600587155,3075
Node_5,Camera-like Traffic Generator,391.41356161968497,2792
Node_5,Camera-like Traffic Generator,391.53669657052916,3029
Node_5,Camera-like Traffic Generator,391.6709915996017,2526
Node_3,Smart Plug,391.7381793519462,84
Node_5,Camera-like Traffic Generator,391.7849209649956,3496
Node_5,Camera-like Traffic Generator,391.9043915577109,3314
Node_5,Camera-like Traffic Generator,392.0201593681611,2715
Node_5,Camera-like Traffic Generator,392.18035582634127,2647
Node_5,Camera-like Traffic Generator,392.30437006494566,2775
Node_5,Camera-like Traffic Generator,392.4381395334754,2576
Node_5,Camera-like Traffic Generator,392.5636542664724,2536
Node_3,Smart Plug,392.6640375159145,80
Node_5,Camera-like Traffic Generator,392.73825583390266,3230
Node_5,Camera-like Traffic Generator,392.85126107902175,3036
Node_4,Motion Sensor,392.90085398640286,82
Node_5,Camera-like Traffic Generator,393.0453278514433,2542
Node_5,Camera-like Traffic Generator,393.1820114478386,2521
Node_5,Camera-like Traffic Generator,393.3612146663117,2737
Node_5,Camera-like Traffic Generator,393.5547738997056,2928
Node_5,Camera-like Traffic Generator,393.75140268840835,3243
Node_3,Smart Plug,393.77906955303337,74
Node_3,Smart Plug,393.81325248332627,83
Node_5,Camera-like Traffic Generator,393.903336613779,2595
Node_5,Camera-like Traffic Generator,394.0779709051066,2926
Node_5,Camera-like Traffic Generator,394.26262460228287,3438
Node_5,Camera-like Traffic Generator,394.45700939785394,3374
Node_5,Camera-like Traffic Generator,394.562548143466,3384
Node_5,Camera-like Traffic Generator,394.69868035350504,2897
Node_3,Smart Plug,394.7789774604209,80
Node_5,Camera-like Traffic Generator,394.85942309390396,3318
Node_5,Camera-like Traffic Generator,395.0356967125628,2886
Node_5,Camera-like Traffic Generator,395.20418752210446,2572
Node_5,Camera-like Traffic Generator,395.398218446056,2712
Node_5,Camera-like Traffic Generator,395.5934971153354,3267
Node_5,Camera-like Traffic Generator,395.7188998072194,2840
Node_5,Camera-like Traffic Generator,395.82410501440137,2929
Node_3,Smart Plug,395.9612938426759,74
Node_5,Camera-like Traffic Generator,395.97913415346073,2936
Node_5,Camera-like Traffic Generator,396.0900115216765,3126
Node_5,Camera-like Traffic Generator,396.23853853699336,3263
Node_5,Camera-like Traffic Generator,396.402953630432,2642
Node_5,Camera-like Traffic Generator,396.5240394917453,3024
Node_5,Camera-like Traffic Generator,396.65041779721804,3249
Node_5,Camera-like Traffic Generator,396.7544519812238,2742
Node_5,Camera-like Traffic Generator,396.9440880310566,2504
Node_5,Camera-like Traffic Generator,397.09686901911294,2947
Node_3,Smart Plug,397.15899854706703,88
Node_3,Smart Plug,397.18825986341466,87
Node_5,Camera-like Traffic Generator,397.2162759378045,2798
Node_3,Smart Plug,397.22751159073533,99
Node_5,Camera-like Traffic Generator,397.3639646260401,3167
Node_5,Camera-like Traffic Generator,397.5189934473719,3393
Node_5,Camera-like Traffic Generator,397.63264297465895,2546
Node_4,Motion Sensor,397.7496577370766,75
Node_5,Camera-like Traffic Generator,397.75601772038937,2874
Node_4,Motion Sensor,397.7768218348413,97
Node_4,Motion Sensor,397.8024383027277,89
Node_4,Motion Sensor,397.82856306350567,72
Node_4,Motion Sensor,397.8449008097198,69
Node_4,Motion Sensor,397.8833018041998,65
Node_4,Motion Sensor,397.8980367133264,83
Node_4,Motion Sensor,397.92371720043553,90
Node_5,Camera-like Traffic Generator,397.9284034540565,2553
Node_4,Motion Sensor,397.9703838149263,93
Node_4,Motion Sensor,397.9867459416787,72
Node_4,Motion Sensor,398.0004761186917,61
Node_4,Motion Sensor,398.0109376436041,90
Node_4,Motion Sensor,398.0270595880995,84
Node_4,Motion Sensor,398.05880648756147,98
Node_4,Motion Sensor,398.09167824095084,61
Node_5,Camera-like Traffic Generator,398.0951060288241,2951
Node_4,Motion Sensor,398.13104500750217,99
Node_4,Motion Sensor,398.16642353354354,91
Node_4,Motion Sensor,398.1838857403959,86
Node_4,Motion Sensor,398.20275594934384,67
Node_4,Motion Sensor,398.2463742210658,89
Node_5,Camera-like Traffic Generator,398.2645027459389,3105
Node_4,Motion Sensor,398.28865811691185,75
Node_4,Motion Sensor,398.3090773058462,62
Node_4,Motion Sensor,398.3223958406183,65
Node_4,Motion Sensor,398.33332147352377,99
Node_5,Camera-like Traffic Generator,398.36925187230423,2868
Node_4,Motion Sensor,398.37799903537416,64
Node_5,Camera-like Traffic Generator,398.5256980502494,3207
Node_3,Smart Plug,398.5727204628122,78
Node_3,Smart Plug,398.6183170819444,63
Node_5,Camera-like Traffic Generator,398.7060267027277,2785
Node_5,Camera-like Traffic Generator,398.824204506285,2515
Node_5,Camera-like Traffic Generator,399.0237408584822,3491
Node_5,Camera-like Traffic Generator,399.18203076919156,2665
Node_5,Camera-like Traffic Generator,399.35765264054214,3206
Node_5,Camera-like Traffic Generator,399.52003019765783,3125
Node_5,Camera-like Traffic Generator,399.69669304701296,3072
Node_5,Camera-like Traffic Generator,399.8342798469248,3280
Node_3,Smart Plug,399.9374973594158,98
Node_5,Camera-like Traffic Generator,399.9639210138728,3052
Node_3,Smart Plug,399.9728448659804,91
Node_5,Camera-like Traffic Generator,400.1243870193467,3100
Node_5,Camera-like Traffic Generator,400.2973628341928,3178
Node_5,Camera-like Traffic Generator,400.49548640908614,2956
Node_5,Camera-like Traffic Generator,400.6844015474218,2795
Node_3,Smart Plug,400.8097868564789,73
Node_5,Camera-like Traffic Generator,400.8379280076399,2866
Node_5,Camera-like Traffic Generator,400.9763378916433,3451
Node_5,Camera-like Traffic Generator,401.10115797289734,2830
Node_5,Camera-like Traffic Generator,401.21145237103707,2521
Node_5,Camera-like Traffic Generator,401.36149620942433,2809
Node_5,Camera-like Traffic Generator,401.5233745715676,3474
Node_5,Camera-like Traffic Generator,401.64281967046935,2675
Node_4,Motion Sensor,401.7460520046602,65
Node_5,Camera-like Traffic Generator,401.7618572435896,2684
Node_3,Smart Plug,401.93799502371763,80
Node_5,Camera-like Traffic Generator,401.93989074063035,3319
Node_5,Camera-like Traffic Generator,402.06933390612676,2641
Node_5,Camera-like Traffic Generator,402.26624491063274,2904
Node_5,Camera-like Traffic Generator,402.42222978690825,3437
Node_5,Camera-like Traffic Generator,402.5630116973443,3199
Node_5,Camera-like Traffic Generator,402.7620139622,2972
Node_5,Camera-like Traffic Generator,402.9018133407443,2617
Node_5,Camera-like Traffic Generator,403.0781925023836,3472
Node_5,Camera-like Traffic Generator,403.1812445356008,2941
Node_3,Smart Plug,403.25166520692966,76
Node_5,Camera-like Traffic Generator,403.3561721913691,2809
Node_5,Camera-like Traffic Generator,403.55047534258523,3224
Node_5,Camera-like Traffic Generator,403.7024747204966,2720
Node_5,Camera-like Traffic Generator,403.86948937646105,3102
Node_5,Camera-like Traffic Generator,404.005669548316,2743
Node_5,Camera-like Traffic Generator,404.2006760831608,2638
Node_5,Camera-like Traffic Generator,404.39038265944936,3257
Node_5,Camera-like Traffic Generator,404.57397978442737,3480
Node_3,Smart Plug,404.61042146233456,71
Node_3,Smart Plug,404.657336042977,89
Node_5,Camera-like Traffic Generator,404.7567811450666,3397
Node_5,Camera-like Traffic Generator,404.9527831988396,3387
Node_5,Camera-like Traffic Generator,405.06456372680503,2642
Node_5,Camera-like Traffic Generator,405.23407803162644,3110
Node_4,Motion Sensor,405.28793509538224,63
Node_5,Camera-like Traffic Generator,405.3682120046214,3049
Node_5,Camera-like Traffic Generator,405.5531091776566,2647
Node_5,Camera-like Traffic Generator,405.7121603908936,2858
Node_3,Smart Plug,405.85193043428063,62
Node_5,Camera-like Traffic Generator,405.879815809816,2934
Node_5,Camera-like Traffic Generator,406.0064196643333,3283
Node_5,Camera-like Traffic Generator,406.1446630531447,2878
Node_5,Camera-like Traffic Generator,406.28535554767893,2572
Node_5,Camera-like Traffic Generator,406.4682770170519,2514
Node_5,Camera-like Traffic Generator,406.6164699247792,2925
Node_3,Smart Plug,406.7702859029487,62
Node_5,Camera-like Traffic Generator,406.78367108678265,3185
Node_5,Camera-like Traffic Generator,406.89824284273317,2690
Node_5,Camera-like Traffic Generator,407.0510933062082,3071
Node_5,Camera-like Traffic Generator,407.24914071759326,3250
Node_5,Camera-like Traffic Generator,407.37433377170555,2692
Node_5,Camera-like Traffic Generator,407.50103847750916,3041
Node_5,Camera-like Traffic Generator,407.62509855740234,3296
Node_5,Camera-like Traffic Generator,407.7561728278964,3009
Node_5,Camera-like Traffic Generator,407.9187769563905,2540
Node_5,Camera-like Traffic Generator,408.02172236672595,3459
Node_3,Smart Plug,408.1365129487244,84
Node_3,Smart Plug,408.149813355397,80
Node_5,Camera-like Traffic Generator,408.16956409949046,2723
Node_5,Camera-like Traffic Generator,408.27021543272394,3352
Node_5,Camera-like Traffic Generator,408.4136402473657,2890
Node_5,Camera-like Traffic Generator,408.6021636258789,2562
Node_5,Camera-like Traffic Generator,408.70767871634206,3333
Node_5,Camera-like Traffic Generator,408.88400411233386,3003
Node_5,Camera-like Traffic Generator,408.9915097863095,3168
Node_3,Smart Plug,409.14430751325096,65
Node_5,Camera-like Traffic Generator,409.1729411614643,2834
Node_3,Smart Plug,409.18862184861416,60
Node_3,Smart Plug,409.2056064025205,83
Node_3,Smart Plug,409.23347252922764,92
Node_3,Smart Plug,409.27150352413054,79
Node_5,Camera-like Traffic Generator,409.3698904175442,3354
Node_5,Camera-like Traffic Generator,409.4746820326618,2566
Node_5,Camera-like Traffic Generator,409.62746327036535,3112
Node_5,Camera-like Traffic Generator,409.75538797795696,2793
Node_5,Camera-like Traffic Generator,409.9160413463951,3357
Node_5,Camera-like Traffic Generator,410.0481806246388,2953
Node_5,Camera-like Traffic Generator,410.2255460567054,3362
Node_5,Camera-like Traffic Generator,410.377726828381,3371
Node_5,Camera-like Traffic Generator,410.5726691995135,3142
Node_3,Smart Plug,410.6749136237499,73
Node_3,Smart Plug,410.6907164338215,97
Node_3,Smart Plug,410.72055436484436,99
Node_5,Camera-like Traffic Generator,410.7353669670868,2550
Node_5,Camera-like Traffic Generator,410.8722030728362,3137
Node_5,Camera-like Traffic Generator,410.9992152235834,3395
Node_4,Motion Sensor,411.02609248331646,68
Node_5,Camera-like Traffic Generator,411.1432801785815,3098
Node_5,Camera-like Traffic Generator,411.2823539752727,2558
Node_5,Camera-like Traffic Generator,411.4766470685435,3385
Node_5,Camera-like Traffic Generator,411.64924918963084,3262
Node_3,Smart Plug,411.68711757222087,77
Node_5,Camera-like Traffic Generator,411.7904137999209,2630
Node_5,Camera-like Traffic Generator,411.9041331107891,2519
Node_5,Camera-like Traffic Generator,412.08399981073205,3245
Node_5,Camera-like Traffic Generator,412.2332092212244,3125
Node_5,Camera-like Traffic Generator,412.38062315667923,2884
Node_5,Camera-like Traffic Generator,412.48539266818665,2660
Node_3,Smart Plug,412.6347172954439,89
Node_5,Camera-like Traffic Generator,412.65532070029616,3101
Node_5,Camera-like Traffic Generator,412.83223201396237,2763
Node_5,Camera-like Traffic Generator,412.9719599044066,3023
Node_5,Camera-like Traffic Generator,413.1253135070416,2567
Node_5,Camera-like Traffic Generator,413.24484035985677,2702
Node_5,Camera-like Traffic Generator,413.36805166998204,3437
Node_5,Camera-like Traffic Generator,413.5634709948654,2814
Node_5,Camera-like Traffic Generator,413.7349628859594,2671
Node_5,Camera-like Traffic Generator,413.86943699799014,3461
Node_3,Smart Plug,413.88430006356435,90
Node_3,Smart Plug,413.9010040794345,75
Node_5,Camera-like Traffic Generator,413.9803083267517,3044
Node_5,Camera-like Traffic Generator,414.08822340967146,2510
Node_5,Camera-like Traffic Generator,414.2731779582957,3399
Node_5,Camera-like Traffic Generator,414.3896052455152,2601
Node_5,Camera-like Traffic Generator,414.5498979627063,2500
Node_5,Camera-like Traffic Generator,414.6611599654567,3250
Node_5,Camera-like Traffic Generator,414.78495726354924,3013
Node_5,Camera-like Traffic Generator,414.9519205512289,2632
Node_5,Camera-like Traffic Generator,415.1014953596671,3073
Node_3,Smart Plug,415.2233094612077,90
Node_5,Camera-like Traffic Generator,415.235991881897,2621
Node_5,Camera-like Traffic Generator,415.3578172539131,2574
Node_5,Camera-like Traffic Generator,415.52460486750255,2796
Node_5,Camera-like Traffic Generator,415.6510647347062,2549
Node_5,Camera-like Traffic Generator,415.84718851812227,3364
Node_5,Camera-like Traffic Generator,415.9794907845172,2640
Node_5,Camera-like Traffic Generator,416.11904963869034,3010
Node_3,Smart Plug,416.28917001711324,88
Node_5,Camera-like Traffic Generator,416.31635749568034,2594
Node_4,Motion Sensor,416.4124168522245,76
Node_5,Camera-like Traffic Generator,416.4438966738765,3494
Node_5,Camera-like Traffic Generator,416.56754742473095,2704
Node_5,Camera-like Traffic Generator,416.6925600183222,2601
Node_5,Camera-like Traffic Generator,416.83959982109263,2608
Node_5,Camera-like Traffic Generator,416.9537771456448,2963
Node_5,Camera-like Traffic Generator,417.13287082803794,3167
Node_3,Smart Plug,417.19077489878214,94
Node_3,Smart Plug,417.23786379982425,77
Node_5,Camera-like Traffic Generator,417.2499026473481,2686
Node_5,Camera-like Traffic Generator,417.35130399936173,2661
Node_5,Camera-like Traffic Generator,417.4605308534165,2991
Node_5,Camera-like Traffic Generator,417.6425943402824,3036
Node_5,Camera-like Traffic Generator,417.7608335412189,3128
Node_5,Camera-like Traffic Generator,417.8869433778565,3430
Node_5,Camera-like Traffic Generator,418.02893015040235,3072
Node_5,Camera-like Traffic Generator,418.1629439058241,3329
Node_5,Camera-like Traffic Generator,418.3413833603582,3186
Node_5,Camera-like Traffic Generator,418.4851764606511,3257
Node_5,Camera-like Traffic Generator,418.6718348138802,2731
Node_3,Smart Plug,418.7110977057892,87
Node_3,Smart Plug,418.75780619143165,85
Node_5,Camera-like Traffic Generator,418.8540892263073,2743
Node_5,Camera-like Traffic Generator,418.96558777279444,3015
Node_5,Camera-like Traffic Generator,419.1199389481336,3495
Node_5,Camera-like Traffic Generator,419.2607814648756,2838
Node_5,Camera-like Traffic Generator,419.41802400123436,2949
Node_5,Camera-like Traffic Generator,419.5919025480556,2992
Node_5,Camera-like Traffic Generator,419.7621844802521,3044
Node_3,Smart Plug,419.8600563064637,96
Node_5,Camera-like Traffic Generator,419.9258494958219,2902
Node_5,Camera-like Traffic Generator,420.1185600377516,2618
Node_5,Camera-like Traffic Generator,420.2663921629535,2561
Node_5,Camera-like Traffic Generator,420.45248256670266,2996
Node_5,Camera-like Traffic Generator,420.64251381831576,3018
Node_5,Camera-like Traffic Generator,420.82327438457014,3360
Node_3,Smart Plug,420.89453349109635,70
Node_5,Camera-like Traffic Generator,420.9248205673256,3264
Node_3,Smart Plug,420.9307072223591,75
Node_5,Camera-like Traffic Generator,421.0624322504414,2643
Node_5,Camera-like Traffic Generator,421.2283233045954,2670
Node_4,Motion Sensor,421.28946512284443,68
Node_5,Camera-like Traffic Generator,421.35071412589525,2849
Node_5,Camera-like Traffic Generator,421.51810242959175,2586
Node_5,Camera-like Traffic Generator,421.6574381063801,3373
Node_5,Camera-like Traffic Generator,421.794042156193,3277
Node_5,Camera-like Traffic Generator,421.94794960870837,2947
Node_5,Camera-like Traffic Generator,422.05843970036506,2764
Node_5,Camera-like Traffic Generator,422.2153828801441,3232
Node_3,Smart Plug,422.2550708605907,89
Node_5,Camera-like Traffic Generator,422.3676666258884,3270
Node_5,Camera-like Traffic Generator,422.48508809876023,3481
Node_5,Camera-like Traffic Generator,422.59896250760687,3067
Node_5,Camera-like Traffic Generator,422.7958541614849,3254
Node_5,Camera-like Traffic Generator,422.9913432827427,3057
Node_5,Camera-like Traffic Generator,423.14476923313026,3181
Node_3,Smart Plug,423.19151883983204,73
Node_5,Camera-like Traffic Generator,423.268291151509,3123
Node_5,Camera-like Traffic Generator,423.42247691547067,3283
Node_5,Camera-like Traffic Generator,423.6092846805493,3453
Node_5,Camera-like Traffic Generator,423.72197208864804,3418
Node_5,Camera-like Traffic Generator,423.9070593345973,3298
Node_5,Camera-like Traffic Generator,424.1021993332457,3191
Node_3,Smart Plug,424.11746049650566,81
Node_5,Camera-like Traffic Generator,424.22517923994053,3341
Node_5,Camera-like Traffic Generator,424.3684943271807,3219
Node_5,Camera-like Traffic Generator,424.5401694330888,2750
Node_5,Camera-like Traffic Generator,424.7370759947107,3148
Node_5,Camera-like Traffic Generator,424.8668897216146,3105
Node_5,Camera-like Traffic Generator,425.0515032748521,3109
Node_5,Camera-like Traffic Generator,425.2068573616308,2566
Node_5,Camera-like Traffic Generator,425.3152587743589,2846
Node_5,Camera-like Traffic Generator,425.4778653590462,3007
Node_3,Smart Plug,425.49964314638305,60
Node_3,Smart Plug,425.51379943777414,77
Node_3,Smart Plug,425.5351313185379,67
Node_3,Smart Plug,425.54880896984093,97
Node_5,Camera-like Traffic Generator,425.67410835819027,3251
Node_5,Camera-like Traffic Generator,425.7776883060607,3154
Node_5,Camera-like Traffic Generator,425.88685487707954,3423
Node_5,Camera-like Traffic Generator,426.010382969356,3043
Node_5,Camera-like Traffic Generator,426.1551408864253,2977
Node_5,Camera-like Traffic Generator,426.309067896551,3472
Node_5,Camera-like Traffic Generator,426.4277440002221,3433
Node_5,Camera-like Traffic Generator,426.5729446418802,2880
Node_5,Camera-like Traffic Generator,426.6807438276655,3114
Node_5,Camera-like Traffic Generator,426.8526847002064,3163
Node_3,Smart Plug,426.9336303658027,98
Node_4,Motion Sensor,426.95860568481817,85
Node_5,Camera-like Traffic Generator,426.99882529759077,3110
Node_5,Camera-like Traffic Generator,427.14807241521777,3041
Node_5,Camera-like Traffic Generator,427.33377479175005,3074
Node_5,Camera-like Traffic Generator,427.4774212491732,2997
Node_5,Camera-like Traffic Generator,427.6619723772879,3337
Node_5,Camera-like Traffic Generator,427.77492112897596,3016
Node_5,Camera-like Traffic Generator,427.8945364874582,3494
Node_5,Camera-like Traffic Generator,427.9983544799596,3143
Node_5,Camera-like Traffic Generator,428.1301798657101,3024
Node_3,Smart Plug,428.2292829398833,64
Node_5,Camera-like Traffic Generator,428.2700392311164,2686
Node_5,Camera-like Traffic Generator,428.43255924694654,2737
Node_5,Camera-like Traffic Generator,428.53774644896464,2769
Node_5,Camera-like Traffic Generator,428.64073622440145,3394
Node_5,Camera-like Traffic Generator,428.77677195118383,3494
Node_5,Camera-like Traffic Generator,428.91486587028794,3119
Node_5,Camera-like Traffic Generator,429.08342711165886,3069
Node_3,Smart Plug,429.1202180171272,86
Node_5,Camera-like Traffic Generator,429.1864905256611,2624
Node_5,Camera-like Traffic Generator,429.3144502344559,3041
Node_5,Camera-like Traffic Generator,429.49228814253496,2842
Node_5,Camera-like Traffic Generator,429.6297410729469,2751
Node_5,Camera-like Traffic Generator,429.82316415899675,2893
Node_5,Camera-like Traffic Generator,429.98252365090684,2696
Node_5,Camera-like Traffic Generator,430.1178256438198,3315
Node_5,Camera-like Traffic Generator,430.24724203148634,3138
Node_3,Smart Plug,430.3164661801287,98
Node_5,Camera-like Traffic Generator,430.4106369333518,2633
Node_4,Motion Sensor,430.44191661926806,71
Node_5,Camera-like Traffic Generator,430.5639072440662,3076
Node_5,Camera-like Traffic Generator,430.69083249107194,2891
Node_5,Camera-like Traffic Generator,430.8774697780794,3366
Node_5,Camera-like Traffic Generator,430.9969265591882,3460
Node_5,Camera-like Traffic Generator,431.1893036776361,3434
Node_5,Camera-like Traffic Generator,431.3233222846303,2664
Node_5,Camera-like Traffic Generator,431.43128297942354,3180
Node_5,Camera-like Traffic Generator,431.56407104612856,3033
Node_3,Smart Plug,431.60342372368797,70
Node_5,Camera-like Traffic Generator,431.69785984020086,3489
Node_5,Camera-like Traffic Generator,431.84619012424344,3413
Node_5,Camera-like Traffic Generator,431.9805251916565,2667
Node_5,Camera-like Traffic Generator,432.138069559545,2903
Node_5,Camera-like Traffic Generator,432.2969819829632,3368
Node_5,Camera-like Traffic Generator,432.4192090261324,3029
Node_5,Camera-like Traffic Generator,432.59737728396976,2870
Node_5,Camera-like Traffic Generator,432.71973264961895,3491
Node_5,Camera-like Traffic Generator,432.8701807738088,3059
Node_5,Camera-like Traffic Generator,433.00930270513015,2865
Node_3,Smart Plug,433.0587511656262,85
Node_5,Camera-like Traffic Generator,433.2044655405835,2989
Node_5,Camera-like Traffic Generator,433.3307504758763,2886
Node_5,Camera-like Traffic Generator,433.5157627013542,2824
Node_5,Camera-like Traffic Generator,433.6767510868233,3255
Node_5,Camera-like Traffic Generator,433.8540514108759,2787
Node_5,Camera-like Traffic Generator,433.98022211183144,2507
Node_3,Smart Plug,434.0522196591366,77
Node_5,Camera-like Traffic Generator,434.1108840454235,3123
Node_5,Camera-like Traffic Generator,434.29865905207197,3393
Node_5,Camera-like Traffic Generator,434.48109190965766,2574
Node_5,Camera-like Traffic Generator,434.66433162156306,3413
Node_5,Camera-like Traffic Generator,434.82423172617837,2664
Node_5,Camera-like Traffic Generator,434.94414650786916,3333
Node_5,Camera-like Traffic Generator,435.0775080214704,2736
Node_5,Camera-like Traffic Generator,435.25685317104535,2586
Node_3,Smart Plug,435.3911360155443,72
Node_5,Camera-like Traffic Generator,435.393275539341,2894
Node_3,Smart Plug,435.4040958979459,91
Node_4,Motion Sensor,435.4209157996288,85
Node_5,Camera-like Traffic Generator,435.5020962648157,2793
Node_5,Camera-like Traffic Generator,435.6128485279793,3327
Node_5,Camera-like Traffic Generator,435.73307824689334,2716
Node_5,Camera-like Traffic Generator,435.85042921290443,3119
Node_5,Camera-like Traffic Generator,435.9718759727673,2919
Node_5,Camera-like Traffic Generator,436.14466013943553,3450
Node_5,Camera-like Traffic Generator,436.2543979284988,3298
Node_5,Camera-like Traffic Generator,436.3991306145204,2817
Node_3,Smart Plug,436.4369542137801,62
Node_5,Camera-like Traffic Generator,436.500736290605,3120
Node_5,Camera-like Traffic Generator,436.6960093508423,2649
Node_5,Camera-like Traffic Generator,436.8824352338995,3302
Node_5,Camera-like Traffic Generator,437.01078311425584,3269
Node_5,Camera-like Traffic Generator,437.1194968171396,3276
Node_5,Camera-like Traffic Generator,437.23722929243274,2882
Node_5,Camera-like Traffic Generator,437.3901505041135,3497
Node_3,Smart Plug,437.4222196104984,77
Node_5,Camera-like Traffic Generator,437.55975839122635,3023
Node_5,Camera-like Traffic Generator,437.7159069508713,3105
Node_5,Camera-like Traffic Generator,437.89939816607915,3257
Node_5,Camera-like Traffic Generator,438.00007081885394,2860
Node_5,Camera-like Traffic Generator,438.1235718125861,3014
Node_5,Camera-like Traffic Generator,438.27935229402624,3266
Node_5,Camera-like Traffic Generator,438.4195716547375,3390
Node_5,Camera-like Traffic Generator,438.6130890523282,3057
Node_4,Motion Sensor,438.77253721828185,73
Node_5,Camera-like Traffic Generator,438.80437833775653,3275
Node_3,Smart Plug,438.872230019261,84
Node_3,Smart Plug,438.90191231103944,65
Node_5,Camera-like Traffic Generator,438.94598664829084,3455
Node_5,Camera-like Traffic Generator,439.13239009029587,3083
Node_5,Camera-like Traffic Generator,439.2739413574968,3254
Node_5,Camera-like Traffic Generator,439.42783284748106,2779
Node_5,Camera-like Traffic Generator,439.61409211583015,2638
Node_5,Camera-like Traffic Generator,439.78470228093283,3010
Node_3,Smart Plug,439.8547828597778,85
Node_5,Camera-like Traffic Generator,439.9830176739194,3393
Node_5,Camera-like Traffic Generator,440.11097904914203,3132
Node_5,Camera-like Traffic Generator,440.28426782928614,2921
Node_5,Camera-like Traffic Generator,440.4206388054038,3366
Node_5,Camera-like Traffic Generator,440.5993995840937,3341
Node_5,Camera-like Traffic Generator,440.7282028463407,3002
Node_5,Camera-like Traffic Generator,440.8586570177584,3114
Node_5,Camera-like Traffic Generator,440.9705227952566,2582
Node_5,Camera-like Traffic Generator,441.1398408188996,3485
Node_3,Smart Plug,441.1555630822034,64
Node_3,Smart Plug,441.1884168645972,70
Node_5,Camera-like Traffic Generator,441.2423803933559,3432
Node_5,Camera-like Traffic Generator,441.3430061489062,2539
Node_5,Camera-like Traffic Generator,441.45860046279716,2806
Node_5,Camera-like Traffic Generator,441.6225169666062,3086
Node_5,Camera-like Traffic Generator,441.8103577391993,2572
Node_5,Camera-like Traffic Generator,441.93399986427767,3142
Node_5,Camera-like Traffic Generator,442.1165816085336,3491
Node_5,Camera-like Traffic Generator,442.22815496328394,2825
Node_5,Camera-like Traffic Generator,442.35989265449956,2708
Node_5,Camera-like Traffic Generator,442.4922903138758,2980
Node_3,Smart Plug,442.615975539621,65
Node_5,Camera-like Traffic Generator,442.64446900461036,3133
Node_5,Camera-like Traffic Generator,442.7870372878073,3238
Node_5,Camera-like Traffic Generator,442.9552367816181,2783
Node_5,Camera-like Traffic Generator,443.0836730786855,3019
Node_5,Camera-like Traffic Generator,443.24536393548726,2885
Node_5,Camera-like Traffic Generator,443.4073601622414,3216
Node_5,Camera-like Traffic Generator,443.52176740023276,3463
Node_5,Camera-like Traffic Generator,443.6908034660127,3436
Node_5,Camera-like Traffic Generator,443.8331106994126,3398
Node_5,Camera-like Traffic Generator,444.0119934640211,3219
Node_3,Smart Plug,444.06900114609294,86
Node_3,Smart Plug,444.1070033540665,96
Node_5,Camera-like Traffic Generator,444.14126028311307,2913
Node_5,Camera-like Traffic Generator,444.3159502942615,2629
Node_5,Camera-like Traffic Generator,444.50054661935746,3484
Node_5,Camera-like Traffic Generator,444.6709150502459,3419
Node_4,Motion Sensor,444.75728536453283,83
Node_4,Motion Sensor,444.79695323769323,97
Node_5,Camera-like Traffic Generator,444.7997063766862,3449
Node_4,Motion Sensor,444.81466704807934,61
Node_4,Motion Sensor,444.825588575083,80
Node_4,Motion Sensor,444.8416824157465,94
Node_4,Motion Sensor,444.85627395402634,68
Node_4,Motion Sensor,444.8793755431513,68
Node_5,Camera-like Traffic Generator,444.9066656984278,2718
Node_4,Motion Sensor,444.91848529911186,97
Node_4,Motion Sensor,444.9391889204021,79
Node_4,Motion Sensor,444.9873180948408,73
Node_4,Motion Sensor,445.01937797940445,71
Node_4,Motion Sensor,445.0591857576464,79
Node_5,Camera-like Traffic Generator,445.08802242290824,3207
Node_4,Motion Sensor,445.08969201951555,75
Node_4,Motion Sensor,445.10741418904894,66
Node_4,Motion Sensor,445.1448964873176,95
Node_4,Motion Sensor,445.16613979787695,75
Node_4,Motion Sensor,445.19948572809363,90
Node_4,Motion Sensor,445.2219491332753,91
Node_3,Smart Plug,445.2677714561411,97
Node_5,Camera-like Traffic Generator,445.26879533825394,2605
Node_4,Motion Sensor,445.27009961626425,79
Node_4,Motion Sensor,445.31541390960297,76
Node_4,Motion Sensor,445.35529708040787,92
Node_5,Camera-like Traffic Generator,445.38216791686773,3336
Node_4,Motion Sensor,445.3902135189003,84
Node_4,Motion Sensor,445.4173860379284,82
Node_4,Motion Sensor,445.44234445739977,85
Node_4,Motion Sensor,445.4879224448423,98
Node_5,Camera-like Traffic Generator,445.4947974587716,3106
Node_4,Motion Sensor,445.5080449912728,76
Node_4,Motion Sensor,445.5422002750895,95
Node_4,Motion Sensor,445.5902153983868,81
Node_4,Motion Sensor,445.6161476651079,64
Node_4,Motion Sensor,445.6585092837825,77
Node_4,Motion Sensor,445.67594587944825,69
Node_5,Camera-like Traffic Generator,445.6826638610707,3145
Node_4,Motion Sensor,445.6945532460271,74
Node_4,Motion Sensor,445.7103548330662,72
Node_4,Motion Sensor,445.72074015304975,87
Node_4,Motion Sensor,445.75941225792366,68
Node_4,Motion Sensor,445.7921110280281,72
Node_4,Motion Sensor,445.81141697770465,62
Node_4,Motion Sensor,445.8327615478055,68
Node_5,Camera-like Traffic Generator,445.84535505735204,3124
Node_4,Motion Sensor,445.8514600845898,82
Node_4,Motion Sensor,445.890110709523,97
Node_4,Motion Sensor,445.9324077693749,86
Node_5,Camera-like Traffic Generator,445.95125350645793,3238
Node_5,Camera-like Traffic Generator,446.13980171976834,3019
Node_5,Camera-like Traffic Generator,446.28133851978214,2989
Node_3,Smart Plug,446.37301182336546,93
Node_5,Camera-like Traffic Generator,446.40173422318543,3052
Node_5,Camera-like Traffic Generator,446.5362349331246,3032
Node_5,Camera-like Traffic Generator,446.7129284347995,2904
Node_5,Camera-like Traffic Generator,446.8835451040722,3165
Node_5,Camera-like Traffic Generator,447.00123922029724,2680
Node_5,Camera-like Traffic Generator,447.13624799088234,2964
Node_5,Camera-like Traffic Generator,447.2622820575198,3473
Node_5,Camera-like Traffic Generator,447.41848618774304,2765
Node_5,Camera-like Traffic Generator,447.53205285188665,2654
Node_5,Camera-like Traffic Generator,447.6891747336862,2532
Node_3,Smart Plug,447.7227790169293,81
Node_3,Smart Plug,447.7709452307663,92
Node_5,Camera-like Traffic Generator,447.80341931069063,2590
Node_5,Camera-like Traffic Generator,447.9850861109031,3354
Node_5,Camera-like Traffic Generator,448.1592762450511,2882
Node_5,Camera-like Traffic Generator,448.3250440313705,2741
Node_5,Camera-like Traffic Generator,448.43526902593493,2553
Node_5,Camera-like Traffic Generator,448.622172061711,3218
Node_5,Camera-like Traffic Generator,448.81820711985245,3145
Node_5,Camera-like Traffic Generator,448.93576201920473,2957
Node_3,Smart Plug,448.96801595062465,97
Node_5,Camera-like Traffic Generator,449.05726887126406,2942
Node_5,Camera-like Traffic Generator,449.22898830666406,2717
Node_5,Camera-like Traffic Generator,449.38543679061945,3082
Node_5,Camera-like Traffic Generator,449.50405163482,3337
Node_5,Camera-like Traffic Generator,449.60697829092146,2681
Node_5,Camera-like Traffic Generator,449.7224974558537,3455
Node_5,Camera-like Traffic Generator,449.91346160897575,2714
Node_5,Camera-like Traffic Generator,450.0546556365498,2671
Node_5,Camera-like Traffic Generator,450.1647366414472,2927
Node_3,Smart Plug,450.2453009655519,76
Node_5,Camera-like Traffic Generator,450.29743211194216,3353
Node_5,Camera-like Traffic Generator,450.40496839927994,2803
Node_5,Camera-like Traffic Generator,450.560282039033,2643
Node_5,Camera-like Traffic Generator,450.74995269503347,2825
Node_4,Motion Sensor,450.8712181124113,87
Node_5,Camera-like Traffic Generator,450.88632192466497,3464
Node_5,Camera-like Traffic Generator,451.0652570937788,3355
Node_5,Camera-like Traffic Generator,451.21927344935534,2820
Node_5,Camera-like Traffic Generator,451.41324306215347,2766
Node_5,Camera-like Traffic Generator,451.52545871706985,3224
Node_5,Camera-like Traffic Generator,451.6717614616202,3243
Node_3,Smart Plug,451.716477686357,63
Node_5,Camera-like Traffic Generator,451.82107164009295,2661
Node_5,Camera-like Traffic Generator,451.96037982022386,2747
Node_5,Camera-like Traffic Generator,452.06233585137574,2832
Node_5,Camera-like Traffic Generator,452.24887916870404,3077
Node_5,Camera-like Traffic Generator,452.44418690985054,2998
Node_5,Camera-like Traffic Generator,452.61573599889863,2616
Node_5,Camera-like Traffic Generator,452.80506318930287,3103
Node_5,Camera-like Traffic Generator,452.9898575764204,3082
Node_5,Camera-like Traffic Generator,453.0901263845668,3071
Node_3,Smart Plug,453.18912555175706,63
Node_5,Camera-like Traffic Generator,453.2341405546397,2662
Node_5,Camera-like Traffic Generator,453.3672515273172,3166
Node_5,Camera-like Traffic Generator,453.52684110587757,3259
Node_5,Camera-like Traffic Generator,453.71790745405605,3218
Node_5,Camera-like Traffic Generator,453.83933117349966,3207
Node_5,Camera-like Traffic Generator,454.0210811978533,2638
Node_5,Camera-like Traffic Generator,454.2162047947587,3445
Node_5,Camera-like Traffic Generator,454.36809928610563,2630
Node_5,Camera-like Traffic Generator,454.4709071236905,3175
Node_3,Smart Plug,454.5256812145304,85
Node_3,Smart Plug,454.5372544618342,75
Node_3,Smart Plug,454.5750897529785,95
Node_5,Camera-like Traffic Generator,454.6681156460241,2634
Node_5,Camera-like Traffic Generator,454.8045463732654,3229
Node_5,Camera-like Traffic Generator,454.9771573050068,2554
Node_5,Camera-like Traffic Generator,455.09600135083457,2537
Node_5,Camera-like Traffic Generator,455.20044791192174,3260
Node_5,Camera-like Traffic Generator,455.34934245482935,3310
Node_5,Camera-like Traffic Generator,455.51794390953796,2965
Node_3,Smart Plug,455.6265725380287,63
Node_5,Camera-like Traffic Generator,455.6682899804429,3363
Node_5,Camera-like Traffic Generator,455.81212697517236,3183
Node_5,Camera-like Traffic Generator,455.98145893610376,3222
Node_5,Camera-like Traffic Generator,456.16931046520443,3167
Node_5,Camera-like Traffic Generator,456.3050468920531,2736
Node_4,Motion Sensor,456.31140153557556,67
Node_4,Motion Sensor,456.34134757431246,99
Node_4,Motion Sensor,456.3681970641561,64
Node_4,Motion Sensor,456.38504265331744,73
Node_4,Motion Sensor,456.41035695404423,83
Node_4,Motion Sensor,456.4317584306116,85
Node_5,Camera-like Traffic Generator,456.458545848908,3424
Node_4,Motion Sensor,456.47600255328837,99
Node_4,Motion Sensor,456.5224682790267,71
Node_4,Motion Sensor,456.5661339935788,76
Node_4,Motion Sensor,456.61196717458256,96
Node_4,Motion Sensor,456.62353198436307,85
Node_4,Motion Sensor,456.63631014894946,63
Node_5,Camera-like Traffic Generator,456.63841505429184,3422
Node_4,Motion Sensor,456.678410680234,88
Node_4,Motion Sensor,456.6993976220833,90
Node_4,Motion Sensor,456.7254113957868,82
Node_4,Motion Sensor,456.7479383822349,84
Node_4,Motion Sensor,456.77367148190365,87
Node_4,Motion Sensor,456.8018547515514,93
Node_5,Camera-like Traffic Generator,456.81744866004436,3313
Node_4,Motion Sensor,456.8505408526633,64
Node_4,Motion Sensor,456.87549709598096,84
Node_4,Motion Sensor,456.8866686232546,61
Node_4,Motion Sensor,456.89708446433895,64
Node_4,Motion Sensor,456.91999882595337,87
Node_5,Camera-like Traffic Generator,456.921492438972,2517
Node_3,Smart Plug,456.9412994661483,65
Node_3,Smart Plug,456.9800890275381,83
Node_5,Camera-like Traffic Generator,457.11929142369485,2736
Node_5,Camera-like Traffic Generator,457.2580765353348,2582
Node_5,Camera-like Traffic Generator,457.4153431267162,3294
Node_5,Camera-like Traffic Generator,457.54741654037844,2960
Node_5,Camera-like Traffic Generator,457.6821052871848,3371
Node_3,Smart Plug,457.8241838691295,81
Node_5,Camera-like Traffic Generator,457.8775147067289,3372
Node_5,Camera-like Traffic Generator,458.03456631909006,3428
Node_5,Camera-like Traffic Generator,458.1439232432535,3278
Node_5,Camera-like Traffic Generator,458.3082144101977,2667
Node_5,Camera-like Traffic Generator,458.50090059002173,3441
Node_5,Camera-like Traffic Generator,458.6758284179971,3164
Node_5,Camera-like Traffic Generator,458.7850759238875,2698
Node_5,Camera-like Traffic Generator,458.91279434246616,3367
Node_3,Smart Plug,458.9979419018647,93
Node_5,Camera-like Traffic Generator,459.0639324404027,2556
Node_5,Camera-like Traffic Generator,459.2462573574184,3411
Node_5,Camera-like Traffic Generator,459.4039122749682,3492
Node_5,Camera-like Traffic Generator,459.51217705665965,3186
Node_5,Camera-like Traffic Generator,459.66216358086376,3108
Node_5,Camera-like Traffic Generator,459.7736805945813,2897
Node_5,Camera-like Traffic Generator,459.9370096632651,3231
Node_5,Camera-like Traffic Generator,460.0485656227038,2657
Node_5,Camera-like Traffic Generator,460.2352387115872,3423
Node_4,Motion Sensor,460.4305731836422,67
Node_5,Camera-like Traffic Generator,460.4312501114079,2910
Node_3,Smart Plug,460.49502544146605,61
Node_3,Smart Plug,460.5365365827427,61
Node_3,Smart Plug,460.578820730975,86
Node_5,Camera-like Traffic Generator,460.60651609688205,2639
Node_5,Camera-like Traffic Generator,460.71803268849493,3271
Node_5,Camera-like Traffic Generator,460.885376459274,2615
Node_5,Camera-like Traffic Generator,461.0236346649283,2604
Node_5,Camera-like Traffic Generator,461.2149631928413,2541
Node_5,Camera-like Traffic Generator,461.3767139890712,2531
Node_5,Camera-like Traffic Generator,461.4903126663808,2842
Node_5,Camera-like Traffic Generator,461.6645706332014,3029
Node_5,Camera-like Traffic Generator,461.8083343302984,2748
Node_3,Smart Plug,461.8534752073877,94
Node_3,Smart Plug,461.88664903588017,96
Node_3,Smart Plug,461.9023126547693,86
Node_5,Camera-like Traffic Generator,462.0008826288533,3246
Node_5,Camera-like Traffic Generator,462.1222915511061,2793
Node_5,Camera-like Traffic Generator,462.2415360084638,2880
Node_5,Camera-like Traffic Generator,462.3623761992143,2513
Node_5,Camera-like Traffic Generator,462.4802599682312,3150
Node_5,Camera-like Traffic Generator,462.6467743483668,2801
Node_5,Camera-like Traffic Generator,462.79887361956264,2649
Node_5,Camera-like Traffic Generator,462.97737372074306,2676
Node_5,Camera-like Traffic Generator,463.08638376693045,2522
Node_5,Camera-like Traffic Generator,463.24222242759015,2894
Node_3,Smart Plug,463.34492600784927,61
Node_5,Camera-like Traffic Generator,463.39470406559,3421
Node_5,Camera-like Traffic Generator,463.5806884498651,3076
Node_5,Camera-like Traffic Generator,463.71335237707893,2634
Node_5,Camera-like Traffic Generator,463.87298470321,2875
Node_5,Camera-like Traffic Generator,463.97469619309607,3323
Node_5,Camera-like Traffic Generator,464.0940615825181,3346
Node_3,Smart Plug,464.2363024213291,66
Node_3,Smart Plug,464.2585959147254,91
Node_5,Camera-like Traffic Generator,464.2935182913723,2849
Node_5,Camera-like Traffic Generator,464.43156785352824,3290
Node_4,Motion Sensor,464.5372117824452,96
Node_5,Camera-like Traffic Generator,464.61261431465005,3235
Node_5,Camera-like Traffic Generator,464.71273792261735,3430
Node_5,Camera-like Traffic Generator,464.88430525585886,3068
Node_5,Camera-like Traffic Generator,465.0188291334559,3279
Node_5,Camera-like Traffic Generator,465.1771750208908,3323
Node_3,Smart Plug,465.1780784862434,83
Node_5,Camera-like Traffic Generator,465.3548113195004,2728
Node_5,Camera-like Traffic Generator,465.5001847526721,2641
Node_5,Camera-like Traffic Generator,465.6192603962591,3435
Node_5,Camera-like Traffic Generator,465.7742298935275,3039
Node_5,Camera-like Traffic Generator,465.91296676836635,3262
Node_5,Camera-like Traffic Generator,466.0260001287671,3346
Node_3,Smart Plug,466.0525103264242,79
Node_5,Camera-like Traffic Generator,466.1519358553364,2574
Node_5,Camera-like Traffic Generator,466.3262003956946,2656
Node_5,Camera-like Traffic Generator,466.44028497846307,2981
Node_5,Camera-like Traffic Generator,466.54566651824183,2623
Node_5,Camera-like Traffic Generator,466.7070916335306,2979
Node_5,Camera-like Traffic Generator,466.8628444737924,2777
Node_5,Camera-like Traffic Generator,466.9794796574837,3119
Node_3,Smart Plug,467.00691109339425,92
Node_5,Camera-like Traffic Generator,467.1237911151466,3221
Node_5,Camera-like Traffic Generator,467.23232847425857,2926
Node_5,Camera-like Traffic Generator,467.3914097410957,2912
Node_5,Camera-like Traffic Generator,467.50440850168155,3360
Node_5,Camera-like Traffic Generator,467.6575132216855,3445
Node_5,Camera-like Traffic Generator,467.7682171894523,2819
Node_5,Camera-like Traffic Generator,467.9635086355004,2658
Node_5,Camera-like Traffic Generator,468.15136735389893,3131
Node_5,Camera-like Traffic Generator,468.2521251012077,3201
Node_3,Smart Plug,468.3749758142121,99
Node_5,Camera-like Traffic Generator,468.43877053323695,2532
Node_5,Camera-like Traffic Generator,468.544635312236,2516
Node_5,Camera-like Traffic Generator,468.6809539898312,3405
Node_5,Camera-like Traffic Generator,468.87661289675026,3064
Node_5,Camera-like Traffic Generator,469.05345414579887,2951
Node_5,Camera-like Traffic Generator,469.1957730590597,3286
Node_5,Camera-like Traffic Generator,469.3580637000285,2870
Node_3,Smart Plug,469.4019402729203,99
Node_5,Camera-like Traffic Generator,469.5170759898782,3278
Node_5,Camera-like Traffic Generator,469.6518792025894,2785
Node_5,Camera-like Traffic Generator,469.8362297335211,3445
Node_5,Camera-like Traffic Generator,469.9613578555525,3341
Node_5,Camera-like Traffic Generator,470.07504377179504,3310
Node_5,Camera-like Traffic Generator,470.2212183594279,2502
Node_3,Smart Plug,470.2980708543075,93
Node_5,Camera-like Traffic Generator,470.32563071958566,2559
Node_4,Motion Sensor,470.3395428505491,94
Node_5,Camera-like Traffic Generator,470.4374816784972,3283
Node_5,Camera-like Traffic Generator,470.5497453602656,2707
Node_5,Camera-like Traffic Generator,470.7303550349514,3236
Node_5,Camera-like Traffic Generator,470.8716123080248,2729
Node_5,Camera-like Traffic Generator,471.01654488533575,2776
Node_5,Camera-like Traffic Generator,471.21086584798087,2988
Node_5,Camera-like Traffic Generator,471.35324637577247,2542
Node_5,Camera-like Traffic Generator,471.4545592772372,2597
Node_5,Camera-like Traffic Generator,471.6272355839544,2866
Node_3,Smart Plug,471.6330303719646,83
Node_5,Camera-like Traffic Generator,471.7379757993961,3092
Node_5,Camera-like Traffic Generator,471.92481905881993,2608
Node_5,Camera-like Traffic Generator,472.0590909582104,2560
Node_5,Camera-like Traffic Generator,472.1675344569675,3008
Node_5,Camera-like Traffic Generator,472.30839314029504,2601
Node_5,Camera-like Traffic Generator,472.4137814482106,3212
Node_3,Smart Plug,472.5175522146509,65
Node_5,Camera-like Traffic Generator,472.54699537735695,3468
Node_5,Camera-like Traffic Generator,472.7282950927494,2787
Node_5,Camera-like Traffic Generator,472.92529201966113,3453
Node_5,Camera-like Traffic Generator,473.0744953322818,2699
Node_5,Camera-like Traffic Generator,473.2145570454222,2614
Node_5,Camera-like Traffic Generator,473.33421240423206,2517
Node_5,Camera-like Traffic Generator,473.47772201361965,2848
Node_5,Camera-like Traffic Generator,473.6636624674233,3176
Node_3,Smart Plug,473.8049592646268,82
Node_5,Camera-like Traffic Generator,473.80834445043666,3203
Node_5,Camera-like Traffic Generator,473.9679604791432,2996
Node_5,Camera-like Traffic Generator,474.0884166688952,3061
Node_5,Camera-like Traffic Generator,474.22179293957606,3499
Node_5,Camera-like Traffic Generator,474.40215828212763,3277
Node_5,Camera-like Traffic Generator,474.5628545512543,2656
Node_5,Camera-like Traffic Generator,474.74384115603385,3438
Node_5,Camera-like Traffic Generator,474.9360380812077,3338
Node_5,Camera-like Traffic Generator,475.12500173166796,2936
Node_5,Camera-like Traffic Generator,475.2398930872115,2853
Node_3,Smart Plug,475.25293213604505,61
Node_3,Smart Plug,475.29682680445495,84
Node_5,Camera-like Traffic Generator,475.34630054221225,2740
Node_5,Camera-like Traffic Generator,475.4601227443728,3353
Node_5,Camera-like Traffic Generator,475.5620208043907,2557
Node_5,Camera-like Traffic Generator,475.6886212423023,2914
Node_4,Motion Sensor,475.6943749568505,64
Node_5,Camera-like Traffic Generator,475.79863795955043,3465
Node_5,Camera-like Traffic Generator,475.9613217240896,2524
Node_5,Camera-like Traffic Generator,476.06810284826054,2616
Node_3,Smart Plug,476.1077680328427,79
Node_3,Smart Plug,476.12494454708866,63
Node_5,Camera-like Traffic Generator,476.21279598640433,2985
Node_5,Camera-like Traffic Generator,476.35953184839445,3413
Node_5,Camera-like Traffic Generator,476.4632669220649,3249
Node_5,Camera-like Traffic Generator,476.5895363412474,2735
Node_5,Camera-like Traffic Generator,476.7663636109964,3052
Node_5,Camera-like Traffic Generator,476.94841835544486,3062
Node_5,Camera-like Traffic Generator,477.1184117439918,3207
Node_5,Camera-like Traffic Generator,477.28805555011377,3074
Node_5,Camera-like Traffic Generator,477.41956024765216,3167
Node_3,Smart Plug,477.5457851464662,76
Node_5,Camera-like Traffic Generator,477.59033313844776,2816
Node_5,Camera-like Traffic Generator,477.7075451955929,2755
Node_5,Camera-like Traffic Generator,477.86843011721953,2537
Node_5,Camera-like Traffic Generator,478.0273946902882,3146
Node_5,Camera-like Traffic Generator,478.1871880238646,2996
Node_5,Camera-like Traffic Generator,478.37844561644954,3283
Node_5,Camera-like Traffic Generator,478.5313644082128,2992
Node_5,Camera-like Traffic Generator,478.65373248066896,2565
Node_5,Camera-like Traffic Generator,478.80005725647675,2939
Node_3,Smart Plug,478.8865790424351,87
Node_5,Camera-like Traffic Generator,478.91208504971553,2914
Node_4,Motion Sensor,478.9195014825445,73
Node_3,Smart Plug,478.92217207058434,80
Node_5,Camera-like Traffic Generator,479.07238374778063,3249
Node_5,Camera-like Traffic Generator,479.18258928963786,3408
Node_5,Camera-like Traffic Generator,479.37813449444087,2648
Node_5,Camera-like Traffic Generator,479.5266300369125,3452
Node_5,Camera-like Traffic Generator,479.6751321762721,3071
Node_5,Camera-like Traffic Generator,479.79995635689994,3330
Node_5,Camera-like Traffic Generator,479.9761758674271,2936
Node_5,Camera-like Traffic Generator,480.09726940935997,3188
Node_5,Camera-like Traffic Generator,480.24880822073794,3090
Node_5,Camera-like Traffic Generator,480.3777188089002,3068
Node_3,Smart Plug,480.37883479789696,84
Node_3,Smart Plug,480.3960348165762,79
Node_5,Camera-like Traffic Generator,480.4891126532333,3110
Node_5,Camera-like Traffic Generator,480.6698139939792,2566
Node_5,Camera-like Traffic Generator,480.85206859145757,2764
Node_5,Camera-like Traffic Generator,481.04041109076644,3348
Node_5,Camera-like Traffic Generator,481.2359865304433,2639
Node_5,Camera-like Traffic Generator,481.3574207551884,2550
Node_5,Camera-like Traffic Generator,481.5034949346141,3404
Node_3,Smart Plug,481.6350689744077,91
Node_5,Camera-like Traffic Generator,481.68792002276007,2605
Node_5,Camera-like Traffic Generator,481.8289942145799,3341
Node_5,Camera-like Traffic Generator,481.99506980979885,3159
Node_5,Camera-like Traffic Generator,482.15815227294655,3160
Node_5,Camera-like Traffic Generator,482.2841014211061,3349
Node_3,Smart Plug,482.438268003305,69
Node_3,Smart Plug,482.46947596414213,63
Node_5,Camera-like Traffic Generator,482.4742950592643,3045
Node_5,Camera-like Traffic Generator,482.6716190087497,2583
Node_5,Camera-like Traffic Generator,482.8085567072364,3201
Node_5,Camera-like Traffic Generator,482.9700776551782,3012
Node_5,Camera-like Traffic Generator,483.1205233316875,3493
Node_5,Camera-like Traffic Generator,483.2789946265142,3400
Node_5,Camera-like Traffic Generator,483.4687393099527,2583
Node_5,Camera-like Traffic Generator,483.6131849914967,2522
Node_5,Camera-like Traffic Generator,483.7968130197834,3003
Node_3,Smart Plug,483.8022657316067,81
Node_3,Smart Plug,483.84307898293116,86
Node_3,Smart Plug,483.8608277426517,91
Node_5,Camera-like Traffic Generator,483.9555777598366,2789
Node_5,Camera-like Traffic Generator,484.1217263944702,2530
Node_5,Camera-like Traffic Generator,484.30376124969547,2570
Node_4,Motion Sensor,484.35695806159396,70
Node_5,Camera-like Traffic Generator,484.4584230660004,2899
Node_5,Camera-like Traffic Generator,484.58442663857176,3035
Node_5,Camera-like Traffic Generator,484.70049827089576,2620
Node_5,Camera-like Traffic Generator,484.89517858382743,3383
Node_5,Camera-like Traffic Generator,485.04737321307425,3237
Node_5,Camera-like Traffic Generator,485.17068699511884,3482
Node_3,Smart Plug,485.33882942912066,78
Node_5,Camera-like Traffic Generator,485.3679389106831,2873
Node_3,Smart Plug,485.37563513452574,61
Node_5,Camera-like Traffic Generator,485.5611896077978,3039
Node_5,Camera-like Traffic Generator,485.6673610561864,2525
Node_5,Camera-like Traffic Generator,485.82137055413205,2918
Node_5,Camera-like Traffic Generator,485.9533903685885,3166
Node_5,Camera-like Traffic Generator,486.1362714324392,2679
Node_5,Camera-like Traffic Generator,486.2551628663489,3063
Node_3,Smart Plug,486.37518029853504,77
Node_5,Camera-like Traffic Generator,486.3851184334672,2903
Node_5,Camera-like Traffic Generator,486.5615793884969,3167
Node_5,Camera-like Traffic Generator,486.7549942555388,3010
Node_5,Camera-like Traffic Generator,486.9049626901664,3317
Node_5,Camera-like Traffic Generator,487.03200430183153,2665
Node_5,Camera-like Traffic Generator,487.19904553607404,3059
Node_5,Camera-like Traffic Generator,487.34951420676293,2963
Node_5,Camera-like Traffic Generator,487.52472986262035,3078
Node_5,Camera-like Traffic Generator,487.7246346767372,3430
Node_3,Smart Plug,487.7387878707259,90
Node_4,Motion Sensor,487.7702480388342,78
Node_3,Smart Plug,487.77840454611845,96
Node_3,Smart Plug,487.8198242268417,79
Node_3,Smart Plug,487.86562739383777,88
Node_5,Camera-like Traffic Generator,487.8723482482742,3135
Node_5,Camera-like Traffic Generator,487.99906169483404,3088
Node_5,Camera-like Traffic Generator,488.12199542137824,2617
Node_5,Camera-like Traffic Generator,488.31246757256116,2588
Node_5,Camera-like Traffic Generator,488.4705650464087,2612
Node_5,Camera-like Traffic Generator,488.613280011785,2994
Node_5,Camera-like Traffic Generator,488.7684648124414,2748
Node_3,Smart Plug,488.89380801386244,67
Node_5,Camera-like Traffic Generator,488.9172154911029,3174
Node_5,Camera-like Traffic Generator,489.09806348362065,3053
Node_5,Camera-like Traffic Generator,489.2204765528788,3222
Node_5,Camera-like Traffic Generator,489.3558808111799,3279
Node_5,Camera-like Traffic Generator,489.50190476084845,3297
Node_5,Camera-like Traffic Generator,489.68238591655586,3170
Node_5,Camera-like Traffic Generator,489.8222017344646,2792
Node_3,Smart Plug,489.9217874851067,91
Node_5,Camera-like Traffic Generator,489.92671849240344,3104
Node_5,Camera-like Traffic Generator,490.0688817435218,3139
Node_5,Camera-like Traffic Generator,490.2523904038754,2876
Node_5,Camera-like Traffic Generator,490.40707024784405,3220
Node_5,Camera-like Traffic Generator,490.6006258984149,2929
Node_5,Camera-like Traffic Generator,490.72719036794086,3011
Node_3,Smart Plug,490.7904323787677,89
Node_5,Camera-like Traffic Generator,490.84235930752,2943
Node_5,Camera-like Traffic Generator,490.9576542330613,2838
Node_5,Camera-like Traffic Generator,491.0962477541365,2659
Node_5,Camera-like Traffic Generator,491.28958951399375,3079
Node_5,Camera-like Traffic Generator,491.4139053188519,3130
Node_5,Camera-like Traffic Generator,491.54142704201996,3046
Node_5,Camera-like Traffic Generator,491.6414613724346,3467
Node_5,Camera-like Traffic Generator,491.83747678091277,3278
Node_3,Smart Plug,491.85330505028213,68
Node_5,Camera-like Traffic Generator,491.96406860307104,2900
Node_5,Camera-like Traffic Generator,492.1337373859473,2727
Node_5,Camera-like Traffic Generator,492.2378461798917,2935
Node_5,Camera-like Traffic Generator,492.43634742352657,2895
Node_5,Camera-like Traffic Generator,492.55148129316757,3487
Node_5,Camera-like Traffic Generator,492.7042022231815,3101
Node_5,Camera-like Traffic Generator,492.8110172092204,2522
Node_3,Smart Plug,492.99239045141513,95
Node_5,Camera-like Traffic Generator,492.99431927127245,2589
Node_3,Smart Plug,493.0395059360728,78
Node_5,Camera-like Traffic Generator,493.1017045760024,3498
Node_5,Camera-like Traffic Generator,493.21299919617843,3396
Node_4,Motion Sensor,493.3559327364921,90
Node_5,Camera-like Traffic Generator,493.41242129913996,2748
Node_5,Camera-like Traffic Generator,493.5785394126544,3487
Node_5,Camera-like Traffic Generator,493.742549113232,2663
Node_5,Camera-like Traffic Generator,493.9246239594648,2704
Node_3,Smart Plug,493.9349891662793,88
Node_5,Camera-like Traffic Generator,494.06536190885697,2732
Node_5,Camera-like Traffic Generator,494.21287294757735,2907
Node_5,Camera-like Traffic Generator,494.3129153893193,2686
Node_5,Camera-like Traffic Generator,494.4377779261399,3418
Node_5,Camera-like Traffic Generator,494.5698996817371,3011
Node_5,Camera-like Traffic Generator,494.70996051135603,3279
Node_5,Camera-like Traffic Generator,494.8799936853805,3410
Node_5,Camera-like Traffic Generator,495.0160253040251,3456
Node_5,Camera-like Traffic Generator,495.19107294996803,2995
Node_5,Camera-like Traffic Generator,495.31729122355154,3116
Node_3,Smart Plug,495.41787829020177,68
Node_3,Smart Plug,495.45556671138223,62
Node_5,Camera-like Traffic Generator,495.4601829958798,3150
Node_3,Smart Plug,495.499632766044,78
Node_3,Smart Plug,495.52337580637317,95
Node_5,Camera-like Traffic Generator,495.64748718657006,3197
Node_5,Camera-like Traffic Generator,495.7748471959932,3287
Node_5,Camera-like Traffic Generator,495.91648628289687,3345
Node_5,Camera-like Traffic Generator,496.0634909041907,3240
Node_5,Camera-like Traffic Generator,496.2531484745465,3431
Node_5,Camera-like Traffic Generator,496.359681832623,3015
Node_5,Camera-like Traffic Generator,496.5297012932852,3094
Node_5,Camera-like Traffic Generator,496.6870247511469,3046
Node_5,Camera-like Traffic Generator,496.79120784128736,3041
Node_3,Smart Plug,496.87605868188865,85
Node_5,Camera-like Traffic Generator,496.9819631524855,2502
Node_5,Camera-like Traffic Generator,497.12203361505635,3333
Node_5,Camera-like Traffic Generator,497.23657963396744,2771
Node_5,Camera-like Traffic Generator,497.3808647303974,2913
Node_5,Camera-like Traffic Generator,497.56564382082814,2604
Node_5,Camera-like Traffic Generator,497.6882912373004,2826
Node_3,Smart Plug,497.7950135207359,98
Node_5,Camera-like Traffic Generator,497.80676203418284,2894
Node_5,Camera-like Traffic Generator,497.94441521063,2765
Node_5,Camera-like Traffic Generator,498.0866337211508,3163
Node_5,Camera-like Traffic Generator,498.24837438688814,3415
Node_5,Camera-like Traffic Generator,498.41826246156575,3081
Node_5,Camera-like Traffic Generator,498.587910391099,3049
Node_3,Smart Plug,498.65554555334626,94
Node_5,Camera-like Traffic Generator,498.71907196979174,3006
Node_5,Camera-like Traffic Generator,498.8757941095916,3188
Node_5,Camera-like Traffic Generator,499.06246733437627,2827
Node_5,Camera-like Traffic Generator,499.2213025534177,3478
Node_4,Motion Sensor,499.253441526735,76
Node_5,Camera-like Traffic Generator,499.4016604824834,2549
Node_5,Camera-like Traffic Generator,499.5140721645033,2634
Node_5,Camera-like Traffic Generator,499.6739829779836,2680
Node_5,Camera-like Traffic Generator,499.8584648265271,3281
Node_5,Camera-like Traffic Generator,500.05793322861575,2746
Node_3,Smart Plug,500.1525105895262,83
Node_5,Camera-like Traffic Generator,500.25080806135134,3389
Node_5,Camera-like Traffic Generator,500.3552569046154,2613
Node_5,Camera-like Traffic Generator,500.50270498768725,2922
Node_5,Camera-like Traffic Generator,500.67552475264546,2727
Node_5,Camera-like Traffic Generator,500.8351254065455,3252
Node_5,Camera-like Traffic Generator,500.9906493450877,2894
Node_5,Camera-like Traffic Generator,501.13277422766237,2748
Node_3,Smart Plug,501.1479302043639,89
Node_5,Camera-like Traffic Generator,501.33036065060446,3147
Node_5,Camera-like Traffic Generator,501.44036148187666,3079
Node_5,Camera-like Traffic Generator,501.5731268661725,3099
Node_5,Camera-like Traffic Generator,501.71102515892676,2507
Node_5,Camera-like Traffic Generator,501.813502478908,3156
Node_5,Camera-like Traffic Generator,501.9707424638533,3306
Node_5,Camera-like Traffic Generator,502.1006138013642,3471
Node_3,Smart Plug,502.1205881283118,73
Node_5,Camera-like Traffic Generator,502.22563557656434,2546
Node_5,Camera-like Traffic Generator,502.4176864212757,3498
Node_5,Camera-like Traffic Generator,502.58592726265334,2773
Node_4,Motion Sensor,502.62056145418074,81
Node_5,Camera-like Traffic Generator,502.77623022526984,3361
Node_5,Camera-like Traffic Generator,502.9375692716549,2931
Node_5,Camera-like Traffic Generator,503.07861530176655,2826
Node_5,Camera-like Traffic Generator,503.22219570067045,2661
Node_5,Camera-like Traffic Generator,503.4042148381055,3431
Node_5,Camera-like Traffic Generator,503.5356895985958,3365
Node_3,Smart Plug,503.5448639680074,83
Node_3,Smart Plug,503.57781199940257,60
Node_5,Camera-like Traffic Generator,503.6846925289362,2943
Node_5,Camera-like Traffic Generator,503.838444324595,2529
Node_5,Camera-like Traffic Generator,503.9835064528874,3452
Node_5,Camera-like Traffic Generator,504.16030699172455,3464
Node_5,Camera-like Traffic Generator,504.279535743519,3006
Node_3,Smart Plug,504.40585307527215,78
Node_5,Camera-like Traffic Generator,504.44039681548475,2925
Node_5,Camera-like Traffic Generator,504.56464847906307,3282
Node_5,Camera-like Traffic Generator,504.6904573333144,2904
Node_5,Camera-like Traffic Generator,504.828583373403,2630
Node_5,Camera-like Traffic Generator,504.99193670716255,3270
Node_5,Camera-like Traffic Generator,505.12558744047,2789
Node_3,Smart Plug,505.2293874633523,81
Node_5,Camera-like Traffic Generator,505.2364273098474,3132
Node_5,Camera-like Traffic Generator,505.3967923561163,2847
Node_5,Camera-like Traffic Generator,505.5893275851836,2509
Node_5,Camera-like Traffic Generator,505.782519126673,2925
Node_5,Camera-like Traffic Generator,505.9680766755139,2618
Node_5,Camera-like Traffic Generator,506.08329225813355,2681
Node_5,Camera-like Traffic Generator,506.25949591492486,2951
Node_5,Camera-like Traffic Generator,506.4559293122189,2978
Node_3,Smart Plug,506.58799972348277,92
Node_5,Camera-like Traffic Generator,506.6215937268885,2810
Node_5,Camera-like Traffic Generator,506.73502738280894,2816
Node_5,Camera-like Traffic Generator,506.84176060987573,2527
Node_5,Camera-like Traffic Generator,506.9496671177082,2780
Node_5,Camera-like Traffic Generator,507.1480165109418,2592
Node_5,Camera-like Traffic Generator,507.33908840345094,3351
Node_5,Camera-like Traffic Generator,507.52061695455006,2751
Node_3,Smart Plug,507.55635776824244,82
Node_3,Smart Plug,507.59562921959844,97
Node_4,Motion Sensor,507.60436838071666,99
Node_3,Smart Plug,507.617460836727,85
Node_3,Smart Plug,507.6466521547827,72
Node_5,Camera-like Traffic Generator,507.70030514932944,3139
Node_5,Camera-like Traffic Generator,507.89964249995126,2506
Node_5,Camera-like Traffic Generator,508.09008622507486,3036
Node_5,Camera-like Traffic Generator,508.2009210102342,3088
Node_5,Camera-like Traffic Generator,508.3991188626044,2981
Node_5,Camera-like Traffic Generator,508.5485722842803,3058
Node_5,Camera-like Traffic Generator,508.6681606652389,2579
Node_5,Camera-like Traffic Generator,508.8259446225083,3382
Node_5,Camera-like Traffic Generator,508.96178111457294,3430
Node_3,Smart Plug,509.0471976326444,89
Node_3,Smart Plug,509.07539126455083,90
Node_5,Camera-like Traffic Generator,509.15150765204913,3430
Node_5,Camera-like Traffic Generator,509.27882736382827,2634
Node_5,Camera-like Traffic Generator,509.450655195997,3292
Node_5,Camera-like Traffic Generator,509.6359293753991,3138
Node_5,Camera-like Traffic Generator,509.77842819275065,2647
Node_5,Camera-like Traffic Generator,509.88951896528965,2664
Node_5,Camera-like Traffic Generator,510.0099080598873,2751
Node_3,Smart Plug,510.1591435251275,91
Node_5,Camera-like Traffic Generator,510.1834496361236,3384
Node_5,Camera-like Traffic Generator,510.3176646686028,2930
Node_5,Camera-like Traffic Generator,510.48730809796314,3229
Node_5,Camera-like Traffic Generator,510.67394793569946,3032
Node_5,Camera-like Traffic Generator,510.8200683629161,2850
Node_5,Camera-like Traffic Generator,511.00196846156445,2668
Node_5,Camera-like Traffic Generator,511.2003085685172,3447
Node_3,Smart Plug,511.2841505763028,85
Node_5,Camera-like Traffic Generator,511.317791411253,2627
Node_5,Camera-like Traffic Generator,511.48496632391243,3194
Node_5,Camera-like Traffic Generator,511.60822239668954,2824
Node_5,Camera-like Traffic Generator,511.7335441763594,3296
Node_5,Camera-like Traffic Generator,511.9315390023111,2768
Node_5,Camera-like Traffic Generator,512.0346825555054,3444
Node_3,Smart Plug,512.1336395906707,95
Node_5,Camera-like Traffic Generator,512.1601290235797,3152
Node_5,Camera-like Traffic Generator,512.2886497184406,2967
Node_5,Camera-like Traffic Generator,512.462626469966,3369
Node_5,Camera-like Traffic Generator,512.6471774645113,2576
Node_5,Camera-like Traffic Generator,512.7611718348708,2693
Node_4,Motion Sensor,512.7969621224921,69
Node_5,Camera-like Traffic Generator,512.95463731114,3484
Node_3,Smart Plug,512.9565395134559,77
Node_3,Smart Plug,513.0043833331971,81
Node_5,Camera-like Traffic Generator,513.083183907287,3037
Node_5,Camera-like Traffic Generator,513.2597189062526,3230
Node_5,Camera-like Traffic Generator,513.4088442518122,3440
Node_5,Camera-like Traffic Generator,513.5821882349674,3483
Node_5,Camera-like Traffic Generator,513.7272632465473,3401
Node_5,Camera-like Traffic Generator,513.8670776448093,2706
Node_5,Camera-like Traffic Generator,514.0335274496321,3145
Node_5,Camera-like Traffic Generator,514.2013792715182,2666
Node_5,Camera-like Traffic Generator,514.318351375256,2691
Node_3,Smart Plug,514.3557676240954,63
Node_5,Camera-like Traffic Generator,514.501611778498,3038
Node_5,Camera-like Traffic Generator,514.6701200780647,3319
Node_5,Camera-like Traffic Generator,514.8598940030671,2853
Node_5,Camera-like Traffic Generator,514.9611555619389,3042
Node_5,Camera-like Traffic Generator,515.1412751738927,2567
Node_5,Camera-like Traffic Generator,515.3196789905533,3462
Node_5,Camera-like Traffic Generator,515.5023491472421,2754
Node_3,Smart Plug,515.6708001736895,62
Node_5,Camera-like Traffic Generator,515.6738249657236,2694
Node_5,Camera-like Traffic Generator,515.8124862658232,3494
Node_5,Camera-like Traffic Generator,516.0103723515044,2824
Node_5,Camera-like Traffic Generator,516.1649042181913,3329
Node_5,Camera-like Traffic Generator,516.2915807512825,3393
Node_5,Camera-like Traffic Generator,516.4246831592205,2729
Node_5,Camera-like Traffic Generator,516.555241527793,2535
Node_4,Motion Sensor,516.685664687433,63
Node_5,Camera-like Traffic Generator,516.7473247821476,3200
Node_5,Camera-like Traffic Generator,516.9107617014049,2603
Node_3,Smart Plug,516.9430572503015,95
Node_3,Smart Plug,516.9676808846594,84
Node_5,Camera-like Traffic Generator,517.0176740592979,3372
Node_5,Camera-like Traffic Generator,517.1617282184282,3005
Node_5,Camera-like Traffic Generator,517.313147077124,2566
Node_5,Camera-like Traffic Generator,517.4556455422636,3488
Node_5,Camera-like Traffic Generator,517.5835309563678,2754
Node_5,Camera-like Traffic Generator,517.7505335500606,2859
Node_5,Camera-like Traffic Generator,517.8767223069046,2553
Node_3,Smart Plug,517.8903680668901,82
Node_3,Smart Plug,517.9287415523282,68
Node_5,Camera-like Traffic Generator,518.0298960040561,3319
Node_5,Camera-like Traffic Generator,518.2177968224648,3188
Node_5,Camera-like Traffic Generator,518.3653079661512,3119
Node_5,Camera-like Traffic Generator,518.510341611561,3284
Node_5,Camera-like Traffic Generator,518.6210569248284,3141
Node_5,Camera-like Traffic Generator,518.7861480197661,3410
Node_3,Smart Plug,518.8957844460788,64
Node_5,Camera-like Traffic Generator,518.9587507169817,2820
Node_5,Camera-like Traffic Generator,519.1231156558636,2623
Node_5,Camera-like Traffic Generator,519.2767787430948,3460
Node_5,Camera-like Traffic Generator,519.4280279764756,2755
Node_5,Camera-like Traffic Generator,519.5819146439175,2885
Node_5,Camera-like Traffic Generator,519.7441245351234,3079
Node_5,Camera-like Traffic Generator,519.9429417342839,3027
Node_5,Camera-like Traffic Generator,520.1205828556974,3384
Node_5,Camera-like Traffic Generator,520.297016273413,3098
Node_3,Smart Plug,520.3531879988091,83
Node_5,Camera-like Traffic Generator,520.4276237785506,3485
Node_5,Camera-like Traffic Generator,520.5757478643485,3203
Node_5,Camera-like Traffic Generator,520.759498908383,2604
Node_5,Camera-like Traffic Generator,520.9434734757735,3181
Node_5,Camera-like Traffic Generator,521.0688527873476,2732
Node_5,Camera-like Traffic Generator,521.2498751699419,3361
Node_3,Smart Plug,521.3000437817293,89
Node_3,Smart Plug,521.3241522485029,70
Node_5,Camera-like Traffic Generator,521.4485247377532,3040
Node_5,Camera-like Traffic Generator,521.6448754280148,3210
Node_5,Camera-like Traffic Generator,521.7623783828166,2632
Node_5,Camera-like Traffic Generator,521.8827518917703,3056
Node_5,Camera-like Traffic Generator,522.0053903077569,2949
Node_5,Camera-like Traffic Generator,522.1575366533093,2738
Node_4,Motion Sensor,522.3042816835956,86
Node_3,Smart Plug,522.3181539822986,62
Node_5,Camera-like Traffic Generator,522.33677153136,2650
Node_5,Camera-like Traffic Generator,522.4480444929953,3146
Node_5,Camera-like Traffic Generator,522.6030150558258,2530
Node_5,Camera-like Traffic Generator,522.7950101176234,2657
Node_5,Camera-like Traffic Generator,522.9831664702377,2710
Node_5,Camera-like Traffic Generator,523.1004067177533,3366
Node_5,Camera-like Traffic Generator,523.2928220937977,3211
Node_5,Camera-like Traffic Generator,523.4485266784588,2712
Node_3,Smart Plug,523.4585128159023,81
Node_3,Smart Plug,523.496905827452,87
Node_5,Camera-like Traffic Generator,523.563097246306,2544
Node_5,Camera-like Traffic Generator,523.6747945438605,2685
Node_5,Camera-like Traffic Generator,523.7923674585867,2502
Node_5,Camera-like Traffic Generator,523.898670534803,3022
Node_5,Camera-like Traffic Generator,524.0448014478774,2879
Node_5,Camera-like Traffic Generator,524.1493324088768,2529
Node_5,Camera-like Traffic Generator,524.3334599152159,3096
Node_3,Smart Plug,524.5014908746402,84
Node_5,Camera-like Traffic Generator,524.5202434849379,3419
Node_5,Camera-like Traffic Generator,524.687917019451,3214
Node_5,Camera-like Traffic Generator,524.8000872902898,3047
Node_5,Camera-like Traffic Generator,524.9818702767336,2689
Node_5,Camera-like Traffic Generator,525.1202418663621,2592
Node_5,Camera-like Traffic Generator,525.2264130488435,3224
Node_5,Camera-like Traffic Generator,525.4161871556985,2789
Node_5,Camera-like Traffic Generator,525.5481196256401,2743
Node_5,Camera-like Traffic Generator,525.7424601602116,3089
Node_5,Camera-like Traffic Generator,525.917971875063,3286
Node_4,Motion Sensor,525.9219553867662,63
Node_3,Smart Plug,525.9632466002718,92
Node_5,Camera-like Traffic Generator,526.0456082335187,3283
Node_5,Camera-like Traffic Generator,526.2222516698137,3050
Node_5,Camera-like Traffic Generator,526.3360769397474,2814
Node_5,Camera-like Traffic Generator,526.4769437437708,3482
Node_5,Camera-like Traffic Generator,526.6085829664464,3176
Node_5,Camera-like Traffic Generator,526.7183487807172,2503
Node_3,Smart Plug,526.8091859141293,95
Node_5,Camera-like Traffic Generator,526.8916823054607,3494
Node_5,Camera-like Traffic Generator,527.0373867118378,3251
Node_5,Camera-like Traffic Generator,527.2289866413064,2503
Node_5,Camera-like Traffic Generator,527.4107236148421,2778
Node_5,Camera-like Traffic Generator,527.5436660126992,3242
Node_3,Smart Plug,527.6653051964754,95
Node_5,Camera-like Traffic Generator,527.6815849532117,3334
Node_3,Smart Plug,527.7135702736721,64
Node_3,Smart Plug,527.7514535581062,79
Node_5,Camera-like Traffic Generator,527.8147256974951,3402
Node_5,Camera-like Traffic Generator,527.9193334177479,2932
Node_5,Camera-like Traffic Generator,528.1090220963317,2889
Node_5,Camera-like Traffic Generator,528.2358893512237,2573
Node_5,Camera-like Traffic Generator,528.4263880606396,2892
Node_5,Camera-like Traffic Generator,528.5634849062211,3367
Node_5,Camera-like Traffic Generator,528.7343807830239,3204
Node_3,Smart Plug,528.9159349056557,85
Node_5,Camera-like Traffic Generator,528.9235616950962,3442
Node_3,Smart Plug,528.9647178898774,81
Node_3,Smart Plug,528.9885858997487,77
Node_4,Motion Sensor,529.1027561721693,60
Node_5,Camera-like Traffic Generator,529.1222398512949,2501
Node_5,Camera-like Traffic Generator,529.2669419457468,2823
Node_5,Camera-like Traffic Generator,529.4068242738206,3317
Node_5,Camera-like Traffic Generator,529.5984550601736,2768
Node_5,Camera-like Traffic Generator,529.7603164362426,2541
Node_5,Camera-like Traffic Generator,529.9218339892853,2867
Node_3,Smart Plug,529.9926476577629,62
Node_5,Camera-like Traffic Generator,530.0780037731757,2694
Node_5,Camera-like Traffic Generator,530.2199728151105,2702
Node_5,Camera-like Traffic Generator,530.3753689242898,2877
Node_5,Camera-like Traffic Generator,530.5479304845387,3064
Node_5,Camera-like Traffic Generator,530.6884561259498,2888
Node_5,Camera-like Traffic Generator,530.8343674594995,2515
Node_3,Smart Plug,530.9552773022199,97
Node_5,Camera-like Traffic Generator,530.9577754436817,2933
Node_5,Camera-like Traffic Generator,531.1133175226835,3397
Node_5,Camera-like Traffic Generator,531.2698927942589,2972
Node_5,Camera-like Traffic Generator,531.4693934449346,3160
Node_5,Camera-like Traffic Generator,531.6179229519917,3114
Node_5,Camera-like Traffic Generator,531.7543313883128,2870
Node_5,Camera-like Traffic Generator,531.9134675788977,2680
Node_3,Smart Plug,532.0434615129159,73
Node_5,Camera-like Traffic Generator,532.0588210085459,2577
Node_5,Camera-like Traffic Generator,532.2042680771305,2877
Node_5,Camera-like Traffic Generator,532.3735894231114,2736
Node_5,Camera-like Traffic Generator,532.4758171176104,2586
Node_5,Camera-like Traffic Generator,532.6189784128762,3201
Node_5,Camera-like Traffic Generator,532.8178035273637,2954
Node_5,Camera-like Traffic Generator,533.014142753603,3021
Node_3,Smart Plug,533.0718760025451,83
Node_5,Camera-like Traffic Generator,533.1700495342862,3372
Node_5,Camera-like Traffic Generator,533.3080635766746,2802
Node_5,Camera-like Traffic Generator,533.4159295066904,3354
Node_5,Camera-like Traffic Generator,533.592034749616,3480
Node_5,Camera-like Traffic Generator,533.7491987163377,3434
Node_5,Camera-like Traffic Generator,533.9432732338804,3283
Node_5,Camera-like Traffic Generator,534.0793939252809,3010
Node_5,Camera-like Traffic Generator,534.2765454677041,2617
Node_5,Camera-like Traffic Generator,534.4252112575592,2790
Node_3,Smart Plug,534.461211511815,77
Node_5,Camera-like Traffic Generator,534.5342324910813,3247
Node_4,Motion Sensor,534.558290504826,67
Node_5,Camera-like Traffic Generator,534.6830602661252,2885
Node_5,Camera-like Traffic Generator,534.8015480882287,2574
Node_5,Camera-like Traffic Generator,534.9557291548856,3297
Node_5,Camera-like Traffic Generator,535.1202272587064,2644
Node_5,Camera-like Traffic Generator,535.2294174646445,3212
Node_3,Smart Plug,535.3535794881884,91
Node_5,Camera-like Traffic Generator,535.369698758141,2637
Node_3,Smart Plug,535.3739797864938,79
Node_5,Camera-like Traffic Generator,535.496325871198,2662
Node_5,Camera-like Traffic Generator,535.6566417252579,2977
Node_5,Camera-like Traffic Generator,535.8078644017345,2574
Node_5,Camera-like Traffic Generator,535.9132038586885,3207
Node_5,Camera-like Traffic Generator,536.1127741888563,3383
Node_5,Camera-like Traffic Generator,536.2848747981972,2866
Node_5,Camera-like Traffic Generator,536.4764995812749,2605
Node_5,Camera-like Traffic Generator,536.6318547921354,3181
Node_3,Smart Plug,536.7128046024814,61
Node_5,Camera-like Traffic Generator,536.769139633141,3333
Node_5,Camera-like Traffic Generator,536.8736767761918,2935
Node_5,Camera-like Traffic Generator,537.0242565372547,2502
Node_5,Camera-like Traffic Generator,537.1820543232085,2626
Node_5,Camera-like Traffic Generator,537.3690186736758,2996
Node_5,Camera-like Traffic Generator,537.4690247605843,3074
Node_5,Camera-like Traffic Generator,537.6628344544381,2549
Node_5,Camera-like Traffic Generator,537.8260462809707,2719
Node_3,Smart Plug,537.8319531785127,66
Node_5,Camera-like Traffic Generator,537.9964589561863,2842
Node_5,Camera-like Traffic Generator,538.1239698547098,2552
Node_4,Motion Sensor,538.1842748788275,83
Node_5,Camera-like Traffic Generator,538.2411375616548,3327
Node_5,Camera-like Traffic Generator,538.3689821745867,3364
Node_5,Camera-like Traffic Generator,538.5681701217836,3003
Node_5,Camera-like Traffic Generator,538.7601243601686,3111
Node_5,Camera-like Traffic Generator,538.9488667763128,3385
Node_5,Camera-like Traffic Generator,539.0768666318945,2558
Node_3,Smart Plug,539.1302216991564,71
Node_5,Camera-like Traffic Generator,539.2254141132825,3151
Node_5,Camera-like Traffic Generator,539.4166555145799,3016
Node_5,Camera-like Traffic Generator,539.5327472909873,2761
Node_5,Camera-like Traffic Generator,539.678009687502,2590
Node_5,Camera-like Traffic Generator,539.8773782675004,2572
Node_5,Camera-like Traffic Generator,540.0715380188366,3042
Node_5,Camera-like Traffic Generator,540.264661238591,3272
Node_5,Camera-like Traffic Generator,540.3652859380952,2565
Node_3,Smart Plug,540.5177538729664,87
Node_5,Camera-like Traffic Generator,540.5439160564291,3442
Node_5,Camera-like Traffic Generator,540.7080640985552,3253
Node_5,Camera-like Traffic Generator,540.8139642841785,2616
Node_5,Camera-like Traffic Generator,540.9511444344599,2501
Node_5,Camera-like Traffic Generator,541.0689444599855,2963
Node_5,Camera-like Traffic Generator,541.2496706917015,3481
Node_5,Camera-like Traffic Generator,541.4153644174112,2814
Node_3,Smart Plug,541.4251932330849,69
Node_3,Smart Plug,541.4478582665965,65
Node_3,Smart Plug,541.4652381299198,82
Node_3,Smart Plug,541.4879158805007,73
Node_5,Camera-like Traffic Generator,541.5581047848244,3247
Node_5,Camera-like Traffic Generator,541.6624667441804,2862
Node_5,Camera-like Traffic Generator,541.8571671713974,3362
Node_5,Camera-like Traffic Generator,542.0012260628229,3320
Node_5,Camera-like Traffic Generator,542.1148424907508,2543
Node_5,Camera-like Traffic Generator,542.261080036264,3309
Node_5,Camera-like Traffic Generator,542.4204448798664,3180
Node_5,Camera-like Traffic Generator,542.5209052296027,2983
Node_3,Smart Plug,542.665822497895,66
Node_5,Camera-like Traffic Generator,542.7115103251537,3329
Node_5,Camera-like Traffic Generator,542.8768749058196,3377
Node_5,Camera-like Traffic Generator,543.0342751553494,2812
Node_5,Camera-like Traffic Generator,543.2054128059042,3199
Node_5,Camera-like Traffic Generator,543.3281131401035,3145
Node_5,Camera-like Traffic Generator,543.5078580159574,3021
Node_5,Camera-like Traffic Generator,543.6491784521021,3055
Node_4,Motion Sensor,543.7596513815506,90
Node_5,Camera-like Traffic Generator,543.7705123066471,3357
Node_5,Camera-like Traffic Generator,543.9049736843061,3095
Node_5,Camera-like Traffic Generator,544.0328765385077,2972
Node_3,Smart Plug,544.1101262810542,76
Node_5,Camera-like Traffic Generator,544.1444332468834,3336
Node_5,Camera-like Traffic Generator,544.2532423245929,3124
Node_5,Camera-like Traffic Generator,544.4253373607379,3425
Node_5,Camera-like Traffic Generator,544.6230777817902,2702
Node_5,Camera-like Traffic Generator,544.7541632445176,3038
Node_5,Camera-like Traffic Generator,544.8754849837007,3270
Node_3,Smart Plug,545.011895001677,78
Node_5,Camera-like Traffic Generator,545.0528295980208,2535
Node_5,Camera-like Traffic Generator,545.1860586123321,2653
Node_5,Camera-like Traffic Generator,545.3635269319876,3163
Node_5,Camera-like Traffic Generator,545.5038551010218,3184
Node_5,Camera-like Traffic Generator,545.6107271749316,3392
Node_5,Camera-like Traffic Generator,545.7320607501587,3381
Node_3,Smart Plug,545.8149010157491,89
Node_5,Camera-like Traffic Generator,545.9111275376164,2859
Node_5,Camera-like Traffic Generator,546.0367308957093,3263
Node_5,Camera-like Traffic Generator,546.2191165342458,2837
Node_5,Camera-like Traffic Generator,546.4109561585549,2920
Node_5,Camera-like Traffic Generator,546.5170037072107,3362
Node_5,Camera-like Traffic Generator,546.7149050668178,2935
Node_3,Smart Plug,546.8467974680052,88
Node_5,Camera-like Traffic Generator,546.8894382584609,2947
Node_5,Camera-like Traffic Generator,547.0482668593652,2719
Node_5,Camera-like Traffic Generator,547.2200416393678,2751
Node_5,Camera-like Traffic Generator,547.3499992116871,3041
Node_5,Camera-like Traffic Generator,547.4695224050369,2803
Node_5,Camera-like Traffic Generator,547.5872100791405,3300
Node_5,Camera-like Traffic Generator,547.7254725871462,3481
Node_3,Smart Plug,547.849676495869,97
Node_5,Camera-like Traffic Generator,547.9162479656645,3469
Node_5,Camera-like Traffic Generator,548.0460394939535,3415
Node_4,Motion Sensor,548.1217172776882,66
Node_5,Camera-like Traffic Generator,548.2000587059665,2830
Node_5,Camera-like Traffic Generator,548.3053660029619,3316
Node_5,Camera-like Traffic Generator,548.4980672013287,3204
Node_5,Camera-like Traffic Generator,548.6374145559197,2948
Node_5,Camera-like Traffic Generator,548.7709709102281,2580
Node_5,Camera-like Traffic Generator,548.9670630035148,2659
Node_3,Smart Plug,549.0512858038943,65
Node_5,Camera-like Traffic Generator,549.1235201081848,3229
Node_5,Camera-like Traffic Generator,549.2244934249095,2534
Node_5,Camera-like Traffic Generator,549.4181851586374,3402
Node_5,Camera-like Traffic Generator,549.5506404033775,2542
Node_5,Camera-like Traffic Generator,549.7135348093235,2809
Node_5,Camera-like Traffic Generator,549.8162904435613,3490
Node_5,Camera-like Traffic Generator,549.9264621132006,2733
Node_5,Camera-like Traffic Generator,550.1215663121656,3496
Node_5,Camera-like Traffic Generator,550.2678362838782,3007
Node_5,Camera-like Traffic Generator,550.4066263072757,3101
Node_3,Smart Plug,550.4861023554425,77
Node_5,Camera-like Traffic Generator,550.5752941139749,2642
Node_5,Camera-like Traffic Generator,550.7558382446988,3204
Node_5,Camera-like Traffic Generator,550.9003567658899,2889
Node_5,Camera-like Traffic Generator,551.0690305276024,2677
Node_5,Camera-like Traffic Generator,551.2324151179181,2906
Node_5,Camera-like Traffic Generator,551.3945133687325,3419
Node_5,Camera-like Traffic Generator,551.5260260730882,3419
Node_5,Camera-like Traffic Generator,551.6528309983651,3440
Node_3,Smart Plug,551.7982507203387,96
Node_5,Camera-like Traffic Generator,551.821089791404,3498
Node_3,Smart Plug,551.8302891199507,72
Node_5,Camera-like Traffic Generator,552.0103866725751,3166
Node_5,Camera-like Traffic Generator,552.1286107610039,3401
Node_5,Camera-like Traffic Generator,552.3071041183001,3400
Node_5,Camera-like Traffic Generator,552.4428385578459,3461
Node_5,Camera-like Traffic Generator,552.5438961254109,3359
Node_5,Camera-like Traffic Generator,552.7198507808291,3199
Node_5,Camera-like Traffic Generator,552.8249281712607,2819
Node_5,Camera-like Traffic Generator,552.958654231066,3362
Node_5,Camera-like Traffic Generator,553.1517043713449,3406
Node_3,Smart Plug,553.2189029612925,77
Node_3,Smart Plug,553.2311043067386,85
Node_5,Camera-like Traffic Generator,553.2864068235922,3297
Node_5,Camera-like Traffic Generator,553.4550453619278,3088
Node_5,Camera-like Traffic Generator,553.5990608169009,3390
Node_5,Camera-like Traffic Generator,553.7330392456163,2938
Node_5,Camera-like Traffic Generator,553.8374218342977,3334
Node_4,Motion Sensor,553.8640930716681,68
Node_5,Camera-like Traffic Generator,553.9474111404534,2942
Node_5,Camera-like Traffic Generator,554.066537423715,2629
Node_3,Smart Plug,554.1866050066678,97
Node_3,Smart Plug,554.1975069525222,81
Node_5,Camera-like Traffic Generator,554.2260334692379,2549
Node_5,Camera-like Traffic Generator,554.3614200268976,3243
Node_5,Camera-like Traffic Generator,554.5288271673062,3143
Node_5,Camera-like Traffic Generator,554.7201726959912,3166
Node_5,Camera-like Traffic Generator,554.9030960547191,2548
Node_5,Camera-like Traffic Generator,555.1013527718889,2787
Node_5,Camera-like Traffic Generator,555.2691066140803,2716
Node_5,Camera-like Traffic Generator,555.3995128595003,3221
Node_3,Smart Plug,555.4675973959421,63
Node_5,Camera-like Traffic Generator,555.5198392031932,3397
Node_5,Camera-like Traffic Generator,555.6316909520195,2777
Node_5,Camera-like Traffic Generator,555.7442966026961,2531
Node_5,Camera-like Traffic Generator,555.8657478989276,2545
Node_5,Camera-like Traffic Generator,556.0269053651743,3472
Node_5,Camera-like Traffic Generator,556.1553265012142,2572
Node_5,Camera-like Traffic Generator,556.2853156905908,3113
Node_5,Camera-like Traffic Generator,556.3946952160402,2721
Node_3,Smart Plug,556.403712423484,72
Node_5,Camera-like Traffic Generator,556.5600893376997,3380
Node_5,Camera-like Traffic Generator,556.7217492839118,2674
Node_5,Camera-like Traffic Generator,556.876293619783,2846
Node_5,Camera-like Traffic Generator,557.0512978958527,3409
Node_5,Camera-like Traffic Generator,557.2199003643486,2840
Node_5,Camera-like Traffic Generator,557.3244708249374,2887
Node_5,Camera-like Traffic Generator,557.4277965913066,2907
Node_5,Camera-like Traffic Generator,557.5764858684558,3440
Node_5,Camera-like Traffic Generator,557.6777906906058,2519
Node_5,Camera-like Traffic Generator,557.834909986671,3442
Node_3,Smart Plug,557.8640939383554,96
Node_5,Camera-like Traffic Generator,558.0257933100903,3047
Node_5,Camera-like Traffic Generator,558.1331620844646,2886
Node_5,Camera-like Traffic Generator,558.2770853167798,2762
Node_5,Camera-like Traffic Generator,558.4549147080622,3395
Node_5,Camera-like Traffic Generator,558.6545262999668,3000
Node_3,Smart Plug,558.7676560952202,94
Node_5,Camera-like Traffic Generator,558.8239651193159,2625
Node_5,Camera-like Traffic Generator,559.0129414637496,2717
Node_5,Camera-like Traffic Generator,559.132326005537,3348
Node_5,Camera-like Traffic Generator,559.26300168169,3198
Node_5,Camera-like Traffic Generator,559.4616567270018,3361
Node_5,Camera-like Traffic Generator,559.5637078465103,2892
Node_5,Camera-like Traffic Generator,559.7095554735666,3258
Node_4,Motion Sensor,559.7892871217216,94
Node_3,Smart Plug,559.8286379009064,71
Node_5,Camera-like Traffic Generator,559.8942066056117,2834
Node_5,Camera-like Traffic Generator,559.9950116000293,2660
Node_5,Camera-like Traffic Generator,560.1298054849537,2511
Node_5,Camera-like Traffic Generator,560.279128511948,3485
Node_5,Camera-like Traffic Generator,560.4104388722717,2630
Node_5,Camera-like Traffic Generator,560.5495551715609,2785
Node_5,Camera-like Traffic Generator,560.6954930222875,2754
Node_5,Camera-like Traffic Generator,560.8537043176397,3127
Node_5,Camera-like Traffic Generator,561.01985346371,3072
Node_5,Camera-like Traffic Generator,561.1977633007394,2718
Node_3,Smart Plug,561.3129044406581,94
Node_5,Camera-like Traffic Generator,561.3198955367342,2831
Node_3,Smart Plug,561.3520185749364,77
Node_5,Camera-like Traffic Generator,561.4294204275666,2515
Node_5,Camera-like Traffic Generator,561.6081659193931,3071
Node_5,Camera-like Traffic Generator,561.7724810230543,3392
Node_5,Camera-like Traffic Generator,561.956374049225,2546
Node_5,Camera-like Traffic Generator,562.0808025785216,3137
Node_5,Camera-like Traffic Generator,562.2767101016626,3055
Node_5,Camera-like Traffic Generator,562.4181105554912,2753
Node_5,Camera-like Traffic Generator,562.5195050047785,3386
Node_5,Camera-like Traffic Generator,562.6311698305221,2884
Node_3,Smart Plug,562.7145984280968,71
Node_5,Camera-like Traffic Generator,562.7755770113828,3294
Node_5,Camera-like Traffic Generator,562.9372036416053,2506
Node_5,Camera-like Traffic Generator,563.126842112969,2834
Node_5,Camera-like Traffic Generator,563.3243697323634,3412
Node_5,Camera-like Traffic Generator,563.4577780320138,3376
Node_5,Camera-like Traffic Generator,563.6140353131358,3289
Node_5,Camera-like Traffic Generator,563.7683383508471,2823
Node_5,Camera-like Traffic Generator,563.9248977167312,2686
Node_5,Camera-like Traffic Generator,564.0419969091668,3236
Node_3,Smart Plug,564.1938508993381,76
Node_5,Camera-like Traffic Generator,564.2191035127173,2811
Node_5,Camera-like Traffic Generator,564.3586276462553,2730
Node_5,Camera-like Traffic Generator,564.5429440714597,2919
Node_5,Camera-like Traffic Generator,564.7233547567622,2679
Node_5,Camera-like Traffic Generator,564.8242018958858,3194
Node_5,Camera-like Traffic Generator,564.9699592084892,2853
Node_5,Camera-like Traffic Generator,565.0886130692353,2755
Node_3,Smart Plug,565.0915482801555,83
Node_3,Smart Plug,565.1098596317836,78
Node_4,Motion Sensor,565.1293503002654,67
Node_5,Camera-like Traffic Generator,565.2869434056446,3389
Node_5,Camera-like Traffic Generator,565.4564337106777,2626
Node_5,Camera-like Traffic Generator,565.6471668010523,2614
Node_5,Camera-like Traffic Generator,565.8272821114115,3341
Node_5,Camera-like Traffic Generator,565.9498470886056,3251
Node_5,Camera-like Traffic Generator,566.0504590086501,2689
Node_5,Camera-like Traffic Generator,566.2205014124058,2668
Node_5,Camera-like Traffic Generator,566.3852049050736,3107
Node_5,Camera-like Traffic Generator,566.5512302293668,2567
Node_3,Smart Plug,566.6005064749099,62
Node_5,Camera-like Traffic Generator,566.7419206655142,3024
Node_5,Camera-like Traffic Generator,566.8543699594869,3072
Node_5,Camera-like Traffic Generator,567.003253259555,2504
Node_5,Camera-like Traffic Generator,567.1398574669854,2594
Node_5,Camera-like Traffic Generator,567.2504990677528,2612
Node_5,Camera-like Traffic Generator,567.3941521149951,3035
Node_5,Camera-like Traffic Generator,567.527383689702,3050
Node_5,Camera-like Traffic Generator,567.7004166921594,3380
Node_5,Camera-like Traffic Generator,567.8573141973455,2963
Node_3,Smart Plug,567.9297863123919,63
Node_5,Camera-like Traffic Generator,568.0545954033502,2667
Node_5,Camera-like Traffic Generator,568.2236685939604,2881
Node_5,Camera-like Traffic Generator,568.3753449969796,3208
Node_5,Camera-like Traffic Generator,568.5503862426431,3273
Node_4,Motion Sensor,568.6219392752389,72
Node_5,Camera-like Traffic Generator,568.7421030278031,2978
Node_5,Camera-like Traffic Generator,568.918661815781,3199
Node_5,Camera-like Traffic Generator,569.1044698263412,2567
Node_5,Camera-like Traffic Generator,569.3023787712575,3108
Node_3,Smart Plug,569.369873659805,76
Node_5,Camera-like Traffic Generator,569.4178360918497,3408
Node_5,Camera-like Traffic Generator,569.5657952786564,2672
Node_5,Camera-like Traffic Generator,569.7167017306537,2831
Node_5,Camera-like Traffic Generator,569.9049085205279,3366
Node_5,Camera-like Traffic Generator,570.0706441736422,3495
Node_5,Camera-like Traffic Generator,570.1844543844425,3222
Node_5,Camera-like Traffic Generator,570.3321315908116,2501
Node_5,Camera-like Traffic Generator,570.4498948169565,2713
Node_5,Camera-like Traffic Generator,570.5793493712288,2627
Node_3,Smart Plug,570.6670465645462,90
Node_3,Smart Plug,570.6844868212706,75
Node_5,Camera-like Traffic Generator,570.7720114946993,3479
Node_5,Camera-like Traffic Generator,570.8855385227105,3445
Node_5,Camera-like Traffic Generator,570.9914544813325,2588
Node_5,Camera-like Traffic Generator,571.119328942512,3487
Node_5,Camera-like Traffic Generator,571.2848123108577,3231
Node_5,Camera-like Traffic Generator,571.4772677871933,3360
Node_3,Smart Plug,571.5140498613778,93
Node_5,Camera-like Traffic Generator,571.6520450521681,2566
Node_5,Camera-like Traffic Generator,571.8494388606473,3456
Node_5,Camera-like Traffic Generator,572.0071662933472,3210
Node_5,Camera-like Traffic Generator,572.1772763715107,3173
Node_5,Camera-like Traffic Generator,572.3508483005686,3234
Node_5,Camera-like Traffic Generator,572.4636063678457,3134
Node_3,Smart Plug,572.526789926877,82
Node_5,Camera-like Traffic Generator,572.6614739208196,2776
Node_5,Camera-like Traffic Generator,572.8329133328292,2649
Node_5,Camera-like Traffic Generator,573.0181508635459,2630
Node_5,Camera-like Traffic Generator,573.1620415323687,2859
Node_3,Smart Plug,573.3455779371602,60
Node_5,Camera-like Traffic Generator,573.3550782950884,3195
Node_3,Smart Plug,573.3938190010056,93
Node_5,Camera-like Traffic Generator,573.4654018368815,2872
Node_4,Motion Sensor,573.5670881627703,65
Node_5,Camera-like Traffic Generator,573.5847981665835,3398
Node_5,Camera-like Traffic Generator,573.760728572089,3003
Node_5,Camera-like Traffic Generator,573.9025214411618,3386
Node_5,Camera-like Traffic Generator,574.0432372408313,2895
Node_5,Camera-like Traffic Generator,574.1435258246779,3484
Node_5,Camera-like Traffic Generator,574.2492699372175,3215
Node_5,Camera-like Traffic Generator,574.4087570157283,3434
Node_5,Camera-like Traffic Generator,574.5527540519893,2959
Node_3,Smart Plug,574.6514880815472,95
Node_5,Camera-like Traffic Generator,574.6925424180262,3084
Node_5,Camera-like Traffic Generator,574.8536529425146,2724
Node_5,Camera-like Traffic Generator,575.0304434564108,3183
Node_5,Camera-like Traffic Generator,575.1956195843825,3490
Node_5,Camera-like Traffic Generator,575.3045854688413,3182
Node_5,Camera-like Traffic Generator,575.4858809365204,3478
Node_5,Camera-like Traffic Generator,575.5932836899552,2798
Node_5,Camera-like Traffic Generator,575.7798026024257,2540
Node_3,Smart Plug,575.7958086338572,87
Node_3,Smart Plug,575.8105828203983,71
Node_5,Camera-like Traffic Generator,575.9742916278688,3082
Node_5,Camera-like Traffic Generator,576.1698702928055,2718
Node_5,Camera-like Traffic Generator,576.3642815331635,2529
Node_5,Camera-like Traffic Generator,576.4890756816997,3465
Node_5,Camera-like Traffic Generator,576.6431969068936,2775
Node_3,Smart Plug,576.6572901988693,89
Node_5,Camera-like Traffic Generator,576.8052057813004,2891
Node_5,Camera-like Traffic Generator,576.920289357717,2581
Node_5,Camera-like Traffic Generator,577.1071527944182,3438
Node_5,Camera-like Traffic Generator,577.2491327506627,2513
Node_5,Camera-like Traffic Generator,577.354720459141,2905
Node_5,Camera-like Traffic Generator,577.5432002688786,3468
Node_5,Camera-like Traffic Generator,577.6849686736019,3469
Node_5,Camera-like Traffic Generator,577.8242942964142,3454
Node_3,Smart Plug,577.8531924116176,94
Node_5,Camera-like Traffic Generator,578.0119955916492,2540
Node_5,Camera-like Traffic Generator,578.1353823797942,2894
Node_5,Camera-like Traffic Generator,578.250679546115,3070
Node_5,Camera-like Traffic Generator,578.431097732298,2862
Node_5,Camera-like Traffic Generator,578.5371421881415,3081
Node_5,Camera-like Traffic Generator,578.7150224803507,3283
Node_4,Motion Sensor,578.802166142414,69
Node_5,Camera-like Traffic Generator,578.8450727898419,2536
Node_3,Smart Plug,578.9864209109256,87
Node_3,Smart Plug,579.0169219457019,83
Node_5,Camera-like Traffic Generator,579.0416040218647,2891
Node_5,Camera-like Traffic Generator,579.1612387393328,2806
Node_5,Camera-like Traffic Generator,579.3382597631044,3217
Node_5,Camera-like Traffic Generator,579.4950150513602,2843
Node_5,Camera-like Traffic Generator,579.6252451381391,3104
Node_5,Camera-like Traffic Generator,579.7419726210046,2689
Node_5,Camera-like Traffic Generator,579.9266235571082,2885
Node_3,Smart Plug,579.9309150085793,62
Node_5,Camera-like Traffic Generator,580.0700075450134,3334
Node_5,Camera-like Traffic Generator,580.1788535100527,3468
Node_5,Camera-like Traffic Generator,580.3044261521529,3285
Node_5,Camera-like Traffic Generator,580.4709726117513,3419
Node_5,Camera-like Traffic Generator,580.6448570097524,3440
Node_5,Camera-like Traffic Generator,580.8003375359132,2820
Node_5,Camera-like Traffic Generator,580.9676881493517,2601
Node_5,Camera-like Traffic Generator,581.1191568583513,3013
Node_5,Camera-like Traffic Generator,581.3077852927075,2539
Node_3,Smart Plug,581.3457370936715,65
Node_3,Smart Plug,581.3666439078179,76
Node_5,Camera-like Traffic Generator,581.4812805119776,3449
Node_5,Camera-like Traffic Generator,581.6406923662375,3187
Node_5,Camera-like Traffic Generator,581.7505009779136,3122
Node_5,Camera-like Traffic Generator,581.8912573682672,3139
Node_5,Camera-like Traffic Generator,582.0636928570509,3407
Node_5,Camera-like Traffic Generator,582.2348144350325,3158
Node_4,Motion Sensor,582.363255440545,61
Node_5,Camera-like Traffic Generator,582.3919037978346,2880
Node_3,Smart Plug,582.4158329339807,71
Node_5,Camera-like Traffic Generator,582.5139641118052,3059
Node_5,Camera-like Traffic Generator,582.6944639063178,3387
Node_5,Camera-like Traffic Generator,582.8664804486971,3462
Node_5,Camera-like Traffic Generator,582.9946537962203,2960
Node_5,Camera-like Traffic Generator,583.1904533899868,3388
Node_5,Camera-like Traffic Generator,583.3571244344092,2864
Node_5,Camera-like Traffic Generator,583.4807094560726,2745
Node_5,Camera-like Traffic Generator,583.6756329755665,3449
Node_5,Camera-like Traffic Generator,583.7791064241775,3189
Node_3,Smart Plug,583.8712548477965,80
Node_5,Camera-like Traffic Generator,583.8868612567422,3206
Node_5,Camera-like Traffic Generator,584.0234456912875,3168
Node_5,Camera-like Traffic Generator,584.1733965162678,2527
Node_5,Camera-like Traffic Generator,584.3714103007947,2767
Node_5,Camera-like Traffic Generator,584.55776701104,3278
Node_5,Camera-like Traffic Generator,584.6968074416128,3189
Node_3,Smart Plug,584.7995280959868,63
Node_5,Camera-like Traffic Generator,584.864321392727,2999
Node_5,Camera-like Traffic Generator,585.0439279961508,2901
Node_5,Camera-like Traffic Generator,585.215138630781,3220
Node_5,Camera-like Traffic Generator,585.414175070489,3221
Node_5,Camera-like Traffic Generator,585.6084492120551,3416
Node_5,Camera-like Traffic Generator,585.741999567599,2699
Node_5,Camera-like Traffic Generator,585.9387050015041,2936
Node_3,Smart Plug,585.9801267306607,94
Node_5,Camera-like Traffic Generator,586.0951367684553,3491
Node_5,Camera-like Traffic Generator,586.2222222197848,2886
Node_5,Camera-like Traffic Generator,586.3950355649747,3276
Node_5,Camera-like Traffic Generator,586.5332663417335,3306
Node_5,Camera-like Traffic Generator,586.6763571435749,3405
Node_4,Motion Sensor,586.7211781886925,70
Node_5,Camera-like Traffic Generator,586.7890044594936,2677
Node_5,Camera-like Traffic Generator,586.9175595303781,2522
Node_5,Camera-like Traffic Generator,587.087333666257,2507
Node_5,Camera-like Traffic Generator,587.2205377083678,3338
Node_3,Smart Plug,587.259603736559,72
Node_5,Camera-like Traffic Generator,587.3823702465531,3439
Node_5,Camera-like Traffic Generator,587.5331748035246,3314
Node_5,Camera-like Traffic Generator,587.6517112808821,2899
Node_5,Camera-like Traffic Generator,587.7659708184322,3286
Node_5,Camera-like Traffic Generator,587.9030923889715,2881
Node_5,Camera-like Traffic Generator,588.0333010942211,2946
Node_5,Camera-like Traffic Generator,588.1445852614314,3422
Node_5,Camera-like Traffic Generator,588.245939885355,3370
Node_5,Camera-like Traffic Generator,588.3735582735435,2739
Node_3,Smart Plug,588.5414463859427,63
Node_5,Camera-like Traffic Generator,588.551250237393,3088
Node_5,Camera-like Traffic Generator,588.6631165813574,2681
Node_5,Camera-like Traffic Generator,588.7753705623912,3313
Node_5,Camera-like Traffic Generator,588.8806344758124,3167
Node_5,Camera-like Traffic Generator,589.0071116671493,3044
Node_5,Camera-like Traffic Generator,589.1266530002047,3292
Node_5,Camera-like Traffic Generator,589.2423943171349,2915
Node_5,Camera-like Traffic Generator,589.3540287103955,3276
Node_5,Camera-like Traffic Generator,589.5426417997998,2713
Node_5,Camera-like Traffic Generator,589.723601123635,2952
Node_5,Camera-like Traffic Generator,589.864866048206,3157
Node_3,Smart Plug,589.9177667577239,60
Node_4,Motion Sensor,589.9733784871753,77
Node_5,Camera-like Traffic Generator,590.0106558236267,2604
Node_5,Camera-like Traffic Generator,590.2014018610508,3403
Node_5,Camera-like Traffic Generator,590.304400628497,3145
Node_5,Camera-like Traffic Generator,590.4774876927646,2995
Node_5,Camera-like Traffic Generator,590.630570717551,2856
Node_5,Camera-like Traffic Generator,590.7472719376328,3431
Node_5,Camera-like Traffic Generator,590.8552120201593,3229
Node_3,Smart Plug,590.9788766942978,79
Node_5,Camera-like Traffic Generator,590.9998754338422,3416
Node_5,Camera-like Traffic Generator,591.1555735725269,2818
Node_5,Camera-like Traffic Generator,591.2764850987321,3315
Node_5,Camera-like Traffic Generator,591.4422792494715,3239
Node_5,Camera-like Traffic Generator,591.559901068724,3389
Node_5,Camera-like Traffic Generator,591.7104496637631,2960
Node_5,Camera-like Traffic Generator,591.8371555925389,3180
Node_5,Camera-like Traffic Generator,592.0261849446665,2998
Node_5,Camera-like Traffic Generator,592.1374278063377,2693
Node_5,Camera-like Traffic Generator,592.3339151490258,3369
Node_3,Smart Plug,592.4164282792428,64
Node_3,Smart Plug,592.4352728193118,67
Node_5,Camera-like Traffic Generator,592.5272910321399,3176
Node_5,Camera-like Traffic Generator,592.6964411302023,2910
Node_5,Camera-like Traffic Generator,592.830584843226,3241
Node_5,Camera-like Traffic Generator,592.9453436336762,3404
Node_5,Camera-like Traffic Generator,593.0916235427304,2632
Node_5,Camera-like Traffic Generator,593.2346210120367,3181
Node_5,Camera-like Traffic Generator,593.3752947754818,2694
Node_5,Camera-like Traffic Generator,593.4756353050961,2778
Node_5,Camera-like Traffic Generator,593.5818298456904,3327
Node_3,Smart Plug,593.6646726708929,93
Node_5,Camera-like Traffic Generator,593.7743298832139,3129
Node_5,Camera-like Traffic Generator,593.9100408749953,2652
Node_5,Camera-like Traffic Generator,594.0539737136829,3037
Node_5,Camera-like Traffic Generator,594.1564323746786,3436
Node_5,Camera-like Traffic Generator,594.2889807394141,3019
Node_4,Motion Sensor,594.4799496630228,80
Node_5,Camera-like Traffic Generator,594.4873890912867,2536
Node_4,Motion Sensor,594.504740890035,61
Node_4,Motion Sensor,594.5300417911893,97
Node_4,Motion Sensor,594.5477990562487,67
Node_4,Motion Sensor,594.5648648604304,71
Node_4,Motion Sensor,594.5991627858114,80
Node_4,Motion Sensor,594.6135301682427,61
Node_4,Motion Sensor,594.6334879380416,64
Node_4,Motion Sensor,594.6480954542866,95
Node_5,Camera-like Traffic Generator,594.679466577617,2983
Node_4,Motion Sensor,594.6811046744295,69
Node_4,Motion Sensor,594.7123899434221,71
Node_4,Motion Sensor,594.7576939550114,87
Node_4,Motion Sensor,594.7838763309765,75
Node_4,Motion Sensor,594.8026718628853,92
Node_3,Smart Plug,594.8371396284529,82
Node_4,Motion Sensor,594.8403392143304,79
Node_5,Camera-like Traffic Generator,594.8477084213309,3229
Node_4,Motion Sensor,594.8571803790938,68
Node_5,Camera-like Traffic Generator,594.9542796794208,2686
Node_5,Camera-like Traffic Generator,595.1005911492905,3346
Node_5,Camera-like Traffic Generator,595.2200779045126,2925
Node_5,Camera-like Traffic Generator,595.3804994363843,2726
Node_5,Camera-like Traffic Generator,595.5378658631892,3291
Node_5,Camera-like Traffic Generator,595.714789801224,2717
Node_3,Smart Plug,595.7169163438815,78
Node_3,Smart Plug,595.7596701336436,96
Node_5,Camera-like Traffic Generator,595.8545894024578,3306
Node_5,Camera-like Traffic Generator,596.0240021786053,2994
Node_5,Camera-like Traffic Generator,596.1404500206582,2535
Node_5,Camera-like Traffic Generator,596.2526123336711,2878
Node_5,Camera-like Traffic Generator,596.3871986554952,3209
Node_5,Camera-like Traffic Generator,596.5390084028452,2890
Node_5,Camera-like Traffic Generator,596.7296568213021,2526
Node_3,Smart Plug,596.7777715597364,74
Node_5,Camera-like Traffic Generator,596.8941443547124,3075
Node_5,Camera-like Traffic Generator,597.0572611159021,2984
Node_5,Camera-like Traffic Generator,597.1818742410355,2627
Node_5,Camera-like Traffic Generator,597.3192271315318,3115
Node_5,Camera-like Traffic Generator,597.5019518308302,3359
Node_5,Camera-like Traffic Generator,597.67024038226,3409
Node_5,Camera-like Traffic Generator,597.7850762422211,2650
Node_5,Camera-like Traffic Generator,597.9543987424282,3314
Node_5,Camera-like Traffic Generator,598.0770826860123,3115
Node_3,Smart Plug,598.2005800295036,83
Node_5,Camera-like Traffic Generator,598.2664448331068,3103
Node_5,Camera-like Traffic Generator,598.3838754664143,2787
Node_5,Camera-like Traffic Generator,598.5691618761751,3191
Node_5,Camera-like Traffic Generator,598.7519924281082,3281
Node_5,Camera-like Traffic Generator,598.8741983805006,2854
Node_5,Camera-like Traffic Generator,598.9871186463142,2923
Node_5,Camera-like Traffic Generator,599.0958294073154,2850
Node_5,Camera-like Traffic Generator,599.1993052495451,2897
Node_3,Smart Plug,599.2400116202435,88
Node_3,Smart Plug,599.28259458458,68
Node_5,Camera-like Traffic Generator,599.3900450496175,3051
Node_5,Camera-like Traffic Generator,599.535956520452,3011
Node_5,Camera-like Traffic Generator,599.6748655165924,2997
Node_5,Camera-like Traffic Generator,599.870826406439,3264
Node_5,Camera-like Traffic Generator,600.0515189846642,3329
Node_5,Camera-like Traffic Generator,600.1715093143926,2538
Node_3,Smart Plug,600.1822461200436,69
Node_3,Smart Plug,600.1974548501396,63
Node_5,Camera-like Traffic Generator,600.2729252610933,2624
Node_5,Camera-like Traffic Generator,600.4125678335706,2854
Node_5,Camera-like Traffic Generator,600.5971000109832,3323
Node_5,Camera-like Traffic Generator,600.7524622126309,3392
Node_5,Camera-like Traffic Generator,600.9082897950184,3060
Node_5,Camera-like Traffic Generator,601.1044806657079,3206
Node_5,Camera-like Traffic Generator,601.3008464154389,2992
Node_5,Camera-like Traffic Generator,601.4802219975094,3130
Node_3,Smart Plug,601.5462756562719,63
Node_5,Camera-like Traffic Generator,601.6725262858873,3262
Node_5,Camera-like Traffic Generator,601.8259395226689,2758
Node_5,Camera-like Traffic Generator,601.966193243458,2700
Node_5,Camera-like Traffic Generator,602.1104548657033,2762
Node_5,Camera-like Traffic Generator,602.2249697263704,3479
Node_5,Camera-like Traffic Generator,602.4213869710557,3482
Node_5,Camera-like Traffic Generator,602.6196341326771,2641
Node_5,Camera-like Traffic Generator,602.7357727145488,3212
Node_5,Camera-like Traffic Generator,602.8374614472285,2606
Node_3,Smart Plug,602.8764094803363,61
Node_3,Smart Plug,602.9181316876023,80
Node_3,Smart Plug,602.9328885763223,70
Node_3,Smart Plug,602.9695920332637,90
Node_5,Camera-like Traffic Generator,602.9982042667554,2753
Node_5,Camera-like Traffic Generator,603.1136011332155,3060
Node_5,Camera-like Traffic Generator,603.280636428924,3240
Node_5,Camera-like Traffic Generator,603.3960647289153,3315
Node_5,Camera-like Traffic Generator,603.5951459700203,3131
Node_5,Camera-like Traffic Generator,603.7135592128511,3234
Node_5,Camera-like Traffic Generator,603.8489331087683,2557
Node_5,Camera-like Traffic Generator,603.9672371563685,3388
Node_5,Camera-like Traffic Generator,604.1665274349173,2837
Node_5,Camera-like Traffic Generator,604.303686497583,2549
Node_3,Smart Plug,604.4136606828332,68
Node_5,Camera-like Traffic Generator,604.4426476303794,3333
Node_5,Camera-like Traffic Generator,604.6061908016587,3222
Node_5,Camera-like Traffic Generator,604.7926401265935,2744
Node_5,Camera-like Traffic Generator,604.9781484855547,2614
Node_5,Camera-like Traffic Generator,605.0836906724047,2896
Node_5,Camera-like Traffic Generator,605.2629889522055,2775
Node_3,Smart Plug,605.3430079600381,74
Node_3,Smart Plug,605.3868424209362,97
Node_5,Camera-like Traffic Generator,605.4457562675906,2506
Node_5,Camera-like Traffic Generator,605.6126565062202,2729
Node_5,Camera-like Traffic Generator,605.7685455568453,2804
Node_5,Camera-like Traffic Generator,605.8807480228662,3061
Node_5,Camera-like Traffic Generator,605.9955977378112,3388
Node_5,Camera-like Traffic Generator,606.1027714475463,3274
Node_5,Camera-like Traffic Generator,606.2202229256411,3161
Node_5,Camera-like Traffic Generator,606.3710947238767,2786
Node_3,Smart Plug,606.4303280001776,66
Node_5,Camera-like Traffic Generator,606.5110243710461,3070
Node_5,Camera-like Traffic Generator,606.683033883436,3156
Node_5,Camera-like Traffic Generator,606.8216455153236,2813
Node_5,Camera-like Traffic Generator,606.9493304004311,2976
Node_5,Camera-like Traffic Generator,607.0854836128581,2751
Node_5,Camera-like Traffic Generator,607.1927557600958,2674
Node_5,Camera-like Traffic Generator,607.3553766820203,2567
Node_5,Camera-like Traffic Generator,607.4640244773608,3477
Node_5,Camera-like Traffic Generator,607.5907912902159,2577
Node_3,Smart Plug,607.7403158628024,69
Node_5,Camera-like Traffic Generator,607.7674340031057,3173
Node_5,Camera-like Traffic Generator,607.9004288347782,2771
Node_5,Camera-like Traffic Generator,608.0573863791149,3170
Node_5,Camera-like Traffic Generator,608.2150095767903,2875
Node_5,Camera-like Traffic Generator,608.4134861693992,3090
Node_5,Camera-like Traffic Generator,608.5585720976509,2996
Node_3,Smart Plug,608.609689842026,83
Node_3,Smart Plug,608.6283697650584,67
Node_3,Smart Plug,608.6744361767187,81
Node_5,Camera-like Traffic Generator,608.7390574521526,2560
Node_5,Camera-like Traffic Generator,608.919400264244,3311
Node_5,Camera-like Traffic Generator,609.0212162801236,2668
Node_5,Camera-like Traffic Generator,609.2188557202415,3166
Node_5,Camera-like Traffic Generator,609.3259677849181,3366
Node_5,Camera-like Traffic Generator,609.4755808256754,2635
Node_3,Smart Plug,609.5435161796745,68
Node_5,Camera-like Traffic Generator,609.6417440646253,2649
Node_5,Camera-like Traffic Generator,609.7490732253013,2701
Node_5,Camera-like Traffic Generator,609.8734383164403,3216
Node_5,Camera-like Traffic Generator,610.064032010551,3120
Node_5,Camera-like Traffic Generator,610.2103077518093,3066
Node_5,Camera-like Traffic Generator,610.3556980734261,2536
Node_5,Camera-like Traffic Generator,610.5511871801432,2974
Node_5,Camera-like Traffic Generator,610.6586065153632,2926
Node_3,Smart Plug,610.8389454431791,74
Node_5,Camera-like Traffic Generator,610.8479261516514,2731
Node_5,Camera-like Traffic Generator,611.0277151394384,3485
Node_5,Camera-like Traffic Generator,611.1462525677667,2937
Node_5,Camera-like Traffic Generator,611.2851929122754,3264
Node_5,Camera-like Traffic Generator,611.4312311382832,2839
Node_5,Camera-like Traffic Generator,611.5889087007911,3030
Node_5,Camera-like Traffic Generator,611.7510724452669,3148
Node_5,Camera-like Traffic Generator,611.8931081049321,2737
Node_3,Smart Plug,611.9467115236142,98
Node_3,Smart Plug,611.9709044174118,75
Node_3,Smart Plug,611.9900065859144,64
Node_5,Camera-like Traffic Generator,612.0568483508823,2708
Node_5,Camera-like Traffic Generator,612.2199448709523,3071
Node_5,Camera-like Traffic Generator,612.4115291843883,3192
Node_5,Camera-like Traffic Generator,612.5318307142394,3102
Node_5,Camera-like Traffic Generator,612.6948272416206,2882
Node_5,Camera-like Traffic Generator,612.8257039110487,2530
Node_3,Smart Plug,612.8765373676464,64
Node_3,Smart Plug,612.9170283148218,88
Node_5,Camera-like Traffic Generator,612.9769533299572,3225
Node_5,Camera-like Traffic Generator,613.1347751712246,2834
Node_5,Camera-like Traffic Generator,613.2580926573653,2644
Node_5,Camera-like Traffic Generator,613.373946611562,3086
Node_5,Camera-like Traffic Generator,613.5091438962621,2523
Node_5,Camera-like Traffic Generator,613.6440544398874,3307
Node_3,Smart Plug,613.745454309021,73
Node_3,Smart Plug,613.7667987667239,84
Node_5,Camera-like Traffic Generator,613.7712831842103,2782
Node_5,Camera-like Traffic Generator,613.9352915717284,3299
Node_5,Camera-like Traffic Generator,614.0637008124808,2506
Node_5,Camera-like Traffic Generator,614.1686949791241,2640
Node_5,Camera-like Traffic Generator,614.3655119365392,2964
Node_5,Camera-like Traffic Generator,614.4961289719498,3044
Node_5,Camera-like Traffic Generator,614.6723805021763,2996
Node_5,Camera-like Traffic Generator,614.8021548897837,2947
Node_5,Camera-like Traffic Generator,614.9471687823772,2809
Node_5,Camera-like Traffic Generator,615.1412684247798,2919
Node_3,Smart Plug,615.2501240997884,77
Node_5,Camera-like Traffic Generator,615.2613990534145,3390
Node_5,Camera-like Traffic Generator,615.4040620946862,3490
Node_5,Camera-like Traffic Generator,615.5297552511505,2830
Node_5,Camera-like Traffic Generator,615.6320606101018,2744
Node_5,Camera-like Traffic Generator,615.763534082592,2720
Node_5,Camera-like Traffic Generator,615.8834520669268,3088
Node_5,Camera-like Traffic Generator,616.0220641599396,2772
Node_5,Camera-like Traffic Generator,616.1647266252262,2686
Node_3,Smart Plug,616.253536627301,94
Node_3,Smart Plug,616.2663209935793,93
Node_5,Camera-like Traffic Generator,616.311166931861,2579
Node_5,Camera-like Traffic Generator,616.499440123041,3065
Node_5,Camera-like Traffic Generator,616.6352494634714,3069
Node_5,Camera-like Traffic Generator,616.7732651563184,2821
Node_5,Camera-like Traffic Generator,616.8782196930952,2870
Node_5,Camera-like Traffic Generator,617.0248148580193,2507
Node_5,Camera-like Traffic Generator,617.1616155423147,2610
Node_5,Camera-like Traffic Generator,617.3145171621076,2962
Node_5,Camera-like Traffic Generator,617.4819592769126,2926
Node_3,Smart Plug,617.5417127693752,67
Node_5,Camera-like Traffic Generator,617.6054363506621,2578
Node_5,Camera-like Traffic Generator,617.7368377074292,2789
Node_5,Camera-like Traffic Generator,617.8892897341993,3349
Node_5,Camera-like Traffic Generator,618.0733393349867,3263
Node_5,Camera-like Traffic Generator,618.2345117409102,2848
Node_5,Camera-like Traffic Generator,618.3626810379005,3157
Node_5,Camera-like Traffic Generator,618.4874824056442,3472
Node_5,Camera-like Traffic Generator,618.6628543306269,3374
Node_3,Smart Plug,618.6858666308566,64
Node_5,Camera-like Traffic Generator,618.8570638995174,2792
Node_5,Camera-like Traffic Generator,618.9792045643537,3209
Node_5,Camera-like Traffic Generator,619.1577610238052,3291
Node_5,Camera-like Traffic Generator,619.2882962759084,2621
Node_5,Camera-like Traffic Generator,619.4452348234958,3103
Node_5,Camera-like Traffic Generator,619.5696936399593,3107
Node_5,Camera-like Traffic Generator,619.7530719792989,3444
Node_5,Camera-like Traffic Generator,619.8789198488707,3078
Node_3,Smart Plug,619.9468504151564,63
Node_3,Smart Plug,619.9728753866699,83
Node_5,Camera-like Traffic Generator,620.0074287372245,3074
Node_3,Smart Plug,620.0198869992915,99
Node_3,Smart Plug,620.0688952990592,73
Node_5,Camera-like Traffic Generator,620.1343926572791,2909
Node_5,Camera-like Traffic Generator,620.2361102772688,3259
Node_5,Camera-like Traffic Generator,620.4197874295578,3199
Node_5,Camera-like Traffic Generator,620.5369211647869,2724
Node_5,Camera-like Traffic Generator,620.6962532623531,3000
Node_5,Camera-like Traffic Generator,620.8090836327237,3222
Node_5,Camera-like Traffic Generator,620.9814382369793,2718
Node_5,Camera-like Traffic Generator,621.1390001863732,3317
Node_5,Camera-like Traffic Generator,621.303254710761,3382
Node_5,Camera-like Traffic Generator,621.46151840068,3433
Node_3,Smart Plug,621.5623582221017,64
Node_5,Camera-like Traffic Generator,621.5714942968963,2657
Node_5,Camera-like Traffic Generator,621.7682281143603,3497
Node_5,Camera-like Traffic Generator,621.9442529957911,2945
Node_5,Camera-like Traffic Generator,622.0503733897314,2673
Node_5,Camera-like Traffic Generator,622.2364155163561,3261
Node_5,Camera-like Traffic Generator,622.3843085348751,2801
Node_5,Camera-like Traffic Generator,622.5694711018638,2847
Node_5,Camera-like Traffic Generator,622.6981776425007,3209
Node_5,Camera-like Traffic Generator,622.8394574974022,2836
Node_3,Smart Plug,622.8699985723346,71
Node_5,Camera-like Traffic Generator,623.0194927887056,2631
Node_5,Camera-like Traffic Generator,623.197267390229,2537
Node_5,Camera-like Traffic Generator,623.2982834542491,2801
Node_5,Camera-like Traffic Generator,623.4549519536838,3348
Node_5,Camera-like Traffic Generator,623.5931020987443,2564
Node_5,Camera-like Traffic Generator,623.7654555486633,2723
Node_5,Camera-like Traffic Generator,623.8709163167244,2527
Node_5,Camera-like Traffic Generator,624.0606402023332,3374
Node_3,Smart Plug,624.0773416091318,70
Node_5,Camera-like Traffic Generator,624.1713038108963,3278
Node_5,Camera-like Traffic Generator,624.2917078269246,3363
Node_5,Camera-like Traffic Generator,624.4250396725199,2893
Node_5,Camera-like Traffic Generator,624.5606635764865,3206
Node_5,Camera-like Traffic Generator,624.6998242089704,2830
Node_5,Camera-like Traffic Generator,624.8335623911784,3177
Node_5,Camera-like Traffic Generator,624.9806977226331,2502
Node_5,Camera-like Traffic Generator,625.1746897699654,3470
Node_5,Camera-like Traffic Generator,625.2825779000065,3073
Node_3,Smart Plug,625.3280234338179,76
Node_5,Camera-like Traffic Generator,625.4044179880344,2568
Node_5,Camera-like Traffic Generator,625.5749996151951,3052
Node_5,Camera-like Traffic Generator,625.6939148722462,3195
Node_5,Camera-like Traffic Generator,625.833569749572,2721
Node_5,Camera-like Traffic Generator,625.9408176477206,3434
Node_5,Camera-like Traffic Generator,626.0958906544481,2548
Node_5,Camera-like Traffic Generator,626.2163610108653,3390
Node_5,Camera-like Traffic Generator,626.3354103810266,2907
Node_5,Camera-like Traffic Generator,626.5286891956335,3240
Node_3,Smart Plug,626.5502392365254,76
Node_5,Camera-like Traffic Generator,626.6320377427479,2748
Node_5,Camera-like Traffic Generator,626.7630404799255,2792
Node_5,Camera-like Traffic Generator,626.8895527931176,2707
Node_5,Camera-like Traffic Generator,627.0003309363884,2801
Node_5,Camera-like Traffic Generator,627.1666595054809,3214
Node_5,Camera-like Traffic Generator,627.308228027267,3241
Node_5,Camera-like Traffic Generator,627.4757077441051,3158
Node_3,Smart Plug,627.5454626797591,90
Node_3,Smart Plug,627.5654902741733,79
Node_5,Camera-like Traffic Generator,627.6538508391973,3040
Node_5,Camera-like Traffic Generator,627.7566528796496,3052
Node_5,Camera-like Traffic Generator,627.946813531891,3449
Node_5,Camera-like Traffic Generator,628.0781927888181,3207
Node_5,Camera-like Traffic Generator,628.192279618368,3360
Node_5,Camera-like Traffic Generator,628.3304225280389,3082
Node_5,Camera-like Traffic Generator,628.4354348317436,3386
Node_3,Smart Plug,628.4597161406758,63
Node_3,Smart Plug,628.4724452876029,87
Node_5,Camera-like Traffic Generator,628.6008166910533,3146
Node_5,Camera-like Traffic Generator,628.7980445814608,2938
Node_5,Camera-like Traffic Generator,628.9266492185951,2965
Node_5,Camera-like Traffic Generator,629.0454815832687,2537
Node_5,Camera-like Traffic Generator,629.1662655156576,2818
Node_5,Camera-like Traffic Generator,629.2817820912537,3036
Node_5,Camera-like Traffic Generator,629.4609195952314,2866
Node_3,Smart Plug,629.5402883755385,87
Node_5,Camera-like Traffic Generator,629.5656127622648,2661
Node_3,Smart Plug,629.5751670459994,63
Node_3,Smart Plug,629.61523143586,90
Node_5,Camera-like Traffic Generator,629.7215212161834,3444
Node_5,Camera-like Traffic Generator,629.8637336468623,2838
Node_5,Camera-like Traffic Generator,630.008579215066,2836
Node_5,Camera-like Traffic Generator,630.1957932794808,3422
Node_5,Camera-like Traffic Generator,630.3117415849081,2701
Node_5,Camera-like Traffic Generator,630.463772981233,2653
Node_3,Smart Plug,630.5565836639762,86
Node_5,Camera-like Traffic Generator,630.6430937668104,2509
Node_5,Camera-like Traffic Generator,630.7447179383463,2830
Node_5,Camera-like Traffic Generator,630.90207962904,2607
Node_5,Camera-like Traffic Generator,631.0225207468317,2509
Node_5,Camera-like Traffic Generator,631.1247174031627,2697
Node_5,Camera-like Traffic Generator,631.2655465509101,2940
Node_5,Camera-like Traffic Generator,631.4389528737263,2622
Node_3,Smart Plug,631.5397493556179,73
Node_5,Camera-like Traffic Generator,631.6290432434781,3283
Node_5,Camera-like Traffic Generator,631.765563253661,3315
Node_5,Camera-like Traffic Generator,631.9093172127921,2926
Node_5,Camera-like Traffic Generator,632.0869077852375,3109
Node_5,Camera-like Traffic Generator,632.2216451313733,3313
Node_5,Camera-like Traffic Generator,632.3465574774523,3248
Node_5,Camera-like Traffic Generator,632.463913555241,3141
Node_5,Camera-like Traffic Generator,632.5849744929258,2578
Node_3,Smart Plug,632.7223833792871,98
Node_3,Smart Plug,632.7495996355123,96
Node_5,Camera-like Traffic Generator,632.7753256447297,3410
Node_5,Camera-like Traffic Generator,632.9487972569013,3056
Node_5,Camera-like Traffic Generator,633.0746287698711,2987
Node_5,Camera-like Traffic Generator,633.1981275501731,2716
Node_5,Camera-like Traffic Generator,633.369801437335,3450
Node_5,Camera-like Traffic Generator,633.4829824360826,2627
Node_5,Camera-like Traffic Generator,633.6125829471704,2568
Node_3,Smart Plug,633.7697910739861,75
Node_5,Camera-like Traffic Generator,633.8098034922831,3081
Node_5,Camera-like Traffic Generator,633.9839433822067,3499
Node_5,Camera-like Traffic Generator,634.1610006462191,2590
Node_5,Camera-like Traffic Generator,634.3327705789981,3457
Node_5,Camera-like Traffic Generator,634.4989623184358,2632
Node_3,Smart Plug,634.5927929312654,82
Node_5,Camera-like Traffic Generator,634.6041742378933,2873
Node_5,Camera-like Traffic Generator,634.7481088989049,3378
Node_5,Camera-like Traffic Generator,634.8894676133932,3331
Node_5,Camera-like Traffic Generator,635.0555229983295,3046
Node_5,Camera-like Traffic Generator,635.2284877297666,3458
Node_5,Camera-like Traffic Generator,635.4116574343807,2976
Node_5,Camera-like Traffic Generator,635.575263665065,2995
Node_3,Smart Plug,635.6049241313949,88
Node_5,Camera-like Traffic Generator,635.7577476922573,2913
Node_5,Camera-like Traffic Generator,635.9199775511822,3332
Node_5,Camera-like Traffic Generator,636.1135490701862,2682
Node_5,Camera-like Traffic Generator,636.2399200359129,2886
Node_5,Camera-like Traffic Generator,636.4039019128387,2727
Node_3,Smart Plug,636.4990659009436,88
Node_5,Camera-like Traffic Generator,636.5911416297265,2940
Node_5,Camera-like Traffic Generator,636.7700036088814,2969
Node_5,Camera-like Traffic Generator,636.8848374036686,3005
Node_5,Camera-like Traffic Generator,637.0779508074837,2679
Node_5,Camera-like Traffic Generator,637.2096165972658,2540
Node_3,Smart Plug,637.3756332959616,87
Node_5,Camera-like Traffic Generator,637.4051951385633,3281
Node_5,Camera-like Traffic Generator,637.5395193497325,2894
Node_5,Camera-like Traffic Generator,637.6928969976403,3212
Node_5,Camera-like Traffic Generator,637.8843828075529,3224
Node_5,Camera-like Traffic Generator,637.9991260946298,2747
Node_5,Camera-like Traffic Generator,638.124036472063,2687
Node_5,Camera-like Traffic Generator,638.2813768144428,3440
Node_5,Camera-like Traffic Generator,638.460819730647,2599
Node_5,Camera-like Traffic Generator,638.5692733636022,3479
Node_3,Smart Plug,638.6553952129386,82
Node_5,Camera-like Traffic Generator,638.6811959447465,2957
Node_5,Camera-like Traffic Generator,638.8325472185827,2735
Node_5,Camera-like Traffic Generator,638.9672127800371,3188
Node_5,Camera-like Traffic Generator,639.1088056460759,3418
Node_5,Camera-like Traffic Generator,639.2702247203505,3169
Node_5,Camera-like Traffic Generator,639.459310260508,3398
Node_5,Camera-like Traffic Generator,639.6047517210095,2549
Node_5,Camera-like Traffic Generator,639.7871896374706,2791
Node_5,Camera-like Traffic Generator,639.8907950038183,3129
Node_5,Camera-like Traffic Generator,640.0133485323643,2651
Node_3,Smart Plug,640.0534412416229,80
Node_5,Camera-like Traffic Generator,640.1237054328981,3471
Node_5,Camera-like Traffic Generator,640.2854304847867,3194
Node_5,Camera-like Traffic Generator,640.4032507645326,2818
Node_5,Camera-like Traffic Generator,640.5918257170883,3264
Node_5,Camera-like Traffic Generator,640.7412248919142,2672
Node_5,Camera-like Traffic Generator,640.8554353894315,2992
Node_5,Camera-like Traffic Generator,640.9942164323861,2754
Node_5,Camera-like Traffic Generator,641.1162476357139,2954
Node_3,Smart Plug,641.1997250329395,98
Node_5,Camera-like Traffic Generator,641.2326026130694,2860
Node_5,Camera-like Traffic Generator,641.3615287510157,2644
Node_5,Camera-like Traffic Generator,641.4990967987897,2876
Node_5,Camera-like Traffic Generator,641.6311470706323,3310
Node_5,Camera-like Traffic Generator,641.7902573312971,3146
Node_5,Camera-like Traffic Generator,641.9752570691544,2692
Node_5,Camera-like Traffic Generator,642.0947869420934,3235
Node_3,Smart Plug,642.2466596721291,99
Node_5,Camera-like Traffic Generator,642.264022549732,3316
Node_5,Camera-like Traffic Generator,642.3842582170919,2789
Node_5,Camera-like Traffic Generator,642.5144624092258,3377
Node_5,Camera-like Traffic Generator,642.6978137963231,2804
Node_5,Camera-like Traffic Generator,642.8818755787715,2999
Node_5,Camera-like Traffic Generator,643.0417976105169,3422
Node_3,Smart Plug,643.0663625627437,61
Node_5,Camera-like Traffic Generator,643.1429719675073,2964
Node_5,Camera-like Traffic Generator,643.3234159161384,2510
Node_5,Camera-like Traffic Generator,643.4608350181917,3183
Node_5,Camera-like Traffic Generator,643.6374305417781,3184
Node_5,Camera-like Traffic Generator,643.744567685846,3266
Node_5,Camera-like Traffic Generator,643.875889866467,3288
Node_5,Camera-like Traffic Generator,644.0207093708598,2757
Node_3,Smart Plug,644.1105763141991,89
Node_3,Smart Plug,644.156230029817,73
Node_3,Smart Plug,644.1800357509188,74
Node_5,Camera-like Traffic Generator,644.1909084513447,2681
Node_5,Camera-like Traffic Generator,644.3336223196906,3157
Node_5,Camera-like Traffic Generator,644.4496181521841,3377
Node_5,Camera-like Traffic Generator,644.6237262426716,2914
Node_5,Camera-like Traffic Generator,644.7505269885351,2952
Node_5,Camera-like Traffic Generator,644.9003278020864,2818
Node_5,Camera-like Traffic Generator,645.0173774374073,3412
Node_5,Camera-like Traffic Generator,645.1741013100939,2517
Node_5,Camera-like Traffic Generator,645.2821566512525,2899
Node_5,Camera-like Traffic Generator,645.4364303460685,2641
Node_3,Smart Plug,645.4429037549947,69
Node_5,Camera-like Traffic Generator,645.5968889951181,2527
Node_5,Camera-like Traffic Generator,645.7337775390612,3225
Node_5,Camera-like Traffic Generator,645.8495443304279,3092
Node_5,Camera-like Traffic Generator,645.9612468918596,2822
Node_5,Camera-like Traffic Generator,646.1477154289779,3428
Node_5,Camera-like Traffic Generator,646.2887667006984,2542
Node_5,Camera-like Traffic Generator,646.4479079389689,2815
Node_5,Camera-like Traffic Generator,646.6143919914341,3081
Node_3,Smart Plug,646.6576759217495,96
Node_3,Smart Plug,646.6798724199988,73
Node_3,Smart Plug,646.7029170935124,78
Node_5,Camera-like Traffic Generator,646.7376511300748,2744
Node_5,Camera-like Traffic Generator,646.9044886366077,3312
Node_5,Camera-like Traffic Generator,647.0690638970447,2672
Node_5,Camera-like Traffic Generator,647.2313061961564,2796
Node_5,Camera-like Traffic Generator,647.4077007518398,2679
Node_5,Camera-like Traffic Generator,647.5508471969778,2575
Node_5,Camera-like Traffic Generator,647.717171729948,3123
Node_5,Camera-like Traffic Generator,647.8198785144394,3168
Node_3,Smart Plug,647.9005516769284,96
Node_3,Smart Plug,647.93839001598,83
Node_5,Camera-like Traffic Generator,647.953842758043,2694
Node_5,Camera-like Traffic Generator,648.1262278941608,2723
Node_5,Camera-like Traffic Generator,648.2800588715115,3351
Node_5,Camera-like Traffic Generator,648.3844198105319,3073
Node_5,Camera-like Traffic Generator,648.5695865761703,2724
Node_5,Camera-like Traffic Generator,648.755140493576,2564
Node_5,Camera-like Traffic Generator,648.919377114452,2676
Node_3,Smart Plug,649.002806331381,75
Node_5,Camera-like Traffic Generator,649.0345611154019,3449
Node_5,Camera-like Traffic Generator,649.151850691919,2576
Node_5,Camera-like Traffic Generator,649.3267690203652,3011
Node_5,Camera-like Traffic Generator,649.5179386726211,2612
Node_5,Camera-like Traffic Generator,649.6551876204935,2653
Node_5,Camera-like Traffic Generator,649.7987316421472,2917
Node_5,Camera-like Traffic Generator,649.9486819959421,2901
Node_5,Camera-like Traffic Generator,650.1380449458264,2603
Node_5,Camera-like Traffic Generator,650.2963298589117,3030
Node_3,Smart Plug,650.3686349292384,64
Node_5,Camera-like Traffic Generator,650.4225442465939,3037
Node_5,Camera-like Traffic Generator,650.5614905878025,3488
Node_5,Camera-like Traffic Generator,650.7364982478439,3337
Node_5,Camera-like Traffic Generator,650.9038701810068,2542
Node_5,Camera-like Traffic Generator,651.0426968941051,3070
Node_5,Camera-like Traffic Generator,651.1929445066378,3432
Node_5,Camera-like Traffic Generator,651.3371689235779,3024
Node_3,Smart Plug,651.4038121529783,80
Node_5,Camera-like Traffic Generator,651.461624119118,2813
Node_5,Camera-like Traffic Generator,651.5943533423216,3236
Node_5,Camera-like Traffic Generator,651.7331250213041,2901
Node_5,Camera-like Traffic Generator,651.9276981792332,2899
Node_5,Camera-like Traffic Generator,652.0587774005825,3245
Node_5,Camera-like Traffic Generator,652.2183567345699,3224
Node_5,Camera-like Traffic Generator,652.3401278871081,3158
Node_3,Smart Plug,652.4414897503567,84
Node_5,Camera-like Traffic Generator,652.451307193176,2640
Node_5,Camera-like Traffic Generator,652.6443233925235,3308
Node_5,Camera-like Traffic Generator,652.7622279602979,2693
Node_5,Camera-like Traffic Generator,652.8639387352752,3190
Node_5,Camera-like Traffic Generator,652.968485948505,2663
Node_5,Camera-like Traffic Generator,653.0937795129527,2716
Node_5,Camera-like Traffic Generator,653.2910375376994,2781
Node_5,Camera-like Traffic Generator,653.4395972927398,3011
Node_3,Smart Plug,653.5466835429474,79
Node_5,Camera-like Traffic Generator,653.6275947453329,3272
Node_5,Camera-like Traffic Generator,653.7975965284548,2611
Node_5,Camera-like Traffic Generator,653.9447024725092,3114
Node_5,Camera-like Traffic Generator,654.0600448971891,3260
Node_5,Camera-like Traffic Generator,654.218857648519,3094
Node_5,Camera-like Traffic Generator,654.3801542741612,3075
Node_5,Camera-like Traffic Generator,654.5328388689239,3151
Node_5,Camera-like Traffic Generator,654.684207595489,2699
Node_5,Camera-like Traffic Generator,654.8577431805569,2519
Node_3,Smart Plug,654.8976882690349,93
Node_5,Camera-like Traffic Generator,654.9796771972578,2931
Node_5,Camera-like Traffic Generator,655.1206593311686,3237
Node_5,Camera-like Traffic Generator,655.2951719359178,3206
Node_5,Camera-like Traffic Generator,655.4014107317387,2847
Node_5,Camera-like Traffic Generator,655.5210815793542,2661
Node_5,Camera-like Traffic Generator,655.6547476351478,3043
Node_5,Camera-like Traffic Generator,655.7736028409765,2596
Node_3,Smart Plug,655.8988371603766,61
Node_5,Camera-like Traffic Generator,655.9057793889448,2546
Node_5,Camera-like Traffic Generator,656.086740699942,2770
Node_5,Camera-like Traffic Generator,656.2753702918014,3399
Node_5,Camera-like Traffic Generator,656.4303536228483,2501
Node_5,Camera-like Traffic Generator,656.5658814284994,3189
Node_5,Camera-like Traffic Generator,656.7583719118862,3342
Node_5,Camera-like Traffic Generator,656.9199663565269,3159
Node_3,Smart Plug,656.9802563069086,69
Node_5,Camera-like Traffic Generator,657.0764218806193,3111
Node_5,Camera-like Traffic Generator,657.1823860103735,2898
Node_5,Camera-like Traffic Generator,657.3521366579424,2664
Node_5,Camera-like Traffic Generator,657.4978755217059,2936
Node_5,Camera-like Traffic Generator,657.6222820843454,2727
Node_5,Camera-like Traffic Generator,657.8066657281781,3492
Node_3,Smart Plug,657.8446267915766,93
Node_3,Smart Plug,657.8681003140232,62
Node_5,Camera-like Traffic Generator,657.9273466406743,3372
Node_5,Camera-like Traffic Generator,658.0882880193668,2885
Node_5,Camera-like Traffic Generator,658.2672483977475,3459
Node_5,Camera-like Traffic Generator,658.388697413644,2983
Node_5,Camera-like Traffic Generator,658.5787102432063,2583
Node_5,Camera-like Traffic Generator,658.7123324921502,2614
Node_5,Camera-like Traffic Generator,658.8754430880645,3042
Node_3,Smart Plug,659.0007881710176,68
Node_5,Camera-like Traffic Generator,659.056575614574,3327
Node_5,Camera-like Traffic Generator,659.196824659899,2897
Node_5,Camera-like Traffic Generator,659.3073001451105,2934
Node_5,Camera-like Traffic Generator,659.4377704246887,3276
Node_5,Camera-like Traffic Generator,659.5378524726974,2574
Node_5,Camera-like Traffic Generator,659.6533577267156,3005
Node_5,Camera-like Traffic Generator,659.769042854541,3400
Node_5,Camera-like Traffic Generator,659.940732480079,2652
Node_5,Camera-like Traffic Generator,660.108035170183,3349
Node_3,Smart Plug,660.2568639405063,72
Node_5,Camera-like Traffic Generator,660.281144151711,2723
Node_5,Camera-like Traffic Generator,660.4709153019028,2961
Node_5,Camera-like Traffic Generator,660.6309239646395,3356
Node_5,Camera-like Traffic Generator,660.7837594622548,2825
Node_5,Camera-like Traffic Generator,660.9775490201918,3236
Node_5,Camera-like Traffic Generator,661.1475807428416,2906
Node_5,Camera-like Traffic Generator,661.3371460478677,2993
Node_3,Smart Plug,661.3599012796901,81
Node_3,Smart Plug,661.3859933179197,84
Node_5,Camera-like Traffic Generator,661.4466432401094,2543
Node_5,Camera-like Traffic Generator,661.6221950052452,3223
Node_5,Camera-like Traffic Generator,661.8047471831378,2667
Node_5,Camera-like Traffic Generator,661.9682275893169,3434
Node_5,Camera-like Traffic Generator,662.1204922566942,3356
Node_5,Camera-like Traffic Generator,662.3018141222129,2747
Node_5,Camera-like Traffic Generator,662.4093201579441,2627
Node_5,Camera-like Traffic Generator,662.5699900378906,3456
Node_5,Camera-like Traffic Generator,662.6816679262696,3418
Node_3,Smart Plug,662.7204028683726,67
Node_3,Smart Plug,662.7585361342005,94
Node_5,Camera-like Traffic Generator,662.8511472823131,2852
Node_5,Camera-like Traffic Generator,663.0104893644701,3079
Node_5,Camera-like Traffic Generator,663.1638134653246,2746
Node_5,Camera-like Traffic Generator,663.3330913756904,2849
Node_5,Camera-like Traffic Generator,663.4828392325295,3234
Node_5,Camera-like Traffic Generator,663.5845028629783,3216
Node_3,Smart Plug,663.7076030977134,98
Node_5,Camera-like Traffic Generator,663.7576912961416,3201
Node_5,Camera-like Traffic Generator,663.8953783350465,3195
Node_5,Camera-like Traffic Generator,664.0775758666567,3033
Node_5,Camera-like Traffic Generator,664.2539478032841,3111
Node_5,Camera-like Traffic Generator,664.3893379900221,3329
Node_5,Camera-like Traffic Generator,664.5031745715232,2948
Node_5,Camera-like Traffic Generator,664.633979361049,3007
Node_5,Camera-like Traffic Generator,664.7905298011601,3452
Node_3,Smart Plug,664.8347098170848,97
Node_5,Camera-like Traffic Generator,664.9248726603435,2723
Node_5,Camera-like Traffic Generator,665.0521555321494,2935
Node_5,Camera-like Traffic Generator,665.2158017257499,3263
Node_5,Camera-like Traffic Generator,665.3896191370369,3386
Node_5,Camera-like Traffic Generator,665.5475522946163,3107
Node_5,Camera-like Traffic Generator,665.6920574752345,3127
Node_5,Camera-like Traffic Generator,665.8063294138601,3117
Node_5,Camera-like Traffic Generator,665.9486345500268,3488
Node_3,Smart Plug,666.0648054255944,90
Node_5,Camera-like Traffic Generator,666.0790858299523,3264
Node_5,Camera-like Traffic Generator,666.2364952607086,2896
Node_5,Camera-like Traffic Generator,666.3386546293744,2503
Node_5,Camera-like Traffic Generator,666.5168393164191,2957
Node_5,Camera-like Traffic Generator,666.6854394820244,2998
Node_5,Camera-like Traffic Generator,666.841354478851,3185
Node_5,Camera-like Traffic Generator,667.0264153014951,2784
Node_5,Camera-like Traffic Generator,667.1539952625233,3453
Node_3,Smart Plug,667.2610869355051,85
Node_5,Camera-like Traffic Generator,667.2733493874886,3108
Node_5,Camera-like Traffic Generator,667.4237562226027,2802
Node_5,Camera-like Traffic Generator,667.5648515713946,2742
Node_5,Camera-like Traffic Generator,667.7487411410782,3018
Node_5,Camera-like Traffic Generator,667.9117325160651,2706
Node_5,Camera-like Traffic Generator,668.0850401297818,3036
Node_5,Camera-like Traffic Generator,668.238361926517,3497
Node_3,Smart Plug,668.3160792039165,65
Node_3,Smart Plug,668.3534914693857,72
Node_5,Camera-like Traffic Generator,668.367658656064,3084
Node_5,Camera-like Traffic Generator,668.470454093985,2790
Node_5,Camera-like Traffic Generator,668.571441726403,3104
Node_5,Camera-like Traffic Generator,668.7377298605904,3014
Node_5,Camera-like Traffic Generator,668.8771797087326,2509
Node_5,Camera-like Traffic Generator,669.0736649667537,2618
Node_5,Camera-like Traffic Generator,669.2624279414828,2531
Node_3,Smart Plug,669.3765486954933,93
Node_3,Smart Plug,669.3946910171531,76
Node_5,Camera-like Traffic Generator,669.4022751002274,3461
Node_5,Camera-like Traffic Generator,669.5061835521695,2900
Node_5,Camera-like Traffic Generator,669.6614712468039,3401
Node_5,Camera-like Traffic Generator,669.7632790652464,3044
Node_5,Camera-like Traffic Generator,669.890335022813,3333
Node_5,Camera-like Traffic Generator,670.0261919488967,2604
Node_5,Camera-like Traffic Generator,670.1483359014455,3056
Node_5,Camera-like Traffic Generator,670.3022982987029,3055
Node_5,Camera-like Traffic Generator,670.4897917017098,3304
Node_5,Camera-like Traffic Generator,670.6227797034754,2805
Node_3,Smart Plug,670.6469208746904,70
Node_5,Camera-like Traffic Generator,670.8042600549688,3051
Node_5,Camera-like Traffic Generator,670.9661454920364,3236
Node_5,Camera-like Traffic Generator,671.0923366415643,3354
Node_5,Camera-like Traffic Generator,671.2918209877053,3053
Node_5,Camera-like Traffic Generator,671.4334203917604,3365
Node_5,Camera-like Traffic Generator,671.5348772806368,3425
Node_5,Camera-like Traffic Generator,671.6795850995535,2870
Node_3,Smart Plug,671.7310270321642,64
Node_3,Smart Plug,671.750850496557,93
Node_5,Camera-like Traffic Generator,671.7808576356579,2500
Node_5,Camera-like Traffic Generator,671.8854500622855,2844
Node_5,Camera-like Traffic Generator,672.0244877956316,3178
Node_5,Camera-like Traffic Generator,672.1346700471089,3388
Node_5,Camera-like Traffic Generator,672.3125254751164,2855
Node_5,Camera-like Traffic Generator,672.4328560509829,3411
Node_5,Camera-like Traffic Generator,672.6278876077363,2887
Node_5,Camera-like Traffic Generator,672.7375967480654,2761
Node_5,Camera-like Traffic Generator,672.8941300736716,3325
Node_3,Smart Plug,672.9427280039299,77
Node_5,Camera-like Traffic Generator,673.09200486525,3164
Node_5,Camera-like Traffic Generator,673.2817251308103,2794
Node_5,Camera-like Traffic Generator,673.4266076813251,2551
Node_5,Camera-like Traffic Generator,673.6027246831566,3413
Node_3,Smart Plug,673.7686306182358,66
Node_3,Smart Plug,673.7889664921345,92
Node_5,Camera-like Traffic Generator,673.7939513026531,3153
Node_5,Camera-like Traffic Generator,673.94703325206,2661
Node_5,Camera-like Traffic Generator,674.134851939203,3303
Node_5,Camera-like Traffic Generator,674.2379749395513,3131
Node_5,Camera-like Traffic Generator,674.3583794306985,2872
Node_5,Camera-like Traffic Generator,674.5271726449025,2547
Node_5,Camera-like Traffic Generator,674.6543109771196,2795
Node_3,Smart Plug,674.7121561474609,94
Node_5,Camera-like Traffic Generator,674.8492803696644,2752
Node_5,Camera-like Traffic Generator,675.0094256677544,3438
Node_5,Camera-like Traffic Generator,675.1487651337629,2774
Node_5,Camera-like Traffic Generator,675.2830595437791,2921
Node_5,Camera-like Traffic Generator,675.4732982333576,2900
Node_5,Camera-like Traffic Generator,675.664952828624,2664
Node_3,Smart Plug,675.8522455233409,60
Node_5,Camera-like Traffic Generator,675.8589526801478,2877
Node_5,Camera-like Traffic Generator,676.0376924236623,2626
Node_5,Camera-like Traffic Generator,676.1700531516803,2844
Node_5,Camera-like Traffic Generator,676.3297888040646,3372
Node_5,Camera-like Traffic Generator,676.4434815059076,3432
Node_5,Camera-like Traffic Generator,676.6202933464256,2684
Node_3,Smart Plug,676.7109962020868,84
Node_5,Camera-like Traffic Generator,676.8058041853371,2624
Node_5,Camera-like Traffic Generator,676.9065956249983,2735
Node_5,Camera-like Traffic Generator,677.0997826387401,3147
Node_5,Camera-like Traffic Generator,677.2292721600048,3293
Node_5,Camera-like Traffic Generator,677.3551341396525,2807
Node_5,Camera-like Traffic Generator,677.5452107973268,2803
Node_5,Camera-like Traffic Generator,677.674068167558,3285
Node_5,Camera-like Traffic Generator,677.8113047095126,2722
Node_5,Camera-like Traffic Generator,677.9550120499663,2670
Node_5,Camera-like Traffic Generator,678.1398223663979,3317
Node_3,Smart Plug,678.1413986215687,76
Node_5,Camera-like Traffic Generator,678.2932601218225,2812
Node_5,Camera-like Traffic Generator,678.442170013093,2581
Node_5,Camera-like Traffic Generator,678.5558880014406,2833
Node_5,Camera-like Traffic Generator,678.6906578168097,2601
Node_5,Camera-like Traffic Generator,678.860809495155,3361
Node_5,Camera-like Traffic Generator,679.0204026996058,2503
Node_5,Camera-like Traffic Generator,679.1453163849235,2627
Node_5,Camera-like Traffic Generator,679.2637998724002,2591
Node_3,Smart Plug,679.4016000438428,63
Node_5,Camera-like Traffic Generator,679.4506920280088,3429
Node_5,Camera-like Traffic Generator,679.6286052985064,2736
Node_5,Camera-like Traffic Generator,679.8064853924386,2643
Node_5,Camera-like Traffic Generator,680.0034764482426,2994
Node_5,Camera-like Traffic Generator,680.1460363169155,2770
Node_5,Camera-like Traffic Generator,680.3102901221546,3231
Node_5,Camera-like Traffic Generator,680.4720386724999,3055
Node_5,Camera-like Traffic Generator,680.6432752223208,2821
Node_3,Smart Plug,680.7085641610563,65
Node_3,Smart Plug,680.7479433773399,97
Node_5,Camera-like Traffic Generator,680.7757476235605,2680
Node_5,Camera-like Traffic Generator,680.9426069622205,2670
Node_5,Camera-like Traffic Generator,681.1267767772141,2639
Node_5,Camera-like Traffic Generator,681.3126985112734,2601
Node_5,Camera-like Traffic Generator,681.4242641272385,3002
Node_5,Camera-like Traffic Generator,681.5731894810996,3114
Node_5,Camera-like Traffic Generator,681.7180521486204,2554
Node_5,Camera-like Traffic Generator,681.909675843109,3029
Node_5,Camera-like Traffic Generator,682.0733490503079,2863
Node_3,Smart Plug,682.128230485212,97
Node_5,Camera-like Traffic Generator,682.2332776843947,2758
Node_5,Camera-like Traffic Generator,682.3786884860939,2769
Node_5,Camera-like Traffic Generator,682.5017205938678,2866
Node_5,Camera-like Traffic Generator,682.6232029880242,3272
Node_5,Camera-like Traffic Generator,682.752959298933,3373
Node_5,Camera-like Traffic Generator,682.9261393126368,3353
Node_5,Camera-like Traffic Generator,683.0557189722717,3333
Node_3,Smart Plug,683.1044961261229,95
Node_3,Smart Plug,683.119387199461,92
Node_5,Camera-like Traffic Generator,683.2401294180075,2619
Node_5,Camera-like Traffic Generator,683.3981875139547,3202
Node_5,Camera-like Traffic Generator,683.5961857437944,2959
Node_5,Camera-like Traffic Generator,683.72218149101,3347
Node_5,Camera-like Traffic Generator,683.8824849482427,2536
Node_5,Camera-like Traffic Generator,684.0056217491341,3010
Node_5,Camera-like Traffic Generator,684.1086502657711,2695
Node_5,Camera-like Traffic Generator,684.2616353797926,2921
Node_3,Smart Plug,684.3284155538679,75
Node_5,Camera-like Traffic Generator,684.4490200722138,2568
Node_5,Camera-like Traffic Generator,684.5691239963687,3325
Node_5,Camera-like Traffic Generator,684.7212405602241,3100
Node_5,Camera-like Traffic Generator,684.8394625423658,3436
Node_5,Camera-like Traffic Generator,684.9907605277366,3006
Node_5,Camera-like Traffic Generator,685.179722971785,3312
Node_3,Smart Plug,685.2935722092901,76
Node_3,Smart Plug,685.3105783795075,98
Node_5,Camera-like Traffic Generator,685.3354046110006,2852
Node_5,Camera-like Traffic Generator,685.4528134397955,3043
Node_5,Camera-like Traffic Generator,685.5724433652921,2785
Node_5,Camera-like Traffic Generator,685.7279285597924,2683
Node_5,Camera-like Traffic Generator,685.8963556807332,2813
Node_5,Camera-like Traffic Generator,686.0085783942969,3191
Node_5,Camera-like Traffic Generator,686.149437764474,3331
Node_5,Camera-like Traffic Generator,686.2707084537875,2827
Node_3,Smart Plug,686.288592523839,83
Node_5,Camera-like Traffic Generator,686.3933510733099,3312
Node_5,Camera-like Traffic Generator,686.5717759662658,2550
Node_5,Camera-like Traffic Generator,686.7229643722895,3363
Node_5,Camera-like Traffic Generator,686.8585884169946,3185
Node_5,Camera-like Traffic Generator,686.9773875694378,2779
Node_5,Camera-like Traffic Generator,687.115539161824,2587
Node_5,Camera-like Traffic Generator,687.2634582433053,3242
Node_3,Smart Plug,687.3508860130399,97
Node_5,Camera-like Traffic Generator,687.4568097796706,3092
Node_5,Camera-like Traffic Generator,687.5965588287596,3432
Node_5,Camera-like Traffic Generator,687.795252521675,2724
Node_5,Camera-like Traffic Generator,687.9766157849513,2636
Node_5,Camera-like Traffic Generator,688.1370759065647,2756
Node_5,Camera-like Traffic Generator,688.2746829659162,3293
Node_5,Camera-like Traffic Generator,688.4008822784032,3406
Node_3,Smart Plug,688.4475329346179,87
Node_5,Camera-like Traffic Generator,688.5061481070794,3087
Node_5,Camera-like Traffic Generator,688.6647318314219,2528
Node_5,Camera-like Traffic Generator,688.768424951687,2548
Node_5,Camera-like Traffic Generator,688.9279826895099,2840
Node_5,Camera-like Traffic Generator,689.0507701930933,2516
Node_5,Camera-like Traffic Generator,689.2413622773475,3332
Node_5,Camera-like Traffic Generator,689.4097380903467,2840
Node_5,Camera-like Traffic Generator,689.5192580568181,2584
Node_5,Camera-like Traffic Generator,689.6787031544208,3163
Node_5,Camera-like Traffic Generator,689.8077540923897,2787
Node_3,Smart Plug,689.8631364132358,97
Node_5,Camera-like Traffic Generator,689.9728092021699,2889
Node_5,Camera-like Traffic Generator,690.1464214584718,3014
Node_5,Camera-like Traffic Generator,690.2980917387923,3119
Node_5,Camera-like Traffic Generator,690.4920080461083,3339
Node_5,Camera-like Traffic Generator,690.6535152619987,2957
Node_5,Camera-like Traffic Generator,690.7905864776864,2670
Node_5,Camera-like Traffic Generator,690.9816703439524,2870
Node_5,Camera-like Traffic Generator,691.1591833762768,2990
Node_3,Smart Plug,691.1641062736213,92
Node_3,Smart Plug,691.2127784799949,84
Node_5,Camera-like Traffic Generator,691.322694320755,3071
Node_5,Camera-like Traffic Generator,691.4981176929342,2626
Node_5,Camera-like Traffic Generator,691.6499489657314,2611
Node_5,Camera-like Traffic Generator,691.8091825418289,2679
Node_5,Camera-like Traffic Generator,691.9163282524471,3245
Node_5,Camera-like Traffic Generator,692.062604329875,3038
Node_5,Camera-like Traffic Generator,692.228637646202,3162
Node_5,Camera-like Traffic Generator,692.3917576543417,2573
Node_3,Smart Plug,692.4763348841032,97
Node_5,Camera-like Traffic Generator,692.5055235536566,3028
Node_5,Camera-like Traffic Generator,692.6242766967879,3108
Node_5,Camera-like Traffic Generator,692.8102646062628,3398
Node_5,Camera-like Traffic Generator,692.9564768160346,3426
Node_5,Camera-like Traffic Generator,693.1315380922772,3029
Node_5,Camera-like Traffic Generator,693.3231285004873,2762
Node_5,Camera-like Traffic Generator,693.4560016473274,2598
Node_5,Camera-like Traffic Generator,693.5825892355145,3425
Node_5,Camera-like Traffic Generator,693.7251346409146,3260
Node_3,Smart Plug,693.8284967815995,69
Node_5,Camera-like Traffic Generator,693.8411222372201,3494
Node_5,Camera-like Traffic Generator,694.0393264934592,2604
Node_5,Camera-like Traffic Generator,694.1575490145005,2717
Node_5,Camera-like Traffic Generator,694.2605175055257,3028
Node_5,Camera-like Traffic Generator,694.3946894069842,2934
Node_5,Camera-like Traffic Generator,694.5483270129747,3275
Node_5,Camera-like Traffic Generator,694.7061392382313,3109
Node_3,Smart Plug,694.8449847327832,98
Node_5,Camera-like Traffic Generator,694.9047232430893,3334
Node_5,Camera-like Traffic Generator,695.0127018800657,3445
Node_5,Camera-like Traffic Generator,695.1463578167661,2511
Node_5,Camera-like Traffic Generator,695.3284644338761,3237
Node_5,Camera-like Traffic Generator,695.4901839473048,3416
Node_5,Camera-like Traffic Generator,695.6867910384661,3220
Node_5,Camera-like Traffic Generator,695.8498185431829,2666
Node_5,Camera-like Traffic Generator,695.960355157575,2968
Node_5,Camera-like Traffic Generator,696.0650545653689,2815
Node_3,Smart Plug,696.213559942011,64
Node_5,Camera-like Traffic Generator,696.2210819672493,2925
Node_5,Camera-like Traffic Generator,696.3633778132834,2707
Node_5,Camera-like Traffic Generator,696.5456890775519,2873
Node_5,Camera-like Traffic Generator,696.7084894907946,3156
Node_5,Camera-like Traffic Generator,696.8829408430813,3038
Node_5,Camera-like Traffic Generator,696.9850075959581,3221
Node_5,Camera-like Traffic Generator,697.1811260764832,2511
Node_5,Camera-like Traffic Generator,697.3647395285519,2818
Node_5,Camera-like Traffic Generator,697.4773931816322,2894
Node_3,Smart Plug,697.613912939416,75
Node_5,Camera-like Traffic Generator,697.65200606194,2621
Node_5,Camera-like Traffic Generator,697.8095733888442,3287
Node_5,Camera-like Traffic Generator,697.9175554111673,2748
Node_5,Camera-like Traffic Generator,698.103320311414,2625
Node_5,Camera-like Traffic Generator,698.2606708366626,2974
Node_5,Camera-like Traffic Generator,698.3741109476786,3366
Node_5,Camera-like Traffic Generator,698.5090671213677,2743
Node_5,Camera-like Traffic Generator,698.6517263124414,3073
Node_3,Smart Plug,698.6889958371778,99
Node_3,Smart Plug,698.7026058502862,92
Node_3,Smart Plug,698.7210213099368,95
Node_5,Camera-like Traffic Generator,698.8207347570867,2828
Node_5,Camera-like Traffic Generator,698.9742359062029,2601
Node_5,Camera-like Traffic Generator,699.1244647550456,2623
Node_5,Camera-like Traffic Generator,699.252805461519,2560
Node_5,Camera-like Traffic Generator,699.366368362315,2712
Node_5,Camera-like Traffic Generator,699.5124722162013,2900
Node_5,Camera-like Traffic Generator,699.7030499030351,3432
Node_5,Camera-like Traffic Generator,699.8825573797128,3030
Node_3,Smart Plug,699.9629682017961,95
Node_5,Camera-like Traffic Generator,700.003121537511,3257
Node_5,Camera-like Traffic Generator,700.1171076280184,2939
Node_5,Camera-like Traffic Generator,700.2388109239423,2848
Node_5,Camera-like Traffic Generator,700.4108733720561,2900
Node_5,Camera-like Traffic Generator,700.5354079746751,2853
Node_5,Camera-like Traffic Generator,700.7152558898616,2560
Node_5,Camera-like Traffic Generator,700.8159673298784,2833
Node_5,Camera-like Traffic Generator,700.9481430421475,3373
Node_3,Smart Plug,701.0473703729648,61
Node_5,Camera-like Traffic Generator,701.123270616831,3470
Node_5,Camera-like Traffic Generator,701.2323053744203,3132
Node_5,Camera-like Traffic Generator,701.3614952519679,3165
Node_5,Camera-like Traffic Generator,701.4700900738461,2834
Node_5,Camera-like Traffic Generator,701.6086734730677,2875
Node_5,Camera-like Traffic Generator,701.7671517900955,3068
Node_5,Camera-like Traffic Generator,701.9028586255939,3289
Node_5,Camera-like Traffic Generator,702.0144276420962,2879
Node_5,Camera-like Traffic Generator,702.1390375754373,3456
Node_5,Camera-like Traffic Generator,702.3003820075548,3160
Node_3,Smart Plug,702.4236088192423,97
Node_5,Camera-like Traffic Generator,702.4842139239378,3411
Node_5,Camera-like Traffic Generator,702.6313676028363,2681
Node_5,Camera-like Traffic Generator,702.7341849064159,2658
Node_5,Camera-like Traffic Generator,702.8936350406201,3496
Node_5,Camera-like Traffic Generator,703.0586507324207,2909
Node_5,Camera-like Traffic Generator,703.1929622750167,2749
Node_5,Camera-like Traffic Generator,703.3106711923672,2582
Node_5,Camera-like Traffic Generator,703.4913949856167,2756
Node_3,Smart Plug,703.5126817422212,93
Node_5,Camera-like Traffic Generator,703.6730950071703,3182
Node_5,Camera-like Traffic Generator,703.7807493470166,3393
Node_5,Camera-like Traffic Generator,703.9430945314017,3196
Node_5,Camera-like Traffic Generator,704.1389844945732,2823
Node_5,Camera-like Traffic Generator,704.3281488612988,2834
Node_5,Camera-like Traffic Generator,704.5153681001897,3134
Node_5,Camera-like Traffic Generator,704.6453294093318,3328
Node_5,Camera-like Traffic Generator,704.7496147791269,2873
Node_5,Camera-like Traffic Generator,704.8620587515338,2688
Node_3,Smart Plug,704.9264146012887,92
Node_5,Camera-like Traffic Generator,705.0180804028219,2501
Node_5,Camera-like Traffic Generator,705.1671218982792,2713
Node_5,Camera-like Traffic Generator,705.2935277745154,2986
Node_5,Camera-like Traffic Generator,705.414380836804,2634
Node_5,Camera-like Traffic Generator,705.6001023433616,3372
Node_5,Camera-like Traffic Generator,705.7264320556585,2759
Node_5,Camera-like Traffic Generator,705.8534908749326,2616
Node_5,Camera-like Traffic Generator,706.0289886575944,2729
Node_5,Camera-like Traffic Generator,706.1606875102185,2711
Node_3,Smart Plug,706.2153521325713,80
Node_5,Camera-like Traffic Generator,706.2628482840735,2911
Node_5,Camera-like Traffic Generator,706.4425770618135,2918
Node_5,Camera-like Traffic Generator,706.5827902557518,3195
Node_5,Camera-like Traffic Generator,706.7688466162926,3159
Node_5,Camera-like Traffic Generator,706.9295278331783,3465
Node_5,Camera-like Traffic Generator,707.1215144297653,3069
Node_5,Camera-like Traffic Generator,707.2388277510768,3036
Node_5,Camera-like Traffic Generator,707.4246473741583,3438
Node_3,Smart Plug,707.4368332919787,92
Node_5,Camera-like Traffic Generator,707.5755621254901,3265
Node_5,Camera-like Traffic Generator,707.7626790019731,3254
Node_5,Camera-like Traffic Generator,707.897739501665,3355
Node_5,Camera-like Traffic Generator,708.021452450249,3331
Node_5,Camera-like Traffic Generator,708.1543175778255,3248
Node_5,Camera-like Traffic Generator,708.2996850274487,3345
Node_5,Camera-like Traffic Generator,708.4120136152591,2765
Node_5,Camera-like Traffic Generator,708.5316682141071,3141
Node_3,Smart Plug,708.5541165191739,61
Node_3,Smart Plug,708.5897802196305,85
Node_5,Camera-like Traffic Generator,708.6741500379732,3052
Node_5,Camera-like Traffic Generator,708.8301451036809,2619
Node_5,Camera-like Traffic Generator,708.9407109372477,2883
Node_5,Camera-like Traffic Generator,709.1239209777431,2770
Node_5,Camera-like Traffic Generator,709.2960053075908,3328
Node_5,Camera-like Traffic Generator,709.4163148149198,3447
Node_3,Smart Plug,709.4850447759054,76
Node_5,Camera-like Traffic Generator,709.5753795768445,3260
Node_5,Camera-like Traffic Generator,709.7654941629482,3007
Node_5,Camera-like Traffic Generator,709.8860488057361,2969
Node_5,Camera-like Traffic Generator,710.0512387631666,2859
Node_5,Camera-like Traffic Generator,710.2024356916546,3232
Node_5,Camera-like Traffic Generator,710.3238805975054,2783
Node_5,Camera-like Traffic Generator,710.4713702305064,2513
Node_3,Smart Plug,710.5046500377607,63
Node_3,Smart Plug,710.5353046734027,98
Node_5,Camera-like Traffic Generator,710.5964771195861,2732
Node_5,Camera-like Traffic Generator,710.697319993789,2512
Node_5,Camera-like Traffic Generator,710.888634425153,3442
Node_5,Camera-like Traffic Generator,711.023545087024,3012
Node_5,Camera-like Traffic Generator,711.1872366463635,2919
Node_5,Camera-like Traffic Generator,711.2895558520547,3044
Node_5,Camera-like Traffic Generator,711.4291456520946,2848
Node_5,Camera-like Traffic Generator,711.6078980827473,3469
Node_5,Camera-like Traffic Generator,711.8002810526497,2567
Node_3,Smart Plug,711.8695185657066,93
Node_5,Camera-like Traffic Generator,711.9850192924225,3362
Node_5,Camera-like Traffic Generator,712.1082836684179,2584
Node_5,Camera-like Traffic Generator,712.2117686892076,3152
Node_5,Camera-like Traffic Generator,712.356789713898,2633
Node_5,Camera-like Traffic Generator,712.4836428087127,2779
Node_5,Camera-like Traffic Generator,712.5856108349161,3207
Node_5,Camera-like Traffic Generator,712.7350856268672,3091
Node_5,Camera-like Traffic Generator,712.9055010762124,2599
Node_5,Camera-like Traffic Generator,713.0270102237668,2770
Node_3,Smart Plug,713.224368172143,72
Node_5,Camera-like Traffic Generator,713.2267932872834,2740
Node_5,Camera-like Traffic Generator,713.3818771176722,2575
Node_5,Camera-like Traffic Generator,713.5440155331598,3214
Node_5,Camera-like Traffic Generator,713.6749721710928,3454
Node_5,Camera-like Traffic Generator,713.8673318638038,2644
Node_5,Camera-like Traffic Generator,713.9950366484832,3452
Node_5,Camera-like Traffic Generator,714.0978527761614,3230
Node_5,Camera-like Traffic Generator,714.2536548699613,2651
Node_5,Camera-like Traffic Generator,714.3926323290217,2755
Node_3,Smart Plug,714.5389886483104,70
Node_5,Camera-like Traffic Generator,714.5859625115847,2906
Node_5,Camera-like Traffic Generator,714.7042957359241,2873
Node_5,Camera-like Traffic Generator,714.9034813140737,3341
Node_5,Camera-like Traffic Generator,715.0828264063585,2685
Node_5,Camera-like Traffic Generator,715.1842252843555,3332
Node_5,Camera-like Traffic Generator,715.3536150058428,3173
Node_5,Camera-like Traffic Generator,715.4708541401689,2599
Node_5,Camera-like Traffic Generator,715.6242110803403,3121
Node_5,Camera-like Traffic Generator,715.7277556837718,2805
Node_5,Camera-like Traffic Generator,715.8803397302188,2599
Node_3,Smart Plug,715.9177266748496,91
Node_3,Smart Plug,715.9443065318318,67
Node_5,Camera-like Traffic Generator,716.0184879800648,2550
Node_5,Camera-like Traffic Generator,716.1196879006516,3046
Node_5,Camera-like Traffic Generator,716.2645529818832,3152
Node_5,Camera-like Traffic Generator,716.3701620366977,3429
Node_5,Camera-like Traffic Generator,716.5480656397413,2531
Node_5,Camera-like Traffic Generator,716.6815877567149,3292
Node_5,Camera-like Traffic Generator,716.8206801297382,3302
Node_5,Camera-like Traffic Generator,716.9928242999447,2570
Node_5,Camera-like Traffic Generator,717.1288633969532,2909
Node_5,Camera-like Traffic Generator,717.2832335332018,2531
Node_3,Smart Plug,717.4056365402214,95
Node_5,Camera-like Traffic Generator,717.4171299484838,2975
Node_3,Smart Plug,717.4535609089078,96
Node_5,Camera-like Traffic Generator,717.5484287967477,2559
Node_5,Camera-like Traffic Generator,717.6979220792173,2636
Node_5,Camera-like Traffic Generator,717.8934535747272,3063
Node_5,Camera-like Traffic Generator,717.9946860006152,3298
Node_5,Camera-like Traffic Generator,718.1163047890179,2961
Node_5,Camera-like Traffic Generator,718.2352554448901,3278
Node_5,Camera-like Traffic Generator,718.4006902944886,2671
Node_5,Camera-like Traffic Generator,718.5100427133503,2704
Node_5,Camera-like Traffic Generator,718.6913424060264,3066
Node_3,Smart Plug,718.6922000591703,96
Node_5,Camera-like Traffic Generator,718.8656668466169,2972
Node_5,Camera-like Traffic Generator,718.9732238972438,2889
Node_5,Camera-like Traffic Generator,719.0874774019563,2619
Node_5,Camera-like Traffic Generator,719.2679038995824,2753
Node_5,Camera-like Traffic Generator,719.4549177774526,3209
Node_5,Camera-like Traffic Generator,719.582850552282,2907
Node_3,Smart Plug,719.6309864010406,88
Node_3,Smart Plug,719.6570277974851,77
Node_3,Smart Plug,719.6705902481796,74
Node_5,Camera-like Traffic Generator,719.6940380185151,2995
Node_5,Camera-like Traffic Generator,719.8509859607178,3047
Node_5,Camera-like Traffic Generator,720.0502669610372,2568
Node_5,Camera-like Traffic Generator,720.2336904198268,2954
Node_5,Camera-like Traffic Generator,720.3643297450915,2907
Node_3,Smart Plug,720.5527356113456,88
Node_5,Camera-like Traffic Generator,720.5626547837767,2644
Node_5,Camera-like Traffic Generator,720.6852130726188,2801
Node_5,Camera-like Traffic Generator,720.8708959272611,3430
Node_5,Camera-like Traffic Generator,720.9840703897164,2860
Node_5,Camera-like Traffic Generator,721.0933546868309,2897
Node_5,Camera-like Traffic Generator,721.2077617600473,2681
Node_5,Camera-like Traffic Generator,721.3988987092496,2769
Node_5,Camera-like Traffic Generator,721.5071269256756,3454
Node_5,Camera-like Traffic Generator,721.6985131648589,3164
Node_5,Camera-like Traffic Generator,721.800214930056,2771
Node_5,Camera-like Traffic Generator,721.9744057119349,2946
Node_3,Smart Plug,721.9967279455758,78
Node_5,Camera-like Traffic Generator,722.1586627174435,3383
Node_5,Camera-like Traffic Generator,722.2962454796975,2522
Node_5,Camera-like Traffic Generator,722.4636857735629,2920
Node_5,Camera-like Traffic Generator,722.6262367655996,2815
Node_5,Camera-like Traffic Generator,722.7487016958083,2630
Node_3,Smart Plug,722.879686589885,88
Node_5,Camera-like Traffic Generator,722.8895992246943,3151
Node_3,Smart Plug,722.9241640588564,91
Node_3,Smart Plug,722.9539307851661,65
Node_5,Camera-like Traffic Generator,723.0498670142208,2800
Node_5,Camera-like Traffic Generator,723.2055861506855,3470
Node_5,Camera-like Traffic Generator,723.373298874249,2770
Node_5,Camera-like Traffic Generator,723.5077935147984,3192
Node_5,Camera-like Traffic Generator,723.6662281267597,2850
Node_5,Camera-like Traffic Generator,723.8044546194903,2631
Node_5,Camera-like Traffic Generator,723.9150846828862,3167
Node_5,Camera-like Traffic Generator,724.0470515970893,3430
Node_3,Smart Plug,724.1739887357141,99
Node_5,Camera-like Traffic Generator,724.2051958155059,3341
Node_3,Smart Plug,724.2110762817615,76
Node_5,Camera-like Traffic Generator,724.3222687686448,2929
Node_5,Camera-like Traffic Generator,724.5103529905775,3493
Node_5,Camera-like Traffic Generator,724.6806648597261,3232
Node_5,Camera-like Traffic Generator,724.8608982343634,3384
Node_5,Camera-like Traffic Generator,724.9864281602454,3056
Node_3,Smart Plug,725.1132362782423,71
Node_3,Smart Plug,725.1479434878446,96
Node_5,Camera-like Traffic Generator,725.1655445314291,3408
Node_5,Camera-like Traffic Generator,725.3169140447578,2921
Node_5,Camera-like Traffic Generator,725.4383034356315,2879
Node_5,Camera-like Traffic Generator,725.5441821783471,2509
Node_5,Camera-like Traffic Generator,725.6967340679672,2811
Node_5,Camera-like Traffic Generator,725.8226158583545,3011
Node_5,Camera-like Traffic Generator,725.9456879859339,3320
Node_5,Camera-like Traffic Generator,726.1014370103671,2588
Node_5,Camera-like Traffic Generator,726.2578925220486,3071
Node_5,Camera-like Traffic Generator,726.4069620915257,3119
Node_3,Smart Plug,726.4269304481444,78
Node_3,Smart Plug,726.4422586455853,72
Node_5,Camera-like Traffic Generator,726.5636874692125,2585
Node_5,Camera-like Traffic Generator,726.6937650227854,2550
Node_5,Camera-like Traffic Generator,726.8508930831986,3226
Node_5,Camera-like Traffic Generator,727.0038017354246,3323
Node_5,Camera-like Traffic Generator,727.1931751197978,3474
Node_5,Camera-like Traffic Generator,727.3324789318904,3461
Node_5,Camera-like Traffic Generator,727.4950116556806,3333
Node_5,Camera-like Traffic Generator,727.6735539607076,3479
Node_3,Smart Plug,727.7230553600741,88
Node_5,Camera-like Traffic Generator,727.8014142099441,2769
Node_5,Camera-like Traffic Generator,727.9451188368548,2949
Node_5,Camera-like Traffic Generator,728.1401772296173,3004
Node_5,Camera-like Traffic Generator,728.2519040651542,3074
Node_5,Camera-like Traffic Generator,728.4046824719011,2818
Node_5,Camera-like Traffic Generator,728.5478518177475,2648
Node_5,Camera-like Traffic Generator,728.733420113919,2668
Node_5,Camera-like Traffic Generator,728.9332072211531,2699
Node_3,Smart Plug,729.0383282338486,70
Node_3,Smart Plug,729.0506783263944,73
Node_3,Smart Plug,729.097007387889,99
Node_5,Camera-like Traffic Generator,729.1058925027068,3186
Node_5,Camera-like Traffic Generator,729.2801468658475,3366
Node_5,Camera-like Traffic Generator,729.4160748275417,2828
Node_5,Camera-like Traffic Generator,729.6039397504289,3261
Node_5,Camera-like Traffic Generator,729.7041375842508,2520
Node_5,Camera-like Traffic Generator,729.8589919582713,2876
Node_5,Camera-like Traffic Generator,730.0383199024097,3243
Node_5,Camera-like Traffic Generator,730.2377262955825,2953
Node_5,Camera-like Traffic Generator,730.3971006653463,3112
Node_5,Camera-like Traffic Generator,730.4974365341789,3021
Node_3,Smart Plug,730.5740542789046,83
Node_5,Camera-like Traffic Generator,730.6742483289502,3068
Node_5,Camera-like Traffic Generator,730.7832464578123,2752
Node_5,Camera-like Traffic Generator,730.9238658369441,2502
Node_5,Camera-like Traffic Generator,731.0818303429107,3355
Node_5,Camera-like Traffic Generator,731.1910648706956,3067
Node_5,Camera-like Traffic Generator,731.3652031228554,2652
Node_3,Smart Plug,731.4059125890359,70
Node_5,Camera-like Traffic Generator,731.4887128175948,3185
Node_5,Camera-like Traffic Generator,731.6088669703561,2956
Node_5,Camera-like Traffic Generator,731.7920338896932,3173
Node_5,Camera-like Traffic Generator,731.9865409854872,3077
Node_5,Camera-like Traffic Generator,732.1325240978969,3216
Node_5,Camera-like Traffic Generator,732.2369970400914,2508
Node_5,Camera-like Traffic Generator,732.4165127108776,2836
Node_3,Smart Plug,732.4176677379851,75
Node_5,Camera-like Traffic Generator,732.5708453777135,3342
Node_5,Camera-like Traffic Generator,732.6790654274097,3354
Node_5,Camera-like Traffic Generator,732.8700395247715,2925
Node_5,Camera-like Traffic Generator,733.0700370185884,2888
Node_5,Camera-like Traffic Generator,733.1741000646048,2523
Node_5,Camera-like Traffic Generator,733.3337725885026,3341
Node_5,Camera-like Traffic Generator,733.492721233882,2777
Node_5,Camera-like Traffic Generator,733.6146330421709,2934
Node_5,Camera-like Traffic Generator,733.8036649039655,3223
Node_3,Smart Plug,733.8953082053051,82
Node_5,Camera-like Traffic Generator,733.9280967561818,2945
Node_5,Camera-like Traffic Generator,734.121053668026,3023
Node_5,Camera-like Traffic Generator,734.2295699642624,2592
Node_5,Camera-like Traffic Generator,734.3899828700413,3145
Node_5,Camera-like Traffic Generator,734.5594131581618,2829
Node_5,Camera-like Traffic Generator,734.6735653205044,3073
Node_5,Camera-like Traffic Generator,734.8540509068116,2650
Node_3,Smart Plug,734.877512361815,80
Node_5,Camera-like Traffic Generator,734.9558680178784,3135
Node_5,Camera-like Traffic Generator,735.1363600038908,3164
Node_5,Camera-like Traffic Generator,735.2432013627036,2703
Node_5,Camera-like Traffic Generator,735.419465276394,2777
Node_5,Camera-like Traffic Generator,735.5605768574438,2946
Node_5,Camera-like Traffic Generator,735.6980830391484,3074
Node_5,Camera-like Traffic Generator,735.8578060835218,2783
Node_5,Camera-like Traffic Generator,736.0468631607688,2773
Node_5,Camera-like Traffic Generator,736.1873053581154,2941
Node_3,Smart Plug,736.2920400881944,65
Node_5,Camera-like Traffic Generator,736.3589167618293,2595
Node_5,Camera-like Traffic Generator,736.5139704065593,2766
Node_5,Camera-like Traffic Generator,736.6783666484038,2516
Node_5,Camera-like Traffic Generator,736.7922945631323,3269
Node_5,Camera-like Traffic Generator,736.9833195468748,3188
Node_5,Camera-like Traffic Generator,737.0985403014092,2637
Node_5,Camera-like Traffic Generator,737.2207895221034,2946
Node_5,Camera-like Traffic Generator,737.4130337715121,2788
Node_3,Smart Plug,737.4633367488193,65
Node_3,Smart Plug,737.4751032352789,65
Node_5,Camera-like Traffic Generator,737.513146630783,3460
Node_5,Camera-like Traffic Generator,737.6522548349844,2533
Node_5,Camera-like Traffic Generator,737.786919896891,3387
Node_5,Camera-like Traffic Generator,737.9366079628834,3188
Node_5,Camera-like Traffic Generator,738.1270914131292,2967
Node_5,Camera-like Traffic Generator,738.3060582757724,2858
Node_5,Camera-like Traffic Generator,738.5031521769541,2911
Node_5,Camera-like Traffic Generator,738.6191291199933,3430
Node_5,Camera-like Traffic Generator,738.7535732010284,2954
Node_5,Camera-like Traffic Generator,738.8544153277069,2587
Node_3,Smart Plug,738.8594660617507,89
Node_5,Camera-like Traffic Generator,739.0163908218045,3492
Node_5,Camera-like Traffic Generator,739.1723921906777,2639
Node_5,Camera-like Traffic Generator,739.3425141408361,2607
Node_5,Camera-like Traffic Generator,739.4541336771813,2918
Node_5,Camera-like Traffic Generator,739.561078006941,2676
Node_5,Camera-like Traffic Generator,739.7242326737928,2827
Node_3,Smart Plug,739.8575139174852,95
Node_5,Camera-like Traffic Generator,739.8806787552061,2786
Node_5,Camera-like Traffic Generator,740.06730651193,2897
Node_5,Camera-like Traffic Generator,740.2556434654745,2560
Node_5,Camera-like Traffic Generator,740.4158049697527,2719
Node_5,Camera-like Traffic Generator,740.5422551875856,2908
Node_5,Camera-like Traffic Generator,740.6476333981938,2627
Node_5,Camera-like Traffic Generator,740.7718636932576,2643
Node_5,Camera-like Traffic Generator,740.880530285371,2589
Node_5,Camera-like Traffic Generator,741.0684281551261,3407
Node_5,Camera-like Traffic Generator,741.1884785384731,3404
Node_3,Smart Plug,741.1906086607422,70
Node_5,Camera-like Traffic Generator,741.3452583691785,3490
Node_5,Camera-like Traffic Generator,741.5079730393503,2568
Node_5,Camera-like Traffic Generator,741.6169301691604,2529
Node_5,Camera-like Traffic Generator,741.8073751119211,3446
Node_5,Camera-like Traffic Generator,741.9789081245901,2511
Node_5,Camera-like Traffic Generator,742.1524509783549,2935
Node_5,Camera-like Traffic Generator,742.2849612084673,3455
Node_5,Camera-like Traffic Generator,742.4621515956352,3230
Node_3,Smart Plug,742.6154789276229,72
Node_5,Camera-like Traffic Generator,742.6595069656754,2758
Node_5,Camera-like Traffic Generator,742.7976905323987,2546
Node_5,Camera-like Traffic Generator,742.9852224583642,3155
Node_5,Camera-like Traffic Generator,743.1746058236856,3478
Node_5,Camera-like Traffic Generator,743.3165020156608,2718
Node_5,Camera-like Traffic Generator,743.4799033245399,2882
Node_5,Camera-like Traffic Generator,743.6765426120304,2607
Node_5,Camera-like Traffic Generator,743.7853538708031,2736
Node_5,Camera-like Traffic Generator,743.921948965379,3219
Node_3,Smart Plug,743.9500517171805,66
Node_5,Camera-like Traffic Generator,744.1018039236047,3483
Node_5,Camera-like Traffic Generator,744.298207811273,2809
Node_5,Camera-like Traffic Generator,744.4827422403977,2759
Node_5,Camera-like Traffic Generator,744.6177144733938,3461
Node_5,Camera-like Traffic Generator,744.7260218890067,3499
Node_5,Camera-like Traffic Generator,744.8794976945046,2663
Node_5,Camera-like Traffic Generator,745.0112827264766,2601
Node_5,Camera-like Traffic Generator,745.179221620604,3326
Node_3,Smart Plug,745.2102453515539,91
Node_3,Smart Plug,745.2261901838356,69
Node_3,Smart Plug,745.246599142379,88
Node_5,Camera-like Traffic Generator,745.3460394711884,2683
Node_5,Camera-like Traffic Generator,745.4913457909221,2503
Node_5,Camera-like Traffic Generator,745.6305442527283,2918
Node_5,Camera-like Traffic Generator,745.8114682349816,3434
Node_5,Camera-like Traffic Generator,746.0046564661956,3283
Node_5,Camera-like Traffic Generator,746.19992682061,3355
Node_5,Camera-like Traffic Generator,746.3275330150641,2576
Node_5,Camera-like Traffic Generator,746.5201927959101,3379
Node_5,Camera-like Traffic Generator,746.7085802092314,2908
Node_3,Smart Plug,746.7432403627297,97
Node_3,Smart Plug,746.7675011673796,88
Node_5,Camera-like Traffic Generator,746.863157969959,3010
Node_5,Camera-like Traffic Generator,747.0475888882573,3290
Node_5,Camera-like Traffic Generator,747.1769340694493,2967
Node_5,Camera-like Traffic Generator,747.284986029368,2659
Node_5,Camera-like Traffic Generator,747.3909949819553,2707
Node_5,Camera-like Traffic Generator,747.4924994553706,2912
Node_5,Camera-like Traffic Generator,747.6857643928525,3306
Node_5,Camera-like Traffic Generator,747.8160951994511,3065
Node_3,Smart Plug,747.9125931523873,93
Node_5,Camera-like Traffic Generator,748.0154373715234,3473
Node_5,Camera-like Traffic Generator,748.1279927786863,2813
Node_5,Camera-like Traffic Generator,748.2551803017918,2709
Node_5,Camera-like Traffic Generator,748.3605450590519,3226
Node_5,Camera-like Traffic Generator,748.5484155725052,3253
Node_5,Camera-like Traffic Generator,748.703183947926,3447
Node_3,Smart Plug,748.7991511162111,63
Node_5,Camera-like Traffic Generator,748.8182655369147,2836
Node_5,Camera-like Traffic Generator,748.9819853582135,3343
Node_5,Camera-like Traffic Generator,749.1424454829283,3251
Node_5,Camera-like Traffic Generator,749.2588081778451,2756
Node_5,Camera-like Traffic Generator,749.4373736495927,2517
Node_5,Camera-like Traffic Generator,749.5773405917092,3190
Node_3,Smart Plug,749.7256095910891,66
Node_5,Camera-like Traffic Generator,749.7574435765273,3142
Node_5,Camera-like Traffic Generator,749.866237717914,2623
Node_5,Camera-like Traffic Generator,750.0332957795065,3112
Node_5,Camera-like Traffic Generator,750.2107067860433,3046
Node_5,Camera-like Traffic Generator,750.3187375713142,2646
Node_5,Camera-like Traffic Generator,750.4436453346184,3357
Node_5,Camera-like Traffic Generator,750.5865487841787,2806
Node_3,Smart Plug,750.7165636787211,95
Node_5,Camera-like Traffic Generator,750.7202851015429,3086
Node_5,Camera-like Traffic Generator,750.8490351229265,3374
Node_5,Camera-like Traffic Generator,750.999304143876,2678
Node_5,Camera-like Traffic Generator,751.1057814316812,3016
Node_5,Camera-like Traffic Generator,751.2644500799847,2919
Node_5,Camera-like Traffic Generator,751.3667699903568,2905
Node_5,Camera-like Traffic Generator,751.4927370271898,3274
Node_5,Camera-like Traffic Generator,751.6274686967996,2598
Node_5,Camera-like Traffic Generator,751.7375443471585,2543
Node_5,Camera-like Traffic Generator,751.8466551496905,3315
Node_3,Smart Plug,751.9250468524089,98
Node_5,Camera-like Traffic Generator,751.9837621459518,2696
Node_5,Camera-like Traffic Generator,752.1587373334911,2582
Node_5,Camera-like Traffic Generator,752.3313580711826,2747
Node_5,Camera-like Traffic Generator,752.4342888309095,3208
Node_5,Camera-like Traffic Generator,752.5393846013512,3111
Node_5,Camera-like Traffic Generator,752.7344907854821,2923
Node_5,Camera-like Traffic Generator,752.9168703493397,2739
Node_5,Camera-like Traffic Generator,753.0310981107427,3213
Node_3,Smart Plug,753.1245983202031,76
Node_3,Smart Plug,753.1653284572825,87
Node_5,Camera-like Traffic Generator,753.1952841137067,3005
Node_5,Camera-like Traffic Generator,753.3005712520701,2558
Node_5,Camera-like Traffic Generator,753.4168868181199,3499
Node_5,Camera-like Traffic Generator,753.5370512610056,3094
Node_5,Camera-like Traffic Generator,753.6921271395274,3092
Node_5,Camera-like Traffic Generator,753.8525662224423,3457
Node_5,Camera-like Traffic Generator,753.9605844129227,3307
Node_3,Smart Plug,753.9835019753068,87
Node_5,Camera-like Traffic Generator,754.0638277862112,2513
Node_5,Camera-like Traffic Generator,754.1936091887983,3436
Node_5,Camera-like Traffic Generator,754.3749383274622,2740
Node_5,Camera-like Traffic Generator,754.5499595725618,2996
Node_5,Camera-like Traffic Generator,754.6598497158293,3322
Node_5,Camera-like Traffic Generator,754.8360424745476,3054
Node_5,Camera-like Traffic Generator,754.9406011925887,3249
Node_3,Smart Plug,755.0594208372435,83
Node_5,Camera-like Traffic Generator,755.1290638028561,3257
Node_5,Camera-like Traffic Generator,755.3174744120174,2655
Node_5,Camera-like Traffic Generator,755.5162438941978,2854
Node_5,Camera-like Traffic Generator,755.6877727943271,3477
Node_5,Camera-like Traffic Generator,755.8868352229885,3221
Node_5,Camera-like Traffic Generator,756.0126722741852,3081
Node_5,Camera-like Traffic Generator,756.1411618086269,3478
Node_5,Camera-like Traffic Generator,756.287827741477,3023
Node_3,Smart Plug,756.4453048832503,66
Node_5,Camera-like Traffic Generator,756.4745613116986,3421
Node_3,Smart Plug,756.4885328522732,86
Node_5,Camera-like Traffic Generator,756.6374299434195,2577
Node_5,Camera-like Traffic Generator,756.8332503848426,2840
Node_5,Camera-like Traffic Generator,756.9670200985797,2665
Node_5,Camera-like Traffic Generator,757.0789580841658,2972
Node_5,Camera-like Traffic Generator,757.1956048624202,3028
Node_5,Camera-like Traffic Generator,757.3823276967071,2943
Node_5,Camera-like Traffic Generator,757.5567954339373,2971
Node_5,Camera-like Traffic Generator,757.7347343962687,3098
Node_5,Camera-like Traffic Generator,757.8403582060496,2726
Node_5,Camera-like Traffic Generator,757.9515533172837,2915
Node_3,Smart Plug,757.9571739239543,83
Node_3,Smart Plug,758.0059647445064,86
Node_5,Camera-like Traffic Generator,758.0942285144287,3052
Node_5,Camera-like Traffic Generator,758.2454270856867,3279
Node_5,Camera-like Traffic Generator,758.3924252512167,3334
Node_5,Camera-like Traffic Generator,758.5054030993394,2702
Node_5,Camera-like Traffic Generator,758.6649752885506,3258
Node_5,Camera-like Traffic Generator,758.8283496149197,2884
Node_5,Camera-like Traffic Generator,758.9764617923888,3274
Node_3,Smart Plug,759.0334055723171,89
Node_5,Camera-like Traffic Generator,759.1300091756361,2985
Node_5,Camera-like Traffic Generator,759.3137593023159,2540
Node_5,Camera-like Traffic Generator,759.5015899683359,3059
Node_5,Camera-like Traffic Generator,759.6121942067713,3402
Node_5,Camera-like Traffic Generator,759.7304003246683,2786
Node_5,Camera-like Traffic Generator,759.8318927599103,3222
Node_5,Camera-like Traffic Generator,759.9867968575019,3284
Node_5,Camera-like Traffic Generator,760.1333490662139,3470
Node_5,Camera-like Traffic Generator,760.2364968486103,2669
Node_5,Camera-like Traffic Generator,760.3621861649048,3368
Node_5,Camera-like Traffic Generator,760.4816016304969,3268
Node_3,Smart Plug,760.5035875177149,82
Node_3,Smart Plug,760.515534807659,85
Node_5,Camera-like Traffic Generator,760.6029303583058,2895
Node_5,Camera-like Traffic Generator,760.721552652495,3470
Node_5,Camera-like Traffic Generator,760.8337068199316,3085
Node_5,Camera-like Traffic Generator,761.0126410215248,2884
Node_5,Camera-like Traffic Generator,761.179529988505,2882
Node_5,Camera-like Traffic Generator,761.3147711459525,2955
Node_3,Smart Plug,761.3544093244491,62
Node_5,Camera-like Traffic Generator,761.4546122246708,2972
Node_5,Camera-like Traffic Generator,761.5935055792065,2942
Node_5,Camera-like Traffic Generator,761.7617694879477,2566
Node_5,Camera-like Traffic Generator,761.9237438626668,2618
Node_5,Camera-like Traffic Generator,762.081550281391,3482
Node_5,Camera-like Traffic Generator,762.2747020745466,3196
Node_3,Smart Plug,762.4213829753872,75
Node_5,Camera-like Traffic Generator,762.4686623790135,3443
Node_3,Smart Plug,762.4699849477797,94
Node_3,Smart Plug,762.5140787811094,66
Node_5,Camera-like Traffic Generator,762.577606647778,2554
Node_5,Camera-like Traffic Generator,762.6891506554658,2906
Node_5,Camera-like Traffic Generator,762.8189698346606,2645
Node_5,Camera-like Traffic Generator,762.9262397975409,2980
Node_5,Camera-like Traffic Generator,763.0272044161773,2697
Node_5,Camera-like Traffic Generator,763.1318464825213,3441
Node_5,Camera-like Traffic Generator,763.3131834953552,3022
Node_5,Camera-like Traffic Generator,763.4389862603169,3281
Node_3,Smart Plug,763.5135339034091,90
Node_5,Camera-like Traffic Generator,763.5671931905136,2711
Node_5,Camera-like Traffic Generator,763.7419989506699,2612
Node_5,Camera-like Traffic Generator,763.8958183096637,2722
Node_5,Camera-like Traffic Generator,764.0095136646383,3041
Node_5,Camera-like Traffic Generator,764.1387971580256,2565
Node_5,Camera-like Traffic Generator,764.2411556668883,2801
Node_5,Camera-like Traffic Generator,764.3518693594481,2925
Node_3,Smart Plug,764.3979552922809,79
Node_5,Camera-like Traffic Generator,764.5328062508917,2574
Node_5,Camera-like Traffic Generator,764.6343532785066,3358
Node_5,Camera-like Traffic Generator,764.7390383504722,2600
Node_5,Camera-like Traffic Generator,764.9301975467233,2877
Node_5,Camera-like Traffic Generator,765.1021670620803,3263
Node_5,Camera-like Traffic Generator,765.273597757547,3489
Node_5,Camera-like Traffic Generator,765.4434263462792,2904
Node_5,Camera-like Traffic Generator,765.6228451382924,2731
Node_3,Smart Plug,765.7624025294238,72
Node_5,Camera-like Traffic Generator,765.8096187342035,3114
Node_5,Camera-like Traffic Generator,765.9426182186178,2809
Node_5,Camera-like Traffic Generator,766.0516897408935,2503
Node_5,Camera-like Traffic Generator,766.1533973393265,2618
Node_5,Camera-like Traffic Generator,766.3295027449225,3412
Node_5,Camera-like Traffic Generator,766.4715638564469,3268
Node_5,Camera-like Traffic Generator,766.5871106659492,3005
Node_3,Smart Plug,766.6543031973544,86
Node_5,Camera-like Traffic Generator,766.767949146977,3287
Node_5,Camera-like Traffic Generator,766.9535014198922,2622
Node_5,Camera-like Traffic Generator,767.1007472853912,3051
Node_5,Camera-like Traffic Generator,767.2328424470262,3264
Node_5,Camera-like Traffic Generator,767.4192651840518,2636
Node_3,Smart Plug,767.8131604553159,79
Node_3,Smart Plug,768.9466682359567,82
Node_3,Smart Plug,770.2762116864,92
Node_3,Smart Plug,771.3800858321572,77
Node_3,Smart Plug,771.403755626053,78
Node_3,Smart Plug,771.4412050874873,66
Node_3,Smart Plug,772.6818967944208,80
Node_3,Smart Plug,772.7093910151781,96
Node_3,Smart Plug,773.6134155922364,65
Node_3,Smart Plug,775.0024921602294,80
Node_3,Smart Plug,775.0144012912053,63
Node_3,Smart Plug,775.0287065780631,76
Node_3,Smart Plug,775.0651407882206,82
Node_3,Smart Plug,775.0853351963946,63
Node_3,Smart Plug,775.9650900400942,86
Node_3,Smart Plug,775.9823783654764,75
Node_3,Smart Plug,776.0274485793618,71
Node_3,Smart Plug,777.1459472834239,86
Node_3,Smart Plug,778.131499356239,98
Node_3,Smart Plug,779.0625335698993,67
Node_3,Smart Plug,780.2853705812777,94
Node_3,Smart Plug,780.316745621397,60
Node_3,Smart Plug,780.3336150354452,79
Node_3,Smart Plug,781.7417614001371,98
Node_3,Smart Plug,782.8824671458934,84
Node_3,Smart Plug,783.934977294057,86
Node_3,Smart Plug,785.0114753604172,72
Node_3,Smart Plug,785.0220303971381,64
Node_3,Smart Plug,785.0708512116845,94
Node_3,Smart Plug,785.1067961405527,85
Node_3,Smart Plug,786.3450375463432,91
Node_3,Smart Plug,786.3670742611264,78
Node_3,Smart Plug,787.1823460408835,66
Node_3,Smart Plug,787.2204499651119,98
Node_3,Smart Plug,788.6223074769204,83
Node_3,Smart Plug,788.6550846953902,93
Node_3,Smart Plug,788.6653996666294,85
Node_3,Smart Plug,790.1510405231858,93
Node_3,Smart Plug,791.3681282085902,82
Node_3,Smart Plug,791.3976280691152,79
Node_3,Smart Plug,792.6256747743514,87
Node_3,Smart Plug,793.7672058212958,88
Node_3,Smart Plug,794.8626090045733,72
Node_3,Smart Plug,794.9083240924188,76
Node_3,Smart Plug,796.0546762526631,97
Node_3,Smart Plug,797.3429363609355,60
Node_3,Smart Plug,797.3606244128355,73
Node_3,Smart Plug,797.3794125066371,96
Node_3,Smart Plug,798.6008825995999,93
Node_3,Smart Plug,799.4926935965661,71
Node_3,Smart Plug,800.9645559543599,93
Node_3,Smart Plug,802.2787651969137,91
Node_3,Smart Plug,803.6699370957065,84
Node_3,Smart Plug,803.7099072677797,86
Node_3,Smart Plug,803.7278866366918,84
Node_3,Smart Plug,803.7545260111693,99
Node_3,Smart Plug,804.7011290701168,61
Node_3,Smart Plug,804.7463653143963,74
Node_3,Smart Plug,804.7894832619328,95
Node_3,Smart Plug,804.8020298853826,77
Node_3,Smart Plug,805.6865115083571,68
Node_3,Smart Plug,805.7101244769166,74
Node_3,Smart Plug,805.7552330228032,70
Node_3,Smart Plug,805.7928384460968,80
Node_3,Smart Plug,807.0873218882192,97
Node_3,Smart Plug,808.2073168360837,93
Node_3,Smart Plug,808.2215525104594,84
Node_3,Smart Plug,809.6847209562203,92
Node_3,Smart Plug,809.6989373995704,85
Node_3,Smart Plug,811.1366274389454,66
Node_3,Smart Plug,811.1642881553486,80
Node_3,Smart Plug,812.033794122608,85
Node_3,Smart Plug,812.9302348475329,93
Node_3,Smart Plug,814.0212597346361,90
Node_3,Smart Plug,814.0636255432643,73
Node_3,Smart Plug,814.9232892464541,74
Node_3,Smart Plug,815.9757396309564,86
Node_3,Smart Plug,816.0158799177982,76
Node_3,Smart Plug,816.0579506649439,76
Node_3,Smart Plug,817.179077809685,94
Node_3,Smart Plug,818.2323198684436,61
Node_3,Smart Plug,818.2427178169821,92
Node_3,Smart Plug,819.1020625671541,72
Node_3,Smart Plug,820.0170898443545,62
Node_3,Smart Plug,821.2792131649471,85
Node_3,Smart Plug,822.1196800456294,85
Node_3,Smart Plug,823.381933187875,80
Node_3,Smart Plug,823.4080133005963,87
Node_3,Smart Plug,824.4210394166774,89
Node_3,Smart Plug,825.2265709801301,71
Node_3,Smart Plug,826.6708863942816,88
Node_3,Smart Plug,827.6144798942498,81
Node_3,Smart Plug,828.8709058554276,87
Node_3,Smart Plug,830.2180000206197,76
Node_3,Smart Plug,830.2400612771131,61
Node_3,Smart Plug,831.5476303547481,89
Node_3,Smart Plug,831.5973073135298,71
Node_3,Smart Plug,831.6293787475843,80
Node_3,Smart Plug,832.5413978857446,61
Node_3,Smart Plug,833.7561504069695,69
Node_3,Smart Plug,835.0647068794492,99
Node_3,Smart Plug,835.0771047089942,74
Node_3,Smart Plug,836.1252360511271,61
Node_3,Smart Plug,837.0125609149045,71
Node_3,Smart Plug,838.1297639272912,99
Node_3,Smart Plug,839.6220639825202,82
Node_3,Smart Plug,840.8614850287911,81
Node_3,Smart Plug,841.9067210233196,71
Node_3,Smart Plug,843.2071191510613,86
Node_3,Smart Plug,844.3708858042731,69
Node_3,Smart Plug,845.5785441363736,92
Node_3,Smart Plug,846.4471356185851,88
Node_3,Smart Plug,847.3044986329894,62
Node_3,Smart Plug,848.4378757830657,77
Node_3,Smart Plug,849.6062547052743,83
Node_3,Smart Plug,850.6826024378958,70
Node_3,Smart Plug,851.7789979743897,77
Node_3,Smart Plug,852.9216767210617,98
Node_3,Smart Plug,853.8227190480042,65
Node_3,Smart Plug,854.7132886795928,88
Node_3,Smart Plug,855.5959293899625,68
Node_3,Smart Plug,856.9184768041893,97
Node_3,Smart Plug,858.3847520311334,84
Node_3,Smart Plug,859.2693585307958,82
Node_3,Smart Plug,859.2854907112236,74
Node_3,Smart Plug,860.2977727691183,79
Node_3,Smart Plug,861.1972706331311,83
Node_3,Smart Plug,861.2430407502665,95
Node_3,Smart Plug,861.2858057530356,79
Node_3,Smart Plug,861.309751710776,94
Node_3,Smart Plug,862.5108930750285,82
Node_3,Smart Plug,863.8578376192255,79
Node_3,Smart Plug,865.0818344163771,90
Node_3,Smart Plug,866.2044897315764,77
Node_3,Smart Plug,867.6109316183703,73
Node_3,Smart Plug,868.8760832370634,76
Node_3,Smart Plug,868.9018991222315,81
Node_3,Smart Plug,870.3249293378091,89
Node_3,Smart Plug,871.7310968391389,88
Node_3,Smart Plug,873.0884079861441,88
Node_3,Smart Plug,873.9750551140909,82
Node_3,Smart Plug,874.0098032762835,83
Node_3,Smart Plug,874.0426130516126,67
Node_3,Smart Plug,875.4704180477833,64
Node_3,Smart Plug,876.3962384287814,60
Node_3,Smart Plug,877.3679391148546,88
Node_3,Smart Plug,878.4788997433884,92
Node_3,Smart Plug,879.5601582490623,61
Node_3,Smart Plug,880.37644252291,77
Node_3,Smart Plug,881.7781964102171,72
Node_3,Smart Plug,881.7927821951828,63
Node_3,Smart Plug,881.8085435653,70
Node_3,Smart Plug,881.8308153340346,76
Node_3,Smart Plug,881.8653943511853,73
Node_3,Smart Plug,881.8777344224754,75
Node_3,Smart Plug,882.9667103908744,72
Node_3,Smart Plug,884.3461293699354,64
Node_3,Smart Plug,884.3862147194943,83
Node_3,Smart Plug,885.7128877045495,75
Node_3,Smart Plug,885.7253129836656,78
Node_3,Smart Plug,886.8642330406362,76
Node_3,Smart Plug,886.9096792764774,70
Node_3,Smart Plug,888.1822474767904,69
Node_3,Smart Plug,889.5318974074456,72
Node_3,Smart Plug,890.3906332563522,85
Node_3,Smart Plug,890.439349716861,74
Node_3,Smart Plug,891.7867662807266,81
Node_3,Smart Plug,893.2248111930098,78
Node_3,Smart Plug,893.2533972751587,93
Node_3,Smart Plug,893.30228054732,60
Node_3,Smart Plug,894.4398109292329,83
Node_3,Smart Plug,895.5059183893403,74
Node_3,Smart Plug,896.7155298058626,80
Node_3,Smart Plug,896.7550971236864,82
Node_3,Smart Plug,897.8318105544852,64
Node_3,Smart Plug,897.8640697177453,71
Node_3,Smart Plug,899.0913814343718,98
Node_3,Smart Plug,900.3688521315496,73
Node_3,Smart Plug,900.4089598915939,78
Node_3,Smart Plug,900.4582807694802,73
Node_3,Smart Plug,901.6779403365824,60
Node_3,Smart Plug,902.930450640926,60
Node_3,Smart Plug,904.3614621367152,86
Node_3,Smart Plug,905.7881498607657,88
Node_3,Smart Plug,906.9648418783567,91
Node_3,Smart Plug,907.8191080597738,61
Node_3,Smart Plug,909.089237214483,86
Node_3,Smart Plug,910.4581840876074,93
Node_3,Smart Plug,911.3822147334503,90
Node_3,Smart Plug,912.1881166966197,78
Node_3,Smart Plug,913.299321056349,68
Node_3,Smart Plug,913.3205664357017,96
Node_3,Smart Plug,914.1835429992105,84
Node_3,Smart Plug,915.4860096700426,69
Node_3,Smart Plug,916.5401090951628,71
Node_3,Smart Plug,917.8349866997385,68
Node_3,Smart Plug,917.8778316385645,75
Node_3,Smart Plug,919.0762032005555,79
Node_3,Smart Plug,920.3380900953863,82
Node_3,Smart Plug,921.5336882590124,62
Node_3,Smart Plug,921.5462902318687,70
Node_3,Smart Plug,922.505865854522,80
Node_3,Smart Plug,923.4401619379229,87
Node_3,Smart Plug,924.7252520086952,81
Node_3,Smart Plug,924.7576566477852,78
Node_3,Smart Plug,926.0063330482021,97
Node_3,Smart Plug,926.0538834213758,77
Node_3,Smart Plug,927.0457083387607,87
Node_3,Smart Plug,928.0987386289328,90
Node_3,Smart Plug,929.055922373191,71
Node_3,Smart Plug,930.1701254211026,60
Node_3,Smart Plug,930.1833977771598,82
Node_3,Smart Plug,930.2228955443179,99
Node_3,Smart Plug,931.0750038011489,69
Node_3,Smart Plug,931.0974360354548,85
Node_3,Smart Plug,931.1266346922617,92
Node_3,Smart Plug,932.3650426681033,73
Node_3,Smart Plug,932.3793562942358,69
Node_3,Smart Plug,933.2174592963604,73
Node_3,Smart Plug,934.6779426004068,91
Node_3,Smart Plug,936.0128115997313,85
Node_3,Smart Plug,936.8726858890813,62
Node_3,Smart Plug,936.8952170664501,93
Node_3,Smart Plug,936.9103184980768,96
Node_3,Smart Plug,937.9213482498807,85
Node_3,Smart Plug,937.9584508281797,82
Node_3,Smart Plug,937.9837090475415,63
Node_3,Smart Plug,938.9468874363547,83
Node_3,Smart Plug,939.7543120182802,75
Node_3,Smart Plug,941.1702687355191,84
Node_3,Smart Plug,942.6265781320918,91
Node_3,Smart Plug,943.656313700343,67
Node_3,Smart Plug,943.6901207046498,62
Node_3,Smart Plug,944.62565088389,82
Node_3,Smart Plug,945.6050511554307,76
Node_3,Smart Plug,946.7162881749558,69
Node_3,Smart Plug,947.5586320029588,72
Node_3,Smart Plug,949.0304509489343,90
Node_3,Smart Plug,950.450106285961,91
Node_3,Smart Plug,950.4724532625403,73
Node_3,Smart Plug,951.2781105521822,83
Node_3,Smart Plug,952.1182329044706,80
Node_3,Smart Plug,953.5193244483404,76
Node_3,Smart Plug,953.5373393244797,96
Node_3,Smart Plug,954.5764256710505,86
Node_3,Smart Plug,956.0637719501291,83
Node_3,Smart Plug,957.2686594743484,98
Node_3,Smart Plug,958.3617461762037,66
Node_3,Smart Plug,959.7141801470528,61
Node_3,Smart Plug,959.7243280299432,68
Node_3,Smart Plug,959.7592848306464,69
Node_3,Smart Plug,961.2260965909397,73
Node_3,Smart Plug,962.1698180431478,67
Node_3,Smart Plug,963.2237900453182,62
Node_3,Smart Plug,963.2383976170221,71
Node_3,Smart Plug,963.2718250727194,90
Node_3,Smart Plug,963.2830124956503,67
Node_3,Smart Plug,963.3284277848323,88
Node_3,Smart Plug,964.5165812534425,67
Node_3,Smart Plug,964.5602965102711,96
Node_3,Smart Plug,964.597394605431,75
Node_3,Smart Plug,965.4750729121064,97
Node_3,Smart Plug,966.4431778651178,92
Node_3,Smart Plug,967.901991094089,99
Node_3,Smart Plug,969.3191557506358,95
Node_3,Smart Plug,969.3349330404683,96
Node_3,Smart Plug,970.2691099449737,75
Node_3,Smart Plug,971.4887943587993,99
Node_3,Smart Plug,971.5006421664937,84
Node_3,Smart Plug,971.5320609001782,91
Node_3,Smart Plug,972.369342182727,91
Node_3,Smart Plug,973.7653940295872,98
Node_3,Smart Plug,974.7118603310367,63
Node_3,Smart Plug,975.9763118700348,62
Node_3,Smart Plug,977.3022274966031,85
Node_3,Smart Plug,978.4512389398844,78
Node_3,Smart Plug,979.5129540448207,87
Node_3,Smart Plug,980.6593084625592,70
Node_3,Smart Plug,982.1041381191411,83
Node_3,Smart Plug,982.1229191704475,68
Node_3,Smart Plug,983.2000491532543,72
Node_3,Smart Plug,984.4000084239852,97
Node_3,Smart Plug,985.5853948057256,65
Node_3,Smart Plug,985.6131750183422,74
Node_3,Smart Plug,986.7388521960887,84
Node_3,Smart Plug,987.866137888205,76
Node_3,Smart Plug,988.8880521862261,75
Node_3,Smart Plug,988.907403802211,85
Node_3,Smart Plug,989.7650967599263,93
Node_3,Smart Plug,991.015654839368,91
Node_3,Smart Plug,991.8845412161588,62
Node_3,Smart Plug,991.9025534800331,67
Node_3,Smart Plug,992.9144543879494,92
Node_3,Smart Plug,993.906579577503,88
Node_3,Smart Plug,995.4054631459873,90
Node_3,Smart Plug,996.8441309170793,60
Node_3,Smart Plug,996.8870232713133,91
Node_3,Smart Plug,997.9710542100229,83
Node_3,Smart Plug,999.1014570056794,80
Node_3,Smart Plug,1000.0059538058773,75
Node_3,Smart Plug,1000.0459192888901,78
Node_3,Smart Plug,1001.3961015426594,90
Node_3,Smart Plug,1002.5190823387467,91
Node_3,Smart Plug,1003.4505749251817,90
Node_3,Smart Plug,1004.3972842526342,77
Node_3,Smart Plug,1005.4595743697585,83
Node_3,Smart Plug,1005.5073085298055,60
Node_3,Smart Plug,1006.891317746891,73
Node_3,Smart Plug,1008.1713517110096,76
Node_3,Smart Plug,1009.3476745154736,73
Node_3,Smart Plug,1009.3890888279055,96
Node_3,Smart Plug,1009.4371943297344,73
Node_3,Smart Plug,1010.6592962799301,84
Node_3,Smart Plug,1012.1454167607277,68
Node_3,Smart Plug,1013.3195601672567,67
Node_3,Smart Plug,1013.3523407677335,78
Node_3,Smart Plug,1014.2176098223549,64
Node_3,Smart Plug,1015.0400512302331,87
Node_3,Smart Plug,1015.9707357038915,62
Node_3,Smart Plug,1016.969408038325,69
Node_3,Smart Plug,1017.8183936411677,62
Node_3,Smart Plug,1018.7386716429586,94
Node_3,Smart Plug,1019.6485964614797,64
Node_3,Smart Plug,1020.783372261143,62
Node_3,Smart Plug,1022.1893619068962,65
Node_3,Smart Plug,1022.2166499339497,88
Node_3,Smart Plug,1023.4392465480316,97
Node_3,Smart Plug,1024.5909790628432,87
Node_3,Smart Plug,1024.6012767951938,65
Node_3,Smart Plug,1024.627246271776,92
Node_3,Smart Plug,1026.0644580490343,95
Node_3,Smart Plug,1027.267750975639,89
Node_3,Smart Plug,1027.3129907385767,78
Node_3,Smart Plug,1028.611144292142,71
Node_3,Smart Plug,1029.9781336275216,67
Node_3,Smart Plug,1030.0241322123338,89
Node_3,Smart Plug,1031.4617153791519,67
Node_3,Smart Plug,1032.5372013014664,97
Node_3,Smart Plug,1032.5820228851421,70
Node_3,Smart Plug,1033.5863455985073,96
Node_3,Smart Plug,1034.8920321709365,68
Node_3,Smart Plug,1036.3867049762555,82
Node_3,Smart Plug,1037.2402785215384,64
Node_3,Smart Plug,1038.268487716728,78
Node_3,Smart Plug,1038.298730299599,78
Node_3,Smart Plug,1038.336509728163,89
Node_3,Smart Plug,1039.6586799341699,94
Node_3,Smart Plug,1040.4661960871435,64
Node_3,Smart Plug,1041.4951733409473,89
Node_3,Smart Plug,1042.3429393607817,81
Node_3,Smart Plug,1042.3909400977448,65
Node_3,Smart Plug,1043.7800338709083,66
Node_3,Smart Plug,1043.7940544757503,71
Node_3,Smart Plug,1044.867649127255,63
Node_3,Smart Plug,1046.1418173264908,66
Node_3,Smart Plug,1047.0934880297834,61
Node_3,Smart Plug,1048.0448045794828,87
Node_3,Smart Plug,1049.4128628576411,85
Node_3,Smart Plug,1050.8407697737227,75
Node_3,Smart Plug,1051.677460453055,60
Node_3,Smart Plug,1053.0144404199727,97
Node_3,Smart Plug,1053.9814186461276,63
Node_3,Smart Plug,1055.4739220836034,73
Node_3,Smart Plug,1055.5106800618232,68
Node_3,Smart Plug,1056.8685269774317,93
Node_3,Smart Plug,1056.8852088676344,76
Node_3,Smart Plug,1056.9082945262808,82
Node_3,Smart Plug,1056.9265792988956,81
Node_3,Smart Plug,1057.811142071875,68
Node_3,Smart Plug,1058.7326771623104,76
Node_3,Smart Plug,1059.8051078239957,78
Node_3,Smart Plug,1059.84771121966,85
Node_3,Smart Plug,1060.694843107631,68
Node_3,Smart Plug,1061.9140514751703,99
Node_3,Smart Plug,1061.945498736382,99
Node_3,Smart Plug,1062.8655201137096,98
Node_3,Smart Plug,1064.35251124011,87
Node_3,Smart Plug,1065.8331680371018,87
Node_3,Smart Plug,1067.0779154532793,95
Node_3,Smart Plug,1068.4740034020074,79
Node_3,Smart Plug,1069.6999767275167,83
Node_3,Smart Plug,1070.9483910958427,69
Node_3,Smart Plug,1072.4402577008957,69
Node_3,Smart Plug,1073.8680032993523,72
Node_3,Smart Plug,1075.1980753198716,84
Node_3,Smart Plug,1075.2230562650113,71
Node_3,Smart Plug,1075.2412316782152,61
Node_3,Smart Plug,1076.4598843102428,97
Node_3,Smart Plug,1077.4899672065499,71
Node_3,Smart Plug,1078.8223129241567,80
Node_3,Smart Plug,1080.0759454217125,71
Node_3,Smart Plug,1080.1198228155342,73
Node_3,Smart Plug,1080.1513952856192,96
Node_3,Smart Plug,1081.1252319203818,87
Node_3,Smart Plug,1082.3508761587561,75
Node_3,Smart Plug,1083.4605287818497,60
Node_3,Smart Plug,1084.309518225834,67
Node_3,Smart Plug,1085.208590633443,68
Node_3,Smart Plug,1085.2422958594916,93
Node_3,Smart Plug,1086.207712949216,63
Node_3,Smart Plug,1087.2257370280838,88
Node_3,Smart Plug,1087.2427944482797,69
Node_3,Smart Plug,1087.2707252959744,85
Node_3,Smart Plug,1087.3119768529912,63
Node_3,Smart Plug,1088.3907479842117,66
Node_3,Smart Plug,1089.5444527722004,89
Node_3,Smart Plug,1090.9181754377162,91
Node_3,Smart Plug,1090.943432210183,94
Node_3,Smart Plug,1092.3885049595158,83
Node_3,Smart Plug,1092.4275708889213,70
Node_3,Smart Plug,1093.5450930630284,75
Node_3,Smart Plug,1094.3954508178047,65
Node_3,Smart Plug,1095.303757936826,67
Node_3,Smart Plug,1095.333785929173,89
Node_3,Smart Plug,1096.7817696790623,97
Node_3,Smart Plug,1097.842971107452,79
Node_3,Smart Plug,1099.0547874112556,76
Node_3,Smart Plug,1099.1016515411936,75
Node_3,Smart Plug,1100.0376112814306,77
Node_3,Smart Plug,1100.0841347212408,88
Node_3,Smart Plug,1101.2261700114261,87
Node_3,Smart Plug,1102.4818044457218,97
Node_3,Smart Plug,1103.4514514541588,61
Node_3,Smart Plug,1104.69311835374,87
Node_3,Smart Plug,1105.9448518296897,70
Node_3,Smart Plug,1107.2215983687397,70
Node_3,Smart Plug,1108.6878431405469,93
Node_3,Smart Plug,1108.7286820279678,85
Node_3,Smart Plug,1109.8070488730261,83
Node_3,Smart Plug,1110.970024803724,67
Node_3,Smart Plug,1112.3508494992427,70
Node_3,Smart Plug,1113.8282279009486,86
Node_3,Smart Plug,1114.8438131075002,76
Node_3,Smart Plug,1116.153169563069,63
Node_3,Smart Plug,1117.4968533434878,73
Node_3,Smart Plug,1117.5368025463858,97
Node_3,Smart Plug,1118.5524727863447,99
Node_3,Smart Plug,1119.3535777906538,62
Node_3,Smart Plug,1120.5210511827813,86
Node_3,Smart Plug,1121.4404951620706,74
Node_3,Smart Plug,1122.3791095323015,67
Node_3,Smart Plug,1123.4945720813098,92
Node_3,Smart Plug,1123.5069313639076,67
Node_3,Smart Plug,1124.4884777054465,96
Node_3,Smart Plug,1125.7272638711538,84
Node_3,Smart Plug,1126.643552163978,71
Node_3,Smart Plug,1127.6372857059807,73
Node_3,Smart Plug,1128.7718136890473,86
Node_3,Smart Plug,1128.784255947723,90
Node_3,Smart Plug,1128.8175537656653,99
Node_3,Smart Plug,1128.8484471474371,60
Node_3,Smart Plug,1130.339274937142,90
Node_3,Smart Plug,1131.4705371853736,73
Node_3,Smart Plug,1132.5300867709343,95
Node_3,Smart Plug,1133.9018798053664,97
Node_3,Smart Plug,1134.966784794129,62
Node_3,Smart Plug,1135.9979634716908,64
Node_3,Smart Plug,1137.286779260476,89
Node_3,Smart Plug,1138.1839833795768,84
Node_3,Smart Plug,1139.1796106507056,87
Node_3,Smart Plug,1140.2375115772982,84
Node_3,Smart Plug,1141.3701511765948,76
Node_3,Smart Plug,1141.4195984328137,98
Node_3,Smart Plug,1142.2312396456916,74
Node_3,Smart Plug,1142.2735419581659,73
Node_3,Smart Plug,1143.498276069588,76
Node_3,Smart Plug,1144.3552345314674,77
Node_3,Smart Plug,1145.8068256844133,99
Node_3,Smart Plug,1147.240467617842,89
Node_3,Smart Plug,1147.2582706960497,65
Node_3,Smart Plug,1148.4585955335363,94
Node_3,Smart Plug,1149.3480984816754,91
Node_3,Smart Plug,1150.619241994084,81
Node_3,Smart Plug,1151.5368789900513,77
Node_3,Smart Plug,1151.573384674469,69
Node_3,Smart Plug,1151.6135147752987,86
Node_3,Smart Plug,1151.6409105115738,88
Node_3,Smart Plug,1151.6880692059383,96
Node_3,Smart Plug,1152.6423324304164,70
Node_3,Smart Plug,1154.0705900490332,64
Node_3,Smart Plug,1154.1019717811494,89
Node_3,Smart Plug,1154.1396431630797,94
Node_3,Smart Plug,1155.476079333767,84
Node_3,Smart Plug,1156.5399865594736,88
Node_3,Smart Plug,1157.6071419128837,85
Node_3,Smart Plug,1159.0064406210684,92
Node_3,Smart Plug,1159.0210682196791,63
Node_3,Smart Plug,1159.0606914684327,97
Node_3,Smart Plug,1159.9419658251331,74
Node_3,Smart Plug,1161.4098138583388,83
Node_3,Smart Plug,1161.4222892558034,81
Node_3,Smart Plug,1162.9081839045089,72
Node_3,Smart Plug,1164.1836954237751,91
Node_3,Smart Plug,1165.4048277708637,68
Node_3,Smart Plug,1166.5816328311955,78
Node_3,Smart Plug,1166.6293484275427,93
Node_3,Smart Plug,1167.7483975989248,84
Node_3,Smart Plug,1167.7850116270952,92
Node_3,Smart Plug,1169.0042278428853,72
Node_3,Smart Plug,1169.8906526517706,99
Node_3,Smart Plug,1171.0254505746034,93
Node_3,Smart Plug,1172.3183489082464,75
Node_3,Smart Plug,1173.3515500909314,93
Node_3,Smart Plug,1173.390856415036,92
Node_3,Smart Plug,1174.2276528279974,94
Node_3,Smart Plug,1174.2571530140615,75
Node_3,Smart Plug,1175.518628231692,93
Node_3,Smart Plug,1176.7021882683705,73
Node_3,Smart Plug,1178.1954082783518,90
Node_3,Smart Plug,1179.3648993824534,71
Node_3,Smart Plug,1180.3014639061114,94
Node_3,Smart Plug,1181.1930943845114,90
Node_3,Smart Plug,1182.5566446350258,93
Node_3,Smart Plug,1183.6769173851221,66
Node_3,Smart Plug,1183.7147556061602,71
Node_3,Smart Plug,1183.7334810650816,89
Node_3,Smart Plug,1184.5398738253105,89
Node_3,Smart Plug,1185.814696289522,99
Node_3,Smart Plug,1185.8627122156993,77
Node_3,Smart Plug,1187.3109019514056,63
Node_3,Smart Plug,1188.2366449669746,62
Node_3,Smart Plug,1189.4917134303369,83
Node_3,Smart Plug,1190.7305942129544,76
Node_3,Smart Plug,1190.7502284297984,79
Node_3,Smart Plug,1192.2184171844222,86
Node_3,Smart Plug,1193.5026735793285,91
Node_3,Smart Plug,1194.8470851471102,94
Node_3,Smart Plug,1195.8397363752895,86
Node_3,Smart Plug,1196.7237366452214,63
Node_3,Smart Plug,1197.9918911921077,80
Node_3,Smart Plug,1198.0248104684606,82
Node_3,Smart Plug,1198.0646248402534,91
Node_3,Smart Plug,1198.0939924993454,85
Node_3,Smart Plug,1199.29398866891,63
Node_3,Smart Plug,1199.3403438898424,91
Node_3,Smart Plug,1199.382858607332,60
Node_3,Smart Plug,1200.5583503601683,92
Node_3,Smart Plug,1201.7215811413212,83
Node_3,Smart Plug,1203.0746285260616,64
Node_3,Smart Plug,1204.550605256654,95
Node_3,Smart Plug,1204.5845693609176,67
Node_3,Smart Plug,1205.9449284412026,64
Node_3,Smart Plug,1205.9631776372112,66
Node_3,Smart Plug,1207.3591927115176,61
Node_3,Smart Plug,1208.5134965290356,74
Node_3,Smart Plug,1209.609632458143,97
Node_3,Smart Plug,1209.631656457252,97
Node_3,Smart Plug,1210.9796177340615,86
Node_3,Smart Plug,1212.1835677625056,87
Node_3,Smart Plug,1213.6737814278551,74
Node_3,Smart Plug,1214.6206690817837,63
Node_3,Smart Plug,1215.5866393307042,67
Node_3,Smart Plug,1215.6299444428919,98
Node_3,Smart Plug,1216.5811724201249,74
Node_3,Smart Plug,1216.6160649298304,62
Node_3,Smart Plug,1216.641336222353,96
Node_3,Smart Plug,1217.499614075643,70
Node_3,Smart Plug,1218.7857748352728,81
Node_3,Smart Plug,1218.8250818312217,99
Node_3,Smart Plug,1219.7599210254905,74
Node_3,Smart Plug,1221.134276771238,84
Node_3,Smart Plug,1222.0417207582311,99
Node_3,Smart Plug,1222.8598576624322,84
Node_3,Smart Plug,1222.874842511388,64
Node_3,Smart Plug,1223.7210140628133,85
Node_3,Smart Plug,1224.7544762068353,70
Node_3,Smart Plug,1225.7125120349456,60
Node_3,Smart Plug,1227.1906534750656,75
Node_3,Smart Plug,1227.2376789094772,67
Node_3,Smart Plug,1228.25226359692,92
Node_3,Smart Plug,1229.422535680085,88
Node_3,Smart Plug,1230.608615242464,84
Node_3,Smart Plug,1231.5281384340844,97
Node_3,Smart Plug,1232.5697594557446,89
Node_3,Smart Plug,1233.741936952194,83
Node_3,Smart Plug,1234.875740260313,65
Node_3,Smart Plug,1234.9062828770718,66
Node_3,Smart Plug,1234.9314349036558,89
Node_3,Smart Plug,1234.970451674567,98
Node_3,Smart Plug,1235.9448298139043,84
Node_3,Smart Plug,1236.8730029819621,99
Node_3,Smart Plug,1238.0245634539199,71
Node_3,Smart Plug,1239.4837373605362,95
Node_3,Smart Plug,1240.4973685624066,94
Node_3,Smart Plug,1241.5819289115386,72
Node_3,Smart Plug,1241.595107906217,89
Node_3,Smart Plug,1242.5106870941072,62
Node_3,Smart Plug,1243.6985989365035,79
Node_3,Smart Plug,1245.1721153684302,76
Node_3,Smart Plug,1246.4836735248573,79
Node_3,Smart Plug,1247.9822416229088,95
Node_3,Smart Plug,1249.0660716390876,84
Node_3,Smart Plug,1250.3882137215783,88
Node_3,Smart Plug,1251.71298128836,69
Node_3,Smart Plug,1253.1785891612956,92
Node_3,Smart Plug,1254.3482671540482,84
Node_3,Smart Plug,1255.8235203226757,86
Node_3,Smart Plug,1256.9899818137587,69
Node_3,Smart Plug,1257.0335581711631,80
Node_3,Smart Plug,1258.1294637593344,75
Node_3,Smart Plug,1259.0087272157728,96
Node_3,Smart Plug,1259.0402920006723,90
Node_3,Smart Plug,1259.0622591203908,71
Node_3,Smart Plug,1259.1017801492765,82
Node_3,Smart Plug,1259.1239729412537,97
Node_3,Smart Plug,1260.5019821124818,61
Node_3,Smart Plug,1261.734406196533,79
Node_3,Smart Plug,1262.9652773704381,73
Node_3,Smart Plug,1263.7688854582223,95
Node_3,Smart Plug,1263.793066751176,64
Node_3,Smart Plug,1264.6523873967346,80
Node_3,Smart Plug,1264.6673411026752,79
Node_3,Smart Plug,1264.703606440515,69
Node_3,Smart Plug,1265.713105907345,77
Node_3,Smart Plug,1265.7555676615088,64
Node_3,Smart Plug,1267.1431178844389,66
Node_3,Smart Plug,1268.246889992726,74
Node_3,Smart Plug,1269.1858152252964,67
Node_3,Smart Plug,1269.211597065508,89
Node_3,Smart Plug,1270.1238158162705,67
Node_3,Smart Plug,1271.3894858430203,70
Node_3,Smart Plug,1272.57457241405,91
Node_3,Smart Plug,1273.601993803017,90
Node_3,Smart Plug,1274.753294810796,96
Node_3,Smart Plug,1275.8254887656212,64
Node_3,Smart Plug,1275.8363348538894,66
Node_3,Smart Plug,1277.1735043199014,69
Node_3,Smart Plug,1278.2130030186186,99
Node_3,Smart Plug,1279.317032979073,71
