Node_ID,Node_Type,Window_ID,mean_IAT,IAT_std,packet_rate,mean_packet_size,packet_size_std
Node_5,Camera-like Traffic Generator,1,0.34115711320040193,0.094246560135258,2.8246920473677615,1275.3,188.2604873867884
Node_5,Camera-like Traffic Generator,2,0.3112928537387,0.08440310205705283,3.3252671654261268,1266.7,129.9872215941928
Node_5,Camera-like Traffic Generator,3,0.3793249263310439,0.08478858873654067,2.7180564855972533,1219.8,107.96789646309993
Node_5,Camera-like Traffic Generator,4,0.3823892066135536,0.10493345407045203,2.6325809507865676,1218.9,149.00219983461838
Node_5,Camera-like Traffic Generator,5,0.3149915148268757,0.06142492027838147,3.1631721457393334,1302.4,129.82569511121866
Node_5,Camera-like Traffic Generator,6,0.3515743553187428,0.07845206731648437,2.7498191524271856,1285.2,111.00430422085243
Node_5,Camera-like Traffic Generator,7,0.3734117569268308,0.08962852035052435,2.565538912275956,1191.7,179.55998688151234
Node_5,Camera-like Traffic Generator,8,0.3381132632584765,0.11977712281337992,3.0220606571037476,1293.1,148.97236880262955
Node_5,Camera-like Traffic Generator,9,0.3141825239012234,0.0994910482232592,3.317712921781196,1289.7,132.11531158633943
Node_5,Camera-like Traffic Generator,10,0.3532658305690787,0.09095108891278812,2.799750754992069,1260.6,199.19404274894032
Node_5,Camera-like Traffic Generator,11,0.30604428838842673,0.084899889798979,3.3312187310456873,1350.1,114.05305782836336
Node_5,Camera-like Traffic Generator,12,0.3709956889790478,0.08984237648835741,2.729596143515732,1221.9,161.29438235034033
Node_5,Camera-like Traffic Generator,13,0.35905777089138813,0.07974326603752631,2.840900348823154,1192.2,175.58967319672684
Node_5,Camera-like Traffic Generator,14,0.3247120486098699,0.0813871042478221,3.0089642908916683,1199.3,124.1809164082791
Node_5,Camera-like Traffic Generator,15,0.311942376893989,0.08939543695313376,3.1298240265417894,1235.7,175.97982838950605
Node_5,Camera-like Traffic Generator,16,0.3154481988976431,0.07917657697052054,3.0463850605928573,1264.0,99.27738916792686
Node_5,Camera-like Traffic Generator,17,0.37299714940499745,0.08988494957544582,2.602287366361111,1191.3,142.61217806812056
Node_5,Camera-like Traffic Generator,18,0.35935058333904835,0.0755295893680088,2.6886505653422024,1260.1,162.34493456150017
Node_5,Camera-like Traffic Generator,19,0.3125698842618843,0.06721917670465201,3.1703515087621534,1251.4,171.22772361195874
Node_5,Camera-like Traffic Generator,20,0.3623327273207325,0.0922711124948215,2.8619226475047026,1248.8,176.30705538286827
Node_5,Camera-like Traffic Generator,21,0.3776531493905673,0.11161197035135192,2.56151931330222,1182.5,135.3557042265551
Node_5,Camera-like Traffic Generator,22,0.3852896196175687,0.07355422998347873,2.6043920504871614,1268.8,113.05239689827212
Node_5,Camera-like Traffic Generator,23,0.33790937623224987,0.07581541449904822,2.8711856846207073,1245.2,136.53717442513596
Node_5,Camera-like Traffic Generator,24,0.32198818280143626,0.09429060995713304,3.2113155327287246,1279.1,191.0773258250294
Node_5,Camera-like Traffic Generator,25,0.3246952516997543,0.10599879251466954,3.2244930163571315,1200.1,138.6982736414232
Node_5,Camera-like Traffic Generator,26,0.36676637644887944,0.11223117836910046,2.6473226041779356,1218.0,133.37332733513267
Node_5,Camera-like Traffic Generator,27,0.3559836149861872,0.08821264246955432,2.715337372004592,1309.7,131.67894457522223
Node_5,Camera-like Traffic Generator,28,0.36811231529579636,0.09297274538014924,2.618451146083914,1201.1,134.50687714760164
Node_5,Camera-like Traffic Generator,29,0.33430878090613747,0.08570920002189482,3.1469865869621043,1279.0,124.98977735976828
Node_5,Camera-like Traffic Generator,30,0.3856046627969862,0.09749382489605261,2.488959512032329,1192.8,120.0488789340964
Node_5,Camera-like Traffic Generator,31,0.29610103030955626,0.057565649881911624,3.4173784653361055,1251.0,163.53524934330756
Node_5,Camera-like Traffic Generator,32,0.3096548621499583,0.0818102632479857,3.256908726938267,1234.5,137.4119920369236
Node_5,Camera-like Traffic Generator,33,0.32750927797639473,0.09768273731754622,2.9532289044307327,1248.0,121.5967835831926
Node_5,Camera-like Traffic Generator,34,0.28912506189911213,0.09724436076778874,3.38354692348814,1201.0,159.7191980390029
Node_5,Camera-like Traffic Generator,35,0.3583044314184442,0.1034179808555906,2.6824985476594216,1267.3,125.2659836774001
Node_5,Camera-like Traffic Generator,36,0.3496253591912204,0.07974055566017506,2.73970008505552,1239.3,185.32496983527193
Node_5,Camera-like Traffic Generator,37,0.37749698533711495,0.11124264528919417,2.6564904403200664,1306.9,141.2794315453519
Node_5,Camera-like Traffic Generator,38,0.37158618275458666,0.10220393441221226,2.597442675389973,1257.5,141.02974469553894
Node_5,Camera-like Traffic Generator,39,0.32381527310381947,0.08492780806317261,3.1757488005115504,1279.3,156.16519031674974
Node_5,Camera-like Traffic Generator,40,0.3254909976646775,0.08101887148470117,3.21570841323529,1257.7,147.25114600572724
Node_5,Camera-like Traffic Generator,41,0.35469825577174624,0.09431998387700075,2.7168297053040362,1214.1,180.099015976089
Node_5,Camera-like Traffic Generator,42,0.3318638432873847,0.09965564352730048,2.925766416085939,1283.4,163.61282210008955
Node_5,Camera-like Traffic Generator,43,0.3761765469439112,0.057178993258483704,2.623348174555863,1320.0,172.59844211991665
Node_5,Camera-like Traffic Generator,44,0.34835195537532815,0.10441264768859396,2.954777613131265,1323.7,92.18104167584809
Node_5,Camera-like Traffic Generator,45,0.34623919331282343,0.08426992042910256,3.0243352160426324,1283.1,145.86557738776708
Node_5,Camera-like Traffic Generator,46,0.34944208261258985,0.09683593172746714,2.8448081510036856,1273.5,153.85725707796678
Node_5,Camera-like Traffic Generator,47,0.42299199000636245,0.07619887120787677,2.3758244300588336,1259.0,109.0168182743684
Node_5,Camera-like Traffic Generator,48,0.37231308415817355,0.0923830351857274,2.7063385514514064,1230.8,148.53267504342455
Node_5,Camera-like Traffic Generator,49,0.3753389227320279,0.08973565026210123,2.619786915354482,1186.1,136.90341282979193
Node_5,Camera-like Traffic Generator,50,0.36023666210658406,0.1099108548525779,2.7226152142192634,1199.0,148.66068747318505
Node_5,Camera-like Traffic Generator,51,0.3131134066340807,0.10849354255431988,3.317067075111622,1216.6,187.233187941312
Node_5,Camera-like Traffic Generator,52,0.3306051380223291,0.07938208402426115,2.926020578706987,1298.7,138.34261013071057
Node_5,Camera-like Traffic Generator,53,0.30031696968837845,0.07693091592999109,3.4309608980731903,1184.2,146.35633835873927
Node_5,Camera-like Traffic Generator,54,0.34335760854983216,0.07853737509469337,2.978997064524361,1329.2,140.39135775870724
Node_5,Camera-like Traffic Generator,55,0.3669638512313211,0.07642447661234936,2.7349475062059914,1240.2,163.68316278034763
Node_5,Camera-like Traffic Generator,56,0.30148431461139513,0.07936522181167541,3.499044169529106,1170.7,90.71695909071614
Node_5,Camera-like Traffic Generator,57,0.33940190358247674,0.0947938641909951,3.0210067224776385,1236.1,132.17282457281283
Node_5,Camera-like Traffic Generator,58,0.3252501923613527,0.07970374734499126,2.953578572443311,1187.0,166.74198298235777
Node_5,Camera-like Traffic Generator,59,0.3592508400551699,0.09239408681372746,2.7740423923801067,1302.6,189.07975977231288
Node_5,Camera-like Traffic Generator,60,0.30443556804558797,0.10297584409873467,3.4621890930586576,1269.4,128.95580638342736
Node_5,Camera-like Traffic Generator,61,0.3640234157150992,0.06740919292929597,2.8255788563017856,1301.9,129.11102027153046
Node_5,Camera-like Traffic Generator,62,0.3558010097072679,0.09540007864660029,2.698273016498191,1251.4,115.97336859047522
Node_5,Camera-like Traffic Generator,63,0.3154339274270461,0.060159732530973745,3.1930635804158762,1176.5,145.90426846242556
Node_5,Camera-like Traffic Generator,64,0.3093673674237528,0.08039326872347904,3.298416062795113,1158.1,71.12656950035542
Node_5,Camera-like Traffic Generator,65,0.3452430413798736,0.08426387889366334,2.7958076517131207,1225.3,126.38657629141896
Node_5,Camera-like Traffic Generator,66,0.37660325980137405,0.10200211753080916,2.524472986640297,1238.7,160.38706653315631
Node_5,Camera-like Traffic Generator,67,0.31555209092487646,0.09142707146096574,3.0481601719965177,1212.1,135.59617333178036
Node_5,Camera-like Traffic Generator,68,0.3360579874806965,0.06350055849656482,3.0389416892861694,1262.7,156.22850074312447
Node_5,Camera-like Traffic Generator,69,0.3318342222805942,0.07647601242973982,3.055957680543405,1326.2,161.98271512726288
Node_5,Camera-like Traffic Generator,70,0.36345587829242676,0.09197674988870369,2.6852168258849507,1182.2,117.21376483445393
Node_5,Camera-like Traffic Generator,71,0.3466739249286686,0.08447008801580393,2.771486928805042,1222.1,193.49099892932142
Node_5,Camera-like Traffic Generator,72,0.35993560067298236,0.11096947117155907,2.8306871058986367,1311.1,112.85629997676003
Node_5,Camera-like Traffic Generator,73,0.34344252856691926,0.08600473446498674,2.848624879090909,1248.5,113.33063722283279
Node_5,Camera-like Traffic Generator,74,0.3511957158051081,0.09846525146179448,2.9622903688763804,1310.5,158.56526872062636
Node_5,Camera-like Traffic Generator,75,0.40325280563239935,0.08176751861330486,2.3639852653524374,1227.6,136.06060741040696
Node_5,Camera-like Traffic Generator,76,0.3371676320461411,0.08897277088212834,2.879775449454211,1213.6,161.88624263832784
Node_5,Camera-like Traffic Generator,77,0.30241583001069816,0.06727612827932417,3.268353688002815,1214.3,133.9900908442279
Node_5,Camera-like Traffic Generator,78,0.34275256379879593,0.09122537019851616,2.861711390030704,1201.6,132.37589575816958
Node_5,Camera-like Traffic Generator,79,0.39667730351749103,0.08927721871582131,2.419824052642929,1193.4,109.26542606576581
Node_5,Camera-like Traffic Generator,80,0.3568253549885801,0.08274607981091758,2.9225646553065654,1257.6,124.33217157634176
Node_5,Camera-like Traffic Generator,81,0.32905856601376715,0.10779669760345229,2.979022430033575,1262.8,167.21762267576145
Node_5,Camera-like Traffic Generator,82,0.32949445528114374,0.10021065641849497,3.0404463857921264,1183.0,141.24446891825534
Node_5,Camera-like Traffic Generator,83,0.3799761288184611,0.0705251370476791,2.624463137891993,1296.7,145.24771943132188
Node_5,Camera-like Traffic Generator,84,0.3525849362449732,0.06213985310130215,2.838512033475856,1173.9,138.77755982546714
Node_5,Camera-like Traffic Generator,85,0.3454377119595367,0.10935979004520525,2.9120609675335922,1314.2,134.1879279220005
Node_5,Camera-like Traffic Generator,86,0.3478362065740409,0.10047755924687922,2.907576335550132,1278.7,120.06299272557811
Node_5,Camera-like Traffic Generator,87,0.36945702476504855,0.07125874234067951,2.7992070143483625,1151.8,136.3482469430555
Node_5,Camera-like Traffic Generator,88,0.3454965669845966,0.1083513700298887,3.0205953318138237,1226.1,167.2712036052696
Node_5,Camera-like Traffic Generator,89,0.3247673716045022,0.0850836161161699,2.9912666552684604,1334.9,111.69347936801563
Node_5,Camera-like Traffic Generator,90,0.35424591075841105,0.09002806625283233,2.71809244738711,1222.2,176.61433187095045
Node_5,Camera-like Traffic Generator,91,0.3676235957794465,0.10438033569591314,2.7904048800809176,1230.3,135.81772916506725
Node_5,Camera-like Traffic Generator,92,0.4098950324111429,0.08066042284509223,2.450575365193428,1295.4,148.3705571271545
Node_5,Camera-like Traffic Generator,93,0.3901418404785976,0.10536152670541427,2.517998162323687,1205.0,103.38385861546386
Node_5,Camera-like Traffic Generator,94,0.31716075710956376,0.09706838864877615,3.2424273920866122,1285.0,149.90960239053697
Node_5,Camera-like Traffic Generator,95,0.35753466890168495,0.07636254688480948,2.7750243077260426,1247.2,161.0685154419282
Node_5,Camera-like Traffic Generator,96,0.29381686075235064,0.0976355337473667,3.292683141225543,1213.0,129.6036693582057
Node_5,Camera-like Traffic Generator,97,0.332459115742151,0.08354559703333966,3.177897080382858,1298.7,161.45178158749994
Node_5,Camera-like Traffic Generator,98,0.4098355758289582,0.08597549274758053,2.43161885309237,1284.3,126.67811351786244
Node_5,Camera-like Traffic Generator,99,0.35820480653455566,0.09873044809500668,2.8041969965526907,1257.1,142.5657353254592
Node_5,Camera-like Traffic Generator,100,0.37681777845542375,0.08547544708618397,2.710981002139323,1231.4,153.3508685625513
Node_5,Camera-like Traffic Generator,101,0.3152151336947352,0.07372097992683532,3.184078299585015,1247.8,150.10574050759462
Node_5,Camera-like Traffic Generator,102,0.3479236890923416,0.09481039705298368,2.83175171139997,1324.5,130.40982410164588
Node_5,Camera-like Traffic Generator,103,0.33721902203540266,0.09080649964828286,3.0057352061035147,1254.1,118.87850941192019
Node_5,Camera-like Traffic Generator,104,0.3120316211551834,0.08113293775508156,3.413227619635255,1245.6,156.3956521134779
Node_5,Camera-like Traffic Generator,105,0.3415816404120528,0.0766464378371186,2.9506577524719195,1283.9,154.07894801763877
Node_5,Camera-like Traffic Generator,106,0.33245068725637406,0.07904478244018953,2.914012639323843,1253.6,186.20430834017898
Node_5,Camera-like Traffic Generator,107,0.3504685166529271,0.09811547310404059,2.732922329175111,1201.1,108.27685707378923
Node_5,Camera-like Traffic Generator,108,0.3808606574420409,0.06605808889043276,2.632984162488,1250.9,150.402016830449
Node_5,Camera-like Traffic Generator,109,0.3457715730682974,0.07019915199717486,2.943751781892993,1270.2,139.0689677022799
Node_5,Camera-like Traffic Generator,110,0.39034389495924393,0.07051851325843482,2.6172015457176676,1175.9,122.81553466705894
Node_5,Camera-like Traffic Generator,111,0.38795945916683083,0.08678110879998636,2.5797466077790814,1163.6,137.1561964412189
Node_5,Camera-like Traffic Generator,112,0.35382624316718886,0.08688327872904723,2.707990302603914,1205.5,151.47368675046428
Node_5,Camera-like Traffic Generator,113,0.3314198034973751,0.09724969009655487,2.971011721392123,1320.5,135.17909930491803
Node_5,Camera-like Traffic Generator,114,0.3160837697221668,0.06691308353015586,3.069398386549341,1297.4,125.77864153609971
Node_5,Camera-like Traffic Generator,115,0.3947925274381024,0.06377939048705075,2.502817600504035,1166.5,132.23905121660042
Node_5,Camera-like Traffic Generator,116,0.37335401361287224,0.10535455361323387,2.7684537687030764,1248.6,108.82013702537881
Node_5,Camera-like Traffic Generator,117,0.33744219478834575,0.07988850599537561,2.9724514375618893,1241.6,178.45833625184838
Node_5,Camera-like Traffic Generator,118,0.37275274206889353,0.0941083138900045,2.6635319361591474,1248.6,158.2229088624302
Node_5,Camera-like Traffic Generator,119,0.3432705278281867,0.09760021274679138,2.8833869085053236,1232.3,143.75059420167045
Node_5,Camera-like Traffic Generator,120,0.3510390124192217,0.08340007417464117,2.742250605967076,1241.4,155.40284567679078
Node_5,Camera-like Traffic Generator,121,0.32296628575590186,0.09531169220028264,3.0012305318445907,1274.0,146.370154820654
Node_5,Camera-like Traffic Generator,122,0.3115931054313713,0.06334557345254789,3.294948469891881,1258.0,175.05491201969232
Node_5,Camera-like Traffic Generator,123,0.3504461043337147,0.07709985143295513,2.88198580850799,1228.3,139.54214815284703
Node_5,Camera-like Traffic Generator,124,0.34081883762386284,0.10356172611915364,3.0557159638040883,1327.6,140.05570320411806
Node_5,Camera-like Traffic Generator,125,0.3281744991936248,0.07998280185625949,3.1353797988601197,1262.8,126.098550524756
Node_5,Camera-like Traffic Generator,126,0.3884904890403777,0.09744267148764174,2.458977759153989,1232.7,148.4894683882403
Node_5,Camera-like Traffic Generator,127,0.32402121712899457,0.07904412527418157,3.1680507626170393,1241.7,147.18170931048311
Node_5,Camera-like Traffic Generator,128,0.3899705525549384,0.09929464919118611,2.6095474710313105,1182.4,176.83086708930531
Node_5,Camera-like Traffic Generator,129,0.32548801995531756,0.07252441097177566,3.1794731296616363,1272.4,128.634020037901
Node_5,Camera-like Traffic Generator,130,0.38492034400942254,0.09424160801641168,2.613929968804834,1203.3,90.38196722798193
Node_5,Camera-like Traffic Generator,131,0.38682324774836085,0.08432161409071062,2.653570479030482,1174.6,81.43190747830702
Node_5,Camera-like Traffic Generator,132,0.365827984301878,0.08078960416439068,2.7320360644030743,1268.1,131.39123089291596
Node_5,Camera-like Traffic Generator,133,0.3372175718132661,0.0710516910215405,2.9113330014044503,1211.8,154.93209982297265
Node_5,Camera-like Traffic Generator,134,0.3223093199521133,0.08009954493591168,3.1196739345020785,1183.6,114.56701095865249
Node_5,Camera-like Traffic Generator,135,0.33990801588841396,0.08661463268271587,2.941142865850008,1279.6,145.81815159071704
Node_5,Camera-like Traffic Generator,136,0.2916758399061098,0.08316845082581643,3.45082197696655,1180.9,100.81716123755915
Node_5,Camera-like Traffic Generator,137,0.33890034356578946,0.07081875885200892,2.93203676258469,1230.0,147.48333239160732
Node_5,Camera-like Traffic Generator,138,0.3585443155753254,0.10409232500369203,2.6860414778689043,1291.2,159.118264891942
Node_5,Camera-like Traffic Generator,139,0.3229515965619699,0.09655239807339497,3.251616116668055,1190.4,107.88079841504079
Node_5,Camera-like Traffic Generator,140,0.3771558247579397,0.08143534638474582,2.6849746507262595,1204.1,157.2050677724269
Node_5,Camera-like Traffic Generator,141,0.35285251185446065,0.08495816081173208,2.8610310696249983,1338.4,128.39799236921286
Node_5,Camera-like Traffic Generator,142,0.29443849601316663,0.0907332200144292,3.516022587084154,1273.5,107.19996890546813
Node_5,Camera-like Traffic Generator,143,0.34794224484706715,0.06392886722123037,2.8151463691255394,1248.0,100.76926339139553
Node_5,Camera-like Traffic Generator,144,0.3233743427310583,0.06361997350543268,3.0118366795452722,1257.7,148.7115403128561
Node_5,Camera-like Traffic Generator,145,0.381380748750798,0.08701533832894606,2.617552523506563,1233.5,118.71557980690187
Node_5,Camera-like Traffic Generator,146,0.3562152551809009,0.06984193501099867,2.9346189025776908,1335.1,124.65726345998989
Node_5,Camera-like Traffic Generator,147,0.3213954678734298,0.07182396711725904,3.0335057405471177,1222.0,157.16516436185498
Node_5,Camera-like Traffic Generator,148,0.33517434348353153,0.0985829352532453,2.8617822609418737,1245.0,128.76507462990284
Node_5,Camera-like Traffic Generator,149,0.34105633383824824,0.08957160195397385,2.820326855297233,1268.3,143.00275832615569
Node_5,Camera-like Traffic Generator,150,0.3945721010999833,0.05714035034496425,2.507109915515556,1306.2,173.65854107670282
Node_5,Camera-like Traffic Generator,151,0.38397441858579445,0.061187929779518875,2.607967139700528,1230.8,122.35449408265404
Node_5,Camera-like Traffic Generator,152,0.3346619669531986,0.07578645375194473,3.0826927223329887,1238.2,132.13276151911253
Node_5,Camera-like Traffic Generator,153,0.33603866495395984,0.09299467219699349,2.890123048357367,1296.6,140.3251779102936
Node_5,Camera-like Traffic Generator,154,0.3166274042410676,0.06000417426784087,3.1960846338685363,1266.7,137.83569123335863
Node_5,Camera-like Traffic Generator,155,0.36628953681254034,0.09828760346022244,2.751196133538205,1301.8,142.03817953087278
Node_5,Camera-like Traffic Generator,156,0.36335940667862954,0.09614068855800419,2.6784228453572543,1257.8,169.2314654220334
Node_5,Camera-like Traffic Generator,157,0.3735492582440757,0.05397907072090318,2.653061068919838,1164.9,153.55089637568963
Node_5,Camera-like Traffic Generator,158,0.39159779386281796,0.047938391298742916,2.5528307089051165,1164.1,90.73704376444667
Node_5,Camera-like Traffic Generator,159,0.32358449464067307,0.08183384636126527,2.966488801556462,1263.4,149.39820019739938
Node_5,Camera-like Traffic Generator,160,0.36683508545642296,0.07991608818954739,2.8212410818480396,1191.4,108.73433475933697
Node_5,Camera-like Traffic Generator,161,0.3328169275470648,0.08659027452103857,2.9641344092537025,1253.6,148.52923393505176
Node_5,Camera-like Traffic Generator,162,0.3749461480326086,0.1048153637470612,2.540680686889364,1282.5,123.65745697962038
Node_5,Camera-like Traffic Generator,163,0.3664456998941985,0.08802152956954522,2.655256411198423,1249.1,153.29234959528947
Node_5,Camera-like Traffic Generator,164,0.36044203294542315,0.07740894968983468,2.7222673063361533,1281.1,133.63835942988493
Node_5,Camera-like Traffic Generator,165,0.37346176645162593,0.09955417068184778,2.775048924358551,1329.3,143.9668557535225
Node_5,Camera-like Traffic Generator,166,0.343419736813687,0.09070147600307228,2.8716638152299985,1196.6,164.47032829324834
Node_5,Camera-like Traffic Generator,167,0.3480859764420584,0.08432375019380041,2.8286489943712585,1276.7,128.00351557672158
Node_5,Camera-like Traffic Generator,168,0.34364116813389595,0.09189187354044581,2.833474604760676,1240.1,192.83294439603532
Node_5,Camera-like Traffic Generator,169,0.3166112602725125,0.10356027493534536,3.0852284804422347,1311.6,191.69547609569602
Node_5,Camera-like Traffic Generator,170,0.3595502062294114,0.09651774368667614,2.8988037953725505,1231.2,139.2350530577699
Node_5,Camera-like Traffic Generator,171,0.33556577048812575,0.10752020522787568,3.1389650398411413,1290.9,189.8346941713003
Node_5,Camera-like Traffic Generator,172,0.375227740135583,0.046268098693603904,2.6496377038363343,1172.2,166.05741978805605
Node_5,Camera-like Traffic Generator,173,0.30273980971235115,0.07144402002491314,3.253590213112759,1206.7,146.06547238215546
Node_5,Camera-like Traffic Generator,174,0.36180074581127614,0.117530434548212,2.64853129738731,1281.5,102.7318516008221
Node_5,Camera-like Traffic Generator,175,0.341609937609328,0.06849215692967454,2.8316583962117643,1292.1,142.0832697947072
Node_5,Camera-like Traffic Generator,176,0.3449860619734281,0.09534186032933867,2.855803425824694,1303.4,153.95901330476815
Node_5,Camera-like Traffic Generator,177,0.3936555127747229,0.09732412421118931,2.6122383048581335,1245.7,116.19528580990041
Node_5,Camera-like Traffic Generator,178,0.3614053123113282,0.1049646966772763,2.8306632671296073,1293.9,163.01428021972663
Node_5,Camera-like Traffic Generator,179,0.37716971010467326,0.07567407023296262,2.5501641561761126,1228.1,146.4782501867693
Node_5,Camera-like Traffic Generator,180,0.3442431172910859,0.08134054458306986,3.037219597430341,1259.1,147.0037414489849
Node_5,Camera-like Traffic Generator,181,0.3050855860261482,0.08806949361076608,3.4209895862981736,1311.1,142.74954757663275
Node_5,Camera-like Traffic Generator,182,0.3711540978549855,0.07714569996190601,2.7324500658428255,1235.2,99.54429499808951
Node_5,Camera-like Traffic Generator,183,0.37247118727452844,0.10292610228245143,2.7200934715201273,1287.5,140.6297344882021
Node_5,Camera-like Traffic Generator,184,0.32237591939500687,0.08734534238617644,3.1299996816631994,1282.3,111.25151684359184
Node_5,Camera-like Traffic Generator,185,0.3429844732160506,0.08105994691404349,2.85703539365794,1302.1,166.51689937594253
Node_5,Camera-like Traffic Generator,186,0.35395427159756204,0.090578599250665,2.9079557803653926,1213.0,138.63381020996766
Node_5,Camera-like Traffic Generator,187,0.3484787231941996,0.07255860035034237,2.859139462300972,1345.7,108.15220755953159
Node_5,Camera-like Traffic Generator,188,0.35175204080419525,0.06640897576809629,2.8412952074281006,1245.5,153.1101636803456
Node_5,Camera-like Traffic Generator,189,0.33520418015219294,0.09417207129177917,2.899226193123905,1163.8,112.7236542267071
Node_5,Camera-like Traffic Generator,190,0.36108447948386047,0.10267263813322744,2.6698823048649993,1261.5,159.56903765385618
Node_5,Camera-like Traffic Generator,191,0.3654995319289587,0.09151423974171512,2.8023958548534047,1270.6,131.21161872673048
Node_5,Camera-like Traffic Generator,192,0.399715189277222,0.08067396614547757,2.4538154564000836,1211.4,143.07433965133882
Node_5,Camera-like Traffic Generator,193,0.32302213283051046,0.09969252315958575,3.0761674528538663,1311.8,120.1487966370589
Node_5,Camera-like Traffic Generator,194,0.33993009334492086,0.09093844775376761,3.0897249335601202,1286.2,134.12498317282694
Node_5,Camera-like Traffic Generator,195,0.3811763297182004,0.11446470828176457,2.619552323040551,1252.0,168.5632093772409
Node_5,Camera-like Traffic Generator,196,0.30140302638803107,0.0746282471011163,3.2306908909665095,1221.9,114.12804699595587
Node_5,Camera-like Traffic Generator,197,0.34350214244566846,0.09742839272825403,2.8065246826794383,1156.1,136.44815865375392
Node_5,Camera-like Traffic Generator,198,0.3987739453383112,0.0828740536588963,2.5751020342560116,1249.3,176.9030180007616
Node_5,Camera-like Traffic Generator,199,0.3375449028918413,0.09277104935772218,3.0297527646712776,1264.4,149.48221744854246
Node_5,Camera-like Traffic Generator,200,0.37964212704152195,0.09114770885295956,2.5111998438292193,1264.4,147.12443712721554
Node_5,Camera-like Traffic Generator,201,0.35110082551592037,0.07429797970607623,2.7923250075024564,1223.1,118.2393523512559
Node_5,Camera-like Traffic Generator,202,0.34183854599478214,0.09938492756082927,2.8423645174532113,1183.9,108.30250843509273
Node_5,Camera-like Traffic Generator,203,0.33660354880264826,0.08426385677531766,2.9316511621438375,1248.2,151.0870242240838
Node_5,Camera-like Traffic Generator,204,0.353711317983338,0.10188797762414563,2.850367408058064,1303.6,142.21751728328766
Node_5,Camera-like Traffic Generator,205,0.38561271331286096,0.07175276312691155,2.609928604215403,1141.1,151.3402715002777
Node_5,Camera-like Traffic Generator,206,0.33010872702267646,0.0954389796295165,3.1328424574052276,1171.8,126.13291049964363
Node_5,Camera-like Traffic Generator,207,0.32537258399680075,0.09702470559957459,3.1881114664855894,1290.8,157.71267827568235
Node_5,Camera-like Traffic Generator,208,0.33837865847928933,0.08918755961550609,2.919215578065707,1188.1,147.1978638130021
Node_5,Camera-like Traffic Generator,209,0.3626280918454604,0.08997947400345627,2.628112884409026,1151.5,129.94550139706004
Node_5,Camera-like Traffic Generator,210,0.34313500045315604,0.09183853250581818,3.064027268947469,1310.7,141.43946486826874
Node_5,Camera-like Traffic Generator,211,0.3634206150662328,0.08552138854679738,2.868105996325787,1288.2,136.6185281073626
Node_5,Camera-like Traffic Generator,212,0.390127155657809,0.08569213984205046,2.505395588614325,1263.6,104.18594488274852
Node_5,Camera-like Traffic Generator,213,0.3724919734432538,0.07980718798960568,2.77609845210658,1260.4,149.79778962914565
Node_5,Camera-like Traffic Generator,214,0.3154646029044141,0.10175308896956034,3.253536914516971,1259.5,174.35484252268736
Node_5,Camera-like Traffic Generator,215,0.3376403980103598,0.09830811556829336,2.881070761344683,1234.7,176.55030759279663
Node_5,Camera-like Traffic Generator,216,0.3470892800195948,0.07026435732915422,2.993192223706681,1243.9,134.04348382355465
Node_5,Camera-like Traffic Generator,217,0.40879215551951287,0.09898634857475692,2.4910789252796612,1285.7,131.998358575653
Node_5,Camera-like Traffic Generator,218,0.3300461676271541,0.10493110287980616,2.9093933700608594,1247.1,158.63966857140255
Node_5,Camera-like Traffic Generator,219,0.33225704744353984,0.0600848959904917,3.0185801824231167,1246.2,154.49473202094052
Node_5,Camera-like Traffic Generator,220,0.33749666259653827,0.10796232964225998,3.0858664085408587,1241.6,186.08074710846483
Node_5,Camera-like Traffic Generator,221,0.361785594574536,0.09297401351244786,2.787624743273398,1232.6,132.20623619515416
Node_5,Camera-like Traffic Generator,222,0.3195676476026672,0.06727395017107875,3.16112644825386,1333.8,136.70308457870777
Node_5,Camera-like Traffic Generator,223,0.34147013929779313,0.09018432453685474,2.9066941478779733,1182.0,132.3782459469833
Node_5,Camera-like Traffic Generator,224,0.3850405593789469,0.05828426308095592,2.6100611408169283,1312.5,131.2175885906899
Node_5,Camera-like Traffic Generator,225,0.3576975818388794,0.09067925716485625,2.8539853418167027,1340.0,118.28966330345372
Node_5,Camera-like Traffic Generator,226,0.3480213524196265,0.09726505746848582,2.781728565693139,1195.5,132.71879210487782
Node_5,Camera-like Traffic Generator,227,0.3645701315740396,0.07407182025057846,2.714793689663763,1250.0,122.69021513099115
Node_5,Camera-like Traffic Generator,228,0.356932461876887,0.0879627927253766,2.821679387869331,1258.6,126.83252299346918
Node_5,Camera-like Traffic Generator,229,0.4008803666997555,0.08400092643757351,2.5205436471006677,1289.7,108.49173035561537
Node_5,Camera-like Traffic Generator,230,0.365521899843081,0.07949919945443408,2.8256659810567966,1254.9,162.07025225705877
Node_5,Camera-like Traffic Generator,231,0.3729182885334249,0.10018314561735193,2.757168086887499,1187.9,111.06499598583405
Node_5,Camera-like Traffic Generator,232,0.32322292868427294,0.06647042261004427,3.0972512968682118,1222.6,149.8749108052742
Node_5,Camera-like Traffic Generator,233,0.3083699538382433,0.07414341752615328,3.1677049680216927,1271.8,151.9611061350166
Node_5,Camera-like Traffic Generator,234,0.30753781728060686,0.07745211475262428,3.1843036158209443,1190.6,148.48134937126315
Node_5,Camera-like Traffic Generator,235,0.31086673336316967,0.09741828013019821,3.1123419754329547,1270.6,128.7264109997979
Node_5,Camera-like Traffic Generator,236,0.30264963362920494,0.08515400034907139,3.2072893844268555,1233.4,139.22260352878527
Node_5,Camera-like Traffic Generator,237,0.36516660614212326,0.08017809445924827,2.6668384557975773,1230.8,155.1528278827041
Node_5,Camera-like Traffic Generator,238,0.350637226645178,0.09909485161126562,2.776004615424034,1235.8,164.56933695760785
Node_5,Camera-like Traffic Generator,239,0.36940932896012957,0.08908336170153969,2.6893057505386526,1267.7,165.97325755139659
Node_5,Camera-like Traffic Generator,240,0.32078203782600256,0.10256742803674106,3.124055537684184,1331.8,157.76269098448677
Node_5,Camera-like Traffic Generator,241,0.34670271658369073,0.11643468641821939,2.7767505648395927,1196.8,102.08689109446587
Node_5,Camera-like Traffic Generator,242,0.35022865343866033,0.09204087424341907,2.930234421052322,1240.5,169.0695123314668
Node_5,Camera-like Traffic Generator,243,0.3171769156062828,0.05576098756702315,3.1440403107594976,1261.7,91.80298954221965
Node_5,Camera-like Traffic Generator,244,0.3726694526352099,0.08249334105024571,2.632659823193786,1227.7,128.45755892295497
Node_5,Camera-like Traffic Generator,245,0.35769327550355473,0.09351077857681551,2.8735124925093123,1147.0,132.71774561075094
Node_5,Camera-like Traffic Generator,246,0.40217014712208793,0.06196233004773663,2.430321786312274,1297.9,137.82311530041366
Node_5,Camera-like Traffic Generator,247,0.3371478826801825,0.10734205212704492,3.0562983858724375,1203.2,129.1448798830213
Node_5,Camera-like Traffic Generator,248,0.39079669816975515,0.07332088951482561,2.488366197463315,1338.7,108.13474105125616
Node_5,Camera-like Traffic Generator,249,0.34675853552885055,0.05787469270806112,2.853885652386331,1198.2,159.4844471692738
Node_5,Camera-like Traffic Generator,250,0.33226370659153426,0.06418651992664079,3.084843550517424,1211.3,161.43113426817985
Node_5,Camera-like Traffic Generator,251,0.3729259682521786,0.07405113930788937,2.6460936205133705,1225.6,152.0834566209546
Node_5,Camera-like Traffic Generator,252,0.3451273449721218,0.10268661458885307,2.810792912385762,1229.0,144.52758291143675
Node_5,Camera-like Traffic Generator,253,0.29409913236905105,0.06140509737449972,3.463398481149778,1237.3,167.44820094584475
Node_5,Camera-like Traffic Generator,254,0.31793022631168466,0.06624526161808023,3.2664205643636297,1224.7,99.6695094354894
Node_5,Camera-like Traffic Generator,255,0.36124564598388836,0.08287465534423134,2.8527517752463964,1251.4,179.34089203401314
Node_5,Camera-like Traffic Generator,256,0.35945188383099225,0.08925247323538062,2.6972457371380645,1257.4,98.04103449293284
Node_5,Camera-like Traffic Generator,257,0.3828376712598375,0.05917207118151586,2.6338628603879197,1316.4,148.40874487561558
Node_5,Camera-like Traffic Generator,258,0.3707263034473834,0.09965204765387584,2.7047654153264076,1257.1,148.90149614948655
Node_5,Camera-like Traffic Generator,259,0.3514523058038853,0.06983251774955315,2.8002284254446628,1251.9,115.9611524989679
Node_5,Camera-like Traffic Generator,260,0.32945746261239267,0.08006030908798892,2.9796721926180787,1252.7,135.5769973934451
Node_5,Camera-like Traffic Generator,261,0.3584122753071153,0.09974020465262241,2.7209407727693606,1202.6,143.92065715370939
Node_5,Camera-like Traffic Generator,262,0.30993392319237395,0.1007906135970176,3.1390595605219334,1227.1,139.99003932820045
Node_5,Camera-like Traffic Generator,263,0.3577279189786772,0.10088388618468631,2.6703117648137757,1237.5,160.06890877230205
Node_5,Camera-like Traffic Generator,264,0.3987886281195412,0.061975219034580455,2.429776046073433,1179.3,150.8318047804684
Node_5,Camera-like Traffic Generator,265,0.32304553450259105,0.08323040322336685,3.2515492454805397,1235.1,149.15052054142413
Node_5,Camera-like Traffic Generator,266,0.3274524678360534,0.09574475323813679,3.230057444754126,1212.8,115.3938184364021
Node_5,Camera-like Traffic Generator,267,0.32124310041509674,0.08833359276715831,3.1726082594075304,1166.0,82.85462503016285
Node_5,Camera-like Traffic Generator,268,0.3455376556633325,0.08898326118537249,2.873070389874323,1257.9,166.9414068867677
Node_5,Camera-like Traffic Generator,269,0.3843552821121944,0.08486946614010918,2.6403726664585303,1182.2,71.76009414090196
Node_5,Camera-like Traffic Generator,270,0.39096904774166785,0.06297637405395018,2.551743875573614,1217.5,128.7488942778841
Node_5,Camera-like Traffic Generator,271,0.3480493145020047,0.10159645147085283,2.9161252688282318,1241.9,181.0662555223609
Node_5,Camera-like Traffic Generator,272,0.3395234467330238,0.07963370462330023,2.9517216509744357,1273.2,141.8675438569372
Node_5,Camera-like Traffic Generator,273,0.3368723408311689,0.11357792478887624,3.124091084472679,1261.8,158.19383328337705
Node_5,Camera-like Traffic Generator,274,0.33330294152490975,0.05394811263565595,3.019106771130404,1247.1,148.850745528682
Node_5,Camera-like Traffic Generator,275,0.3032869998546527,0.06632238285802114,3.359865687482913,1309.7,145.47550385622392
Node_5,Camera-like Traffic Generator,276,0.30134421411917656,0.08397759477557663,3.244927641929085,1334.9,150.84756838904926
Node_5,Camera-like Traffic Generator,277,0.3849844713169573,0.07549992758488981,2.6421337466232777,1265.1,111.48736849227959
Node_5,Camera-like Traffic Generator,278,0.33103187974983517,0.09198312557619973,2.899810355163269,1306.7,140.15392332083402
Node_5,Camera-like Traffic Generator,279,0.3580849752790062,0.08914069209291746,2.7632313728436224,1268.0,127.86364264759202
Node_5,Camera-like Traffic Generator,280,0.366656386210461,0.10352074870891255,2.8228977847690633,1244.5,125.17565435996109
Node_5,Camera-like Traffic Generator,281,0.33946732728691476,0.1033627115248619,2.8579530917397054,1182.0,192.7848541768777
Node_5,Camera-like Traffic Generator,282,0.33909154205188896,0.08805179224165081,3.0802944672436787,1222.3,126.67197357303979
Node_5,Camera-like Traffic Generator,283,0.3898336561630198,0.08820509076007316,2.5305504435675297,1229.5,167.64728184826353
Node_5,Camera-like Traffic Generator,284,0.3472184376267684,0.07192444554159519,2.945649374507706,1271.1,132.09798551748537
Node_5,Camera-like Traffic Generator,285,0.43743237093861714,0.06133279194201199,2.2881925100402065,1233.5,130.4703031344681
Node_5,Camera-like Traffic Generator,286,0.30654065868367775,0.08644277179740242,3.4578806900567463,1170.0,143.09980976771269
Node_5,Camera-like Traffic Generator,287,0.35186615979909824,0.08666552559445657,2.8896585009849614,1292.3,156.6305277467398
Node_5,Camera-like Traffic Generator,288,0.3822263689239249,0.07875585398939591,2.700482335300448,1250.7,181.3652239114336
Node_5,Camera-like Traffic Generator,289,0.37429968329277263,0.09697669484869066,2.7301313451383877,1265.6,159.84867844308252
Node_5,Camera-like Traffic Generator,290,0.3514063737450729,0.08805901107875241,2.9219249026576293,1200.9,146.51541443365835
Node_5,Camera-like Traffic Generator,291,0.36694292281738206,0.10258778277018675,2.7686508941647823,1239.5,150.94240991554068
Node_5,Camera-like Traffic Generator,292,0.3227941694519646,0.08899346111397376,3.240459012353187,1243.6,163.77708427412344
Node_5,Camera-like Traffic Generator,293,0.38240601806207186,0.06447471170479076,2.663119946027075,1325.1,142.06293597479174
Node_5,Camera-like Traffic Generator,294,0.33470480715130185,0.09665452203141883,3.1392692805326265,1188.7,132.4034658828
Node_5,Camera-like Traffic Generator,295,0.3917285113412547,0.08109714151514373,2.527287076748976,1241.3,127.88801524945347
Node_5,Camera-like Traffic Generator,296,0.32724062340111504,0.10060435939775489,3.1828007349126515,1284.9,178.90683484863163
Node_5,Camera-like Traffic Generator,297,0.37359529093426375,0.10522703449963361,2.722690953730686,1232.6,140.2364669644336
Node_5,Camera-like Traffic Generator,298,0.386558980524375,0.10944715909880831,2.6577259986514346,1153.6,150.74201655661753
Node_5,Camera-like Traffic Generator,299,0.39057861945992434,0.06310315701693545,2.4655862833880176,1250.4,155.42929796748962
Node_5,Camera-like Traffic Generator,300,0.3635859570783457,0.07397674062583061,2.72154705725361,1233.6,149.6701558613325
Node_5,Camera-like Traffic Generator,301,0.2864370737628609,0.06097124046034304,3.6124471436100962,1256.6,176.28524864233222
Node_5,Camera-like Traffic Generator,302,0.33641222353243805,0.060973039874469184,2.9702971432320306,1211.9,174.0628558244917
Node_5,Camera-like Traffic Generator,303,0.28742923736731024,0.0836577688715617,3.3665308743710343,1274.4,107.6116474489015
Node_5,Camera-like Traffic Generator,304,0.3602528122206212,0.09282456415560716,2.7109712050246446,1209.9,135.5306033501085
Node_5,Camera-like Traffic Generator,305,0.3677324361854633,0.06561821360035841,2.766333793894229,1239.5,165.351645491258
Node_5,Camera-like Traffic Generator,306,0.3101552811119173,0.06509949927640625,3.2425013085358763,1229.7,117.70495127884618
Node_5,Camera-like Traffic Generator,307,0.3027905495934615,0.08655013259219732,3.350095789799554,1229.0,148.76827618817126
Node_5,Camera-like Traffic Generator,308,0.32988460342208875,0.08453309744761751,3.012468668911313,1190.5,130.56820269711747
Node_5,Camera-like Traffic Generator,309,0.3345051459008516,0.09622171994144785,3.0530597846864507,1219.6,123.60888137814192
Node_5,Camera-like Traffic Generator,310,0.31683591837885594,0.09403559054900772,3.038538017126156,1197.0,138.24133487009834
Node_5,Camera-like Traffic Generator,311,0.3337157190927,0.09848623392555374,2.9116994644789087,1201.3,136.18210846754675
Node_5,Camera-like Traffic Generator,312,0.39059879855337626,0.09767559422383312,2.6308113024418414,1326.3,163.31772034221447
Node_5,Camera-like Traffic Generator,313,0.36272102693433694,0.07662071189889273,2.722763319138648,1275.8,163.7734207169568
Node_5,Camera-like Traffic Generator,314,0.3622657462195237,0.07996770633582523,2.659001381704053,1192.6,118.15263198272159
Node_5,Camera-like Traffic Generator,315,0.3897458847921729,0.08296984982262672,2.5640975718648784,1211.6,142.26048096518036
Node_5,Camera-like Traffic Generator,316,0.3103988786522919,0.07190956553367982,3.1253583011469317,1284.2,182.44987134979175
Node_5,Camera-like Traffic Generator,317,0.36137796595854377,0.08805875462046704,2.8391615931645022,1228.1,123.59831893858608
Node_5,Camera-like Traffic Generator,318,0.33230135014079254,0.10977812401205557,3.0695633383976397,1196.7,73.30158403624182
Node_5,Camera-like Traffic Generator,319,0.3927187034235947,0.07979023603938103,2.4964166278275584,1279.3,161.31614922257475
Node_5,Camera-like Traffic Generator,320,0.36263773443176733,0.09018453278344105,2.855504915839888,1262.7,116.00387924548042
Node_5,Camera-like Traffic Generator,321,0.36265767986107955,0.0816637551170408,2.804804392239628,1233.6,173.60440342597562
Node_5,Camera-like Traffic Generator,322,0.365072375701711,0.07860227447017884,2.7596915261216424,1272.1,147.3781606012988
Node_5,Camera-like Traffic Generator,323,0.35004733850447495,0.08170164899450146,2.8602488680966878,1246.8,148.6276480934075
Node_5,Camera-like Traffic Generator,324,0.3590369526197893,0.10923651589639921,2.910331033866413,1278.3,136.9858467952884
Node_5,Camera-like Traffic Generator,325,0.3447193548677373,0.10837855019596108,2.784055265147822,1208.4,196.7594131589812
Node_5,Camera-like Traffic Generator,326,0.3616366821512054,0.1030711575989303,2.877104628742774,1266.6,136.74323058605538
Node_5,Camera-like Traffic Generator,327,0.42268225399811116,0.050024746012199035,2.3210131118326798,1273.8,152.12261136625577
Node_5,Camera-like Traffic Generator,328,0.3023630763343462,0.10059101163172117,3.289524522274723,1161.8,99.33646527501033
Node_5,Camera-like Traffic Generator,329,0.3260708531488211,0.09610635548237306,3.167351937468533,1359.0,143.36356270374668
Node_5,Camera-like Traffic Generator,330,0.35556522509612276,0.0881395105061282,2.909604858266632,1260.7,165.772300326549
Node_5,Camera-like Traffic Generator,331,0.3270605422955818,0.07592111876344008,3.0615022278432154,1192.0,133.7643034927065
Node_5,Camera-like Traffic Generator,332,0.3336027679255065,0.08331731989611488,3.065504056756355,1229.5,140.19133750382406
Node_5,Camera-like Traffic Generator,333,0.37069745093136375,0.08530123044659035,2.5697820582600626,1335.1,113.40042132000902
Node_5,Camera-like Traffic Generator,334,0.3219805364034827,0.09503356743136353,3.1218080729475783,1221.9,133.0767948717331
Node_5,Camera-like Traffic Generator,335,0.3594981359422897,0.09331414767097736,2.8578943780896116,1304.7,162.5580580045856
Node_5,Camera-like Traffic Generator,336,0.3678386676826129,0.10163030567617201,2.7598334984090767,1341.3,138.49833532894496
Node_5,Camera-like Traffic Generator,337,0.3132487210622183,0.07291768293953137,3.273340153259837,1274.4,102.34060777619018
Node_5,Camera-like Traffic Generator,338,0.3570948469944276,0.08938791488350155,2.8433798609280103,1192.5,138.01871853725737
Node_5,Camera-like Traffic Generator,339,0.34371974640040215,0.09381045068270345,2.8390477055620056,1228.4,193.694604984238
Node_5,Camera-like Traffic Generator,340,0.38529226449545806,0.08456476689254576,2.5941815012356515,1257.4,112.4990864160436
Node_5,Camera-like Traffic Generator,341,0.3311482562878665,0.09774705443140953,3.069753130376205,1255.6,142.66760124304483
Node_5,Camera-like Traffic Generator,342,0.33762620006724453,0.09348293411306301,3.0042835645649184,1216.0,150.08145936272223
Node_5,Camera-like Traffic Generator,343,0.29530701797419145,0.10013185935754546,3.2728727490167198,1217.6,127.18420586779722
Node_5,Camera-like Traffic Generator,344,0.3009747070099043,0.10237729576324349,3.3079374126850496,1214.1,148.62514367809146
Node_5,Camera-like Traffic Generator,345,0.3640263317289871,0.07331409541479117,2.7261972898549556,1193.5,152.94098353431772
Node_5,Camera-like Traffic Generator,346,0.3576821074574475,0.07139476448096486,2.8384117688169916,1291.8,112.07616457867688
Node_5,Camera-like Traffic Generator,347,0.31658353178355725,0.08253327102774011,3.163443639627833,1295.6,155.04708962118573
Node_5,Camera-like Traffic Generator,348,0.3876868786442427,0.08464500626159499,2.465069926329415,1236.2,153.46284385623918
Node_5,Camera-like Traffic Generator,349,0.4270693656314199,0.037829623187579396,2.3056611195039407,1273.9,146.83963285767837
Node_5,Camera-like Traffic Generator,350,0.3609337319234749,0.0756605777106907,2.6993743430103634,1234.7,184.93785743084382
Node_5,Camera-like Traffic Generator,351,0.38938251673083096,0.05611369125808084,2.5491168825161297,1233.0,112.23685273167237
Node_5,Camera-like Traffic Generator,352,0.3680010508478774,0.08482886757384797,2.7020189340337444,1149.2,135.394731556783
Node_5,Camera-like Traffic Generator,353,0.3454443697672275,0.08328082492260593,3.0445501006632902,1234.8,135.76106461967166
Node_5,Camera-like Traffic Generator,354,0.3763439632558788,0.08806464397102731,2.669079303054458,1224.7,140.7519883419848
Node_5,Camera-like Traffic Generator,355,0.3847987953288455,0.09014241742889215,2.6856263044253654,1252.7,116.16563844595163
Node_5,Camera-like Traffic Generator,356,0.34269859992655183,0.09559437705241754,2.921986500036247,1309.4,127.48350655847385
Node_5,Camera-like Traffic Generator,357,0.3227332040755114,0.08023698896718831,3.0222766229055984,1159.7,123.74530294116218
Node_5,Camera-like Traffic Generator,358,0.39698616503609674,0.08482872910517973,2.5827373969006344,1207.1,168.874345134021
Node_5,Camera-like Traffic Generator,359,0.4012334866941347,0.056246171090158587,2.462233060426313,1285.9,157.125887251097
Node_5,Camera-like Traffic Generator,360,0.37764501936492945,0.07718018624609,2.6459848210323322,1297.4,126.23452600440007
Node_5,Camera-like Traffic Generator,361,0.3429597690553205,0.10315110960767125,2.923038024712541,1193.7,168.43597530746743
Node_5,Camera-like Traffic Generator,362,0.35851719635468526,0.07283952852709524,2.9146852925086284,1201.9,100.18588279349098
Node_5,Camera-like Traffic Generator,363,0.4139950050518359,0.0997099882354489,2.465063566428211,1282.5,136.98763123403188
Node_5,Camera-like Traffic Generator,364,0.37477194602692737,0.059266335748505455,2.6982868133291817,1223.5,163.55104537863537
Node_5,Camera-like Traffic Generator,365,0.3128969456791705,0.08787793621892172,3.250017893392232,1224.1,133.55768624663858
Node_5,Camera-like Traffic Generator,366,0.33785228456343364,0.074213971752147,3.080019844520078,1259.0,159.99513881504166
Node_5,Camera-like Traffic Generator,367,0.33239827041457626,0.09511682670078639,3.133023587038699,1190.5,160.36157062505134
Node_5,Camera-like Traffic Generator,368,0.35582625831557435,0.08644788049632716,2.932534949325685,1278.4,164.0888648128067
Node_5,Camera-like Traffic Generator,369,0.36160255127871216,0.06746989611568305,2.755166451996415,1287.9,158.18515873635064
Node_5,Camera-like Traffic Generator,370,0.332529959732068,0.11072052038888255,2.9184611269676246,1248.2,171.4200818003668
Node_5,Camera-like Traffic Generator,371,0.38950424604409156,0.09111499171919417,2.5313879048541312,1300.2,141.0049644516107
Node_5,Camera-like Traffic Generator,372,0.38400146908715704,0.10236445607136217,2.5216239841237362,1277.8,137.84113238717165
Node_5,Camera-like Traffic Generator,373,0.3834881598692641,0.09205344249211783,2.61956945505449,1185.8,134.52368647276293
Node_5,Camera-like Traffic Generator,374,0.29118987118212936,0.09391621452267923,3.377519612661717,1307.5,153.2095514864092
Node_5,Camera-like Traffic Generator,375,0.30469303051578817,0.06930222061002181,3.3479854312792,1210.5,145.59475723161646
Node_5,Camera-like Traffic Generator,376,0.35711375261290074,0.09476659625511698,2.6751282394984925,1262.7,153.55060693103394
Node_5,Camera-like Traffic Generator,377,0.39339167574160555,0.08252239637674459,2.561824086205277,1206.1,126.5512193189426
Node_5,Camera-like Traffic Generator,378,0.3262051824654766,0.07853901835984002,3.20495792250561,1182.2,126.46545422015892
Node_5,Camera-like Traffic Generator,379,0.34948439652993457,0.10763876766658478,2.8380946267114995,1242.1,199.96858086542827
Node_5,Camera-like Traffic Generator,380,0.37511666413498734,0.09043657326357217,2.6612746040889474,1224.1,131.09152866943344
Node_5,Camera-like Traffic Generator,381,0.2986460716871949,0.07972596349052727,3.250692103503011,1205.7,163.32452357193637
Node_5,Camera-like Traffic Generator,382,0.3348279460083935,0.10461916770501134,3.029838610718388,1237.9,157.3576605486156
Node_5,Camera-like Traffic Generator,383,0.3455336886603068,0.0960722391779316,2.7940981313654225,1264.1,122.73046348265237
Node_5,Camera-like Traffic Generator,384,0.35371431300382356,0.10809242446919015,2.945487856844615,1161.7,175.70685814731308
Node_5,Camera-like Traffic Generator,385,0.36696135855285006,0.07083453798311684,2.6203392808090955,1260.6,129.1417825492586
Node_5,Camera-like Traffic Generator,386,0.31845313529817865,0.07059040684173185,3.114691689483887,1240.5,122.09490843874967
Node_5,Camera-like Traffic Generator,387,0.3933835575813482,0.07179265418092767,2.564933026305692,1207.9,140.04638120597366
Node_5,Camera-like Traffic Generator,388,0.3347114999595244,0.10688899378300631,3.036487292317363,1334.1,120.04392714520984
Node_5,Camera-like Traffic Generator,389,0.3606219633782498,0.10756726836776638,2.8054096820813794,1318.8,124.9833766724377
Node_5,Camera-like Traffic Generator,390,0.33657958318593945,0.10105337067079397,2.985370713168036,1285.1,144.8519934277744
Node_5,Camera-like Traffic Generator,391,0.3304800257306221,0.06153581350283863,3.0073575277306537,1268.1,158.54438565342582
Node_5,Camera-like Traffic Generator,392,0.34834795349798775,0.08660434444876777,2.962146835902752,1282.4,134.39841268903936
Node_5,Camera-like Traffic Generator,393,0.36035007044637407,0.07231764279180332,2.670819053838693,1227.7,117.02236253525791
Node_5,Camera-like Traffic Generator,394,0.34411544577425957,0.0497118778069743,2.9414356105085107,1242.9,155.66663097786886
Node_5,Camera-like Traffic Generator,395,0.37915998430996545,0.07537874926538446,2.6451100027614274,1198.1,186.6889570024608
Node_5,Camera-like Traffic Generator,396,0.32748577161611486,0.11523063137589575,2.9332764992345783,1250.5,174.410913267108
Node_5,Camera-like Traffic Generator,397,0.4016318997368276,0.07117235148311488,2.3933974861314744,1230.6,113.66930593221335
Node_5,Camera-like Traffic Generator,398,0.39016089071293375,0.07986325701621652,2.597178095651503,1230.4,157.92558022337258
Node_5,Camera-like Traffic Generator,399,0.3345621858840751,0.07029196555578614,2.9371716644273027,1240.8,110.963257182026
Node_5,Camera-like Traffic Generator,400,0.3434864328105724,0.10116261928670944,2.919379038496704,1317.7,163.16321072267894
Node_5,Camera-like Traffic Generator,401,0.3197943318930705,0.07396501984056997,3.0365122746632895,1228.7,140.38205804953216
Node_5,Camera-like Traffic Generator,402,0.36606531076414417,0.10472707383649701,2.757493257755069,1295.0,120.87826750725523
Node_5,Camera-like Traffic Generator,403,0.3891452346660598,0.0943255324362093,2.6377224684879086,1211.9,91.02923828211583
Node_5,Camera-like Traffic Generator,404,0.3006831527452642,0.0721634623337845,3.251927133406265,1313.2,161.90312604215592
Node_5,Camera-like Traffic Generator,405,0.29763473341150715,0.08073105279778339,3.4183646931227702,1316.6,192.87485868072883
Node_5,Camera-like Traffic Generator,406,0.3774934909484402,0.09179472611225445,2.636296703644692,1272.4,154.90441497187155
Node_5,Camera-like Traffic Generator,407,0.32891741255491613,0.0779181998407011,3.1060231584963294,1281.7,148.4759988086365
Node_5,Camera-like Traffic Generator,408,0.38284036265288457,0.08881376524729714,2.691381743585115,1222.8,164.18539656267984
Node_5,Camera-like Traffic Generator,409,0.38597321122927203,0.10556979798141529,2.4747568096155947,1276.6,121.66182638773758
Node_5,Camera-like Traffic Generator,410,0.3227582377493387,0.08974239720750564,3.022492294049956,1305.1,154.87876979538976
Node_5,Camera-like Traffic Generator,411,0.3646920438730786,0.10673696471875008,2.8583937887678124,1249.9,143.10714711556358
Node_5,Camera-like Traffic Generator,412,0.35830081889248555,0.09752426583095182,2.6762457010359837,1236.0,112.84404183552527
Node_5,Camera-like Traffic Generator,413,0.36639803646279,0.08730504540732217,2.8205421819649215,1320.5,93.07255234493142
Node_5,Camera-like Traffic Generator,414,0.3652491857509393,0.09093211497697286,2.850891969029812,1288.3,170.47844438520667
Node_5,Camera-like Traffic Generator,415,0.3101846874383708,0.08502170074195642,3.252634582648362,1278.3,161.83259526093278
Node_5,Camera-like Traffic Generator,416,0.31826771878026683,0.09551726468013282,3.0310760490147466,1208.7,175.72646041188244
Node_5,Camera-like Traffic Generator,417,0.3369248589488607,0.07812646898417804,2.8916189040469984,1247.0,159.63708842245902
Node_5,Camera-like Traffic Generator,418,0.3851070836925393,0.11441862818543146,2.6814937474805154,1220.6,146.1538002698983
Node_5,Camera-like Traffic Generator,419,0.34841717332001715,0.09810842560794665,2.853233038441413,1339.1,138.5580103141721
Node_5,Camera-like Traffic Generator,420,0.28564604646892067,0.05227940315593183,3.4940586113617003,1256.8,69.30736693246332
Node_5,Camera-like Traffic Generator,421,0.31924638127439575,0.08029866931978977,3.3049936445713013,1252.3,123.54041174179943
Node_5,Camera-like Traffic Generator,422,0.4075293212025254,0.06924238851316557,2.455775204324978,1328.3,158.88503880339255
Node_5,Camera-like Traffic Generator,423,0.3071417508916471,0.08638605603936295,3.1733898496979425,1189.6,103.7584802424468
Node_5,Camera-like Traffic Generator,424,0.3370137112823824,0.0960252779340312,2.9733599531047887,1262.1,157.52421330632882
Node_5,Camera-like Traffic Generator,425,0.3217112880915799,0.0895811092256254,3.0209306989491607,1288.6,182.63454705443266
Node_5,Camera-like Traffic Generator,426,0.333879346223066,0.09132036818329647,3.0451849626380207,1302.0,185.78841011573712
Node_5,Camera-like Traffic Generator,427,0.34247760931043125,0.10889347878485445,2.808109899574935,1245.4,162.32902116107
Node_5,Camera-like Traffic Generator,428,0.3925848047683914,0.08339758332937172,2.5957622439078114,1235.1,139.01754485595612
Node_5,Camera-like Traffic Generator,429,0.3870971559187525,0.06387667865867745,2.5882792743927014,1212.5,151.42746705197766
Node_5,Camera-like Traffic Generator,430,0.3723412261034155,0.08970637919995003,2.6770685101921625,1232.0,146.60604807897025
Node_5,Camera-like Traffic Generator,431,0.3385857966139776,0.06537780988114278,2.9176829880993096,1252.7,163.62154843146766
Node_5,Camera-like Traffic Generator,432,0.3840493748997201,0.10065609834896261,2.689718896220538,1248.9,173.77856280015925
Node_5,Camera-like Traffic Generator,433,0.3427889896005376,0.11467365056819662,2.797041446863217,1265.1,163.04086059090284
Node_5,Camera-like Traffic Generator,434,0.41067426657239786,0.0860924051602326,2.435397835304218,1275.2,117.98568651417942
Node_5,Camera-like Traffic Generator,435,0.4336167835897912,0.058705063307520865,2.3279041902116053,1212.5,146.59107900702705
Node_5,Camera-like Traffic Generator,436,0.3285171229860585,0.08746817506073873,3.046971375471446,1267.4,171.35097185471565
Node_5,Camera-like Traffic Generator,437,0.32205382522137854,0.10829936297274681,3.0449962010851848,1145.0,97.60236791298776
Node_5,Camera-like Traffic Generator,438,0.3604645014060973,0.10478079251440692,2.8657902876180086,1232.4,161.31074221996363
Node_5,Camera-like Traffic Generator,439,0.3603704451437486,0.0852998710938404,2.778245068475091,1268.5,188.84988159323208
Node_5,Camera-like Traffic Generator,440,0.3182316357181961,0.09180611446267214,3.141879743126396,1227.6,111.65243690429094
Node_5,Camera-like Traffic Generator,441,0.32282328892280243,0.08446373786948154,3.1507880644101345,1249.3,171.39496297538426
Node_5,Camera-like Traffic Generator,442,0.36481585831574637,0.10106796145322124,2.8281973361510535,1260.9,138.13717015263407
Node_5,Camera-like Traffic Generator,443,0.3259286252407451,0.07871975151965536,3.171021365192151,1302.1,163.4975025293455
Node_5,Camera-like Traffic Generator,444,0.31528085838127573,0.09230812467325682,3.083830591434208,1246.0,150.99668870541498
Node_5,Camera-like Traffic Generator,445,0.3400486878401937,0.08347496737600699,2.8371943389400625,1300.8,132.97351448899724
Node_5,Camera-like Traffic Generator,446,0.3755202697881999,0.09479659338531349,2.638075683339947,1294.6,146.14695800232496
Node_5,Camera-like Traffic Generator,447,0.35002541601195314,0.12946327107423672,2.727364950244128,1258.1,181.93860380786577
Node_5,Camera-like Traffic Generator,448,0.3596160050860747,0.08442794883518277,2.8946422571633867,1307.5,153.9742041887392
Node_5,Camera-like Traffic Generator,449,0.402069831281206,0.07160135413077662,2.4266484178504175,1193.4,121.32527445764227
Node_5,Camera-like Traffic Generator,450,0.3418523910827277,0.10791317764597336,2.8560091349662926,1317.1,179.43767101079354
Node_5,Camera-like Traffic Generator,451,0.37896942767150493,0.12020535177622195,2.727201649276638,1260.9,147.41886657487984
Node_5,Camera-like Traffic Generator,452,0.3254761615347641,0.07602275661692662,2.9580083081572996,1241.1,164.8254632431935
Node_5,Camera-like Traffic Generator,453,0.3887890265304025,0.089054912180806,2.510633023432013,1235.8,130.52611488382954
Node_5,Camera-like Traffic Generator,454,0.3649488049690637,0.09072478993007921,2.632298988004585,1272.8,122.47521291174708
Node_5,Camera-like Traffic Generator,455,0.40144569281149484,0.07679204393177431,2.4680894931058193,1254.1,175.66726755115445
Node_5,Camera-like Traffic Generator,456,0.37072874375144266,0.08074387678367889,2.7217063393929823,1358.9,120.76556720449013
Node_5,Camera-like Traffic Generator,457,0.34131887737314637,0.11182674806510087,2.8540819452525192,1238.9,128.36618627106506
Node_5,Camera-like Traffic Generator,458,0.39918153016743585,0.0794497580782056,2.54224090962965,1165.0,120.66390420410644
Node_5,Camera-like Traffic Generator,459,0.3634110092023173,0.06865792268287674,2.7628043195401406,1156.4,149.61075421833075
Node_5,Camera-like Traffic Generator,460,0.38178696901808234,0.08483297144208968,2.63116808056152,1205.2,143.7619946686575
Node_5,Camera-like Traffic Generator,461,0.38702759210242893,0.06778339239229564,2.62729056579166,1276.5,160.05710786396764
Node_5,Camera-like Traffic Generator,462,0.3524238926549557,0.088229317639867,2.901683828145512,1162.3,140.00638874311733
Node_5,Camera-like Traffic Generator,463,0.35545332396436047,0.09159961460275494,2.9280500285353197,1278.7,150.44456343340116
Node_5,Camera-like Traffic Generator,464,0.32354832373107023,0.07825122246638891,3.0301007864607037,1233.1,127.58130305373467
Node_5,Camera-like Traffic Generator,465,0.3702757332257254,0.0854537787654842,2.597844061146854,1284.6,152.31269006735963
Node_5,Camera-like Traffic Generator,466,0.3638255035560347,0.054760356053447944,2.8092155480404575,1209.2,175.70353819241473
Node_5,Camera-like Traffic Generator,467,0.3615699774609965,0.08666501691083985,2.6438493013982125,1326.7,151.44199476293812
Node_5,Camera-like Traffic Generator,468,0.33370597923501305,0.10151059707656233,2.9415815674391923,1226.9,172.9704213634998
Node_5,Camera-like Traffic Generator,469,0.37428343285585547,0.09491634491759494,2.71030105990249,1255.5,166.95391912474264
Node_5,Camera-like Traffic Generator,470,0.3139169629373289,0.0845742293814871,3.1405095360085444,1213.3,170.90026331167545
Node_5,Camera-like Traffic Generator,471,0.33308037123482837,0.08291149551520895,3.0690807340449036,1184.9,105.05707443522729
Node_5,Camera-like Traffic Generator,472,0.3258967384703625,0.08055326968979538,2.9647008533773502,1313.6,151.6774355151235
Node_5,Camera-like Traffic Generator,473,0.33305422444740695,0.08695069388520085,3.071103009980892,1219.3,164.749001008605
Node_5,Camera-like Traffic Generator,474,0.3442636336932128,0.07657709612442559,2.889498264749618,1280.1,102.87689514927808
Node_5,Camera-like Traffic Generator,475,0.32283972787262283,0.08021692340373564,3.150270491828144,1211.5,117.23409629170744
Node_5,Camera-like Traffic Generator,476,0.3289946491124867,0.07728711021449831,3.1604672177398347,1248.3,156.830446307115
Node_5,Camera-like Traffic Generator,477,0.32669650527033106,0.09201267613450811,3.0601542933317316,1178.7,114.46013376814751
Node_5,Camera-like Traffic Generator,478,0.2960738710244647,0.05978387994578905,3.4734163227494355,1194.6,86.89227046559819
Node_5,Camera-like Traffic Generator,479,0.3914233772707034,0.08531105794017671,2.6017184503821382,1277.4,136.47726713429034
Node_5,Camera-like Traffic Generator,480,0.3770768105961661,0.058421265201238505,2.6550834852042327,1181.4,144.28613547007518
Node_5,Camera-like Traffic Generator,481,0.3833331999352438,0.0991814364845535,2.6343157178382954,1287.1,148.7574087790812
Node_5,Camera-like Traffic Generator,482,0.2990691784955556,0.07885174530995462,3.332982495239897,1242.8,153.40563512755617
Node_5,Camera-like Traffic Generator,483,0.36879576369736544,0.10574768170946564,2.586398727170963,1205.3,147.0570939767575
Node_5,Camera-like Traffic Generator,484,0.3539948612044929,0.09593403843769618,2.8410441611619133,1174.3,146.7356277270263
Node_5,Camera-like Traffic Generator,485,0.35618774269714704,0.07498458419728224,2.7378265371864403,1222.5,146.93403659843798
Node_5,Camera-like Traffic Generator,486,0.36440394205860605,0.07619316820338332,2.7849244613486834,1190.9,156.88527301467428
Node_5,Camera-like Traffic Generator,487,0.3129255228505461,0.09418105427533469,3.1923141307980862,1220.2,145.60204516268155
Node_5,Camera-like Traffic Generator,488,0.32985005407879053,0.09391811265457742,2.9352690962844203,1221.7,138.8532798796389
Node_5,Camera-like Traffic Generator,489,0.34355279075118555,0.10176794410634883,2.989030191462388,1231.2,164.24764500256583
Node_5,Camera-like Traffic Generator,490,0.3905004900487235,0.10330883862402275,2.5491803473124093,1300.3,117.88982615608147
Node_5,Camera-like Traffic Generator,491,0.3329013330818773,0.052755146106888945,3.0139372356573015,1332.7,135.29395978962089
Node_5,Camera-like Traffic Generator,492,0.3292608441878666,0.09839719915436931,2.961846648547209,1245.1,157.22344326184663
Node_5,Camera-like Traffic Generator,493,0.3745407183807184,0.09465053551401872,2.7678602459056574,1221.6,140.29508584092
Node_5,Camera-like Traffic Generator,494,0.3390295453178325,0.08126757076092633,2.861703162467575,1173.5,125.57888180564261
Node_5,Camera-like Traffic Generator,495,0.3558432590013466,0.0854906476548572,2.714825661638253,1259.7,135.20030407592367
Node_5,Camera-like Traffic Generator,496,0.35771343656444066,0.0891274967782189,2.7886175465418694,1225.3,136.59677074432534
Node_5,Camera-like Traffic Generator,497,0.32658327937412934,0.09555561180940335,3.1375797271741077,1199.7,111.41120031467014
Node_5,Camera-like Traffic Generator,498,0.34213022991896447,0.08879206668587207,2.996240741975371,1248.3,126.59388259750591
Node_5,Camera-like Traffic Generator,499,0.3173634256973185,0.07898401686898181,3.1199770921518777,1261.2,154.0200564140196
Node_5,Camera-like Traffic Generator,500,0.28901924015091257,0.08405568176747286,3.3696220419470455,1270.0,133.8514931639622
Node_5,Camera-like Traffic Generator,501,0.3804183702265724,0.08629369046879853,2.612533264540014,1218.0,82.50117844276193
Node_5,Camera-like Traffic Generator,502,0.3477576627978962,0.07891701017503887,2.8507547715520416,1179.7,172.35496318160764
Node_5,Camera-like Traffic Generator,503,0.35270930113165083,0.06860066469332983,2.7590388269813317,1294.7,114.15296754793543
Node_5,Camera-like Traffic Generator,504,0.2987198638504322,0.0800531558566447,3.299785643041456,1200.7,133.4191806966966
Node_5,Camera-like Traffic Generator,505,0.3491747261995826,0.08823630933765844,2.8031258009316122,1267.2,135.28800554537142
Node_5,Camera-like Traffic Generator,506,0.3646324050254204,0.10432104287724146,2.664154447673022,1286.8,132.82553302065918
Node_5,Camera-like Traffic Generator,507,0.34326097779334047,0.08650365948205715,2.8908093520985814,1216.6,161.12603762272565
Node_5,Camera-like Traffic Generator,508,0.3662401658391017,0.0936753105342063,2.8076216167253043,1334.9,123.36796810986048
Node_5,Camera-like Traffic Generator,509,0.3568684418513007,0.0892796580100148,2.7318458925373013,1227.4,138.53375040039882
Node_5,Camera-like Traffic Generator,510,0.37816711333761893,0.06332775993089271,2.66965464509074,1228.5,112.70438224744315
Node_5,Camera-like Traffic Generator,511,0.38340758165792976,0.08390731588412038,2.643267341377183,1234.4,126.67385944490152
Node_5,Camera-like Traffic Generator,512,0.34508579234966463,0.06994006718832729,2.9018696348698167,1275.9,110.37355762238626
Node_5,Camera-like Traffic Generator,513,0.3353662534680316,0.10554691797316394,3.152927399602878,1211.0,173.00353239810516
Node_5,Camera-like Traffic Generator,514,0.37680316040269834,0.07395899173298989,2.729330425153726,1214.9,136.98454900705653
Node_3,Smart Plug,1,1.0404610437939645,0.18283060924225278,0.9439326158423662,81.4,8.044321668799123
Node_3,Smart Plug,2,1.2090144244867251,0.1764994328675298,0.8430420424663381,70.5,9.969397619158787
Node_3,Smart Plug,3,1.2341955831626117,0.15719201241170203,0.8087030528301112,82.7,8.097324661063471
Node_3,Smart Plug,4,1.129973269090038,0.25272230509381516,0.8667478927691492,76.9,7.046669820245273
Node_3,Smart Plug,5,1.1748443294018984,0.17670707985935907,0.8244825835088129,83.2,11.612254063894936
Node_3,Smart Plug,6,1.0451814803736785,0.16902529779395048,0.9665974311325017,76.7,8.994442728707543
Node_3,Smart Plug,7,0.9874775000609877,0.21473386819246254,1.0598934602959051,79.5,10.606601717798213
Node_3,Smart Plug,8,1.1933941052024182,0.2162862797459546,0.8621517142913772,79.4,10.426462061078587
Node_3,Smart Plug,9,1.1031300969048654,0.22050097175589506,0.9056654390437019,78.3,9.787179823058779
Node_3,Smart Plug,10,1.196112524961136,0.20917612359726748,0.8181457550498425,79.5,9.50146187582615
Node_3,Smart Plug,11,1.0873348186081302,0.1686101137539087,0.9008226165034524,79.9,9.562077877393246
Node_3,Smart Plug,12,1.165686057130915,0.17289695225364307,0.8427584773091167,78.4,11.86217143322044
Node_3,Smart Plug,13,1.1261077689194599,0.24268663532126325,0.8656080354581523,78.8,11.94245461461848
Node_3,Smart Plug,14,1.057648512727852,0.19609234577559717,0.9768011685940218,75.2,12.985461956442759
Node_3,Smart Plug,15,1.2227823075141717,0.2343435046318957,0.8015191513641862,81.1,13.152524050116346
Node_3,Smart Plug,16,1.2205148157824806,0.2704567543365488,0.8179793725493014,80.8,7.842901957254796
Node_3,Smart Plug,17,1.1715623695633834,0.26163595592019406,0.825020679997442,81.2,11.96104789166345
Node_3,Smart Plug,18,1.1585122370575118,0.1581304137412841,0.8456114725912086,84.4,14.182931839205727
Node_3,Smart Plug,19,1.1422151391525042,0.22821084399955308,0.901718078554065,78.2,8.766096305907462
Node_3,Smart Plug,20,1.04435163741537,0.10879555545608495,0.9767138708634299,76.6,10.38374798530002
Node_3,Smart Plug,21,1.0955887364196553,0.2128375040760149,0.9133963978715646,85.8,8.50881895447306
Node_3,Smart Plug,22,1.1785597031033828,0.20596781184024915,0.8449102121691339,77.4,10.178408519999577
Node_3,Smart Plug,23,1.0843031405568038,0.1588552257787715,0.9446376138916617,77.9,11.94850060328352
Node_3,Smart Plug,24,1.1299670608740167,0.26375563799853036,0.8833712658165354,77.1,11.464437767868658
Node_3,Smart Plug,25,1.1018948358060492,0.19193014833001812,0.929420729779429,79.8,13.053735097664575
Node_3,Smart Plug,26,1.1115316466537757,0.1455686003432114,0.8996468873481792,82.0,10.241527663824812
Node_3,Smart Plug,27,1.1405599131872513,0.1684445082490666,0.89891800924749,73.6,12.276445377677982
Node_3,Smart Plug,28,1.1172533710075545,0.18664899568796006,0.8833534240374227,81.4,11.423173328322079
Node_3,Smart Plug,29,1.098865555042275,0.21177630939767292,0.8863577924571996,79.8,12.830519171967369
Node_3,Smart Plug,30,1.2653166237607263,0.11300065020227432,0.7957412494115202,76.8,14.109098719148104
Node_3,Smart Plug,31,1.1287952046549634,0.2128802093696718,0.8763836096792198,73.6,11.95547294477861
Node_3,Smart Plug,32,1.117140989827642,0.2544790368894836,0.8702366415386472,81.8,12.372011423639515
Node_3,Smart Plug,33,1.116865799951446,0.18082212041935913,0.914729920304944,82.3,10.55198770111321
Node_3,Smart Plug,34,1.0935917297458224,0.17011885776581134,0.8921752935427597,75.3,11.005554153345583
Node_3,Smart Plug,35,1.238746113074715,0.10765593067265833,0.8065720450154781,72.2,10.432854089099706
Node_3,Smart Plug,36,1.1453529416323511,0.23356996064477464,0.8487429177066775,79.5,15.342388630486743
Node_3,Smart Plug,37,1.0958604690953033,0.16594461332755203,0.8919173366521499,76.6,10.06865322561949
Node_3,Smart Plug,38,1.1333044134559644,0.1544134899747008,0.8635312932779678,84.5,12.465507967543436
Node_3,Smart Plug,39,1.1945293230167613,0.19892957603246836,0.846113252325531,77.1,14.192721139137953
Node_3,Smart Plug,40,1.148619227390531,0.21319815133641917,0.8629588506027347,84.1,9.243015380996255
Node_3,Smart Plug,41,1.020389478048233,0.196376773901484,0.9610508633160143,81.5,10.8755587340503
Node_3,Smart Plug,42,1.0986215811638034,0.13557859567539363,0.9303180598845517,72.2,9.772978620211502
Node_3,Smart Plug,43,1.2025261448673834,0.15015855409196893,0.835756443430028,75.9,14.760683513231282
Node_3,Smart Plug,44,1.0465631741986985,0.2610678464409662,0.9619408458830456,80.9,13.110216541986551
Node_3,Smart Plug,45,1.0371942657458493,0.2039081337034039,0.9787567548746291,77.4,9.628660919936433
Node_3,Smart Plug,46,1.0529008992446491,0.20571368512289268,0.9434860527067574,84.9,12.041133206176605
Node_3,Smart Plug,47,1.2259602638494163,0.18468542421076858,0.8116142442909472,76.9,11.656662377274971
Node_3,Smart Plug,48,1.131198947286937,0.19037062193961013,0.8953319859929896,81.7,12.944754407352296
Node_3,Smart Plug,49,1.2031720815335736,0.2167119893234966,0.8283435622240802,85.9,13.144073442683842
Node_3,Smart Plug,50,1.158734741499217,0.19108901828465438,0.8856998140998209,80.1,9.480389115314718
Node_3,Smart Plug,51,1.1106197639940159,0.271076894738429,0.9269074716163678,81.7,11.50893372800259
Node_3,Smart Plug,52,1.1678928771695751,0.16532696300663716,0.8494154390111964,82.7,11.165920373071705
Node_3,Smart Plug,53,1.0739130541804953,0.21877252021885982,0.9396688865962272,82.9,7.519604008486381
Node_3,Smart Plug,54,1.0880678631656253,0.18241147183087184,0.9012650192110004,79.9,9.480389115314718
Node_3,Smart Plug,55,1.1149502635614823,0.16857586664931767,0.900780425389408,81.7,12.06510118758507
Node_3,Smart Plug,56,1.1682232344660586,0.14633648674362146,0.8615375095117057,74.6,12.231107881136525
Node_3,Smart Plug,57,1.3054134094554395,0.12579348365167625,0.762916152675918,72.6,10.286992865858428
Node_3,Smart Plug,58,1.117648511033261,0.1336907999093407,0.8852187088918523,79.2,11.496859474559901
Node_3,Smart Plug,59,1.170101583524445,0.24581346344863053,0.8782808468886174,80.5,11.047875612784367
Node_3,Smart Plug,60,1.0958759657652737,0.1846630825026661,0.8931928299847854,80.6,12.158216243438929
Node_3,Smart Plug,61,1.1858432210635195,0.19436728474626053,0.8153614057410467,81.0,9.786612170602131
Node_3,Smart Plug,62,1.2178243065899046,0.18963342348530982,0.8179495775427555,81.4,13.074147518417151
Node_3,Smart Plug,63,1.1902575953074312,0.2266068608132489,0.8323416710182352,78.3,9.87758405009376
Node_3,Smart Plug,64,1.1194632717898663,0.2358822543164721,0.8742680034460654,82.4,10.658330075579382
Node_3,Smart Plug,65,1.0957527666646336,0.18078681896789484,0.9227706784340718,70.7,5.963779562212764
Node_3,Smart Plug,66,1.1619641845298987,0.16103475161172953,0.8452081721350043,74.6,10.72069649478677
Node_3,Smart Plug,67,1.2041843707335778,0.15310556847021037,0.8354812534029402,84.4,10.946333734279357
Node_3,Smart Plug,68,1.1350492740202143,0.20871176336301764,0.8924263074815363,81.3,9.238205693988656
Node_3,Smart Plug,69,1.1647814787013668,0.17186877958357816,0.8524014388368364,83.6,8.221921916437786
Node_3,Smart Plug,70,1.116659153822989,0.23857044146792672,0.9019816403704606,81.2,13.231276078544603
Node_3,Smart Plug,71,1.17196967553298,0.2649934186468394,0.8453316504009054,76.2,7.728734264634367
Node_3,Smart Plug,72,1.1494382842145052,0.18951008280286602,0.8444999905988778,80.6,11.067469850371804
Node_3,Smart Plug,73,1.1541236120525273,0.23265668567222303,0.8961450626043405,77.8,9.566144004305555
Node_3,Smart Plug,74,1.2301426442989583,0.18901089036989674,0.7998072370993284,79.0,11.015141094572204
Node_3,Smart Plug,75,1.1248837271997107,0.24134656286877545,0.9087578447584447,81.1,8.862530363527362
Node_3,Smart Plug,76,1.1975132166384201,0.26567375429274204,0.8569204451020929,77.7,11.294541454466696
Node_3,Smart Plug,77,1.1336829086091846,0.22970338404130033,0.8617345108252467,73.8,11.961047891663451
Node_3,Smart Plug,78,1.1233379551782119,0.15879959818158845,0.8923069082747576,82.4,10.447753612885192
Node_3,Smart Plug,79,1.280104909705853,0.20687635918334624,0.7712851306501344,77.3,13.383655039719986
Node_3,Smart Plug,80,1.041322104431864,0.1757723768003051,0.9636579520741643,77.8,12.016655108639842
Node_3,Smart Plug,81,1.2600074187015224,0.20262288863048916,0.7668897700912619,84.7,12.338287293353698
Node_3,Smart Plug,82,1.2126146512609064,0.22063006511902541,0.8426761352180026,75.0,10.23067283548187
Node_3,Smart Plug,83,1.1253728851137255,0.2400465128323671,0.8693117285361894,83.1,9.837004964249367
Node_3,Smart Plug,84,1.2019664762938136,0.20040315167074935,0.8288134864048188,85.5,11.027742793115513
Node_3,Smart Plug,85,1.0997506311275644,0.19410817872496333,0.9161920542373814,79.6,12.720936373640983
Node_3,Smart Plug,86,1.152264591651397,0.25943794987537305,0.8731434930057574,77.2,10.443498775155128
Node_3,Smart Plug,87,1.1165760793896031,0.20161763971887414,0.9035946082094856,75.4,13.672356539138868
Node_3,Smart Plug,88,1.2290171919936936,0.20702579920156639,0.8233653322734101,80.7,11.421714212654578
Node_3,Smart Plug,89,1.1282509326170702,0.26351010701367755,0.8915195173001903,78.8,11.113555286725806
Node_3,Smart Plug,90,1.1187916575527337,0.236584748086288,0.9054290810771554,78.0,9.683892697555967
Node_3,Smart Plug,91,1.138108760536711,0.17861235383127458,0.8630945672492819,80.1,12.766710182693462
Node_3,Smart Plug,92,1.1862764404819888,0.2271100275264325,0.8641082723945791,77.9,9.048634028281716
Node_3,Smart Plug,93,1.0580090411328134,0.14556795942147238,0.9532883406249177,83.6,14.908610487455451
Node_3,Smart Plug,94,1.255863855415349,0.18755696517128254,0.7939243008412467,82.6,11.197221877670271
Node_3,Smart Plug,95,1.1607351077831636,0.24154381385225113,0.8659582348281459,76.2,12.372011423639515
Node_3,Smart Plug,96,1.0677786199079113,0.20413061631701837,0.9306430126536089,87.1,6.773313648265359
Node_3,Smart Plug,97,1.2116395222504848,0.21610049345795207,0.8120280536187828,76.1,12.723119813071705
Node_3,Smart Plug,98,1.2271759003106277,0.2350939599617402,0.8122299680987896,71.2,5.959119994689746
Node_3,Smart Plug,99,1.1896398260461156,0.22478108364088065,0.836739216251572,82.1,12.766710182693462
Node_3,Smart Plug,100,1.0841228461549812,0.13497023640579967,0.9138847843894867,84.4,11.625642156696358
Node_3,Smart Plug,101,1.0721870880250945,0.15160956361658523,0.9295680591538189,82.7,12.293177873203584
Node_3,Smart Plug,102,1.0661320607690479,0.23035118556832546,0.9612250275154386,75.5,8.61845564923193
Node_3,Smart Plug,103,1.135886519012416,0.16422391209859055,0.8697523316677077,83.1,14.578904089280663
Node_3,Smart Plug,104,1.0964083899275665,0.18005676877663634,0.9132781486909431,79.7,12.311241475442948
Node_3,Smart Plug,105,1.219000084343482,0.17098600468801803,0.8241825866985191,75.9,13.177843357528408
Node_3,Smart Plug,106,1.2229540584876104,0.2387785027759515,0.8384008009817067,82.2,14.920530225907598
Node_3,Smart Plug,107,1.0942321812921318,0.21522073692351604,0.9135050760542722,80.0,11.74734012447073
Node_3,Smart Plug,108,1.221288540871647,0.16000279795164854,0.8215264519107143,77.9,11.445037740824137
Node_3,Smart Plug,109,1.1290188813365816,0.20262060574227275,0.9092293355174835,77.1,12.982466808909795
Node_3,Smart Plug,110,1.1793182176746329,0.21428317554942003,0.8668455850457605,76.9,12.041133206176607
Node_3,Smart Plug,111,1.1410593735667445,0.19420603143507223,0.8839827727932246,86.0,7.333333333333333
Node_3,Smart Plug,112,1.013568967865368,0.2345763100615743,0.9661257004132724,76.8,13.053735097664575
Node_3,Smart Plug,113,1.0951249344255618,0.20153517802009804,0.9023333786779523,84.5,12.946470990625635
Node_3,Smart Plug,114,1.1502519888599962,0.2599574482015798,0.8464099032125247,73.9,6.5903970543005475
Node_3,Smart Plug,115,1.050473564851327,0.22670055498074207,0.9419404793063604,76.8,10.664583129843066
Node_3,Smart Plug,116,1.0852402918306194,0.22164774323040912,0.9520135505622647,80.3,14.476417604734491
Node_3,Smart Plug,117,1.1645312498729818,0.18073427531409228,0.8855942811199243,83.9,9.25502866314068
Node_3,Smart Plug,118,1.0552846181581115,0.20634475120777473,0.9300191090003062,77.0,13.2077418374393
Node_3,Smart Plug,119,1.1867964703340956,0.21049936261984278,0.8486963529864617,77.3,9.019115502334163
Node_3,Smart Plug,120,1.1557749130627442,0.19003745234845945,0.8439920652788753,79.4,12.303567684935041
Node_3,Smart Plug,121,1.1828570621602021,0.22989980686477662,0.8618446947713722,71.4,6.29285308902091
Node_3,Smart Plug,122,1.125471934770364,0.1373539541676609,0.8882675159580843,85.7,9.661492868312042
Node_3,Smart Plug,123,1.1053683177044897,0.24306442287286542,0.9046599591354908,80.3,10.985343771488346
Node_3,Smart Plug,124,1.1468756388833428,0.21004016997345382,0.890049234930884,82.7,8.80719402912566
Node_3,Smart Plug,125,1.0955827187072606,0.17693194188518468,0.9473870557408578,81.5,9.559753599799992
Node_3,Smart Plug,126,1.0561769343041068,0.1829880904273927,0.9667502902817252,78.9,10.535126429658492
Node_3,Smart Plug,127,1.1737576267307015,0.250926298854758,0.8769429388493736,83.2,12.778454088382087
Node_3,Smart Plug,128,1.1644148704362574,0.18286119091415226,0.8841405907469827,78.5,13.30204662615661
Node_3,Smart Plug,129,1.288296158761701,0.17627483482929163,0.7613782846339983,84.2,12.59453144115422
Node_3,Smart Plug,130,1.2323466028337857,0.20226020553546073,0.8081492697690423,81.1,14.208369990177541
Node_3,Smart Plug,131,1.2834935910973884,0.1537835434515962,0.7881387681081282,85.4,10.28699286585843
Node_3,Smart Plug,132,1.1478109223894273,0.21621592069416645,0.8686566112457801,79.8,12.108766337749781
Node_3,Smart Plug,133,1.1947634958254352,0.23440379019154262,0.8323484553061156,87.8,9.704523572941527
Node_3,Smart Plug,134,1.0679438703421325,0.15851451697923305,0.9586138805792462,82.6,12.527303514058136
Node_3,Smart Plug,135,1.1710214253911746,0.18285609989812865,0.8519261043977372,74.6,11.256603000510905
Node_3,Smart Plug,136,1.1977089106970191,0.2181357177671555,0.8417529975887461,80.4,13.276545735494103
Node_3,Smart Plug,137,1.1813364252379897,0.22483192418256395,0.8382169964802679,78.8,13.248060654718905
Node_3,Smart Plug,138,1.1079189971413383,0.2279999087197803,0.8927559890265213,81.8,12.856472645671086
Node_3,Smart Plug,139,1.1548849843111668,0.20510108704221167,0.8617925202618946,80.9,13.609228894801907
Node_3,Smart Plug,140,1.1619475292317145,0.2350667383024187,0.8876320769059703,83.9,10.311266761277308
Node_3,Smart Plug,141,1.0848678858659397,0.22293979491875507,0.9594844076741619,85.4,13.384900281868205
Node_3,Smart Plug,142,1.1678027156800808,0.22473384888145537,0.836943069080472,80.8,11.301917241483117
Node_3,Smart Plug,143,1.1391103186625335,0.13864454359875242,0.8781886856658925,79.1,9.666091936937768
Node_3,Smart Plug,144,1.0297234582308363,0.17596355333956132,0.9792096684877524,75.4,13.696714934611146
Node_3,Smart Plug,145,1.1295542830304555,0.19898109132675978,0.8872999311806263,78.5,11.443095929181249
Node_3,Smart Plug,146,1.180984524466445,0.16860186949748834,0.8654083984491019,77.8,14.093339640490546
Node_3,Smart Plug,147,1.1084764888026792,0.217331685728429,0.8759079976428465,76.9,14.027354229029317
Node_3,Smart Plug,148,1.1959818488907807,0.16265397298803425,0.8310421156052998,81.3,11.700427342623003
Node_3,Smart Plug,149,1.195169643912358,0.16186517360111555,0.8429627073039205,74.2,10.368756488176928
Node_3,Smart Plug,150,1.2187668343966849,0.18648302569266487,0.8011481911713175,86.2,9.25922962958222
Node_3,Smart Plug,151,1.0881710092292405,0.2265804906819109,0.9007798497515649,72.7,13.449907062875937
Node_3,Smart Plug,152,1.1040436032310965,0.19941617070922632,0.8925411155475985,79.8,11.429007928172167
Node_3,Smart Plug,153,1.151857178187366,0.22807634801728935,0.8950411733040725,79.9,11.742136848877967
Node_3,Smart Plug,154,1.1318118627275717,0.1779518373711673,0.8698680002007055,79.8,9.542885657214313
Node_3,Smart Plug,155,1.0907869708553801,0.240475532387815,0.8922343792247309,80.5,14.041604846550364
Node_3,Smart Plug,156,1.1784766293241824,0.1846491832122323,0.8408571109423505,83.7,9.753062197188237
Node_3,Smart Plug,157,1.0850878032972424,0.21291252244330933,0.907919692230328,79.1,12.269655432995846
Node_2,Smart Light,1,1.3271856149460344,0.2276849203352043,0.7538106673864572,84.8,13.373273512661155
Node_2,Smart Light,2,1.6418215920142067,0.27736624443322155,0.6050344829585086,80.6,10.426462061078587
Node_2,Smart Light,3,1.5887451896362002,0.3058983607361979,0.6355765870833799,78.6,12.312595177297109
Node_2,Smart Light,4,1.4093736254837304,0.26123515080078474,0.6913135255020626,85.7,11.035800328426069
Node_2,Smart Light,5,1.468188286922825,0.20191540680068132,0.6866056389389176,79.8,11.849050594878898
Node_2,Smart Light,6,1.5554209865267914,0.3509802644446045,0.6590736097401673,80.5,10.65885130354632
Node_2,Smart Light,7,1.5148556714040384,0.3363024245116391,0.6372911923827156,83.7,9.87758405009376
Node_2,Smart Light,8,1.3968329143483091,0.273203976963671,0.7384272321384238,83.7,13.711714375347492
Node_2,Smart Light,9,1.5312038537267723,0.24419960272018074,0.6424343324490528,80.6,11.955472944778611
Node_2,Smart Light,10,1.4694403297264333,0.27059045161719036,0.6820059795464248,81.8,12.32702541392511
Node_2,Smart Light,11,1.3701592439744865,0.20154992127267649,0.7298647206739275,78.1,7.460265112953799
Node_2,Smart Light,12,1.578357318046071,0.23865332703634176,0.6217602535012525,79.7,13.358725820809243
Node_2,Smart Light,13,1.5995943813241429,0.2550765911529184,0.6238881719492722,76.1,13.303717107969822
Node_2,Smart Light,14,1.3983689957084322,0.19045035017924666,0.7005715489633552,84.4,9.008637830191397
Node_2,Smart Light,15,1.7034267635894693,0.1488062747522489,0.5978330701526641,78.6,13.898041428760944
Node_2,Smart Light,16,1.4347101022367486,0.33676923424686217,0.7258710862427962,79.1,12.827487846201391
Node_2,Smart Light,17,1.4594722135349776,0.2588941229260679,0.6791225223885221,81.9,10.137389539061163
Node_2,Smart Light,18,1.6045647721978917,0.2458315947889224,0.6092529196518607,76.7,12.238827104297572
Node_2,Smart Light,19,1.4964907397253895,0.2679317997290487,0.6741961712679346,82.5,13.260216187277392
Node_2,Smart Light,20,1.7501108219910713,0.23660259969149833,0.5562443193226536,83.1,13.971796989332157
Node_2,Smart Light,21,1.3899539231513658,0.3073767284705685,0.69820093447136,82.7,12.47263671669574
Node_2,Smart Light,22,1.4363463223520792,0.32663957919142467,0.7139355190962374,80.3,12.11106014260427
Node_2,Smart Light,23,1.5250411438169393,0.29182664669061104,0.6638322089666058,73.6,9.045563676312396
Node_2,Smart Light,24,1.401781272987569,0.2646273322524895,0.7173038183202616,77.2,9.624043964063246
Node_2,Smart Light,25,1.373373809748183,0.32443942955556826,0.7183715028394818,83.2,7.786027371016765
Node_2,Smart Light,26,1.7242382852547746,0.21581538603331812,0.5879355602013182,80.0,13.089435944047908
Node_2,Smart Light,27,1.4215839073856695,0.26646247208974827,0.6903235195844989,78.4,11.983321743156194
Node_2,Smart Light,28,1.3225816725428121,0.2881724192195075,0.7853565381278318,80.8,12.443650768341437
Node_2,Smart Light,29,1.5072562423304032,0.311950800930529,0.6679211339245201,84.2,10.549354903921323
Node_2,Smart Light,30,1.5229186682414155,0.20172506116674166,0.6515666317435144,82.2,14.920530225907598
Node_2,Smart Light,31,1.5297778665586663,0.32992319471853176,0.663071641868454,85.1,12.068784344562445
Node_2,Smart Light,32,1.4148282780383874,0.22585110700655436,0.6973668420647176,84.9,9.573690801125528
Node_2,Smart Light,33,1.4409110453946525,0.23787447325223335,0.6824470487274126,82.8,11.792653080060767
Node_2,Smart Light,34,1.3799531634492788,0.2681668271555239,0.71257407044455,86.2,10.3258037082942
Node_2,Smart Light,35,1.3332357808456474,0.32857775253014143,0.7714989048681331,81.9,11.140017953306897
Node_2,Smart Light,36,1.5312496986521178,0.2969988738034253,0.666800886483278,76.6,11.56815552377397
Node_2,Smart Light,37,1.3802343235408134,0.3278878740085681,0.7276588372558874,86.4,13.099618315050252
Node_2,Smart Light,38,1.4613569381377676,0.28551155280229057,0.6908975556595763,84.3,12.841339493993607
Node_2,Smart Light,39,1.5419561548432197,0.3338463710877827,0.6392513632638294,80.0,11.566234381931649
Node_2,Smart Light,40,1.3321805539024485,0.2553317675053749,0.7751852263935669,74.1,7.430417963419764
Node_2,Smart Light,41,1.3343459081943194,0.2592096730683448,0.7467880812251264,79.1,11.503139668030734
Node_2,Smart Light,42,1.587512824584806,0.33225241124909133,0.6301937660890211,80.3,13.216572088774676
Node_2,Smart Light,43,1.5181904638405768,0.2767992501234593,0.6479268704045734,80.7,4.3982319680121975
Node_2,Smart Light,44,1.652425552230378,0.2243929549701605,0.612024654255042,82.1,10.45041200676371
Node_2,Smart Light,45,1.5377174451364268,0.31847370297983113,0.650276403419397,79.7,9.357706271660094
Node_2,Smart Light,46,1.3793293734207368,0.22273722701081883,0.7288915921000906,79.6,11.587349423689036
Node_2,Smart Light,47,1.5222059182968555,0.29761705625544377,0.6473353296580816,74.2,11.773793875477105
Node_2,Smart Light,48,1.531093844449352,0.24587397159370936,0.6570862754149012,77.4,10.956479564369408
Node_2,Smart Light,49,1.3763809613125715,0.2910756721850322,0.7391101421904308,78.9,7.723700897597961
Node_2,Smart Light,50,1.540599165518536,0.33235223317172935,0.6563326493685067,78.1,9.573690801125528
Node_2,Smart Light,51,1.5058114204792676,0.3108088666225541,0.6439867149204288,75.2,11.013123484683575
Node_2,Smart Light,52,1.607957952131514,0.30785114561052296,0.638759782034095,81.0,12.092238098144703
Node_2,Smart Light,53,1.54459538260629,0.34453281651122425,0.6320520252302111,79.8,13.75015151431673
Node_2,Smart Light,54,1.683144357821265,0.23697534143491578,0.6013886150032551,77.4,9.28798507032966
Node_2,Smart Light,55,1.4032110387729948,0.19569407504548145,0.6907329644711149,80.5,10.824355254086345
Node_2,Smart Light,56,1.5653600296446737,0.3130291653978822,0.6162192591833017,73.0,12.560962454277847
Node_2,Smart Light,57,1.3431411988669688,0.2630834164726174,0.73374229408735,78.6,12.58040804849615
Node_2,Smart Light,58,1.5668242926974707,0.28115798722322366,0.6457408580084727,77.1,13.30371710796982
Node_2,Smart Light,59,1.4842257218081365,0.21233729039122579,0.6542804502823363,79.3,12.771931029496763
Node_2,Smart Light,60,1.6364331468283169,0.3452892151185991,0.6157429956045306,83.6,11.266469426281391
Node_2,Smart Light,61,1.3922598417029501,0.2934919582339834,0.74060472744485,76.4,10.458383134011575
Node_2,Smart Light,62,1.5694317593612628,0.2295764831109596,0.6356862648431624,78.3,12.111060142604272
Node_2,Smart Light,63,1.4477558184311399,0.27763109862743524,0.6759941057758764,79.7,14.283245818479465
Node_2,Smart Light,64,1.545801657686718,0.29021539058840634,0.6447727363544523,77.6,10.813571719526038
Node_2,Smart Light,65,1.600308254129153,0.2504928541000735,0.6171267806617576,73.5,12.376052143824648
Node_2,Smart Light,66,1.4447712365002108,0.3150249953806556,0.679396995621444,80.8,11.496859474559901
Node_2,Smart Light,67,1.6164614340728292,0.3233889675075551,0.6203768786682553,75.4,13.03158556056101
Node_2,Smart Light,68,1.5372914039237222,0.2928364348723919,0.6640620114508816,73.7,9.967168326282268
Node_2,Smart Light,69,1.5142365162187625,0.299878485494548,0.6552196107044398,73.1,9.218941852994242
Node_2,Smart Light,70,1.4981816563522792,0.2950602653984283,0.6927798514533026,81.1,13.747322971723946
Node_2,Smart Light,71,1.330425553878033,0.3649277276282433,0.7327525107243915,76.9,9.711962840858805
Node_2,Smart Light,72,1.550412583667178,0.27294998456950775,0.6607588929731854,77.6,12.833982667555349
Node_2,Smart Light,73,1.6369950020683004,0.28552538081119755,0.6046245500672346,81.0,14.368174708168205
Node_2,Smart Light,74,1.5260624733689474,0.3306880367299174,0.6335923893644336,86.8,12.227473619317733
Node_2,Smart Light,75,1.4202252393180588,0.3759571390708223,0.7304823615039737,81.0,10.666666666666666
Node_2,Smart Light,76,1.6550557184599821,0.36785998655379626,0.6120751700549651,82.0,12.382783747337808
Node_2,Smart Light,77,1.5604809188926834,0.323106393207742,0.6421297459340497,85.0,14.259499757471625
Node_2,Smart Light,78,1.3704958430732461,0.29348807613163974,0.7219080025282452,82.5,14.30811735422317
Node_2,Smart Light,79,1.5151846854751176,0.34765266611852513,0.653446036105537,75.8,10.163114133418402
Node_2,Smart Light,80,1.499682589433894,0.29633688938709307,0.6715017102613362,74.6,12.30356768493504
Node_2,Smart Light,81,1.2769127515469592,0.19161665356894944,0.7748242332544325,79.1,10.660935960578486
Node_2,Smart Light,82,1.4810066197413998,0.2820770989985425,0.6696097487032615,80.5,9.947082207584515
Node_2,Smart Light,83,1.6750081158451426,0.20101592812515098,0.5891881318474088,82.1,15.637916883154368
Node_2,Smart Light,84,1.513061794220493,0.20635956395475968,0.6571633689359391,81.5,13.52569571018232
Node_2,Smart Light,85,1.463508747380382,0.24995303253412457,0.6898056430476165,79.4,12.851286144022923
Node_2,Smart Light,86,1.6853906190075363,0.2503891077020924,0.5798067937962496,73.6,10.956479564369408
Node_2,Smart Light,87,1.5220847225356233,0.33384853643318807,0.641349443263912,80.1,11.911245853300896
Node_2,Smart Light,88,1.415548263120248,0.26774328071299813,0.7354472419771654,83.3,10.739853092312037
Node_2,Smart Light,89,1.4902421100034804,0.3307477788877493,0.6550450183433095,82.5,13.401906995316416
Node_2,Smart Light,90,1.471001593696755,0.23599457550833433,0.6887434120020388,79.0,11.372481406154654
Node_2,Smart Light,91,1.6443943843707924,0.2837925402160508,0.6079705302065278,83.7,8.654478609367523
Node_2,Smart Light,92,1.5240450339339175,0.3134732334659025,0.6335738676441245,81.1,12.493998559308384
Node_2,Smart Light,93,1.3432242045600915,0.14996765299943293,0.7347434389296496,87.4,11.520030864156185
Node_2,Smart Light,94,1.4523293469578908,0.2775490052196396,0.6848468521807937,77.7,11.106054404893055
Node_2,Smart Light,95,1.3895343068166999,0.29157895810132684,0.7071726067456527,79.1,11.337744239682092
Node_2,Smart Light,96,1.5660209899034347,0.2775249093877873,0.6443905552491767,80.5,12.99786307223016
Node_2,Smart Light,97,1.6433437386188898,0.23328055609942694,0.5988005728443925,70.5,9.204467514322717
Node_2,Smart Light,98,1.4981154047423542,0.24202000342084648,0.6617209016861536,71.2,9.101892355133872
Node_2,Smart Light,99,1.4581783628919731,0.3360842453222644,0.6757370747439898,75.8,11.193251935380035
Node_2,Smart Light,100,1.3648581473042838,0.28264855976389897,0.7262346155124897,77.2,12.908223046656042
Node_2,Smart Light,101,1.5897126421121588,0.30674111077087346,0.6304587488037813,78.7,12.798003316489995
Node_2,Smart Light,102,1.6065424984388639,0.28135978772599535,0.630996207964016,74.8,12.007405122580725
Node_2,Smart Light,103,1.6097143398110305,0.27213112763648234,0.6193172834194385,79.8,12.035133752661183
Node_2,Smart Light,104,1.4911470131045153,0.2599370255455218,0.6900753253608714,75.9,12.449453357030938
Node_2,Smart Light,105,1.4782363441610307,0.19887231475704112,0.6805173404321003,75.6,12.429355932182846
Node_2,Smart Light,106,1.5492996261927847,0.3105897249706678,0.6553234397180608,77.1,11.570556502510058
Node_2,Smart Light,107,1.640372928608267,0.2520795420279049,0.6127892644410475,80.0,13.258121200900895
Node_2,Smart Light,108,1.6131079307827823,0.2607034164314943,0.6184493789333858,82.2,12.281874630708637
Node_2,Smart Light,109,1.6245162218855405,0.26144478891926476,0.6188260111998397,81.0,9.865765724632494
Node_2,Smart Light,110,1.5376107988258216,0.28591748767001335,0.6565053857141414,78.7,11.431438132526361
Node_2,Smart Light,111,1.5233104367504593,0.3187515901304607,0.6337672016723264,85.1,13.160969231447625
Node_2,Smart Light,112,1.5767912410514506,0.28403961618223195,0.6199811115915163,83.0,9.865765724632494
Node_2,Smart Light,113,1.3509942824518635,0.21404657565747348,0.7449446189515444,80.0,10.088497300281038
Node_2,Smart Light,114,1.380623052142729,0.23428975786045875,0.7130203056113182,81.3,14.552968387545164
Node_2,Smart Light,115,1.652278708241181,0.2516480985813762,0.6036587359441613,82.2,12.847827313077751
Node_2,Smart Light,116,1.533528853620772,0.2753876258215945,0.6352390957628747,81.7,14.537690478354683
Node_2,Smart Light,117,1.4173835358177955,0.2804552040844377,0.6877413825979921,81.1,10.461038826681284
Node_2,Smart Light,118,1.5408167934312842,0.3001637562891421,0.6292811925636396,80.4,10.762073323585108
Node_2,Smart Light,119,1.532730660285429,0.2776228764130775,0.6449682119010542,77.9,12.013418423672016
Node_1,Temperature Sensor,1,2.4889958179366647,0.2952135094444566,0.4044847220018356,71.1,10.49285471165974
Node_1,Temperature Sensor,2,2.64565253567864,0.2891144025451748,0.38053832135333016,80.9,10.67135313715078
Node_1,Temperature Sensor,3,2.336868327883684,0.2400159560466117,0.435537720796286,75.9,10.887811738106258
Node_1,Temperature Sensor,4,2.585604302621671,0.3111075390544046,0.39358853588949916,78.5,11.23733855402505
Node_1,Temperature Sensor,5,2.556625760691529,0.3800758095127224,0.39122117976962806,78.5,10.906165432655257
Node_1,Temperature Sensor,6,2.4721774356507136,0.30465986857762967,0.3962960701305556,81.1,11.039826890752307
Node_1,Temperature Sensor,7,2.4546131919492624,0.3883837210413886,0.41315444988058436,81.7,12.623170934612444
Node_1,Temperature Sensor,8,2.4026378030596525,0.24708852834540015,0.41761217829112457,78.8,9.390302326218137
Node_1,Temperature Sensor,9,2.434800341372122,0.32453869047172673,0.4040039425220438,78.9,11.357327541674975
Node_1,Temperature Sensor,10,2.583217040135423,0.2939482422102545,0.38955820311361894,78.4,12.928865207571604
Node_1,Temperature Sensor,11,2.5471440743726794,0.2852943679094083,0.39995654718413337,81.7,14.63671183474394
Node_1,Temperature Sensor,12,2.462350988446434,0.322743545845817,0.41561223304262607,81.8,11.535452599125302
Node_1,Temperature Sensor,13,2.378227889333667,0.2879407117502379,0.42128808031230036,84.6,11.32548748031036
Node_1,Temperature Sensor,14,2.5343958455000957,0.2915583103416028,0.40065717960710673,80.6,14.48524153137331
Node_1,Temperature Sensor,15,2.4994882237823375,0.27893418340594245,0.40399923238006663,76.5,13.235054464061214
Node_1,Temperature Sensor,16,2.548049937761673,0.32123984323929256,0.39864335807745577,82.6,12.988884136488057
Node_1,Temperature Sensor,17,2.598761194578267,0.31155357541478235,0.38922274650901867,86.6,12.807983621337296
Node_1,Temperature Sensor,18,2.671736702922948,0.3800122276747991,0.37622238524802354,73.5,8.84747295999133
Node_1,Temperature Sensor,19,2.459914000834395,0.2378497707407372,0.41151143905895693,82.2,10.643725329455327
Node_1,Temperature Sensor,20,2.478784591575801,0.3167264082289619,0.40782864878490405,77.9,5.704773829385741
Node_1,Temperature Sensor,21,2.5214036444355323,0.27615985946556004,0.39522434361843367,74.2,11.914510294408057
Node_1,Temperature Sensor,22,2.401636773832208,0.21505770925684886,0.4166295031737046,81.3,13.532265967760987
Node_1,Temperature Sensor,23,2.6715983506708514,0.20064626038170383,0.37424518217688585,83.6,9.879271228182775
Node_1,Temperature Sensor,24,2.4511359872939447,0.23082818313692208,0.40117899340078533,77.9,11.779926428745922
Node_1,Temperature Sensor,25,2.441495240697108,0.1683102791490965,0.4084490615037848,76.8,14.116971661404188
Node_1,Temperature Sensor,26,2.322591801886596,0.29387914256985453,0.43681557247092634,76.6,9.640193635676274
Node_1,Temperature Sensor,27,2.5577168650412756,0.34152835541343857,0.3986311745696184,77.9,11.26893468296311
Node_1,Temperature Sensor,28,2.545904408351484,0.34431658818759675,0.3975310159702028,81.5,13.235054464061214
Node_1,Temperature Sensor,29,2.5209972150215867,0.22436316574795273,0.3950557606234631,86.5,9.766723549322407
Node_1,Temperature Sensor,30,2.493920190610146,0.3048035479050918,0.39698632037556364,79.2,14.382087624696368
Node_1,Temperature Sensor,31,2.5101729884559303,0.24010601558222555,0.3910303388823264,79.2,8.651268372004447
Node_1,Temperature Sensor,32,2.3816500301888732,0.25574178100860817,0.41734104679500333,71.7,10.583530181896355
Node_1,Temperature Sensor,33,2.5957524358210713,0.36915172353810066,0.39158987767771,75.2,8.189424074174365
Node_1,Temperature Sensor,34,2.663617132696099,0.24409885649848548,0.3738576820602913,78.2,11.242775458044157
Node_1,Temperature Sensor,35,2.492672735156622,0.26886201909730284,0.4041982869874483,80.3,11.585910984179593
Node_1,Temperature Sensor,36,2.5165088801491864,0.3016490535833783,0.3996899457988662,75.3,11.205653335110215
Node_1,Temperature Sensor,37,2.540217513073329,0.31840501133389776,0.3860863365311887,81.4,12.659647177811342
Node_1,Temperature Sensor,38,2.5002291105611527,0.2541262946804466,0.40300629087337475,84.6,9.442221960722781
Node_1,Temperature Sensor,39,2.5398401781151856,0.2671138454448304,0.3974921140094956,80.9,13.939950581771164
Node_1,Temperature Sensor,40,2.6353803013218893,0.2662033794312361,0.38262605876586203,85.0,9.521904571390467
Node_1,Temperature Sensor,41,2.518595930635034,0.18118189386572425,0.39295955629833623,76.6,11.834037537731763
Node_1,Temperature Sensor,42,2.632997312720932,0.2615376225246847,0.3826764216571191,81.5,9.958246164193104
Node_1,Temperature Sensor,43,2.5646408402423746,0.3192632528144452,0.3861360483010422,84.4,11.51038178727747
Node_1,Temperature Sensor,44,2.4042207757355856,0.3170121714470324,0.4251373607939496,83.1,10.608696642116053
Node_1,Temperature Sensor,45,2.3811510120268724,0.26655142934426446,0.4174874783441285,80.4,8.46167832052247
Node_1,Temperature Sensor,46,2.5684329424668584,0.3019452774047116,0.3966218853611387,84.5,7.516648189186454
Node_1,Temperature Sensor,47,2.547843648532429,0.19908423841448433,0.3944037621600334,82.5,13.786063816606811
Node_1,Temperature Sensor,48,2.6425253254085583,0.32982811482506125,0.38134682768452915,84.0,11.841546445554409
Node_1,Temperature Sensor,49,2.3981090555530296,0.29856749024927826,0.42236171066514316,85.0,13.063945294843617
Node_1,Temperature Sensor,50,2.5768423585916422,0.3255068649184201,0.380208354044019,77.5,12.158673173226319
Node_1,Temperature Sensor,51,2.428157940409389,0.29672514450294424,0.40573026779182736,78.9,12.16963434126104
Node_1,Temperature Sensor,52,2.271068048291096,0.2777367022098036,0.43894895285018987,74.8,13.603921003397023
Node_1,Temperature Sensor,53,2.675365382515239,0.2518483298881576,0.3748135963248619,77.0,9.510228411791404
Node_1,Temperature Sensor,54,2.5223955336517427,0.2788442080222799,0.40332962936380246,79.0,12.935738607954837
Node_1,Temperature Sensor,55,2.525709693955034,0.2595566796548244,0.3946409162602789,74.0,10.47748909700114
Node_1,Temperature Sensor,56,2.503953333952436,0.20522378784329845,0.3963031545723039,82.7,12.80668228352336
Node_1,Temperature Sensor,57,2.644915569368224,0.23574924404786607,0.3812912979587397,74.3,14.016260398392845
Node_1,Temperature Sensor,58,2.508809463908581,0.2525907303946386,0.40282906174961053,74.0,8.806563209081938
Node_1,Temperature Sensor,59,2.3532332383951475,0.2655773355030257,0.4264913944883159,74.8,8.337332373793858
Node_1,Temperature Sensor,60,2.513198908453794,0.34927775014770523,0.40361215148724133,80.6,14.736198816369015
Node_1,Temperature Sensor,61,2.5045578035291305,0.30962634729225413,0.40538543422937384,75.5,7.560864148142503
Node_1,Temperature Sensor,62,2.542144483066075,0.21597636914598434,0.3944073762321302,81.4,11.217050513491602
Node_1,Temperature Sensor,63,2.4444098029090346,0.331883406075063,0.4020024023945547,84.0,6.6332495807108
Node_1,Temperature Sensor,64,2.3358749111667203,0.20410792867475658,0.4243704033687418,78.6,9.912954487269003
Node_1,Temperature Sensor,65,2.5523493965580974,0.3336377093248552,0.38367125636806165,80.3,10.011659869039367
Node_1,Temperature Sensor,66,2.4868191198980965,0.33244047663308424,0.40807061356423474,80.1,9.480389115314718
Node_1,Temperature Sensor,67,2.5963055125817904,0.2634225858726427,0.38913979495254536,74.8,10.261037417770625
Node_1,Temperature Sensor,68,2.6860078530389315,0.25575382104103805,0.3699734880757507,79.9,10.246408584908611
Node_1,Temperature Sensor,69,2.4295222098796003,0.30802625943074113,0.4055399941362279,77.5,14.485625058427177
Node_1,Temperature Sensor,70,2.4888152441925535,0.3451408734292105,0.40988596606978495,79.3,10.863291909504738
Node_1,Temperature Sensor,71,2.4650439651869105,0.30272692904205506,0.4026973841785721,72.9,11.120051958311866
Node_4,Motion Sensor,1,5.0812007202833245,0.6110767330750962,0.19736222701451078,80.7,11.25512229066294
Node_4,Motion Sensor,2,4.790293099554477,0.6458652232898747,0.205502684430679,81.2,11.399805066559496
Node_4,Motion Sensor,3,4.425517845146399,1.0834131496063948,0.21879533607492377,83.2,7.29992389610254
Node_4,Motion Sensor,4,4.481964187599734,0.8358513922380991,0.22237366879640627,79.1,8.849984306326325
Node_4,Motion Sensor,5,3.6888341342813638,2.508338574900191,0.28957719108706403,79.8,16.90364852134986
Node_4,Motion Sensor,6,4.283873573748048,0.9132793543479574,0.22904049059920634,74.6,13.141959941770905
Node_4,Motion Sensor,7,4.39771990200922,0.919047966496003,0.22916821398466614,81.6,13.517067400553683
Node_4,Motion Sensor,8,3.8175979176379498,2.1230062227233177,0.25739161866204835,85.6,9.99110715697826
Node_4,Motion Sensor,9,3.4187863312702973,2.3318420835340294,0.31141364659690146,82.4,12.09407568467581
Node_4,Motion Sensor,10,4.412230776632223,1.1090879108434837,0.23571346943843483,80.6,12.094075684675811
Node_4,Motion Sensor,11,4.644004593756867,0.9514643456476803,0.21636344063984583,79.0,13.324997394204456
Node_4,Motion Sensor,12,2.226339248825133,2.246218771939554,0.4819854707634742,74.3,13.695498043761194
Node_4,Motion Sensor,13,2.741437130568352,2.354295594240303,0.3303478059731889,78.3,11.035800328426069
Node_4,Motion Sensor,14,2.7607592654695194,2.349320434764299,0.32693330543091315,77.2,11.003029885748138
Node_4,Motion Sensor,15,4.140896230370528,1.589479832666026,0.21787869009266878,84.7,12.47263671669574
Node_4,Motion Sensor,16,3.872945039648503,0.7332286648081361,0.26065414630196804,82.0,13.457752825457566
Node_4,Motion Sensor,17,4.611029159532314,0.5378821687526156,0.2142787265945315,75.6,12.048051940274641
Node_4,Motion Sensor,18,4.7412136321819105,0.7650145236240916,0.21311742137019832,79.3,10.435516278555653
Node_4,Motion Sensor,19,2.8837475488631394,1.9841435246765369,0.3517933817132334,74.8,11.496859474559901
Node_4,Motion Sensor,20,3.3012995359395894,2.352620529794839,0.30922682746893604,85.0,11.953614051360738
Node_4,Motion Sensor,21,3.673853927243853,2.03017292890154,0.2875826955201745,85.2,11.923832344417535
Node_4,Motion Sensor,22,4.057438809039446,0.9227718623226119,0.25163999564202916,82.9,10.535126429658492
Node_4,Motion Sensor,23,4.479746025621648,0.8328542457011013,0.21777870904630034,77.1,9.93814201280434
Node_4,Motion Sensor,24,5.24526122963108,0.6939199117510024,0.19226812913049493,82.0,8.981462390204987
Node_4,Motion Sensor,25,4.364016104238403,1.0306672214579387,0.22271406212014605,76.8,12.443650768341437
Node_4,Motion Sensor,26,2.4936822317254292,2.1389425579783397,0.4159872794369312,77.5,8.959786703810408
Node_4,Motion Sensor,27,3.332637902147222,1.9185011528418752,0.2708737450460719,77.4,8.329332372872257
Node_4,Motion Sensor,28,4.280415192300428,0.6544855074031956,0.23257489430249306,86.4,11.711343029540018
Node_4,Motion Sensor,29,4.638255537537231,1.0409764951107177,0.21624141329872024,74.9,9.904544411531507
Node_4,Motion Sensor,30,4.633834217532675,0.8817126726847233,0.21121011669843895,76.6,13.209424245170148
Node_4,Motion Sensor,31,4.41978423308939,0.9034299914824683,0.22309375499269843,78.1,11.694728157023004
Node_4,Motion Sensor,32,4.395253653566345,0.8848651385514817,0.22759019782846196,83.2,9.942054337230532
Node_4,Motion Sensor,33,4.757778735558061,0.865230092717089,0.2124104599757175,77.2,10.747609553343064
Node_4,Motion Sensor,34,3.3613306699422743,1.8405629475873937,0.3054477536611929,77.0,12.128936932440167
Node_4,Motion Sensor,35,3.9706268437624503,0.6768532344176815,0.24928368406703352,76.8,15.105554533938097
Node_4,Motion Sensor,36,3.6705499815914004,1.9422632668335837,0.27908948672365025,79.9,12.740573857649514
Node_4,Motion Sensor,37,4.568813990977049,1.1543175577495663,0.22653137649483412,80.8,11.32156251485535
Node_4,Motion Sensor,38,4.789525553703857,0.7746100030773428,0.20990730256532314,74.9,13.843971812870596
Node_4,Motion Sensor,39,4.60479590618953,1.0936312360401133,0.22086460348748596,79.7,12.57908316743845
Node_4,Motion Sensor,40,4.73640163211883,0.6332420371604972,0.21263470799444012,81.7,12.00971828700962
Node_4,Motion Sensor,41,4.397165526021881,0.8767093904573459,0.22515636197376956,82.8,11.438725647747848
Node_4,Motion Sensor,42,4.671078234462135,0.9810365636756435,0.21794106866747928,84.3,14.22868776646517
Node_4,Motion Sensor,43,4.702277649534929,0.8045505440250095,0.21356438098393526,74.5,10.058164179743075
Node_4,Motion Sensor,44,2.717248846469291,2.336236149015325,0.396128259420691,77.1,10.79557522526912
