Node_ID,Node_Type,Window_ID,mean_IAT,IAT_std,packet_rate,mean_packet_size,packet_size_std,prediction,anomaly_score
Node_5,Camera-like Traffic Generator,1,0.3411571132004019,0.094246560135258,2.824692047367761,1275.3,188.2604873867884,1,0.051850417209310884
Node_5,Camera-like Traffic Generator,2,0.3112928537387,0.0844031020570528,3.3252671654261268,1266.7,129.9872215941928,1,0.05287019924784625
Node_5,Camera-like Traffic Generator,3,0.3793249263310439,0.0847885887365406,2.7180564855972533,1219.8,107.96789646309992,1,0.047593390720130135
Node_5,Camera-like Traffic Generator,4,0.3823892066135536,0.104933454070452,2.632580950786568,1218.9,149.00219983461838,1,0.057003305159584794
Node_5,Camera-like Traffic Generator,5,0.3149915148268757,0.0614249202783814,3.1631721457393334,1302.4,129.82569511121866,1,0.010744534263669336
Node_5,Camera-like Traffic Generator,6,0.3515743553187428,0.0784520673164843,2.7498191524271856,1285.2,111.00430422085245,1,0.04866360142064413
Node_5,Camera-like Traffic Generator,7,0.3734117569268308,0.0896285203505243,2.565538912275956,1191.7,179.55998688151234,1,0.029122433628448685
Node_5,Camera-like Traffic Generator,8,0.3381132632584765,0.1197771228133799,3.022060657103748,1293.1,148.97236880262955,1,0.009468146992389848
Node_5,Camera-like Traffic Generator,9,0.3141825239012234,0.0994910482232592,3.317712921781196,1289.7,132.11531158633943,1,0.024312006065400404
Node_5,Camera-like Traffic Generator,10,0.3532658305690787,0.0909510889127881,2.799750754992069,1260.6,199.19404274894032,1,0.022021693060697844
Node_5,Camera-like Traffic Generator,11,0.3060442883884267,0.084899889798979,3.3312187310456878,1350.1,114.05305782836336,-1,-0.06373535692544163
Node_5,Camera-like Traffic Generator,12,0.3709956889790478,0.0898423764883574,2.729596143515732,1221.9,161.29438235034033,1,0.08919509998041936
Node_5,Camera-like Traffic Generator,13,0.3590577708913881,0.0797432660375263,2.840900348823154,1192.2,175.58967319672684,1,0.052140644731104024
Node_5,Camera-like Traffic Generator,14,0.3247120486098699,0.0813871042478221,3.0089642908916683,1199.3,124.1809164082791,1,0.07272925752470055
Node_5,Camera-like Traffic Generator,15,0.311942376893989,0.0893954369531337,3.1298240265417894,1235.7,175.97982838950605,1,0.05671062690005435
Node_5,Camera-like Traffic Generator,16,0.3154481988976431,0.0791765769705205,3.0463850605928573,1264.0,99.27738916792686,1,0.03422498225042403
Node_5,Camera-like Traffic Generator,17,0.3729971494049974,0.0898849495754458,2.602287366361111,1191.3,142.61217806812056,1,0.07556793042094906
Node_5,Camera-like Traffic Generator,18,0.3593505833390483,0.0755295893680088,2.6886505653422024,1260.1,162.34493456150017,1,0.08179152752882068
Node_5,Camera-like Traffic Generator,19,0.3125698842618843,0.067219176704652,3.170351508762153,1251.4,171.22772361195874,1,0.02319399673929745
Node_5,Camera-like Traffic Generator,20,0.3623327273207325,0.0922711124948215,2.8619226475047026,1248.8,176.30705538286827,1,0.06062884213081998
Node_5,Camera-like Traffic Generator,21,0.3776531493905673,0.1116119703513519,2.56151931330222,1182.5,135.3557042265551,-1,-0.005681251384881736
Node_5,Camera-like Traffic Generator,22,0.3852896196175687,0.0735542299834787,2.6043920504871614,1268.8,113.05239689827212,1,0.04362494482585727
Node_5,Camera-like Traffic Generator,23,0.3379093762322498,0.0758154144990482,2.871185684620708,1245.2,136.53717442513596,1,0.10237015025519203
Node_5,Camera-like Traffic Generator,24,0.3219881828014362,0.094290609957133,3.2113155327287246,1279.1,191.0773258250294,1,0.0018829852572870287
Node_5,Camera-like Traffic Generator,25,0.3246952516997543,0.1059987925146695,3.2244930163571315,1200.1,138.6982736414232,1,0.0230813420961557
Node_5,Camera-like Traffic Generator,26,0.3667663764488794,0.1122311783691004,2.647322604177936,1218.0,133.37332733513267,1,0.041096642659266325
Node_5,Camera-like Traffic Generator,27,0.3559836149861872,0.0882126424695543,2.715337372004592,1309.7,131.67894457522223,1,0.06728671117475538
Node_5,Camera-like Traffic Generator,28,0.3681123152957963,0.0929727453801492,2.618451146083914,1201.1,134.50687714760164,1,0.08395344868338328
Node_5,Camera-like Traffic Generator,29,0.3343087809061374,0.0857092000218948,3.1469865869621043,1279.0,124.98977735976828,1,0.06868574890275686
Node_5,Camera-like Traffic Generator,30,0.3856046627969862,0.0974938248960526,2.488959512032329,1192.8,120.0488789340964,1,0.022452900716764757
Node_5,Camera-like Traffic Generator,31,0.2961010303095562,0.0575656498819116,3.417378465336105,1251.0,163.53524934330756,-1,-0.0451971280798672
Node_5,Camera-like Traffic Generator,32,0.3096548621499583,0.0818102632479857,3.256908726938267,1234.5,137.4119920369236,1,0.060453557968478344
Node_5,Camera-like Traffic Generator,33,0.3275092779763947,0.0976827373175462,2.9532289044307327,1248.0,121.5967835831926,1,0.08151540821991315
Node_5,Camera-like Traffic Generator,34,0.2891250618991121,0.0972443607677887,3.38354692348814,1201.0,159.7191980390029,-1,-0.05663229407363124
Node_5,Camera-like Traffic Generator,35,0.3583044314184442,0.1034179808555906,2.6824985476594216,1267.3,125.2659836774001,1,0.06194265142839894
Node_5,Camera-like Traffic Generator,36,0.3496253591912204,0.079740555660175,2.73970008505552,1239.3,185.32496983527196,1,0.05764756434131896
Node_5,Camera-like Traffic Generator,37,0.3774969853371149,0.1112426452891941,2.6564904403200664,1306.9,141.2794315453519,1,0.021763809214957464
Node_5,Camera-like Traffic Generator,38,0.3715861827545866,0.1022039344122122,2.597442675389973,1257.5,141.02974469553894,1,0.07567960501605081
Node_5,Camera-like Traffic Generator,39,0.3238152731038194,0.0849278080631726,3.1757488005115504,1279.3,156.16519031674974,1,0.07682458783861917
Node_5,Camera-like Traffic Generator,40,0.3254909976646775,0.0810188714847011,3.21570841323529,1257.7,147.25114600572724,1,0.07474639082252665
Node_5,Camera-like Traffic Generator,41,0.3546982557717462,0.0943199838770007,2.716829705304036,1214.1,180.099015976089,1,0.060258179960080704
Node_5,Camera-like Traffic Generator,42,0.3318638432873847,0.0996556435273004,2.925766416085939,1283.4,163.61282210008957,1,0.06763011532998775
Node_5,Camera-like Traffic Generator,43,0.3761765469439112,0.0571789932584837,2.623348174555863,1320.0,172.59844211991663,-1,-0.038916029153414966
Node_5,Camera-like Traffic Generator,44,0.3483519553753281,0.1044126476885939,2.954777613131265,1323.7,92.18104167584808,-1,-0.03773592103366785
Node_5,Camera-like Traffic Generator,45,0.3462391933128234,0.0842699204291025,3.0243352160426324,1283.1,145.86557738776708,1,0.0907592838852721
Node_5,Camera-like Traffic Generator,46,0.3494420826125898,0.0968359317274671,2.8448081510036856,1273.5,153.85725707796678,1,0.09175017965700694
Node_5,Camera-like Traffic Generator,47,0.4229919900063624,0.0761988712078767,2.3758244300588336,1259.0,109.0168182743684,-1,-0.07265462927052424
Node_5,Camera-like Traffic Generator,48,0.3723130841581735,0.0923830351857274,2.7063385514514064,1230.8,148.53267504342455,1,0.10228455222473748
Node_5,Camera-like Traffic Generator,49,0.3753389227320279,0.0897356502621012,2.619786915354482,1186.1,136.90341282979193,1,0.07248443812989258
Node_5,Camera-like Traffic Generator,50,0.360236662106584,0.1099108548525779,2.7226152142192634,1199.0,148.66068747318505,1,0.03523999221304258
Node_5,Camera-like Traffic Generator,51,0.3131134066340807,0.1084935425543198,3.317067075111622,1216.6,187.233187941312,-1,-0.041810529693924625
Node_5,Camera-like Traffic Generator,52,0.3306051380223291,0.0793820840242611,2.926020578706987,1298.7,138.34261013071057,1,0.080002157624802
Node_5,Camera-like Traffic Generator,53,0.3003169696883784,0.076930915929991,3.4309608980731903,1184.2,146.3563383587393,-1,-0.02811464200883873
Node_5,Camera-like Traffic Generator,54,0.3433576085498321,0.0785373750946933,2.978997064524361,1329.2,140.39135775870724,1,0.045996655061577574
Node_5,Camera-like Traffic Generator,55,0.3669638512313211,0.0764244766123493,2.734947506205992,1240.2,163.68316278034763,1,0.08438109688419493
Node_5,Camera-like Traffic Generator,56,0.3014843146113951,0.0793652218116754,3.499044169529106,1170.7,90.71695909071614,-1,-0.08515262349904384
Node_5,Camera-like Traffic Generator,57,0.3394019035824767,0.0947938641909951,3.0210067224776385,1236.1,132.17282457281283,1,0.10169368063287176
Node_5,Camera-like Traffic Generator,58,0.3252501923613527,0.0797037473449912,2.953578572443311,1187.0,166.74198298235777,1,0.05626429084483264
Node_5,Camera-like Traffic Generator,59,0.3592508400551699,0.0923940868137274,2.7740423923801067,1302.6,189.07975977231288,1,0.006626894029279018
Node_5,Camera-like Traffic Generator,60,0.3044355680455879,0.1029758440987346,3.4621890930586576,1269.4,128.95580638342736,-1,-0.028868119767798683
Node_5,Camera-like Traffic Generator,61,0.3640234157150992,0.0674091929292959,2.8255788563017856,1301.9,129.11102027153046,1,0.044883196183269636
Node_5,Camera-like Traffic Generator,62,0.3558010097072679,0.0954000786466002,2.698273016498191,1251.4,115.97336859047522,1,0.08346090810061207
Node_5,Camera-like Traffic Generator,63,0.3154339274270461,0.0601597325309737,3.193063580415876,1176.5,145.90426846242556,-1,-0.005528506759058693
Node_5,Camera-like Traffic Generator,64,0.3093673674237528,0.080393268723479,3.298416062795113,1158.1,71.12656950035542,-1,-0.07703951343430981
Node_5,Camera-like Traffic Generator,65,0.3452430413798736,0.0842638788936633,2.7958076517131207,1225.3,126.38657629141896,1,0.09306557977811242
Node_5,Camera-like Traffic Generator,66,0.376603259801374,0.1020021175308091,2.524472986640297,1238.7,160.38706653315631,1,0.0394758199102887
Node_5,Camera-like Traffic Generator,67,0.3155520909248764,0.0914270714609657,3.0481601719965177,1212.1,135.59617333178036,1,0.07595393750598883
Node_5,Camera-like Traffic Generator,68,0.3360579874806965,0.0635005584965648,3.0389416892861694,1262.7,156.22850074312447,1,0.07210553503633643
Node_5,Camera-like Traffic Generator,69,0.3318342222805942,0.0764760124297398,3.055957680543405,1326.2,161.98271512726288,1,0.036581280029151564
Node_5,Camera-like Traffic Generator,70,0.3634558782924267,0.0919767498887036,2.6852168258849507,1182.2,117.21376483445393,1,0.05020390435589145
Node_5,Camera-like Traffic Generator,71,0.3466739249286686,0.0844700880158039,2.771486928805042,1222.1,193.49099892932145,1,0.021036606213256037
Node_5,Camera-like Traffic Generator,72,0.3599356006729823,0.110969471171559,2.8306871058986367,1311.1,112.85629997676004,1,0.009826127880673441
Node_5,Camera-like Traffic Generator,73,0.3434425285669192,0.0860047344649867,2.848624879090909,1248.5,113.3306372228328,1,0.07629694350393373
Node_5,Camera-like Traffic Generator,74,0.3511957158051081,0.0984652514617944,2.9622903688763804,1310.5,158.56526872062636,1,0.05947253748744635
Node_5,Camera-like Traffic Generator,75,0.4032528056323993,0.0817675186133048,2.3639852653524374,1227.6,136.06060741040696,-1,-0.00012869043888119602
Node_5,Camera-like Traffic Generator,76,0.3371676320461411,0.0889727708821283,2.879775449454211,1213.6,161.88624263832784,1,0.09707533197701573
Node_5,Camera-like Traffic Generator,77,0.3024158300106981,0.0672761282793241,3.268353688002815,1214.3,133.9900908442279,1,0.000649779079417323
Node_5,Camera-like Traffic Generator,78,0.3427525637987959,0.0912253701985161,2.861711390030704,1201.6,132.37589575816958,1,0.08883432273744357
Node_5,Camera-like Traffic Generator,79,0.396677303517491,0.0892772187158213,2.419824052642929,1193.4,109.2654260657658,-1,-0.008258298555058441
Node_5,Camera-like Traffic Generator,80,0.3568253549885801,0.0827460798109175,2.9225646553065654,1257.6,124.33217157634176,1,0.08595232545434445
Node_5,Camera-like Traffic Generator,81,0.3290585660137671,0.1077966976034522,2.979022430033575,1262.8,167.21762267576145,1,0.0508982884247714
Node_5,Camera-like Traffic Generator,82,0.3294944552811437,0.1002106564184949,3.0404463857921264,1183.0,141.24446891825534,1,0.05260836055080109
Node_5,Camera-like Traffic Generator,83,0.3799761288184611,0.0705251370476791,2.624463137891993,1296.7,145.24771943132188,1,0.053084431909700414
Node_5,Camera-like Traffic Generator,84,0.3525849362449732,0.0621398531013021,2.838512033475856,1173.9,138.77755982546714,1,0.021243914165102573
Node_5,Camera-like Traffic Generator,85,0.3454377119595367,0.1093597900452052,2.912060967533592,1314.2,134.1879279220005,1,0.04629267704596546
Node_5,Camera-like Traffic Generator,86,0.3478362065740409,0.1004775592468792,2.907576335550132,1278.7,120.06299272557813,1,0.07517059642876006
Node_5,Camera-like Traffic Generator,87,0.3694570247650485,0.0712587423406795,2.7992070143483625,1151.8,136.3482469430555,1,0.012608898006940261
Node_5,Camera-like Traffic Generator,88,0.3454965669845966,0.1083513700298887,3.020595331813824,1226.1,167.2712036052696,1,0.055382147680670124
Node_5,Camera-like Traffic Generator,89,0.3247673716045022,0.0850836161161699,2.9912666552684604,1334.9,111.69347936801564,1,0.0011666326743403066
Node_5,Camera-like Traffic Generator,90,0.354245910758411,0.0900280662528323,2.71809244738711,1222.2,176.61433187095045,1,0.0666346248623334
Node_5,Camera-like Traffic Generator,91,0.3676235957794465,0.1043803356959131,2.7904048800809176,1230.3,135.81772916506725,1,0.07689717453285194
Node_5,Camera-like Traffic Generator,92,0.4098950324111429,0.0806604228450922,2.450575365193428,1295.4,148.3705571271545,-1,-0.03173595747969804
Node_5,Camera-like Traffic Generator,93,0.3901418404785976,0.1053615267054142,2.517998162323687,1205.0,103.38385861546386,-1,-0.016248832881391007
Node_5,Camera-like Traffic Generator,94,0.3171607571095637,0.0970683886487761,3.242427392086612,1285.0,149.90960239053695,1,0.046412600988698816
Node_5,Camera-like Traffic Generator,95,0.3575346689016849,0.0763625468848094,2.7750243077260426,1247.2,161.0685154419282,1,0.08572464964867554
Node_5,Camera-like Traffic Generator,96,0.2938168607523506,0.0976355337473667,3.292683141225543,1213.0,129.6036693582057,-1,-0.019233127942121397
Node_5,Camera-like Traffic Generator,97,0.332459115742151,0.0835455970333396,3.177897080382858,1298.7,161.45178158749994,1,0.04309664078238823
Node_5,Camera-like Traffic Generator,98,0.4098355758289582,0.0859754927475805,2.43161885309237,1284.3,126.67811351786244,-1,-0.02506967968070617
Node_5,Camera-like Traffic Generator,99,0.3582048065345556,0.0987304480950066,2.8041969965526907,1257.1,142.5657353254592,1,0.09227811291705784
Node_5,Camera-like Traffic Generator,100,0.3768177784554237,0.0854754470861839,2.710981002139323,1231.4,153.3508685625513,1,0.09255728673348529
Node_5,Camera-like Traffic Generator,101,0.3152151336947352,0.0737209799268353,3.184078299585015,1247.8,150.10574050759462,1,0.06778026064921949
Node_5,Camera-like Traffic Generator,102,0.3479236890923416,0.0948103970529836,2.83175171139997,1324.5,130.40982410164588,1,0.06189747038258181
Node_5,Camera-like Traffic Generator,103,0.3372190220354026,0.0908064996482828,3.0057352061035147,1254.1,118.8785094119202,1,0.09229606356027542
Node_5,Camera-like Traffic Generator,104,0.3120316211551834,0.0811329377550815,3.413227619635255,1245.6,156.3956521134779,1,0.02538958134924485
Node_5,Camera-like Traffic Generator,105,0.3415816404120528,0.0766464378371186,2.9506577524719195,1283.9,154.07894801763877,1,0.09062506032353684
Node_5,Camera-like Traffic Generator,106,0.332450687256374,0.0790447824401895,2.914012639323843,1253.6,186.20430834017895,1,0.06308679426692165
Node_5,Camera-like Traffic Generator,107,0.3504685166529271,0.0981154731040405,2.732922329175111,1201.1,108.27685707378924,1,0.047264936554364145
Node_5,Camera-like Traffic Generator,108,0.3808606574420409,0.0660580888904327,2.632984162488,1250.9,150.402016830449,1,0.06069327216936432
Node_5,Camera-like Traffic Generator,109,0.3457715730682974,0.0701991519971748,2.943751781892993,1270.2,139.0689677022799,1,0.0864230501141825
Node_5,Camera-like Traffic Generator,110,0.3903438949592439,0.0705185132584348,2.617201545717668,1175.9,122.81553466705894,1,0.020647963948990378
Node_5,Camera-like Traffic Generator,111,0.3879594591668308,0.0867811087999863,2.5797466077790814,1163.6,137.1561964412189,1,0.033299188483738695
Node_5,Camera-like Traffic Generator,112,0.3538262431671888,0.0868832787290472,2.707990302603914,1205.5,151.47368675046428,1,0.08297094001892841
Node_5,Camera-like Traffic Generator,113,0.3314198034973751,0.0972496900965548,2.971011721392123,1320.5,135.17909930491803,1,0.06511497555592444
Node_5,Camera-like Traffic Generator,114,0.3160837697221668,0.0669130835301558,3.069398386549341,1297.4,125.77864153609973,1,0.021940712292678688
Node_5,Camera-like Traffic Generator,115,0.3947925274381024,0.0637793904870507,2.502817600504035,1166.5,132.23905121660042,-1,-0.01979481979422626
Node_5,Camera-like Traffic Generator,116,0.3733540136128722,0.1053545536132338,2.7684537687030764,1248.6,108.8201370253788,1,0.03437955103881207
Node_5,Camera-like Traffic Generator,117,0.3374421947883457,0.0798885059953756,2.9724514375618893,1241.6,178.45833625184838,1,0.07511583979521819
Node_5,Camera-like Traffic Generator,118,0.3727527420688935,0.0941083138900045,2.6635319361591474,1248.6,158.2229088624302,1,0.09412115622076439
Node_5,Camera-like Traffic Generator,119,0.3432705278281867,0.0976002127467913,2.883386908505324,1232.3,143.75059420167045,1,0.10694083354094225
Node_5,Camera-like Traffic Generator,120,0.3510390124192217,0.0834000741746411,2.742250605967076,1241.4,155.40284567679078,1,0.09905540880671038
Node_5,Camera-like Traffic Generator,121,0.3229662857559018,0.0953116922002826,3.0012305318445907,1274.0,146.370154820654,1,0.09069430280980129
Node_5,Camera-like Traffic Generator,122,0.3115931054313713,0.0633455734525478,3.294948469891881,1258.0,175.05491201969232,1,0.0008628254685787429
Node_5,Camera-like Traffic Generator,123,0.3504461043337147,0.0770998514329551,2.88198580850799,1228.3,139.54214815284703,1,0.09998891005303467
Node_5,Camera-like Traffic Generator,124,0.3408188376238628,0.1035617261191536,3.0557159638040883,1327.6,140.05570320411806,1,0.03747284941372381
Node_5,Camera-like Traffic Generator,125,0.3281744991936248,0.0799828018562594,3.13537979886012,1262.8,126.098550524756,1,0.07844341488091272
Node_5,Camera-like Traffic Generator,126,0.3884904890403777,0.0974426714876417,2.458977759153989,1232.7,148.4894683882403,1,0.03685063082749829
Node_5,Camera-like Traffic Generator,127,0.3240212171289945,0.0790441252741815,3.1680507626170398,1241.7,147.18170931048311,1,0.08183513422706845
Node_5,Camera-like Traffic Generator,128,0.3899705525549384,0.0992946491911861,2.6095474710313105,1182.4,176.83086708930531,-1,-0.003844567141262245
Node_5,Camera-like Traffic Generator,129,0.3254880199553175,0.0725244109717756,3.1794731296616363,1272.4,128.634020037901,1,0.054677361060308904
Node_5,Camera-like Traffic Generator,130,0.3849203440094225,0.0942416080164116,2.613929968804834,1203.3,90.38196722798192,-1,-0.010700495339674654
Node_5,Camera-like Traffic Generator,131,0.3868232477483608,0.0843216140907106,2.653570479030482,1174.6,81.43190747830702,-1,-0.03832849979458297
Node_5,Camera-like Traffic Generator,132,0.365827984301878,0.0807896041643906,2.7320360644030743,1268.1,131.39123089291596,1,0.09386620579074784
Node_5,Camera-like Traffic Generator,133,0.3372175718132661,0.0710516910215405,2.9113330014044503,1211.8,154.93209982297265,1,0.07790980133940639
Node_5,Camera-like Traffic Generator,134,0.3223093199521133,0.0800995449359116,3.1196739345020785,1183.6,114.56701095865247,1,0.04492329284631613
Node_5,Camera-like Traffic Generator,135,0.3399080158884139,0.0866146326827158,2.941142865850008,1279.6,145.81815159071704,1,0.11090661526714518
Node_5,Camera-like Traffic Generator,136,0.2916758399061098,0.0831684508258164,3.45082197696655,1180.9,100.81716123755916,-1,-0.07708916708809377
Node_5,Camera-like Traffic Generator,137,0.3389003435657894,0.0708187588520089,2.93203676258469,1230.0,147.48333239160732,1,0.09452905081014007
Node_5,Camera-like Traffic Generator,138,0.3585443155753254,0.104092325003692,2.6860414778689043,1291.2,159.118264891942,1,0.04346245728387521
Node_5,Camera-like Traffic Generator,139,0.3229515965619699,0.0965523980733949,3.251616116668055,1190.4,107.8807984150408,1,0.00902891627591329
Node_5,Camera-like Traffic Generator,140,0.3771558247579397,0.0814353463847458,2.6849746507262595,1204.1,157.2050677724269,1,0.08134685748083997
Node_5,Camera-like Traffic Generator,141,0.3528525118544606,0.084958160811732,2.8610310696249983,1338.4,128.39799236921286,1,0.03908771253912591
Node_5,Camera-like Traffic Generator,142,0.2944384960131666,0.0907332200144292,3.516022587084154,1273.5,107.19996890546813,-1,-0.07423489616675871
Node_5,Camera-like Traffic Generator,143,0.3479422448470671,0.0639288672212303,2.8151463691255394,1248.0,100.76926339139553,1,0.029129163228765576
Node_5,Camera-like Traffic Generator,144,0.3233743427310583,0.0636199735054326,3.011836679545272,1257.7,148.7115403128561,1,0.0654840682507542
Node_5,Camera-like Traffic Generator,145,0.381380748750798,0.087015338328946,2.617552523506563,1233.5,118.71557980690189,1,0.07729399155105493
Node_5,Camera-like Traffic Generator,146,0.3562152551809009,0.0698419350109986,2.9346189025776908,1335.1,124.65726345998988,-1,-0.004639493218556834
Node_5,Camera-like Traffic Generator,147,0.3213954678734298,0.071823967117259,3.0335057405471177,1222.0,157.16516436185498,1,0.06678408297728411
Node_5,Camera-like Traffic Generator,148,0.3351743434835315,0.0985829352532453,2.8617822609418737,1245.0,128.76507462990284,1,0.08135700963718695
Node_5,Camera-like Traffic Generator,149,0.3410563338382482,0.0895716019539738,2.820326855297233,1268.3,143.00275832615569,1,0.10322496694858935
Node_5,Camera-like Traffic Generator,150,0.3945721010999833,0.0571403503449642,2.507109915515556,1306.2,173.65854107670282,-1,-0.0714789617554531
Node_5,Camera-like Traffic Generator,151,0.3839744185857944,0.0611879297795188,2.607967139700528,1230.8,122.35449408265404,1,0.03422259857101945
Node_5,Camera-like Traffic Generator,152,0.3346619669531986,0.0757864537519447,3.0826927223329887,1238.2,132.1327615191125,1,0.09409227494151562
Node_5,Camera-like Traffic Generator,153,0.3360386649539598,0.0929946721969934,2.890123048357367,1296.6,140.3251779102936,1,0.08924308876845566
Node_5,Camera-like Traffic Generator,154,0.3166274042410676,0.0600041742678408,3.1960846338685363,1266.7,137.83569123335863,1,0.028528966099085062
Node_5,Camera-like Traffic Generator,155,0.3662895368125403,0.0982876034602224,2.751196133538205,1301.8,142.03817953087278,1,0.06519793805141866
Node_5,Camera-like Traffic Generator,156,0.3633594066786295,0.0961406885580041,2.6784228453572543,1257.8,169.2314654220334,1,0.0723192426446363
Node_5,Camera-like Traffic Generator,157,0.3735492582440757,0.0539790707209031,2.653061068919838,1164.9,153.55089637568963,-1,-0.016332562452218147
Node_5,Camera-like Traffic Generator,158,0.3915977938628179,0.0479383912987429,2.5528307089051165,1164.1,90.73704376444668,-1,-0.11768210810870028
Node_5,Camera-like Traffic Generator,159,0.323584494640673,0.0818338463612652,2.966488801556462,1263.4,149.39820019739938,1,0.09794370176914308
Node_5,Camera-like Traffic Generator,160,0.3668350854564229,0.0799160881895473,2.82124108184804,1191.4,108.73433475933696,1,0.0394338465810356
Node_5,Camera-like Traffic Generator,161,0.3328169275470648,0.0865902745210385,2.9641344092537025,1253.6,148.52923393505176,1,0.11197504569731015
Node_5,Camera-like Traffic Generator,162,0.3749461480326086,0.1048153637470612,2.540680686889364,1282.5,123.65745697962038,1,0.017383958608774452
Node_5,Camera-like Traffic Generator,163,0.3664456998941985,0.0880215295695452,2.655256411198423,1249.1,153.2923495952895,1,0.09602627521412754
Node_5,Camera-like Traffic Generator,164,0.3604420329454231,0.0774089496898346,2.7222673063361533,1281.1,133.63835942988493,1,0.08164163523796636
Node_5,Camera-like Traffic Generator,165,0.3734617664516259,0.0995541706818477,2.775048924358551,1329.3,143.9668557535225,1,0.02348344247702383
Node_5,Camera-like Traffic Generator,166,0.343419736813687,0.0907014760030722,2.8716638152299985,1196.6,164.47032829324834,1,0.07847092584466264
Node_5,Camera-like Traffic Generator,167,0.3480859764420584,0.0843237501938004,2.8286489943712585,1276.7,128.00351557672158,1,0.10063066542201593
Node_5,Camera-like Traffic Generator,168,0.3436411681338959,0.0918918735404458,2.833474604760676,1240.1,192.8329443960353,1,0.04939753695064181
Node_5,Camera-like Traffic Generator,169,0.3166112602725125,0.1035602749353453,3.0852284804422347,1311.6,191.695476095696,-1,-0.031732051193248734
Node_5,Camera-like Traffic Generator,170,0.3595502062294114,0.0965177436866761,2.8988037953725505,1231.2,139.2350530577699,1,0.09502656520048741
Node_5,Camera-like Traffic Generator,171,0.3355657704881257,0.1075202052278756,3.1389650398411413,1290.9,189.8346941713003,-1,-0.019201375864229098
Node_5,Camera-like Traffic Generator,172,0.375227740135583,0.0462680986936039,2.6496377038363343,1172.2,166.05741978805605,-1,-0.054537079556165935
Node_5,Camera-like Traffic Generator,173,0.3027398097123511,0.0714440200249131,3.253590213112759,1206.7,146.06547238215546,1,0.009470742447827862
Node_5,Camera-like Traffic Generator,174,0.3618007458112761,0.117530434548212,2.64853129738731,1281.5,102.7318516008221,-1,-0.019835346552775746
Node_5,Camera-like Traffic Generator,175,0.341609937609328,0.0684921569296745,2.8316583962117643,1292.1,142.0832697947072,1,0.07249427080458287
Node_5,Camera-like Traffic Generator,176,0.3449860619734281,0.0953418603293386,2.855803425824694,1303.4,153.95901330476815,1,0.07647044574612993
Node_5,Camera-like Traffic Generator,177,0.3936555127747229,0.0973241242111893,2.612238304858133,1245.7,116.1952858099004,1,0.04557509809240767
Node_5,Camera-like Traffic Generator,178,0.3614053123113282,0.1049646966772763,2.8306632671296077,1293.9,163.01428021972663,1,0.048193301519144915
Node_5,Camera-like Traffic Generator,179,0.3771697101046732,0.0756740702329626,2.5501641561761126,1228.1,146.4782501867693,1,0.0687537540248046
Node_5,Camera-like Traffic Generator,180,0.3442431172910859,0.0813405445830698,3.037219597430341,1259.1,147.0037414489849,1,0.1035597135933059
Node_5,Camera-like Traffic Generator,181,0.3050855860261482,0.088069493610766,3.4209895862981736,1311.1,142.74954757663275,-1,-0.01415464692039281
Node_5,Camera-like Traffic Generator,182,0.3711540978549855,0.077145699961906,2.732450065842825,1235.2,99.54429499808953,1,0.03516755718752884
Node_5,Camera-like Traffic Generator,183,0.3724711872745284,0.1029261022824514,2.7200934715201277,1287.5,140.6297344882021,1,0.06411962249350889
Node_5,Camera-like Traffic Generator,184,0.3223759193950068,0.0873453423861764,3.1299996816631994,1282.3,111.25151684359184,1,0.04569906147665104
Node_5,Camera-like Traffic Generator,185,0.3429844732160506,0.0810599469140434,2.85703539365794,1302.1,166.51689937594253,1,0.06361850753936649
Node_5,Camera-like Traffic Generator,186,0.353954271597562,0.090578599250665,2.9079557803653926,1213.0,138.63381020996766,1,0.09725060863592139
Node_5,Camera-like Traffic Generator,187,0.3484787231941996,0.0725586003503423,2.859139462300972,1345.7,108.1522075595316,-1,-0.04055522894583041
Node_5,Camera-like Traffic Generator,188,0.3517520408041952,0.0664089757680962,2.8412952074281006,1245.5,153.1101636803456,1,0.06996200770813399
Node_5,Camera-like Traffic Generator,189,0.3352041801521929,0.0941720712917791,2.899226193123905,1163.8,112.7236542267071,1,0.026910044083905182
Node_5,Camera-like Traffic Generator,190,0.3610844794838604,0.1026726381332274,2.669882304865,1261.5,159.56903765385618,1,0.07127839483106735
Node_5,Camera-like Traffic Generator,191,0.3654995319289587,0.0915142397417151,2.8023958548534047,1270.6,131.21161872673048,1,0.09351509668454394
Node_5,Camera-like Traffic Generator,192,0.399715189277222,0.0806739661454775,2.453815456400084,1211.4,143.07433965133882,1,0.02763827900753385
Node_5,Camera-like Traffic Generator,193,0.3230221328305104,0.0996925231595857,3.0761674528538663,1311.8,120.1487966370589,1,0.02981337889666691
Node_5,Camera-like Traffic Generator,194,0.3399300933449208,0.0909384477537676,3.08972493356012,1286.2,134.12498317282694,1,0.0869717372179018
Node_5,Camera-like Traffic Generator,195,0.3811763297182004,0.1144647082817645,2.619552323040551,1252.0,168.5632093772409,1,0.011252575891599392
Node_5,Camera-like Traffic Generator,196,0.301403026388031,0.0746282471011163,3.230690890966509,1221.9,114.12804699595588,1,0.008549217576559853
Node_5,Camera-like Traffic Generator,197,0.3435021424456684,0.097428392728254,2.8065246826794383,1156.1,136.44815865375392,1,0.03385247527544066
Node_5,Camera-like Traffic Generator,198,0.3987739453383112,0.0828740536588963,2.575102034256012,1249.3,176.9030180007616,1,0.03194549335675012
Node_5,Camera-like Traffic Generator,199,0.3375449028918413,0.0927710493577221,3.0297527646712776,1264.4,149.48221744854246,1,0.10156172489468507
Node_5,Camera-like Traffic Generator,200,0.3796421270415219,0.0911477088529595,2.51119984382922,1264.4,147.12443712721554,1,0.0529591329452373
Node_5,Camera-like Traffic Generator,201,0.3511008255159203,0.0742979797060762,2.7923250075024564,1223.1,118.2393523512559,1,0.07308731639271876
Node_5,Camera-like Traffic Generator,202,0.3418385459947821,0.0993849275608292,2.8423645174532117,1183.9,108.30250843509272,1,0.021704830622277016
Node_5,Camera-like Traffic Generator,203,0.3366035488026482,0.0842638567753176,2.931651162143837,1248.2,151.0870242240838,1,0.11467194372088585
Node_5,Camera-like Traffic Generator,204,0.353711317983338,0.1018879776241456,2.850367408058064,1303.6,142.21751728328766,1,0.07363469312417514
Node_5,Camera-like Traffic Generator,205,0.3856127133128609,0.0717527631269115,2.609928604215403,1141.1,151.3402715002777,-1,-6.986531714658906e-05
Node_5,Camera-like Traffic Generator,206,0.3301087270226764,0.0954389796295165,3.132842457405228,1171.8,126.13291049964364,1,0.04350181088540617
Node_5,Camera-like Traffic Generator,207,0.3253725839968007,0.0970247055995745,3.1881114664855894,1290.8,157.71267827568235,1,0.05108058598456933
Node_5,Camera-like Traffic Generator,208,0.3383786584792893,0.089187559615506,2.919215578065707,1188.1,147.1978638130021,1,0.08471899590867032
Node_5,Camera-like Traffic Generator,209,0.3626280918454604,0.0899794740034562,2.628112884409026,1151.5,129.94550139706004,1,0.0328572008389178
Node_5,Camera-like Traffic Generator,210,0.343135000453156,0.0918385325058181,3.064027268947469,1310.7,141.43946486826874,1,0.07176155589797328
Node_5,Camera-like Traffic Generator,211,0.3634206150662328,0.0855213885467973,2.868105996325787,1288.2,136.6185281073626,1,0.08383545123421521
Node_5,Camera-like Traffic Generator,212,0.390127155657809,0.0856921398420504,2.505395588614325,1263.6,104.18594488274852,1,0.014002177810197192
Node_5,Camera-like Traffic Generator,213,0.3724919734432538,0.0798071879896056,2.77609845210658,1260.4,149.79778962914563,1,0.09019666171175
Node_5,Camera-like Traffic Generator,214,0.3154646029044141,0.1017530889695603,3.253536914516971,1259.5,174.35484252268736,1,0.01570263743296768
Node_5,Camera-like Traffic Generator,215,0.3376403980103598,0.0983081155682933,2.881070761344683,1234.7,176.55030759279663,1,0.07512213455287403
Node_5,Camera-like Traffic Generator,216,0.3470892800195948,0.0702643573291542,2.993192223706681,1243.9,134.04348382355465,1,0.07601218610571914
Node_5,Camera-like Traffic Generator,217,0.4087921555195128,0.0989863485747569,2.491078925279661,1285.7,131.998358575653,-1,-0.015585661508879523
Node_5,Camera-like Traffic Generator,218,0.3300461676271541,0.1049311028798061,2.9093933700608594,1247.1,158.63966857140255,1,0.06944847008990196
Node_5,Camera-like Traffic Generator,219,0.3322570474435398,0.0600848959904917,3.0185801824231167,1246.2,154.49473202094052,1,0.06725246978534449
Node_5,Camera-like Traffic Generator,220,0.3374966625965382,0.1079623296422599,3.0858664085408587,1241.6,186.08074710846483,1,0.023904892189615612
Node_5,Camera-like Traffic Generator,221,0.361785594574536,0.0929740135124478,2.787624743273398,1232.6,132.20623619515416,1,0.10465935428855155
Node_5,Camera-like Traffic Generator,222,0.3195676476026672,0.0672739501710787,3.16112644825386,1333.8,136.70308457870777,-1,-0.020147706945571664
Node_5,Camera-like Traffic Generator,223,0.3414701392977931,0.0901843245368547,2.9066941478779733,1182.0,132.3782459469833,1,0.07623601764994203
Node_5,Camera-like Traffic Generator,224,0.3850405593789469,0.0582842630809559,2.6100611408169283,1312.5,131.2175885906899,-1,-0.0037799411858221443
Node_5,Camera-like Traffic Generator,225,0.3576975818388794,0.0906792571648562,2.8539853418167027,1340.0,118.28966330345372,1,0.020310042999732214
Node_5,Camera-like Traffic Generator,226,0.3480213524196265,0.0972650574684858,2.781728565693139,1195.5,132.71879210487782,1,0.0855221897104117
Node_5,Camera-like Traffic Generator,227,0.3645701315740396,0.0740718202505784,2.714793689663763,1250.0,122.69021513099116,1,0.08062774929254951
Node_5,Camera-like Traffic Generator,228,0.356932461876887,0.0879627927253766,2.821679387869331,1258.6,126.83252299346918,1,0.09945189368736401
Node_5,Camera-like Traffic Generator,229,0.4008803666997555,0.0840009264375735,2.520543647100668,1289.7,108.49173035561536,-1,-0.007924028503085268
Node_5,Camera-like Traffic Generator,230,0.365521899843081,0.079499199454434,2.825665981056797,1254.9,162.07025225705877,1,0.09157390625941136
Node_5,Camera-like Traffic Generator,231,0.3729182885334249,0.1001831456173519,2.757168086887499,1187.9,111.06499598583405,1,0.01996795981161309
Node_5,Camera-like Traffic Generator,232,0.3232229286842729,0.0664704226100442,3.097251296868212,1222.6,149.8749108052742,1,0.06218315072240921
Node_5,Camera-like Traffic Generator,233,0.3083699538382433,0.0741434175261532,3.1677049680216927,1271.8,151.9611061350166,1,0.03878029885454659
Node_5,Camera-like Traffic Generator,234,0.3075378172806068,0.0774521147526242,3.1843036158209443,1190.6,148.48134937126315,1,0.0278657215575297
Node_5,Camera-like Traffic Generator,235,0.3108667333631696,0.0974182801301982,3.1123419754329547,1270.6,128.7264109997979,1,0.055234182052705305
Node_5,Camera-like Traffic Generator,236,0.3026496336292049,0.0851540003490713,3.2072893844268555,1233.4,139.22260352878527,1,0.04364855423435171
Node_5,Camera-like Traffic Generator,237,0.3651666061421232,0.0801780944592482,2.6668384557975773,1230.8,155.1528278827041,1,0.09804445538987422
Node_5,Camera-like Traffic Generator,238,0.350637226645178,0.0990948516112656,2.776004615424034,1235.8,164.56933695760785,1,0.07913175079793577
Node_5,Camera-like Traffic Generator,239,0.3694093289601295,0.0890833617015396,2.6893057505386526,1267.7,165.9732575513966,1,0.08217481953065503
Node_5,Camera-like Traffic Generator,240,0.3207820378260025,0.102567428036741,3.124055537684184,1331.8,157.76269098448677,1,0.00895804840144343
Node_5,Camera-like Traffic Generator,241,0.3467027165836907,0.1164346864182193,2.7767505648395927,1196.8,102.08689109446588,-1,-0.01737264013209905
Node_5,Camera-like Traffic Generator,242,0.3502286534386603,0.092040874243419,2.930234421052322,1240.5,169.0695123314668,1,0.09343266577781334
Node_5,Camera-like Traffic Generator,243,0.3171769156062828,0.0557609875670231,3.1440403107594976,1261.7,91.80298954221963,-1,-0.05686423915649996
Node_5,Camera-like Traffic Generator,244,0.3726694526352099,0.0824933410502457,2.632659823193786,1227.7,128.45755892295497,1,0.09519282546943303
Node_5,Camera-like Traffic Generator,245,0.3576932755035547,0.0935107785768155,2.8735124925093123,1147.0,132.71774561075094,1,0.038442266138284276
Node_5,Camera-like Traffic Generator,246,0.4021701471220879,0.0619623300477366,2.430321786312274,1297.9,137.82311530041366,-1,-0.0424002713626499
Node_5,Camera-like Traffic Generator,247,0.3371478826801825,0.1073420521270449,3.056298385872437,1203.2,129.1448798830213,1,0.04526830223795003
Node_5,Camera-like Traffic Generator,248,0.3907966981697551,0.0733208895148256,2.488366197463315,1338.7,108.13474105125616,-1,-0.06337933783144134
Node_5,Camera-like Traffic Generator,249,0.3467585355288505,0.0578746927080611,2.853885652386331,1198.2,159.4844471692738,1,0.02048096225833218
Node_5,Camera-like Traffic Generator,250,0.3322637065915342,0.0641865199266407,3.084843550517424,1211.3,161.43113426817985,1,0.04907968323411532
Node_5,Camera-like Traffic Generator,251,0.3729259682521786,0.0740511393078893,2.6460936205133705,1225.6,152.0834566209546,1,0.0866249306839939
Node_5,Camera-like Traffic Generator,252,0.3451273449721218,0.102686614588853,2.810792912385762,1229.0,144.52758291143675,1,0.0917695982545006
Node_5,Camera-like Traffic Generator,253,0.294099132369051,0.0614050973744997,3.463398481149778,1237.3,167.44820094584475,-1,-0.05923561079207307
Node_5,Camera-like Traffic Generator,254,0.3179302263116846,0.0662452616180802,3.2664205643636297,1224.7,99.6695094354894,-1,-0.0103835317425639
Node_5,Camera-like Traffic Generator,255,0.3612456459838883,0.0828746553442313,2.8527517752463964,1251.4,179.34089203401314,1,0.06282770822988687
Node_5,Camera-like Traffic Generator,256,0.3594518838309922,0.0892524732353806,2.6972457371380645,1257.4,98.04103449293284,1,0.05253647887060969
Node_5,Camera-like Traffic Generator,257,0.3828376712598375,0.0591720711815158,2.63386286038792,1316.4,148.40874487561558,1,0.002450263866758562
Node_5,Camera-like Traffic Generator,258,0.3707263034473834,0.0996520476538758,2.704765415326408,1257.1,148.90149614948655,1,0.08987983559799184
Node_5,Camera-like Traffic Generator,259,0.3514523058038853,0.0698325177495531,2.8002284254446628,1251.9,115.9611524989679,1,0.05933491573824373
Node_5,Camera-like Traffic Generator,260,0.3294574626123926,0.0800603090879889,2.9796721926180787,1252.7,135.5769973934451,1,0.10868707433213226
Node_5,Camera-like Traffic Generator,261,0.3584122753071153,0.0997402046526224,2.7209407727693606,1202.6,143.9206571537094,1,0.07211194135216342
Node_5,Camera-like Traffic Generator,262,0.3099339231923739,0.1007906135970176,3.1390595605219334,1227.1,139.99003932820045,1,0.04495928548353745
Node_5,Camera-like Traffic Generator,263,0.3577279189786772,0.1008838861846863,2.670311764813776,1237.5,160.06890877230205,1,0.07430961631690391
Node_5,Camera-like Traffic Generator,264,0.3987886281195412,0.0619752190345804,2.429776046073433,1179.3,150.8318047804684,-1,-0.025626495685700745
Node_5,Camera-like Traffic Generator,265,0.323045534502591,0.0832304032233668,3.25154924548054,1235.1,149.15052054142413,1,0.06721922312432183
Node_5,Camera-like Traffic Generator,266,0.3274524678360534,0.0957447532381367,3.230057444754126,1212.8,115.3938184364021,1,0.04657892781306605
Node_5,Camera-like Traffic Generator,267,0.3212431004150967,0.0883335927671583,3.1726082594075304,1166.0,82.85462503016285,-1,-0.04856215156071597
Node_5,Camera-like Traffic Generator,268,0.3455376556633325,0.0889832611853724,2.873070389874323,1257.9,166.9414068867677,1,0.09543926884652154
Node_5,Camera-like Traffic Generator,269,0.3843552821121944,0.0848694661401091,2.6403726664585303,1182.2,71.76009414090196,-1,-0.03920594677267342
Node_5,Camera-like Traffic Generator,270,0.3909690477416678,0.0629763740539501,2.551743875573614,1217.5,128.7488942778841,1,0.013395289149680079
Node_5,Camera-like Traffic Generator,271,0.3480493145020047,0.1015964514708528,2.916125268828232,1241.9,181.0662555223609,1,0.062137457951944586
Node_5,Camera-like Traffic Generator,272,0.3395234467330238,0.0796337046233002,2.951721650974436,1273.2,141.8675438569372,1,0.10700487888987814
Node_5,Camera-like Traffic Generator,273,0.3368723408311689,0.1135779247888762,3.124091084472679,1261.8,158.19383328337705,1,0.04321979624045691
Node_5,Camera-like Traffic Generator,274,0.3333029415249097,0.0539481126356559,3.019106771130404,1247.1,148.850745528682,1,0.041133342015700625
Node_5,Camera-like Traffic Generator,275,0.3032869998546527,0.0663223828580211,3.359865687482913,1309.7,145.47550385622392,-1,-0.029225213748394818
Node_5,Camera-like Traffic Generator,276,0.3013442141191765,0.0839775947755766,3.244927641929085,1334.9,150.84756838904926,-1,-0.033734733568495545
Node_5,Camera-like Traffic Generator,277,0.3849844713169573,0.0754999275848898,2.6421337466232777,1265.1,111.4873684922796,1,0.044851739640256016
Node_5,Camera-like Traffic Generator,278,0.3310318797498351,0.0919831255761997,2.899810355163269,1306.7,140.15392332083402,1,0.08428167296470418
Node_5,Camera-like Traffic Generator,279,0.3580849752790062,0.0891406920929174,2.7632313728436224,1268.0,127.86364264759202,1,0.09544341347382224
Node_5,Camera-like Traffic Generator,280,0.366656386210461,0.1035207487089125,2.8228977847690637,1244.5,125.17565435996109,1,0.06719685051298341
Node_5,Camera-like Traffic Generator,281,0.3394673272869147,0.1033627115248619,2.8579530917397054,1182.0,192.7848541768777,-1,-0.009169135117695904
Node_5,Camera-like Traffic Generator,282,0.3390915420518889,0.0880517922416508,3.0802944672436787,1222.3,126.6719735730398,1,0.08728638897530072
Node_5,Camera-like Traffic Generator,283,0.3898336561630198,0.0882050907600731,2.5305504435675297,1229.5,167.64728184826353,1,0.04717252216541473
Node_5,Camera-like Traffic Generator,284,0.3472184376267684,0.0719244455415951,2.945649374507706,1271.1,132.09798551748537,1,0.08694051952636844
Node_5,Camera-like Traffic Generator,285,0.4374323709386171,0.0613327919420119,2.2881925100402065,1233.5,130.4703031344681,-1,-0.11553348192520774
Node_5,Camera-like Traffic Generator,286,0.3065406586836777,0.0864427717974024,3.4578806900567463,1170.0,143.09980976771269,-1,-0.02937537319754535
Node_5,Camera-like Traffic Generator,287,0.3518661597990982,0.0866655255944565,2.8896585009849614,1292.3,156.6305277467398,1,0.09341766010229663
Node_5,Camera-like Traffic Generator,288,0.3822263689239249,0.0787558539893959,2.700482335300448,1250.7,181.3652239114336,1,0.04699034899033694
Node_5,Camera-like Traffic Generator,289,0.3742996832927726,0.0969766948486906,2.730131345138388,1265.6,159.84867844308252,1,0.08751814548204445
Node_5,Camera-like Traffic Generator,290,0.3514063737450729,0.0880590110787524,2.9219249026576293,1200.9,146.51541443365835,1,0.08842184282396326
Node_5,Camera-like Traffic Generator,291,0.366942922817382,0.1025877827701867,2.7686508941647823,1239.5,150.94240991554068,1,0.08642907398809757
Node_5,Camera-like Traffic Generator,292,0.3227941694519646,0.0889934611139737,3.240459012353187,1243.6,163.77708427412344,1,0.05582558779138003
Node_5,Camera-like Traffic Generator,293,0.3824060180620718,0.0644747117047907,2.663119946027075,1325.1,142.06293597479174,1,0.010033598799474741
Node_5,Camera-like Traffic Generator,294,0.3347048071513018,0.0966545220314188,3.1392692805326265,1188.7,132.4034658828,1,0.06714710880235747
Node_5,Camera-like Traffic Generator,295,0.3917285113412547,0.0810971415151437,2.527287076748976,1241.3,127.88801524945347,1,0.05706780225437047
Node_5,Camera-like Traffic Generator,296,0.327240623401115,0.1006043593977548,3.1828007349126515,1284.9,178.90683484863163,1,0.013077690384089846
Node_5,Camera-like Traffic Generator,297,0.3735952909342637,0.1052270344996336,2.722690953730686,1232.6,140.2364669644336,1,0.0798136369450474
Node_5,Camera-like Traffic Generator,298,0.386558980524375,0.1094471590988083,2.6577259986514346,1153.6,150.74201655661753,-1,-0.020102702542132755
Node_5,Camera-like Traffic Generator,299,0.3905786194599243,0.0631031570169354,2.4655862833880176,1250.4,155.42929796748962,1,0.009594611988560597
Node_5,Camera-like Traffic Generator,300,0.3635859570783457,0.0739767406258306,2.72154705725361,1233.6,149.6701558613325,1,0.09437203062923188
Node_5,Camera-like Traffic Generator,301,0.2864370737628609,0.060971240460343,3.612447143610096,1256.6,176.28524864233222,-1,-0.12612672934107028
Node_5,Camera-like Traffic Generator,302,0.336412223532438,0.0609730398744691,2.97029714323203,1211.9,174.0628558244917,1,0.023335142170049394
Node_5,Camera-like Traffic Generator,303,0.2874292373673102,0.0836577688715617,3.3665308743710343,1274.4,107.6116474489015,-1,-0.046537418120295326
Node_5,Camera-like Traffic Generator,304,0.3602528122206212,0.0928245641556071,2.7109712050246446,1209.9,135.5306033501085,1,0.09168951372711526
Node_5,Camera-like Traffic Generator,305,0.3677324361854633,0.0656182136003584,2.766333793894229,1239.5,165.351645491258,1,0.056016063587114084
Node_5,Camera-like Traffic Generator,306,0.3101552811119173,0.0650994992764062,3.2425013085358763,1229.7,117.70495127884618,1,0.018021950429948197
Node_5,Camera-like Traffic Generator,307,0.3027905495934615,0.0865501325921973,3.350095789799554,1229.0,148.76827618817126,1,0.032175632973062585
Node_5,Camera-like Traffic Generator,308,0.3298846034220887,0.0845330974476175,3.012468668911313,1190.5,130.56820269711747,1,0.07965790484183949
Node_5,Camera-like Traffic Generator,309,0.3345051459008516,0.0962217199414478,3.0530597846864507,1219.6,123.60888137814192,1,0.0817071001274639
Node_5,Camera-like Traffic Generator,310,0.3168359183788559,0.0940355905490077,3.038538017126156,1197.0,138.24133487009834,1,0.07068782867011464
Node_5,Camera-like Traffic Generator,311,0.3337157190927,0.0984862339255537,2.9116994644789087,1201.3,136.18210846754675,1,0.08204638892132121
Node_5,Camera-like Traffic Generator,312,0.3905987985533762,0.0976755942238331,2.6308113024418414,1326.3,163.31772034221447,-1,-0.0021121681823713656
Node_5,Camera-like Traffic Generator,313,0.3627210269343369,0.0766207118988927,2.722763319138648,1275.8,163.7734207169568,1,0.07809252329852928
Node_5,Camera-like Traffic Generator,314,0.3622657462195237,0.0799677063358252,2.659001381704053,1192.6,118.1526319827216,1,0.06029211512111354
Node_5,Camera-like Traffic Generator,315,0.3897458847921729,0.0829698498226267,2.5640975718648784,1211.6,142.26048096518036,1,0.06321144169928311
Node_5,Camera-like Traffic Generator,316,0.3103988786522919,0.0719095655336798,3.125358301146932,1284.2,182.44987134979172,1,0.006531502847812065
Node_5,Camera-like Traffic Generator,317,0.3613779659585437,0.088058754620467,2.8391615931645022,1228.1,123.59831893858608,1,0.0873505196247169
Node_5,Camera-like Traffic Generator,318,0.3323013501407925,0.1097781240120555,3.06956333839764,1196.7,73.30158403624182,-1,-0.06579372390037797
Node_5,Camera-like Traffic Generator,319,0.3927187034235947,0.079790236039381,2.4964166278275584,1279.3,161.31614922257475,1,0.029946720543540806
Node_5,Camera-like Traffic Generator,320,0.3626377344317673,0.090184532783441,2.855504915839888,1262.7,116.00387924548042,1,0.07415980619732826
Node_5,Camera-like Traffic Generator,321,0.3626576798610795,0.0816637551170408,2.804804392239628,1233.6,173.60440342597562,1,0.08171125020715025
Node_5,Camera-like Traffic Generator,322,0.365072375701711,0.0786022744701788,2.7596915261216424,1272.1,147.3781606012988,1,0.09361015180319426
Node_5,Camera-like Traffic Generator,323,0.3500473385044749,0.0817016489945014,2.860248868096688,1246.8,148.6276480934075,1,0.10386784108298364
Node_5,Camera-like Traffic Generator,324,0.3590369526197893,0.1092365158963992,2.910331033866413,1278.3,136.9858467952884,1,0.06083672172855664
Node_5,Camera-like Traffic Generator,325,0.3447193548677373,0.108378550195961,2.784055265147822,1208.4,196.7594131589812,-1,-0.00623689572603181
Node_5,Camera-like Traffic Generator,326,0.3616366821512054,0.1030711575989303,2.877104628742774,1266.6,136.74323058605538,1,0.08241363653513595
Node_5,Camera-like Traffic Generator,327,0.4226822539981111,0.050024746012199,2.32101311183268,1273.8,152.12261136625577,-1,-0.11515890747136981
Node_5,Camera-like Traffic Generator,328,0.3023630763343462,0.1005910116317211,3.289524522274723,1161.8,99.33646527501033,-1,-0.07099943474732362
Node_5,Camera-like Traffic Generator,329,0.3260708531488211,0.096106355482373,3.167351937468533,1359.0,143.36356270374668,-1,-0.0282978858721451
Node_5,Camera-like Traffic Generator,330,0.3555652250961227,0.0881395105061282,2.909604858266632,1260.7,165.772300326549,1,0.0880655659958543
Node_5,Camera-like Traffic Generator,331,0.3270605422955818,0.07592111876344,3.061502227843216,1192.0,133.7643034927065,1,0.0668854212092424
Node_5,Camera-like Traffic Generator,332,0.3336027679255065,0.0833173198961148,3.065504056756355,1229.5,140.19133750382406,1,0.10708493298792776
Node_5,Camera-like Traffic Generator,333,0.3706974509313637,0.0853012304465903,2.5697820582600626,1335.1,113.40042132000902,-1,-0.011645452123714817
Node_5,Camera-like Traffic Generator,334,0.3219805364034827,0.0950335674313635,3.1218080729475783,1221.9,133.0767948717331,1,0.08543166091651078
Node_5,Camera-like Traffic Generator,335,0.3594981359422897,0.0933141476709773,2.857894378089612,1304.7,162.5580580045856,1,0.06276944828967174
Node_5,Camera-like Traffic Generator,336,0.3678386676826129,0.101630305676172,2.7598334984090767,1341.3,138.49833532894496,1,0.0049372377397237655
Node_5,Camera-like Traffic Generator,337,0.3132487210622183,0.0729176829395313,3.273340153259837,1274.4,102.34060777619018,1,0.005922384885911347
Node_5,Camera-like Traffic Generator,338,0.3570948469944276,0.0893879148835015,2.8433798609280103,1192.5,138.01871853725737,1,0.08932317330776479
Node_5,Camera-like Traffic Generator,339,0.3437197464004021,0.0938104506827034,2.8390477055620056,1228.4,193.694604984238,1,0.03702393909193291
Node_5,Camera-like Traffic Generator,340,0.385292264495458,0.0845647668925457,2.5941815012356515,1257.4,112.4990864160436,1,0.05427222646569052
Node_5,Camera-like Traffic Generator,341,0.3311482562878665,0.0977470544314095,3.069753130376205,1255.6,142.66760124304483,1,0.09561319916477434
Node_5,Camera-like Traffic Generator,342,0.3376262000672445,0.093482934113063,3.0042835645649184,1216.0,150.08145936272223,1,0.09618254572667262
Node_5,Camera-like Traffic Generator,343,0.2953070179741914,0.1001318593575454,3.27287274901672,1217.6,127.18420586779722,-1,-0.018173028435581107
Node_5,Camera-like Traffic Generator,344,0.3009747070099043,0.1023772957632434,3.3079374126850496,1214.1,148.62514367809146,-1,-0.011916918066153581
Node_5,Camera-like Traffic Generator,345,0.3640263317289871,0.0733140954147911,2.726197289854956,1193.5,152.94098353431772,1,0.0625912747714138
Node_5,Camera-like Traffic Generator,346,0.3576821074574475,0.0713947644809648,2.838411768816992,1291.8,112.07616457867688,1,0.03836979423032788
Node_5,Camera-like Traffic Generator,347,0.3165835317835572,0.0825332710277401,3.163443639627833,1295.6,155.04708962118573,1,0.04811395916991146
Node_5,Camera-like Traffic Generator,348,0.3876868786442427,0.0846450062615949,2.465069926329415,1236.2,153.46284385623918,1,0.04079170917880859
Node_5,Camera-like Traffic Generator,349,0.4270693656314199,0.0378296231875793,2.3056611195039407,1273.9,146.83963285767837,-1,-0.14113249611744672
Node_5,Camera-like Traffic Generator,350,0.3609337319234749,0.0756605777106907,2.6993743430103634,1234.7,184.93785743084385,1,0.047552417343256215
Node_5,Camera-like Traffic Generator,351,0.3893825167308309,0.0561136912580808,2.5491168825161297,1233.0,112.23685273167236,-1,-0.010245293362242891
Node_5,Camera-like Traffic Generator,352,0.3680010508478774,0.0848288675738479,2.7020189340337444,1149.2,135.394731556783,1,0.04511549114213298
Node_5,Camera-like Traffic Generator,353,0.3454443697672275,0.0832808249226059,3.0445501006632902,1234.8,135.76106461967166,1,0.10604731320140204
Node_5,Camera-like Traffic Generator,354,0.3763439632558788,0.0880646439710273,2.669079303054458,1224.7,140.7519883419848,1,0.10034445508675471
Node_5,Camera-like Traffic Generator,355,0.3847987953288455,0.0901424174288921,2.685626304425365,1252.7,116.16563844595164,1,0.05921520334145047
Node_5,Camera-like Traffic Generator,356,0.3426985999265518,0.0955943770524175,2.921986500036247,1309.4,127.48350655847383,1,0.07786637314973516
Node_5,Camera-like Traffic Generator,357,0.3227332040755114,0.0802369889671883,3.0222766229055984,1159.7,123.74530294116218,1,0.030004370254835377
Node_5,Camera-like Traffic Generator,358,0.3969861650360967,0.0848287291051797,2.5827373969006344,1207.1,168.874345134021,1,0.0445538375959898
Node_5,Camera-like Traffic Generator,359,0.4012334866941347,0.0562461710901585,2.462233060426313,1285.9,157.125887251097,-1,-0.03920167569383515
Node_5,Camera-like Traffic Generator,360,0.3776450193649294,0.07718018624609,2.645984821032332,1297.4,126.23452600440008,1,0.0528926676973378
Node_5,Camera-like Traffic Generator,361,0.3429597690553205,0.1031511096076712,2.923038024712541,1193.7,168.43597530746743,1,0.05543844848366797
Node_5,Camera-like Traffic Generator,362,0.3585171963546852,0.0728395285270952,2.9146852925086284,1201.9,100.18588279349098,1,0.016229412477505645
Node_5,Camera-like Traffic Generator,363,0.4139950050518359,0.0997099882354489,2.465063566428211,1282.5,136.98763123403188,-1,-0.04177127077336129
Node_5,Camera-like Traffic Generator,364,0.3747719460269273,0.0592663357485054,2.6982868133291817,1223.5,163.55104537863537,1,0.029828368460882826
Node_5,Camera-like Traffic Generator,365,0.3128969456791705,0.0878779362189217,3.250017893392232,1224.1,133.55768624663858,1,0.06291629638129076
Node_5,Camera-like Traffic Generator,366,0.3378522845634336,0.074213971752147,3.080019844520078,1259.0,159.99513881504166,1,0.0888922163519501
Node_5,Camera-like Traffic Generator,367,0.3323982704145762,0.0951168267007863,3.133023587038699,1190.5,160.36157062505134,1,0.06110725655551519
Node_5,Camera-like Traffic Generator,368,0.3558262583155743,0.0864478804963271,2.932534949325685,1278.4,164.0888648128067,1,0.09136436167506956
Node_5,Camera-like Traffic Generator,369,0.3616025512787121,0.067469896115683,2.755166451996415,1287.9,158.18515873635064,1,0.04523076204869697
Node_5,Camera-like Traffic Generator,370,0.332529959732068,0.1107205203888825,2.9184611269676246,1248.2,171.4200818003668,1,0.039433082237425365
Node_5,Camera-like Traffic Generator,371,0.3895042460440915,0.0911149917191941,2.5313879048541312,1300.2,141.0049644516107,1,0.026663905178400893
Node_5,Camera-like Traffic Generator,372,0.384001469087157,0.1023644560713621,2.521623984123736,1277.8,137.84113238717163,1,0.03248509787680093
Node_5,Camera-like Traffic Generator,373,0.3834881598692641,0.0920534424921178,2.61956945505449,1185.8,134.52368647276293,1,0.06764990256732328
Node_5,Camera-like Traffic Generator,374,0.2911898711821293,0.0939162145226792,3.377519612661717,1307.5,153.2095514864092,-1,-0.05616304016092011
Node_5,Camera-like Traffic Generator,375,0.3046930305157881,0.0693022206100218,3.3479854312792,1210.5,145.59475723161646,1,0.008932398089906812
Node_5,Camera-like Traffic Generator,376,0.3571137526129007,0.0947665962551169,2.6751282394984925,1262.7,153.55060693103394,1,0.0797105215986268
Node_5,Camera-like Traffic Generator,377,0.3933916757416055,0.0825223963767445,2.561824086205277,1206.1,126.5512193189426,1,0.05553981920091572
Node_5,Camera-like Traffic Generator,378,0.3262051824654766,0.07853901835984,3.20495792250561,1182.2,126.46545422015892,1,0.02953227024582067
Node_5,Camera-like Traffic Generator,379,0.3494843965299345,0.1076387676665847,2.8380946267114995,1242.1,199.9685808654283,-1,-0.005451716924302574
Node_5,Camera-like Traffic Generator,380,0.3751166641349873,0.0904365732635721,2.6612746040889474,1224.1,131.09152866943344,1,0.09396619107338683
Node_5,Camera-like Traffic Generator,381,0.2986460716871949,0.0797259634905272,3.250692103503011,1205.7,163.32452357193637,1,0.0009940435535739645
Node_5,Camera-like Traffic Generator,382,0.3348279460083935,0.1046191677050113,3.029838610718388,1237.9,157.3576605486156,1,0.07348944146539066
Node_5,Camera-like Traffic Generator,383,0.3455336886603068,0.0960722391779316,2.7940981313654225,1264.1,122.73046348265235,1,0.08747747901303626
Node_5,Camera-like Traffic Generator,384,0.3537143130038235,0.1080924244691901,2.945487856844615,1161.7,175.70685814731308,-1,-0.020895613433431492
Node_5,Camera-like Traffic Generator,385,0.36696135855285,0.0708345379831168,2.6203392808090955,1260.6,129.1417825492586,1,0.06919103687428257
Node_5,Camera-like Traffic Generator,386,0.3184531352981786,0.0705904068417318,3.114691689483887,1240.5,122.09490843874968,1,0.05464194095287678
Node_5,Camera-like Traffic Generator,387,0.3933835575813482,0.0717926541809276,2.564933026305692,1207.9,140.04638120597366,1,0.038793423746494915
Node_5,Camera-like Traffic Generator,388,0.3347114999595244,0.1068889937830063,3.036487292317363,1334.1,120.04392714520984,-1,-0.0008930054052516123
Node_5,Camera-like Traffic Generator,389,0.3606219633782498,0.1075672683677663,2.8054096820813794,1318.8,124.9833766724377,1,0.01991483486517709
Node_5,Camera-like Traffic Generator,390,0.3365795831859394,0.1010533706707939,2.985370713168036,1285.1,144.8519934277744,1,0.08030772206015652
Node_5,Camera-like Traffic Generator,391,0.3304800257306221,0.0615358135028386,3.0073575277306537,1268.1,158.54438565342582,1,0.06313905269419007
Node_5,Camera-like Traffic Generator,392,0.3483479534979877,0.0866043444487677,2.962146835902752,1282.4,134.39841268903936,1,0.0996923193148403
Node_5,Camera-like Traffic Generator,393,0.360350070446374,0.0723176427918033,2.670819053838693,1227.7,117.02236253525793,1,0.06705656522376796
Node_5,Camera-like Traffic Generator,394,0.3441154457742595,0.0497118778069743,2.9414356105085107,1242.9,155.66663097786886,1,0.010011995084486747
Node_5,Camera-like Traffic Generator,395,0.3791599843099654,0.0753787492653844,2.6451100027614274,1198.1,186.6889570024608,1,0.02226689327900855
Node_5,Camera-like Traffic Generator,396,0.3274857716161148,0.1152306313758957,2.9332764992345783,1250.5,174.410913267108,1,0.019985837701028297
Node_5,Camera-like Traffic Generator,397,0.4016318997368276,0.0711723514831148,2.3933974861314744,1230.6,113.66930593221336,-1,-0.02816576223286371
Node_5,Camera-like Traffic Generator,398,0.3901608907129337,0.0798632570162165,2.597178095651503,1230.4,157.92558022337258,1,0.07596925560385709
Node_5,Camera-like Traffic Generator,399,0.3345621858840751,0.0702919655557861,2.9371716644273027,1240.8,110.963257182026,1,0.06376781852107033
Node_5,Camera-like Traffic Generator,400,0.3434864328105724,0.1011626192867094,2.919379038496704,1317.7,163.16321072267894,1,0.04456831127850108
Node_5,Camera-like Traffic Generator,401,0.3197943318930705,0.0739650198405699,3.036512274663289,1228.7,140.38205804953216,1,0.0903854610549591
Node_5,Camera-like Traffic Generator,402,0.3660653107641441,0.104727073836497,2.757493257755069,1295.0,120.87826750725525,1,0.035393786771014735
Node_5,Camera-like Traffic Generator,403,0.3891452346660598,0.0943255324362093,2.6377224684879086,1211.9,91.02923828211584,-1,-0.01070542846776723
Node_5,Camera-like Traffic Generator,404,0.3006831527452642,0.0721634623337845,3.251927133406265,1313.2,161.90312604215592,-1,-0.02399159867486178
Node_5,Camera-like Traffic Generator,405,0.2976347334115071,0.0807310527977833,3.4183646931227702,1316.6,192.87485868072883,-1,-0.09134807417415003
Node_5,Camera-like Traffic Generator,406,0.3774934909484402,0.0917947261122544,2.636296703644692,1272.4,154.90441497187155,1,0.0892708338130353
Node_5,Camera-like Traffic Generator,407,0.3289174125549161,0.0779181998407011,3.1060231584963294,1281.7,148.4759988086365,1,0.08276633596077354
Node_5,Camera-like Traffic Generator,408,0.3828403626528845,0.0888137652472971,2.691381743585115,1222.8,164.18539656267984,1,0.07004166647333504
Node_5,Camera-like Traffic Generator,409,0.385973211229272,0.1055697979814152,2.4747568096155947,1276.6,121.66182638773758,-1,-0.0006733441033801579
Node_5,Camera-like Traffic Generator,410,0.3227582377493387,0.0897423972075056,3.022492294049956,1305.1,154.87876979538976,1,0.06795150450735044
Node_5,Camera-like Traffic Generator,411,0.3646920438730786,0.10673696471875,2.8583937887678124,1249.9,143.10714711556358,1,0.07335884474383436
Node_5,Camera-like Traffic Generator,412,0.3583008188924855,0.0975242658309518,2.676245701035984,1236.0,112.84404183552527,1,0.06794822405096312
Node_5,Camera-like Traffic Generator,413,0.36639803646279,0.0873050454073221,2.820542181964921,1320.5,93.07255234493142,-1,-0.02555169829636139
Node_5,Camera-like Traffic Generator,414,0.3652491857509393,0.0909321149769728,2.850891969029812,1288.3,170.47844438520667,1,0.05850075304308311
Node_5,Camera-like Traffic Generator,415,0.3101846874383708,0.0850217007419564,3.252634582648362,1278.3,161.83259526093278,1,0.0459506433815296
Node_5,Camera-like Traffic Generator,416,0.3182677187802668,0.0955172646801328,3.0310760490147466,1208.7,175.72646041188244,1,0.03976638106724112
Node_5,Camera-like Traffic Generator,417,0.3369248589488607,0.078126468984178,2.8916189040469984,1247.0,159.63708842245902,1,0.10054890179990661
Node_5,Camera-like Traffic Generator,418,0.3851070836925393,0.1144186281854314,2.6814937474805154,1220.6,146.1538002698983,1,0.01907638434495984
Node_5,Camera-like Traffic Generator,419,0.3484171733200171,0.0981084256079466,2.853233038441413,1339.1,138.5580103141721,1,0.027552794049290674
Node_5,Camera-like Traffic Generator,420,0.2856460464689206,0.0522794031559318,3.4940586113617003,1256.8,69.30736693246332,-1,-0.18842593278144215
Node_5,Camera-like Traffic Generator,421,0.3192463812743957,0.0802986693197897,3.3049936445713013,1252.3,123.54041174179945,1,0.05066723311636051
Node_5,Camera-like Traffic Generator,422,0.4075293212025254,0.0692423885131655,2.455775204324978,1328.3,158.88503880339255,-1,-0.05596406353938088
Node_5,Camera-like Traffic Generator,423,0.3071417508916471,0.0863860560393629,3.1733898496979425,1189.6,103.7584802424468,1,0.008761580618061926
Node_5,Camera-like Traffic Generator,424,0.3370137112823824,0.0960252779340312,2.9733599531047887,1262.1,157.52421330632882,1,0.09820486725063826
Node_5,Camera-like Traffic Generator,425,0.3217112880915799,0.0895811092256254,3.0209306989491607,1288.6,182.63454705443263,1,0.03923843284728029
Node_5,Camera-like Traffic Generator,426,0.333879346223066,0.0913203681832964,3.0451849626380207,1302.0,185.78841011573712,1,0.033190901493171
Node_5,Camera-like Traffic Generator,427,0.3424776093104312,0.1088934787848544,2.808109899574935,1245.4,162.32902116107,1,0.06753236462779105
Node_5,Camera-like Traffic Generator,428,0.3925848047683914,0.0833975833293717,2.5957622439078114,1235.1,139.01754485595612,1,0.07969675447689673
Node_5,Camera-like Traffic Generator,429,0.3870971559187525,0.0638766786586774,2.588279274392701,1212.5,151.42746705197766,1,0.03485647432130595
Node_5,Camera-like Traffic Generator,430,0.3723412261034155,0.08970637919995,2.6770685101921625,1232.0,146.60604807897025,1,0.10434589800024247
Node_5,Camera-like Traffic Generator,431,0.3385857966139776,0.0653778098811427,2.9176829880993096,1252.7,163.62154843146766,1,0.08039068228349067
Node_5,Camera-like Traffic Generator,432,0.3840493748997201,0.1006560983489626,2.689718896220538,1248.9,173.77856280015925,1,0.04109735180275459
Node_5,Camera-like Traffic Generator,433,0.3427889896005376,0.1146736505681966,2.797041446863217,1265.1,163.04086059090284,1,0.05121219435899027
Node_5,Camera-like Traffic Generator,434,0.4106742665723978,0.0860924051602326,2.435397835304218,1275.2,117.98568651417942,-1,-0.020653803685704797
Node_5,Camera-like Traffic Generator,435,0.4336167835897912,0.0587050633075208,2.3279041902116053,1212.5,146.59107900702705,-1,-0.1098606188774478
Node_5,Camera-like Traffic Generator,436,0.3285171229860585,0.0874681750607387,3.046971375471446,1267.4,171.35097185471565,1,0.08286132094066334
Node_5,Camera-like Traffic Generator,437,0.3220538252213785,0.1082993629727468,3.0449962010851848,1145.0,97.60236791298776,-1,-0.0551983350562687
Node_5,Camera-like Traffic Generator,438,0.3604645014060973,0.1047807925144069,2.8657902876180086,1232.4,161.31074221996363,1,0.0698964718238011
Node_5,Camera-like Traffic Generator,439,0.3603704451437486,0.0852998710938404,2.778245068475091,1268.5,188.84988159323208,1,0.0317575821125709
Node_5,Camera-like Traffic Generator,440,0.3182316357181961,0.0918061144626721,3.141879743126396,1227.6,111.65243690429094,1,0.051057367405855536
Node_5,Camera-like Traffic Generator,441,0.3228232889228024,0.0844637378694815,3.1507880644101345,1249.3,171.39496297538426,1,0.06430355398930143
Node_5,Camera-like Traffic Generator,442,0.3648158583157463,0.1010679614532212,2.828197336151053,1260.9,138.13717015263407,1,0.09053957768952364
Node_5,Camera-like Traffic Generator,443,0.3259286252407451,0.0787197515196553,3.171021365192151,1302.1,163.4975025293455,1,0.03689499191489076
Node_5,Camera-like Traffic Generator,444,0.3152808583812757,0.0923081246732568,3.083830591434208,1246.0,150.99668870541498,1,0.08702403449406038
Node_5,Camera-like Traffic Generator,445,0.3400486878401937,0.0834749673760069,2.8371943389400625,1300.8,132.97351448899724,1,0.08453405522938601
Node_5,Camera-like Traffic Generator,446,0.3755202697881999,0.0947965933853134,2.638075683339947,1294.6,146.14695800232496,1,0.06612160145893892
Node_5,Camera-like Traffic Generator,447,0.3500254160119531,0.1294632710742367,2.727364950244128,1258.1,181.93860380786575,-1,-0.03969667719401049
Node_5,Camera-like Traffic Generator,448,0.3596160050860747,0.0844279488351827,2.8946422571633867,1307.5,153.9742041887392,1,0.06625400355599936
Node_5,Camera-like Traffic Generator,449,0.402069831281206,0.0716013541307766,2.426648417850417,1193.4,121.32527445764228,-1,-0.026331750579252744
Node_5,Camera-like Traffic Generator,450,0.3418523910827277,0.1079131776459733,2.8560091349662926,1317.1,179.43767101079354,1,0.0011882630524814863
Node_5,Camera-like Traffic Generator,451,0.3789694276715049,0.1202053517762219,2.727201649276638,1260.9,147.41886657487984,-1,-0.0023245742527412405
Node_5,Camera-like Traffic Generator,452,0.3254761615347641,0.0760227566169266,2.9580083081573,1241.1,164.8254632431935,1,0.08297089940964436
Node_5,Camera-like Traffic Generator,453,0.3887890265304025,0.089054912180806,2.510633023432013,1235.8,130.52611488382954,1,0.05272811609219946
Node_5,Camera-like Traffic Generator,454,0.3649488049690637,0.0907247899300792,2.632298988004585,1272.8,122.47521291174708,1,0.07521697335641486
Node_5,Camera-like Traffic Generator,455,0.4014456928114948,0.0767920439317743,2.4680894931058197,1254.1,175.66726755115445,-1,-0.005301886118172838
Node_5,Camera-like Traffic Generator,456,0.3707287437514426,0.0807438767836788,2.7217063393929823,1358.9,120.76556720449013,-1,-0.03577111735783001
Node_5,Camera-like Traffic Generator,457,0.3413188773731463,0.1118267480651008,2.8540819452525192,1238.9,128.36618627106506,1,0.05398869889045449
Node_5,Camera-like Traffic Generator,458,0.3991815301674358,0.0794497580782056,2.54224090962965,1165.0,120.66390420410644,1,0.0020886877669744064
Node_5,Camera-like Traffic Generator,459,0.3634110092023173,0.0686579226828767,2.7628043195401406,1156.4,149.61075421833075,1,0.016731194491645507
Node_5,Camera-like Traffic Generator,460,0.3817869690180823,0.0848329714420896,2.63116808056152,1205.2,143.7619946686575,1,0.0845822003874393
Node_5,Camera-like Traffic Generator,461,0.3870275921024289,0.0677833923922956,2.62729056579166,1276.5,160.05710786396764,1,0.045311829555895744
Node_5,Camera-like Traffic Generator,462,0.3524238926549557,0.088229317639867,2.901683828145512,1162.3,140.00638874311733,1,0.05782009450528319
Node_5,Camera-like Traffic Generator,463,0.3554533239643604,0.0915996146027549,2.92805002853532,1278.7,150.44456343340116,1,0.10311518015217847
Node_5,Camera-like Traffic Generator,464,0.3235483237310702,0.0782512224663889,3.030100786460704,1233.1,127.58130305373469,1,0.08888828821520944
Node_5,Camera-like Traffic Generator,465,0.3702757332257254,0.0854537787654842,2.597844061146854,1284.6,152.31269006735965,1,0.07919672638312458
Node_5,Camera-like Traffic Generator,466,0.3638255035560347,0.0547603560534479,2.809215548040457,1209.2,175.70353819241473,-1,-0.00998655326878306
Node_5,Camera-like Traffic Generator,467,0.3615699774609965,0.0866650169108398,2.6438493013982125,1326.7,151.44199476293812,1,0.04426425433509473
Node_5,Camera-like Traffic Generator,468,0.333705979235013,0.1015105970765623,2.9415815674391923,1226.9,172.9704213634998,1,0.05955058768605409
Node_5,Camera-like Traffic Generator,469,0.3742834328558554,0.0949163449175949,2.71030105990249,1255.5,166.95391912474264,1,0.0821558132505964
Node_5,Camera-like Traffic Generator,470,0.3139169629373289,0.0845742293814871,3.1405095360085444,1213.3,170.90026331167545,1,0.05017768672319556
Node_5,Camera-like Traffic Generator,471,0.3330803712348283,0.0829114955152089,3.069080734044904,1184.9,105.05707443522728,1,0.040346524713538834
Node_5,Camera-like Traffic Generator,472,0.3258967384703625,0.0805532696897953,2.9647008533773502,1313.6,151.6774355151235,1,0.06114950212404069
Node_5,Camera-like Traffic Generator,473,0.3330542244474069,0.0869506938852008,3.071103009980892,1219.3,164.749001008605,1,0.07913213691696702
Node_5,Camera-like Traffic Generator,474,0.3442636336932128,0.0765770961244255,2.889498264749618,1280.1,102.87689514927808,1,0.05540375571560752
Node_5,Camera-like Traffic Generator,475,0.3228397278726228,0.0802169234037356,3.150270491828144,1211.5,117.23409629170744,1,0.05581774858231903
Node_5,Camera-like Traffic Generator,476,0.3289946491124867,0.0772871102144983,3.1604672177398347,1248.3,156.830446307115,1,0.07529316173179634
Node_5,Camera-like Traffic Generator,477,0.326696505270331,0.0920126761345081,3.060154293331732,1178.7,114.46013376814751,1,0.04920704313212276
Node_5,Camera-like Traffic Generator,478,0.2960738710244647,0.059783879945789,3.4734163227494355,1194.6,86.89227046559819,-1,-0.12945548764249648
Node_5,Camera-like Traffic Generator,479,0.3914233772707034,0.0853110579401767,2.6017184503821382,1277.4,136.47726713429034,1,0.07102389801708281
Node_5,Camera-like Traffic Generator,480,0.3770768105961661,0.0584212652012385,2.6550834852042327,1181.4,144.28613547007518,1,0.015581996155665634
Node_5,Camera-like Traffic Generator,481,0.3833331999352438,0.0991814364845535,2.6343157178382954,1287.1,148.7574087790812,1,0.051760452672371116
Node_5,Camera-like Traffic Generator,482,0.2990691784955556,0.0788517453099546,3.332982495239897,1242.8,153.40563512755617,1,0.02147869582001677
Node_5,Camera-like Traffic Generator,483,0.3687957636973654,0.1057476817094656,2.586398727170963,1205.3,147.0570939767575,1,0.04865344129742216
Node_5,Camera-like Traffic Generator,484,0.3539948612044929,0.0959340384376961,2.8410441611619133,1174.3,146.7356277270263,1,0.06517495017067404
Node_5,Camera-like Traffic Generator,485,0.356187742697147,0.0749845841972822,2.7378265371864403,1222.5,146.93403659843798,1,0.0892189949148321
Node_5,Camera-like Traffic Generator,486,0.364403942058606,0.0761931682033833,2.7849244613486834,1190.9,156.88527301467428,1,0.057936085690062034
Node_5,Camera-like Traffic Generator,487,0.3129255228505461,0.0941810542753346,3.1923141307980862,1220.2,145.60204516268155,1,0.06381274764230482
Node_5,Camera-like Traffic Generator,488,0.3298500540787905,0.0939181126545774,2.9352690962844203,1221.7,138.8532798796389,1,0.0989653110193271
Node_5,Camera-like Traffic Generator,489,0.3435527907511855,0.1017679441063488,2.989030191462388,1231.2,164.24764500256583,1,0.08122188365514477
Node_5,Camera-like Traffic Generator,490,0.3905004900487235,0.1033088386240227,2.5491803473124093,1300.3,117.88982615608148,-1,-0.01674717076634613
Node_5,Camera-like Traffic Generator,491,0.3329013330818773,0.0527551461068889,3.013937235657301,1332.7,135.29395978962089,-1,-0.03479495417534606
Node_5,Camera-like Traffic Generator,492,0.3292608441878666,0.0983971991543693,2.961846648547209,1245.1,157.22344326184665,1,0.0891726559919816
Node_5,Camera-like Traffic Generator,493,0.3745407183807184,0.0946505355140187,2.7678602459056574,1221.6,140.29508584092,1,0.08726973099135238
Node_5,Camera-like Traffic Generator,494,0.3390295453178325,0.0812675707609263,2.861703162467575,1173.5,125.5788818056426,1,0.05719124383034491
Node_5,Camera-like Traffic Generator,495,0.3558432590013466,0.0854906476548572,2.714825661638253,1259.7,135.20030407592367,1,0.1001020069729659
Node_5,Camera-like Traffic Generator,496,0.3577134365644406,0.0891274967782189,2.788617546541869,1225.3,136.59677074432534,1,0.10812926424864733
Node_5,Camera-like Traffic Generator,497,0.3265832793741293,0.0955556118094033,3.137579727174108,1199.7,111.41120031467014,1,0.0451731306833445
Node_5,Camera-like Traffic Generator,498,0.3421302299189644,0.088792066685872,2.996240741975371,1248.3,126.59388259750592,1,0.1011773489490741
Node_5,Camera-like Traffic Generator,499,0.3173634256973185,0.0789840168689818,3.1199770921518777,1261.2,154.0200564140196,1,0.08447091871977341
Node_5,Camera-like Traffic Generator,500,0.2890192401509125,0.0840556817674728,3.369622041947045,1270.0,133.8514931639622,-1,-0.02431221858338739
Node_5,Camera-like Traffic Generator,501,0.3804183702265724,0.0862936904687985,2.612533264540014,1218.0,82.50117844276193,-1,-0.021999134376421203
Node_5,Camera-like Traffic Generator,502,0.3477576627978962,0.0789170101750388,2.8507547715520416,1179.7,172.35496318160764,1,0.0427756010600171
Node_5,Camera-like Traffic Generator,503,0.3527093011316508,0.0686006646933298,2.759038826981332,1294.7,114.15296754793545,1,0.025914271189038995
Node_5,Camera-like Traffic Generator,504,0.2987198638504322,0.0800531558566447,3.299785643041456,1200.7,133.4191806966966,1,0.014528456315925142
Node_5,Camera-like Traffic Generator,505,0.3491747261995826,0.0882363093376584,2.803125800931612,1267.2,135.28800554537142,1,0.10550724907971293
Node_5,Camera-like Traffic Generator,506,0.3646324050254204,0.1043210428772414,2.664154447673022,1286.8,132.82553302065918,1,0.061144124037339875
Node_5,Camera-like Traffic Generator,507,0.3432609777933404,0.0865036594820571,2.8908093520985814,1216.6,161.12603762272565,1,0.09620595907735374
Node_5,Camera-like Traffic Generator,508,0.3662401658391017,0.0936753105342063,2.8076216167253043,1334.9,123.36796810986048,1,0.018864483655649633
Node_5,Camera-like Traffic Generator,509,0.3568684418513007,0.0892796580100148,2.7318458925373013,1227.4,138.53375040039882,1,0.10933819732601802
Node_5,Camera-like Traffic Generator,510,0.3781671133376189,0.0633277599308927,2.66965464509074,1228.5,112.70438224744316,1,0.02728138192401308
Node_5,Camera-like Traffic Generator,511,0.3834075816579297,0.0839073158841203,2.643267341377183,1234.4,126.67385944490152,1,0.08816296460150452
Node_5,Camera-like Traffic Generator,512,0.3450857923496646,0.0699400671883272,2.9018696348698167,1275.9,110.37355762238626,1,0.04785275533962463
Node_5,Camera-like Traffic Generator,513,0.3353662534680316,0.1055469179731639,3.152927399602878,1211.0,173.00353239810516,1,0.02102694821028983
Node_5,Camera-like Traffic Generator,514,0.3768031604026983,0.0739589917329898,2.729330425153726,1214.9,136.98454900705653,1,0.07652084604372034
Node_3,Smart Plug,1,1.0404610437939643,0.1828306092422527,0.9439326158423662,81.4,8.044321668799123,-1,-0.02279588768255192
Node_3,Smart Plug,2,1.2090144244867251,0.1764994328675298,0.8430420424663381,70.5,9.969397619158787,-1,-0.001789048828367501
Node_3,Smart Plug,3,1.2341955831626117,0.157192012411702,0.8087030528301112,82.7,8.097324661063471,-1,-0.020571883714001205
Node_3,Smart Plug,4,1.129973269090038,0.2527223050938151,0.8667478927691492,76.9,7.046669820245273,-1,-0.02248681144998732
Node_3,Smart Plug,5,1.1748443294018984,0.176707079859359,0.8244825835088129,83.2,11.612254063894936,1,0.09057532275859909
Node_3,Smart Plug,6,1.0451814803736783,0.1690252977939504,0.9665974311325016,76.7,8.994442728707543,-1,-0.0006792860201583206
Node_3,Smart Plug,7,0.9874775000609876,0.2147338681924625,1.0598934602959051,79.5,10.606601717798211,-1,-0.1663156631648376
Node_3,Smart Plug,8,1.1933941052024182,0.2162862797459546,0.8621517142913772,79.4,10.426462061078588,1,0.09257003405181519
Node_3,Smart Plug,9,1.1031300969048654,0.220500971755895,0.905665439043702,78.3,9.78717982305878,1,0.09019569773826996
Node_3,Smart Plug,10,1.196112524961136,0.2091761235972674,0.8181457550498425,79.5,9.50146187582615,1,0.06302882636075485
Node_3,Smart Plug,11,1.0873348186081302,0.1686101137539087,0.9008226165034524,79.9,9.562077877393246,1,0.09255691643183417
Node_3,Smart Plug,12,1.165686057130915,0.172896952253643,0.8427584773091167,78.4,11.86217143322044,1,0.10599625037761395
Node_3,Smart Plug,13,1.12610776891946,0.2426866353212632,0.8656080354581523,78.8,11.94245461461848,1,0.09574900755648069
Node_3,Smart Plug,14,1.057648512727852,0.1960923457755971,0.9768011685940218,75.2,12.98546195644276,1,0.010840886018578244
Node_3,Smart Plug,15,1.2227823075141715,0.2343435046318957,0.8015191513641862,81.1,13.152524050116346,1,0.012395371645114839
Node_3,Smart Plug,16,1.2205148157824806,0.2704567543365488,0.8179793725493014,80.8,7.842901957254796,-1,-0.04302123770986532
Node_3,Smart Plug,17,1.1715623695633834,0.261635955920194,0.825020679997442,81.2,11.96104789166345,1,0.019540350782871585
Node_3,Smart Plug,18,1.1585122370575118,0.1581304137412841,0.8456114725912086,84.4,14.182931839205729,1,0.02063899441841721
Node_3,Smart Plug,19,1.1422151391525042,0.228210843999553,0.901718078554065,78.2,8.766096305907462,1,0.05786952510141585
Node_3,Smart Plug,20,1.04435163741537,0.1087955554560849,0.97671387086343,76.6,10.38374798530002,-1,-0.07693083870077233
Node_3,Smart Plug,21,1.0955887364196553,0.2128375040760149,0.9133963978715646,85.8,8.50881895447306,1,0.016253153648485952
Node_3,Smart Plug,22,1.1785597031033828,0.2059678118402491,0.8449102121691339,77.4,10.178408519999577,1,0.10086482985625111
Node_3,Smart Plug,23,1.0843031405568038,0.1588552257787715,0.9446376138916616,77.9,11.94850060328352,1,0.06622638319595159
Node_3,Smart Plug,24,1.1299670608740169,0.2637556379985303,0.8833712658165354,77.1,11.464437767868658,1,0.0593544700641947
Node_3,Smart Plug,25,1.1018948358060492,0.1919301483300181,0.929420729779429,79.8,13.053735097664577,1,0.08794536668869879
Node_3,Smart Plug,26,1.1115316466537757,0.1455686003432114,0.8996468873481792,82.0,10.241527663824812,1,0.06981862260145744
Node_3,Smart Plug,27,1.1405599131872513,0.1684445082490666,0.89891800924749,73.6,12.276445377677982,1,0.0518138022466601
Node_3,Smart Plug,28,1.1172533710075545,0.18664899568796,0.8833534240374227,81.4,11.42317332832208,1,0.11191998015868782
Node_3,Smart Plug,29,1.098865555042275,0.2117763093976729,0.8863577924571996,79.8,12.830519171967367,1,0.10695308154501576
Node_3,Smart Plug,30,1.2653166237607265,0.1130006502022743,0.7957412494115202,76.8,14.109098719148104,-1,-0.09054720192595678
Node_3,Smart Plug,31,1.1287952046549634,0.2128802093696718,0.8763836096792198,73.6,11.95547294477861,1,0.06469110678875767
Node_3,Smart Plug,32,1.117140989827642,0.2544790368894836,0.8702366415386472,81.8,12.372011423639515,1,0.05951706815394964
Node_3,Smart Plug,33,1.116865799951446,0.1808221204193591,0.914729920304944,82.3,10.55198770111321,1,0.09734711758984405
Node_3,Smart Plug,34,1.0935917297458224,0.1701188577658113,0.8921752935427597,75.3,11.005554153345583,1,0.07556652048994517
Node_3,Smart Plug,35,1.238746113074715,0.1076559306726583,0.8065720450154781,72.2,10.432854089099706,-1,-0.07402147934202408
Node_3,Smart Plug,36,1.1453529416323511,0.2335699606447746,0.8487429177066775,79.5,15.342388630486743,-1,-0.004732811794773695
Node_3,Smart Plug,37,1.095860469095303,0.165944613327552,0.8919173366521499,76.6,10.06865322561949,1,0.08446666616674814
Node_3,Smart Plug,38,1.1333044134559644,0.1544134899747008,0.8635312932779678,84.5,12.465507967543436,1,0.05228050795676792
Node_3,Smart Plug,39,1.1945293230167613,0.1989295760324683,0.846113252325531,77.1,14.192721139137952,1,0.05946233068971207
Node_3,Smart Plug,40,1.148619227390531,0.2131981513364191,0.8629588506027347,84.1,9.243015380996257,1,0.06820025357593873
Node_3,Smart Plug,41,1.020389478048233,0.196376773901484,0.9610508633160144,81.5,10.8755587340503,-1,-0.008215455848892828
Node_3,Smart Plug,42,1.0986215811638034,0.1355785956753936,0.9303180598845516,72.2,9.772978620211502,-1,-0.011537485278008242
Node_3,Smart Plug,43,1.2025261448673834,0.1501585540919689,0.835756443430028,75.9,14.760683513231282,-1,-0.010608903756671895
Node_3,Smart Plug,44,1.0465631741986985,0.2610678464409662,0.9619408458830456,80.9,13.110216541986553,-1,-0.016262508644960705
Node_3,Smart Plug,45,1.0371942657458493,0.2039081337034039,0.9787567548746292,77.4,9.628660919936433,1,0.0055375157549383824
Node_3,Smart Plug,46,1.0529008992446491,0.2057136851228926,0.9434860527067574,84.9,12.041133206176603,1,0.028294316929439067
Node_3,Smart Plug,47,1.2259602638494165,0.1846854242107685,0.8116142442909472,76.9,11.656662377274971,1,0.07249388450781036
Node_3,Smart Plug,48,1.131198947286937,0.1903706219396101,0.8953319859929896,81.7,12.944754407352296,1,0.09854188874904879
Node_3,Smart Plug,49,1.2031720815335736,0.2167119893234966,0.8283435622240802,85.9,13.144073442683842,1,0.03872556788663156
Node_3,Smart Plug,50,1.158734741499217,0.1910890182846543,0.8856998140998209,80.1,9.480389115314718,1,0.09521915317643231
Node_3,Smart Plug,51,1.110619763994016,0.271076894738429,0.9269074716163678,81.7,11.50893372800259,1,0.017113323915239564
Node_3,Smart Plug,52,1.1678928771695751,0.1653269630066371,0.8494154390111964,82.7,11.165920373071703,1,0.08976435437972796
Node_3,Smart Plug,53,1.073913054180495,0.2187725202188598,0.9396688865962272,82.9,7.519604008486381,-1,-0.03309958467873231
Node_3,Smart Plug,54,1.088067863165625,0.1824114718308718,0.9012650192110004,79.9,9.480389115314718,1,0.10091205917622437
Node_3,Smart Plug,55,1.1149502635614823,0.1685758666493176,0.900780425389408,81.7,12.06510118758507,1,0.10029555029232096
Node_3,Smart Plug,56,1.1682232344660586,0.1463364867436214,0.8615375095117057,74.6,12.231107881136523,1,0.04498455509657956
Node_3,Smart Plug,57,1.3054134094554397,0.1257934836516762,0.762916152675918,72.6,10.286992865858428,-1,-0.1348409543638096
Node_3,Smart Plug,58,1.117648511033261,0.1336907999093407,0.8852187088918523,79.2,11.4968594745599,1,0.05895726338343654
Node_3,Smart Plug,59,1.170101583524445,0.2458134634486305,0.8782808468886174,80.5,11.047875612784368,1,0.07909044723878422
Node_3,Smart Plug,60,1.0958759657652737,0.1846630825026661,0.8931928299847854,80.6,12.158216243438927,1,0.10639399515365194
Node_3,Smart Plug,61,1.1858432210635197,0.1943672847462605,0.8153614057410467,81.0,9.786612170602131,1,0.07529213001176333
Node_3,Smart Plug,62,1.2178243065899046,0.1896334234853098,0.8179495775427555,81.4,13.074147518417153,1,0.07597301991564803
Node_3,Smart Plug,63,1.1902575953074312,0.2266068608132489,0.8323416710182352,78.3,9.87758405009376,1,0.08591149883763344
Node_3,Smart Plug,64,1.1194632717898665,0.2358822543164721,0.8742680034460654,82.4,10.658330075579382,1,0.07694605957821582
Node_3,Smart Plug,65,1.0957527666646336,0.1807868189678948,0.9227706784340718,70.7,5.963779562212764,-1,-0.09392372796866122
Node_3,Smart Plug,66,1.1619641845298987,0.1610347516117295,0.8452081721350043,74.6,10.72069649478677,1,0.06590030609948533
Node_3,Smart Plug,67,1.2041843707335778,0.1531055684702103,0.8354812534029402,84.4,10.946333734279357,1,0.05001607913787143
Node_3,Smart Plug,68,1.1350492740202145,0.2087117633630176,0.8924263074815363,81.3,9.238205693988656,1,0.0903648899944608
Node_3,Smart Plug,69,1.1647814787013668,0.1718687795835781,0.8524014388368364,83.6,8.221921916437786,1,0.024436391431763904
Node_3,Smart Plug,70,1.116659153822989,0.2385704414679267,0.9019816403704606,81.2,13.231276078544605,1,0.06973117498116244
Node_3,Smart Plug,71,1.17196967553298,0.2649934186468394,0.8453316504009054,76.2,7.728734264634367,-1,-0.021783275310883754
Node_3,Smart Plug,72,1.1494382842145052,0.189510082802866,0.8444999905988778,80.6,11.067469850371804,1,0.1076028231035191
Node_3,Smart Plug,73,1.1541236120525271,0.232656685672223,0.8961450626043405,77.8,9.566144004305556,1,0.0858578731404836
Node_3,Smart Plug,74,1.2301426442989585,0.1890108903698967,0.7998072370993284,79.0,11.015141094572204,1,0.056939031578526755
Node_3,Smart Plug,75,1.1248837271997107,0.2413465628687754,0.9087578447584448,81.1,8.862530363527362,1,0.048353086540543655
Node_3,Smart Plug,76,1.19751321663842,0.265673754292742,0.8569204451020929,77.7,11.294541454466696,1,0.03615695026022592
Node_3,Smart Plug,77,1.1336829086091846,0.2297033840413003,0.8617345108252467,73.8,11.961047891663451,1,0.055498808047192205
Node_3,Smart Plug,78,1.123337955178212,0.1587995981815884,0.8923069082747576,82.4,10.447753612885192,1,0.07424724020754825
Node_3,Smart Plug,79,1.280104909705853,0.2068763591833462,0.7712851306501344,77.3,13.383655039719986,-1,-0.049411230010131146
Node_3,Smart Plug,80,1.041322104431864,0.1757723768003051,0.9636579520741644,77.8,12.016655108639842,1,0.04720393553629937
Node_3,Smart Plug,81,1.2600074187015224,0.2026228886304891,0.7668897700912619,84.7,12.338287293353698,-1,-0.027845751903107785
Node_3,Smart Plug,82,1.2126146512609064,0.2206300651190254,0.8426761352180026,75.0,10.23067283548187,1,0.06058165106104524
Node_3,Smart Plug,83,1.1253728851137257,0.2400465128323671,0.8693117285361894,83.1,9.837004964249369,1,0.05649767444755549
Node_3,Smart Plug,84,1.2019664762938136,0.2004031516707493,0.8288134864048188,85.5,11.027742793115513,1,0.06349614918646218
Node_3,Smart Plug,85,1.0997506311275644,0.1941081787249633,0.9161920542373814,79.6,12.720936373640985,1,0.10404053674951702
Node_3,Smart Plug,86,1.152264591651397,0.259437949875373,0.8731434930057574,77.2,10.443498775155128,1,0.07488265734072996
Node_3,Smart Plug,87,1.1165760793896031,0.2016176397188741,0.9035946082094856,75.4,13.672356539138868,1,0.05522347455894622
Node_3,Smart Plug,88,1.2290171919936936,0.2070257992015663,0.8233653322734101,80.7,11.421714212654578,1,0.07325722627682407
Node_3,Smart Plug,89,1.1282509326170702,0.2635101070136775,0.8915195173001903,78.8,11.113555286725806,1,0.06613810256500924
Node_3,Smart Plug,90,1.1187916575527337,0.236584748086288,0.9054290810771554,78.0,9.683892697555969,1,0.08263214424448512
Node_3,Smart Plug,91,1.138108760536711,0.1786123538312745,0.8630945672492819,80.1,12.766710182693462,1,0.10055925161387941
Node_3,Smart Plug,92,1.1862764404819888,0.2271100275264325,0.8641082723945791,77.9,9.048634028281716,1,0.07016945851419859
Node_3,Smart Plug,93,1.0580090411328134,0.1455679594214723,0.9532883406249176,83.6,14.908610487455451,-1,-0.05495934955708981
Node_3,Smart Plug,94,1.255863855415349,0.1875569651712825,0.7939243008412467,82.6,11.197221877670271,1,0.021200603241827765
Node_3,Smart Plug,95,1.1607351077831636,0.2415438138522511,0.8659582348281459,76.2,12.372011423639515,1,0.07853014756702165
Node_3,Smart Plug,96,1.0677786199079111,0.2041306163170183,0.9306430126536088,87.1,6.773313648265359,-1,-0.0711167436454131
Node_3,Smart Plug,97,1.2116395222504848,0.216100493457952,0.8120280536187828,76.1,12.723119813071705,1,0.05353290506888286
Node_3,Smart Plug,98,1.2271759003106275,0.2350939599617402,0.8122299680987896,71.2,5.959119994689746,-1,-0.1113955775691905
Node_3,Smart Plug,99,1.1896398260461156,0.2247810836408806,0.836739216251572,82.1,12.766710182693462,1,0.06819750106910683
Node_3,Smart Plug,100,1.0841228461549812,0.1349702364057996,0.9138847843894868,84.4,11.625642156696358,1,0.03910401868261093
Node_3,Smart Plug,101,1.0721870880250943,0.1516095636165852,0.9295680591538188,82.7,12.293177873203584,1,0.054224563800783165
Node_3,Smart Plug,102,1.066132060769048,0.2303511855683254,0.9612250275154386,75.5,8.61845564923193,-1,-0.019797383474032815
Node_3,Smart Plug,103,1.135886519012416,0.1642239120985905,0.8697523316677077,83.1,14.578904089280664,1,0.015591080978572536
Node_3,Smart Plug,104,1.0964083899275665,0.1800567687766363,0.9132781486909431,79.7,12.311241475442948,1,0.10945019188564276
Node_3,Smart Plug,105,1.219000084343482,0.170986004688018,0.8241825866985191,75.9,13.177843357528408,1,0.05144326028766466
Node_3,Smart Plug,106,1.2229540584876104,0.2387785027759515,0.8384008009817067,82.2,14.920530225907598,-1,-0.03063592667755277
Node_3,Smart Plug,107,1.0942321812921318,0.215220736923516,0.9135050760542722,80.0,11.74734012447073,1,0.10042248238709978
Node_3,Smart Plug,108,1.221288540871647,0.1600027979516485,0.8215264519107143,77.9,11.445037740824135,1,0.06253996936636763
Node_3,Smart Plug,109,1.1290188813365816,0.2026206057422727,0.9092293355174836,77.1,12.982466808909797,1,0.08954388712901024
Node_3,Smart Plug,110,1.1793182176746329,0.21428317554942,0.8668455850457605,76.9,12.041133206176609,1,0.10092235927206572
Node_3,Smart Plug,111,1.1410593735667445,0.1942060314350722,0.8839827727932246,86.0,7.333333333333333,-1,-0.02642531493529454
Node_3,Smart Plug,112,1.013568967865368,0.2345763100615743,0.9661257004132724,76.8,13.053735097664577,-1,-0.034477269452107606
Node_3,Smart Plug,113,1.0951249344255618,0.201535178020098,0.9023333786779524,84.5,12.946470990625636,1,0.08032527681739576
Node_3,Smart Plug,114,1.1502519888599962,0.2599574482015798,0.8464099032125247,73.9,6.590397054300548,-1,-0.055524110585163156
Node_3,Smart Plug,115,1.050473564851327,0.226700554980742,0.9419404793063604,76.8,10.664583129843066,1,0.04568877712433167
Node_3,Smart Plug,116,1.0852402918306194,0.2216477432304091,0.9520135505622648,80.3,14.476417604734491,-1,-0.0028653562374830743
Node_3,Smart Plug,117,1.1645312498729818,0.1807342753140922,0.8855942811199243,83.9,9.25502866314068,1,0.058356938300271055
Node_3,Smart Plug,118,1.0552846181581117,0.2063447512077747,0.9300191090003062,77.0,13.2077418374393,1,0.04862293256392175
Node_3,Smart Plug,119,1.1867964703340956,0.2104993626198427,0.8486963529864617,77.3,9.019115502334165,1,0.07862474623845012
Node_3,Smart Plug,120,1.1557749130627442,0.1900374523484594,0.8439920652788753,79.4,12.30356768493504,1,0.11258807138951438
Node_3,Smart Plug,121,1.182857062160202,0.2298998068647766,0.8618446947713722,71.4,6.29285308902091,-1,-0.061513210125599405
Node_3,Smart Plug,122,1.125471934770364,0.1373539541676609,0.8882675159580843,85.7,9.661492868312042,1,0.014115450697179455
Node_3,Smart Plug,123,1.1053683177044895,0.2430644228728654,0.9046599591354908,80.3,10.985343771488346,1,0.08390887222360927
Node_3,Smart Plug,124,1.1468756388833428,0.2100401699734538,0.890049234930884,82.7,8.80719402912566,1,0.06536092753859263
Node_3,Smart Plug,125,1.0955827187072606,0.1769319418851846,0.9473870557408578,81.5,9.559753599799992,1,0.0657191654414907
Node_3,Smart Plug,126,1.0561769343041068,0.1829880904273927,0.9667502902817252,78.9,10.535126429658492,1,0.052445246301307535
Node_3,Smart Plug,127,1.1737576267307015,0.250926298854758,0.8769429388493736,83.2,12.778454088382087,1,0.030712441049670913
Node_3,Smart Plug,128,1.1644148704362574,0.1828611909141522,0.8841405907469827,78.5,13.30204662615661,1,0.08504644093043595
Node_3,Smart Plug,129,1.288296158761701,0.1762748348292916,0.7613782846339983,84.2,12.59453144115422,-1,-0.06008080314828845
Node_3,Smart Plug,130,1.2323466028337855,0.2022602055354607,0.8081492697690423,81.1,14.20836999017754,1,0.04200680768812087
Node_3,Smart Plug,131,1.2834935910973884,0.1537835434515962,0.7881387681081282,85.4,10.28699286585843,-1,-0.04962239793670775
Node_3,Smart Plug,132,1.1478109223894273,0.2162159206941664,0.8686566112457801,79.8,12.10876633774978,1,0.11518826144930006
Node_3,Smart Plug,133,1.1947634958254352,0.2344037901915426,0.8323484553061156,87.8,9.704523572941527,-1,-0.011399291672000822
Node_3,Smart Plug,134,1.0679438703421325,0.158514516979233,0.9586138805792462,82.6,12.527303514058136,1,0.03206527215900884
Node_3,Smart Plug,135,1.1710214253911746,0.1828560998981286,0.8519261043977372,74.6,11.256603000510903,1,0.08265385376108347
Node_3,Smart Plug,136,1.1977089106970191,0.2181357177671555,0.8417529975887461,80.4,13.276545735494103,1,0.07481884361249475
Node_3,Smart Plug,137,1.1813364252379897,0.2248319241825639,0.8382169964802679,78.8,13.248060654718904,1,0.07625416417793568
Node_3,Smart Plug,138,1.1079189971413383,0.2279999087197803,0.8927559890265213,81.8,12.856472645671086,1,0.08550211490646986
Node_3,Smart Plug,139,1.1548849843111668,0.2051010870422116,0.8617925202618946,80.9,13.609228894801907,1,0.08125911261799817
Node_3,Smart Plug,140,1.1619475292317143,0.2350667383024187,0.8876320769059703,83.9,10.311266761277308,1,0.06375064422187493
Node_3,Smart Plug,141,1.0848678858659395,0.222939794918755,0.959484407674162,85.4,13.384900281868203,-1,-0.0035718976818190917
Node_3,Smart Plug,142,1.1678027156800808,0.2247338488814553,0.836943069080472,80.8,11.301917241483116,1,0.08953259114186551
Node_3,Smart Plug,143,1.1391103186625335,0.1386445435987524,0.8781886856658925,79.1,9.666091936937768,1,0.05214481044382879
Node_3,Smart Plug,144,1.0297234582308363,0.1759635533395613,0.9792096684877524,75.4,13.696714934611146,-1,-0.034479465866339876
Node_3,Smart Plug,145,1.1295542830304557,0.1989810913267597,0.8872999311806263,78.5,11.443095929181249,1,0.11640426636570494
Node_3,Smart Plug,146,1.180984524466445,0.1686018694974883,0.8654083984491019,77.8,14.093339640490546,1,0.05692587010366107
Node_3,Smart Plug,147,1.1084764888026792,0.217331685728429,0.8759079976428465,76.9,14.027354229029315,1,0.051717037832780643
Node_3,Smart Plug,148,1.1959818488907807,0.1626539729880342,0.8310421156052998,81.3,11.700427342623003,1,0.07593819608245922
Node_3,Smart Plug,149,1.195169643912358,0.1618651736011155,0.8429627073039205,74.2,10.368756488176928,1,0.05865834567422229
Node_3,Smart Plug,150,1.2187668343966849,0.1864830256926648,0.8011481911713175,86.2,9.25922962958222,-1,-0.005151755904635236
Node_3,Smart Plug,151,1.0881710092292405,0.2265804906819109,0.9007798497515648,72.7,13.449907062875935,1,0.0020283185393998315
Node_3,Smart Plug,152,1.1040436032310963,0.1994161707092263,0.8925411155475985,79.8,11.429007928172169,1,0.11421426930612649
Node_3,Smart Plug,153,1.151857178187366,0.2280763480172893,0.8950411733040725,79.9,11.742136848877967,1,0.09178906143058113
Node_3,Smart Plug,154,1.1318118627275715,0.1779518373711673,0.8698680002007055,79.8,9.542885657214311,1,0.09612384824205444
Node_3,Smart Plug,155,1.09078697085538,0.240475532387815,0.8922343792247309,80.5,14.041604846550364,1,0.03318544987214267
Node_3,Smart Plug,156,1.1784766293241824,0.1846491832122323,0.8408571109423505,83.7,9.753062197188235,1,0.07655516087528952
Node_3,Smart Plug,157,1.0850878032972424,0.2129125224433093,0.907919692230328,79.1,12.269655432995846,1,0.1052198520399446
Node_2,Smart Light,1,1.3271856149460344,0.2276849203352043,0.7538106673864572,84.8,13.373273512661155,-1,-0.032017814693018565
Node_2,Smart Light,2,1.6418215920142067,0.2773662444332215,0.6050344829585086,80.6,10.426462061078588,1,0.0727979602031098
Node_2,Smart Light,3,1.5887451896362002,0.3058983607361979,0.6355765870833799,78.6,12.312595177297109,1,0.09258163938281877
Node_2,Smart Light,4,1.4093736254837304,0.2612351508007847,0.6913135255020626,85.7,11.035800328426069,1,0.06891127540501202
Node_2,Smart Light,5,1.468188286922825,0.2019154068006813,0.6866056389389176,79.8,11.849050594878898,1,0.0748795405319766
Node_2,Smart Light,6,1.5554209865267914,0.3509802644446045,0.6590736097401673,80.5,10.65885130354632,1,0.05015656863337281
Node_2,Smart Light,7,1.5148556714040384,0.3363024245116391,0.6372911923827156,83.7,9.87758405009376,1,0.04649143191358385
Node_2,Smart Light,8,1.3968329143483091,0.273203976963671,0.7384272321384238,83.7,13.711714375347492,1,0.04135582499586932
Node_2,Smart Light,9,1.5312038537267725,0.2441996027201807,0.6424343324490528,80.6,11.955472944778611,1,0.10022584448694888
Node_2,Smart Light,10,1.4694403297264331,0.2705904516171903,0.6820059795464248,81.8,12.32702541392511,1,0.1048428922791142
Node_2,Smart Light,11,1.3701592439744863,0.2015499212726764,0.7298647206739275,78.1,7.460265112953799,-1,-0.022610169918231726
Node_2,Smart Light,12,1.578357318046071,0.2386533270363417,0.6217602535012525,79.7,13.358725820809244,1,0.07656051362555555
Node_2,Smart Light,13,1.5995943813241429,0.2550765911529184,0.6238881719492722,76.1,13.303717107969822,1,0.06409740284888116
Node_2,Smart Light,14,1.3983689957084322,0.1904503501792466,0.7005715489633552,84.4,9.008637830191397,1,0.004427043860562807
Node_2,Smart Light,15,1.703426763589469,0.1488062747522489,0.5978330701526641,78.6,13.898041428760944,-1,-0.06894686503356429
Node_2,Smart Light,16,1.4347101022367486,0.3367692342468621,0.7258710862427962,79.1,12.827487846201391,1,0.04242998872558157
Node_2,Smart Light,17,1.4594722135349776,0.2588941229260679,0.6791225223885221,81.9,10.137389539061164,1,0.09216318386196243
Node_2,Smart Light,18,1.6045647721978915,0.2458315947889224,0.6092529196518607,76.7,12.238827104297572,1,0.07049229822861725
Node_2,Smart Light,19,1.4964907397253897,0.2679317997290487,0.6741961712679346,82.5,13.260216187277392,1,0.0935657772959928
Node_2,Smart Light,20,1.7501108219910713,0.2366025996914983,0.5562443193226536,83.1,13.971796989332155,-1,-0.11534453305649417
Node_2,Smart Light,21,1.3899539231513658,0.3073767284705685,0.69820093447136,82.7,12.47263671669574,1,0.07813684108522784
Node_2,Smart Light,22,1.4363463223520792,0.3266395791914246,0.7139355190962374,80.3,12.11106014260427,1,0.07552799213577788
Node_2,Smart Light,23,1.5250411438169391,0.291826646690611,0.6638322089666058,73.6,9.045563676312396,1,0.04785704374881433
Node_2,Smart Light,24,1.401781272987569,0.2646273322524895,0.7173038183202616,77.2,9.624043964063246,1,0.06310010091950186
Node_2,Smart Light,25,1.373373809748183,0.3244394295555682,0.7183715028394818,83.2,7.786027371016765,-1,-0.014452224204588804
Node_2,Smart Light,26,1.7242382852547746,0.2158153860333181,0.5879355602013182,80.0,13.089435944047908,-1,-0.025253105636189765
Node_2,Smart Light,27,1.4215839073856695,0.2664624720897482,0.6903235195844989,78.4,11.983321743156194,1,0.10278424692894944
Node_2,Smart Light,28,1.322581672542812,0.2881724192195075,0.7853565381278318,80.8,12.443650768341437,-1,-0.04907851633758453
Node_2,Smart Light,29,1.5072562423304032,0.311950800930529,0.6679211339245201,84.2,10.549354903921325,1,0.07271332816163611
Node_2,Smart Light,30,1.5229186682414155,0.2017250611667416,0.6515666317435144,82.2,14.920530225907598,1,0.0030737196104874687
Node_2,Smart Light,31,1.5297778665586663,0.3299231947185317,0.663071641868454,85.1,12.068784344562443,1,0.059448445216708445
Node_2,Smart Light,32,1.4148282780383874,0.2258511070065543,0.6973668420647176,84.9,9.573690801125528,1,0.04032631871620507
Node_2,Smart Light,33,1.4409110453946523,0.2378744732522333,0.6824470487274126,82.8,11.792653080060768,1,0.09088619519885
Node_2,Smart Light,34,1.3799531634492788,0.2681668271555239,0.71257407044455,86.2,10.3258037082942,1,0.0397690727576272
Node_2,Smart Light,35,1.3332357808456474,0.3285777525301414,0.7714989048681331,81.9,11.140017953306897,-1,-0.02534204693034514
Node_2,Smart Light,36,1.5312496986521178,0.2969988738034253,0.666800886483278,76.6,11.56815552377397,1,0.10478117509139795
Node_2,Smart Light,37,1.3802343235408134,0.3278878740085681,0.7276588372558874,86.4,13.099618315050252,-1,-0.0031644615054736702
Node_2,Smart Light,38,1.4613569381377676,0.2855115528022905,0.6908975556595763,84.3,12.841339493993608,1,0.0777901118045507
Node_2,Smart Light,39,1.5419561548432197,0.3338463710877827,0.6392513632638294,80.0,11.566234381931649,1,0.09483441747189764
Node_2,Smart Light,40,1.3321805539024485,0.2553317675053749,0.7751852263935669,74.1,7.430417963419764,-1,-0.1099938835728278
Node_2,Smart Light,41,1.3343459081943194,0.2592096730683448,0.7467880812251264,79.1,11.503139668030734,1,0.039240934434724595
Node_2,Smart Light,42,1.587512824584806,0.3322524112490913,0.6301937660890211,80.3,13.216572088774676,1,0.06656555573354611
Node_2,Smart Light,43,1.5181904638405768,0.2767992501234593,0.6479268704045734,80.7,4.3982319680121975,-1,-0.04503218832560851
Node_2,Smart Light,44,1.652425552230378,0.2243929549701605,0.612024654255042,82.1,10.45041200676371,1,0.031532831301687825
Node_2,Smart Light,45,1.5377174451364268,0.3184737029798311,0.650276403419397,79.7,9.357706271660094,1,0.06681515233975549
Node_2,Smart Light,46,1.3793293734207368,0.2227372270108188,0.7288915921000906,79.6,11.587349423689036,1,0.06812751671297901
Node_2,Smart Light,47,1.5222059182968557,0.2976170562554437,0.6473353296580816,74.2,11.773793875477104,1,0.09429456318074292
Node_2,Smart Light,48,1.531093844449352,0.2458739715937093,0.6570862754149012,77.4,10.956479564369408,1,0.09478989215675715
Node_2,Smart Light,49,1.3763809613125717,0.2910756721850322,0.7391101421904308,78.9,7.723700897597961,1,0.014870334359811888
Node_2,Smart Light,50,1.540599165518536,0.3323522331717293,0.6563326493685067,78.1,9.573690801125528,1,0.04757346295418807
Node_2,Smart Light,51,1.5058114204792676,0.3108088666225541,0.6439867149204288,75.2,11.013123484683575,1,0.07251287390680378
Node_2,Smart Light,52,1.607957952131514,0.3078511456105229,0.638759782034095,81.0,12.092238098144705,1,0.07743290047658952
Node_2,Smart Light,53,1.54459538260629,0.3445328165112242,0.6320520252302111,79.8,13.75015151431673,1,0.06421917073976774
Node_2,Smart Light,54,1.683144357821265,0.2369753414349157,0.6013886150032551,77.4,9.28798507032966,1,0.0022153170028719193
Node_2,Smart Light,55,1.4032110387729948,0.1956940750454814,0.6907329644711149,80.5,10.824355254086344,1,0.054390133136208774
Node_2,Smart Light,56,1.5653600296446737,0.3130291653978822,0.6162192591833017,73.0,12.560962454277847,1,0.027494100070054317
Node_2,Smart Light,57,1.3431411988669688,0.2630834164726174,0.73374229408735,78.6,12.58040804849615,1,0.048409701267731586
Node_2,Smart Light,58,1.5668242926974707,0.2811579872232236,0.6457408580084727,77.1,13.30371710796982,1,0.08794374261443189
Node_2,Smart Light,59,1.4842257218081365,0.2123372903912257,0.6542804502823363,79.3,12.771931029496765,1,0.058126682871129876
Node_2,Smart Light,60,1.6364331468283169,0.3452892151185991,0.6157429956045306,83.6,11.266469426281391,1,0.018271719872873626
Node_2,Smart Light,61,1.39225984170295,0.2934919582339834,0.74060472744485,76.4,10.458383134011576,1,0.05788049323845851
Node_2,Smart Light,62,1.5694317593612628,0.2295764831109596,0.6356862648431624,78.3,12.111060142604272,1,0.08613530230092381
Node_2,Smart Light,63,1.44775581843114,0.2776310986274352,0.6759941057758764,79.7,14.283245818479465,1,0.05437174923308885
Node_2,Smart Light,64,1.545801657686718,0.2902153905884063,0.6447727363544523,77.6,10.813571719526038,1,0.10998081606742777
Node_2,Smart Light,65,1.600308254129153,0.2504928541000735,0.6171267806617576,73.5,12.376052143824648,1,0.057826284198003564
Node_2,Smart Light,66,1.4447712365002108,0.3150249953806556,0.679396995621444,80.8,11.4968594745599,1,0.09470388268803714
Node_2,Smart Light,67,1.6164614340728292,0.3233889675075551,0.6203768786682553,75.4,13.03158556056101,1,0.033005507772321474
Node_2,Smart Light,68,1.5372914039237222,0.2928364348723919,0.6640620114508816,73.7,9.967168326282268,1,0.06874634980353367
Node_2,Smart Light,69,1.5142365162187623,0.299878485494548,0.6552196107044398,73.1,9.218941852994242,1,0.041546714074372215
Node_2,Smart Light,70,1.4981816563522792,0.2950602653984283,0.6927798514533026,81.1,13.747322971723946,1,0.07479700693076752
Node_2,Smart Light,71,1.330425553878033,0.3649277276282433,0.7327525107243915,76.9,9.711962840858805,-1,-0.06563165670787541
Node_2,Smart Light,72,1.550412583667178,0.2729499845695077,0.6607588929731854,77.6,12.833982667555349,1,0.08827652182742435
Node_2,Smart Light,73,1.6369950020683004,0.2855253808111975,0.6046245500672346,81.0,14.368174708168205,1,0.04047600014642516
Node_2,Smart Light,74,1.5260624733689474,0.3306880367299174,0.6335923893644336,86.8,12.227473619317731,1,0.021792791550280133
Node_2,Smart Light,75,1.4202252393180588,0.3759571390708223,0.7304823615039737,81.0,10.666666666666666,-1,-0.00426729297695283
Node_2,Smart Light,76,1.655055718459982,0.3678599865537962,0.6120751700549651,82.0,12.382783747337808,-1,-0.015770462757451975
Node_2,Smart Light,77,1.5604809188926834,0.323106393207742,0.6421297459340497,85.0,14.259499757471623,1,0.02241550396775044
Node_2,Smart Light,78,1.370495843073246,0.2934880761316397,0.7219080025282452,82.5,14.30811735422317,1,0.02566357984618306
Node_2,Smart Light,79,1.5151846854751176,0.3476526661185251,0.653446036105537,75.8,10.163114133418402,1,0.024039606051665163
Node_2,Smart Light,80,1.499682589433894,0.296336889387093,0.6715017102613362,74.6,12.30356768493504,1,0.08554307099367531
Node_2,Smart Light,81,1.2769127515469592,0.1916166535689494,0.7748242332544325,79.1,10.660935960578486,-1,-0.10575377393086338
Node_2,Smart Light,82,1.4810066197413998,0.2820770989985425,0.6696097487032615,80.5,9.947082207584517,1,0.10275705143754299
Node_2,Smart Light,83,1.6750081158451426,0.2010159281251509,0.5891881318474088,82.1,15.637916883154368,-1,-0.08487099645970364
Node_2,Smart Light,84,1.513061794220493,0.2063595639547596,0.6571633689359391,81.5,13.52569571018232,1,0.04980654775398702
Node_2,Smart Light,85,1.463508747380382,0.2499530325341245,0.6898056430476165,79.4,12.851286144022923,1,0.09643349700952675
Node_2,Smart Light,86,1.6853906190075365,0.2503891077020924,0.5798067937962496,73.6,10.956479564369408,-1,-0.04073449397997264
Node_2,Smart Light,87,1.522084722535623,0.333848536433188,0.641349443263912,80.1,11.911245853300896,1,0.09839995653525585
Node_2,Smart Light,88,1.415548263120248,0.2677432807129981,0.7354472419771654,83.3,10.739853092312035,1,0.0724971924102113
Node_2,Smart Light,89,1.4902421100034804,0.3307477788877493,0.6550450183433095,82.5,13.401906995316416,1,0.07594394256530829
Node_2,Smart Light,90,1.471001593696755,0.2359945755083343,0.6887434120020388,79.0,11.372481406154654,1,0.1001049696855077
Node_2,Smart Light,91,1.6443943843707924,0.2837925402160508,0.6079705302065278,83.7,8.654478609367523,1,0.0030026266502280463
Node_2,Smart Light,92,1.5240450339339175,0.3134732334659025,0.6335738676441245,81.1,12.493998559308384,1,0.1067422299157218
Node_2,Smart Light,93,1.3432242045600915,0.1499676529994329,0.7347434389296496,87.4,11.520030864156183,-1,-0.09866093437585532
Node_2,Smart Light,94,1.4523293469578908,0.2775490052196396,0.6848468521807937,77.7,11.106054404893056,1,0.10600439207442647
Node_2,Smart Light,95,1.3895343068167,0.2915789581013268,0.7071726067456527,79.1,11.337744239682092,1,0.09349922401711236
Node_2,Smart Light,96,1.5660209899034347,0.2775249093877873,0.6443905552491767,80.5,12.99786307223016,1,0.10109859790431214
Node_2,Smart Light,97,1.6433437386188898,0.2332805560994269,0.5988005728443925,70.5,9.204467514322715,-1,-0.08815531718758685
Node_2,Smart Light,98,1.4981154047423542,0.2420200034208464,0.6617209016861536,71.2,9.101892355133872,-1,-0.005438053051471159
Node_2,Smart Light,99,1.4581783628919731,0.3360842453222644,0.6757370747439898,75.8,11.193251935380037,1,0.04220312911845481
Node_2,Smart Light,100,1.3648581473042838,0.2826485597638989,0.7262346155124897,77.2,12.908223046656042,1,0.046170223630529805
Node_2,Smart Light,101,1.5897126421121588,0.3067411107708734,0.6304587488037813,78.7,12.798003316489996,1,0.08831051105945897
Node_2,Smart Light,102,1.606542498438864,0.2813597877259953,0.630996207964016,74.8,12.007405122580725,1,0.0765897335570842
Node_2,Smart Light,103,1.6097143398110303,0.2721311276364823,0.6193172834194385,79.8,12.035133752661183,1,0.09790884335450273
Node_2,Smart Light,104,1.4911470131045153,0.2599370255455218,0.6900753253608714,75.9,12.449453357030938,1,0.07152228499585622
Node_2,Smart Light,105,1.478236344161031,0.1988723147570411,0.6805173404321003,75.6,12.429355932182846,1,0.02369467188268609
Node_2,Smart Light,106,1.5492996261927847,0.3105897249706678,0.6553234397180608,77.1,11.570556502510058,1,0.09951675827860734
Node_2,Smart Light,107,1.640372928608267,0.2520795420279049,0.6127892644410475,80.0,13.258121200900897,1,0.07715559468466704
Node_2,Smart Light,108,1.6131079307827825,0.2607034164314943,0.6184493789333858,82.2,12.281874630708636,1,0.08426586735653258
Node_2,Smart Light,109,1.6245162218855405,0.2614447889192647,0.6188260111998397,81.0,9.865765724632494,1,0.06946189499278604
Node_2,Smart Light,110,1.5376107988258216,0.2859174876700133,0.6565053857141414,78.7,11.43143813252636,1,0.11223826479563731
Node_2,Smart Light,111,1.5233104367504593,0.3187515901304607,0.6337672016723264,85.1,13.160969231447623,1,0.05627525710515152
Node_2,Smart Light,112,1.5767912410514506,0.2840396161822319,0.6199811115915163,83.0,9.865765724632494,1,0.06089596934411118
Node_2,Smart Light,113,1.3509942824518637,0.2140465756574734,0.7449446189515444,80.0,10.088497300281038,1,0.018185455107735782
Node_2,Smart Light,114,1.380623052142729,0.2342897578604587,0.7130203056113182,81.3,14.552968387545164,1,0.023167080926220496
Node_2,Smart Light,115,1.652278708241181,0.2516480985813762,0.6036587359441613,82.2,12.847827313077753,1,0.050671124905658116
Node_2,Smart Light,116,1.533528853620772,0.2753876258215945,0.6352390957628747,81.7,14.537690478354683,1,0.06626095264295573
Node_2,Smart Light,117,1.4173835358177955,0.2804552040844377,0.6877413825979921,81.1,10.461038826681284,1,0.10251406324147977
Node_2,Smart Light,118,1.5408167934312842,0.3001637562891421,0.6292811925636396,80.4,10.762073323585108,1,0.106967526641915
Node_2,Smart Light,119,1.532730660285429,0.2776228764130775,0.6449682119010542,77.9,12.013418423672016,1,0.11165126725781332
Node_1,Temperature Sensor,1,2.4889958179366647,0.2952135094444566,0.4044847220018356,71.1,10.49285471165974,1,0.021836125451492494
Node_1,Temperature Sensor,2,2.64565253567864,0.2891144025451748,0.3805383213533301,80.9,10.67135313715078,1,0.049298207356256174
Node_1,Temperature Sensor,3,2.336868327883684,0.2400159560466117,0.435537720796286,75.9,10.887811738106258,-1,-0.03453867148064427
Node_1,Temperature Sensor,4,2.585604302621671,0.3111075390544046,0.3935885358894991,78.5,11.23733855402505,1,0.0904153049790215
Node_1,Temperature Sensor,5,2.556625760691529,0.3800758095127224,0.391221179769628,78.5,10.906165432655255,1,0.035356216708750055
Node_1,Temperature Sensor,6,2.4721774356507136,0.3046598685776296,0.3962960701305556,81.1,11.039826890752307,1,0.09468532271608848
Node_1,Temperature Sensor,7,2.4546131919492624,0.3883837210413886,0.4131544498805843,81.7,12.623170934612444,-1,-0.012678307494745522
Node_1,Temperature Sensor,8,2.4026378030596525,0.2470885283454001,0.4176121782911245,78.8,9.390302326218135,1,0.050455420210469004
Node_1,Temperature Sensor,9,2.434800341372122,0.3245386904717267,0.4040039425220438,78.9,11.357327541674977,1,0.09444746646132973
Node_1,Temperature Sensor,10,2.583217040135423,0.2939482422102545,0.3895582031136189,78.4,12.928865207571604,1,0.07574330726238793
Node_1,Temperature Sensor,11,2.5471440743726794,0.2852943679094083,0.3999565471841333,81.7,14.63671183474394,1,0.03981434274381018
Node_1,Temperature Sensor,12,2.462350988446434,0.322743545845817,0.415612233042626,81.8,11.535452599125302,1,0.05802158997557372
Node_1,Temperature Sensor,13,2.378227889333667,0.2879407117502379,0.4212880803123003,84.6,11.32548748031036,1,0.015912236920810785
Node_1,Temperature Sensor,14,2.534395845500096,0.2915583103416028,0.4006571796071067,80.6,14.48524153137331,1,0.05964770206523523
Node_1,Temperature Sensor,15,2.499488223782337,0.2789341834059424,0.4039992323800666,76.5,13.235054464061214,1,0.07873396987693171
Node_1,Temperature Sensor,16,2.548049937761673,0.3212398432392925,0.3986433580774557,82.6,12.988884136488055,1,0.08079444005474101
Node_1,Temperature Sensor,17,2.598761194578267,0.3115535754147823,0.3892227465090186,86.6,12.807983621337296,-1,-0.010222035925923412
Node_1,Temperature Sensor,18,2.671736702922948,0.3800122276747991,0.3762223852480235,73.5,8.84747295999133,-1,-0.09307397879153112
Node_1,Temperature Sensor,19,2.459914000834395,0.2378497707407372,0.4115114390589569,82.2,10.643725329455329,1,0.05087614186992051
Node_1,Temperature Sensor,20,2.478784591575801,0.3167264082289619,0.407828648784904,77.9,5.704773829385741,-1,-0.026099477229149515
Node_1,Temperature Sensor,21,2.5214036444355323,0.27615985946556,0.3952243436184336,74.2,11.914510294408055,1,0.0751956514503937
Node_1,Temperature Sensor,22,2.401636773832208,0.2150577092568488,0.4166295031737046,81.3,13.532265967760988,-1,-0.005352041033527599
Node_1,Temperature Sensor,23,2.6715983506708514,0.2006462603817038,0.3742451821768858,83.6,9.879271228182777,-1,-0.035763087428933305
Node_1,Temperature Sensor,24,2.4511359872939447,0.230828183136922,0.4011789934007853,77.9,11.779926428745922,1,0.06950455213691564
Node_1,Temperature Sensor,25,2.441495240697108,0.1683102791490965,0.4084490615037848,76.8,14.116971661404188,-1,-0.058269291599236106
Node_1,Temperature Sensor,26,2.322591801886596,0.2938791425698545,0.4368155724709263,76.6,9.640193635676274,-1,-0.04650460764786979
Node_1,Temperature Sensor,27,2.557716865041276,0.3415283554134385,0.3986311745696184,77.9,11.26893468296311,1,0.07587779121079058
Node_1,Temperature Sensor,28,2.545904408351484,0.3443165881875967,0.3975310159702028,81.5,13.235054464061214,1,0.06106205066030512
Node_1,Temperature Sensor,29,2.5209972150215867,0.2243631657479527,0.3950557606234631,86.5,9.766723549322409,-1,-0.006114146508424123
Node_1,Temperature Sensor,30,2.493920190610146,0.3048035479050918,0.3969863203755636,79.2,14.382087624696368,1,0.05218275569834513
Node_1,Temperature Sensor,31,2.5101729884559303,0.2401060155822255,0.3910303388823264,79.2,8.651268372004447,1,0.03894979826585071
Node_1,Temperature Sensor,32,2.381650030188873,0.2557417810086081,0.4173410467950033,71.7,10.583530181896355,1,0.007972447196637367
Node_1,Temperature Sensor,33,2.5957524358210717,0.3691517235381006,0.39158987767771,75.2,8.189424074174365,-1,-0.03540175747341934
Node_1,Temperature Sensor,34,2.663617132696099,0.2440988564984854,0.3738576820602913,78.2,11.242775458044155,1,0.01586225368247257
Node_1,Temperature Sensor,35,2.492672735156622,0.2688620190973028,0.4041982869874483,80.3,11.585910984179591,1,0.10022265703293459
Node_1,Temperature Sensor,36,2.5165088801491864,0.3016490535833783,0.3996899457988662,75.3,11.205653335110217,1,0.09570229011543174
Node_1,Temperature Sensor,37,2.540217513073329,0.3184050113338977,0.3860863365311887,81.4,12.659647177811342,1,0.05901247852211544
Node_1,Temperature Sensor,38,2.5002291105611527,0.2541262946804466,0.4030062908733747,84.6,9.44222196072278,1,0.0500364605162919
Node_1,Temperature Sensor,39,2.5398401781151856,0.2671138454448304,0.3974921140094956,80.9,13.939950581771164,1,0.05973016147209936
Node_1,Temperature Sensor,40,2.6353803013218893,0.2662033794312361,0.382626058765862,85.0,9.521904571390468,1,0.016200185976917414
Node_1,Temperature Sensor,41,2.518595930635034,0.1811818938657242,0.3929595562983362,76.6,11.834037537731763,1,0.03061527003489961
Node_1,Temperature Sensor,42,2.632997312720932,0.2615376225246847,0.3826764216571191,81.5,9.958246164193104,1,0.05421665991408453
Node_1,Temperature Sensor,43,2.5646408402423746,0.3192632528144452,0.3861360483010422,84.4,11.51038178727747,1,0.05694269072908131
Node_1,Temperature Sensor,44,2.4042207757355856,0.3170121714470324,0.4251373607939496,83.1,10.608696642116051,1,0.014762421796775782
Node_1,Temperature Sensor,45,2.3811510120268724,0.2665514293442644,0.4174874783441285,80.4,8.46167832052247,1,0.03386775509692724
Node_1,Temperature Sensor,46,2.5684329424668584,0.3019452774047116,0.3966218853611387,84.5,7.516648189186454,-1,-0.006686429893396739
Node_1,Temperature Sensor,47,2.547843648532429,0.1990842384144843,0.3944037621600334,82.5,13.786063816606813,1,0.018384424380342435
Node_1,Temperature Sensor,48,2.6425253254085583,0.3298281148250612,0.3813468276845291,84.0,11.841546445554409,1,0.021856783116800838
Node_1,Temperature Sensor,49,2.3981090555530296,0.2985674902492782,0.4223617106651431,85.0,13.063945294843617,-1,-0.005871764982609218
Node_1,Temperature Sensor,50,2.5768423585916422,0.3255068649184201,0.380208354044019,77.5,12.15867317322632,1,0.039787939555352314
Node_1,Temperature Sensor,51,2.428157940409389,0.2967251445029442,0.4057302677918273,78.9,12.16963434126104,1,0.09594856720518735
Node_1,Temperature Sensor,52,2.271068048291096,0.2777367022098036,0.4389489528501898,74.8,13.603921003397025,-1,-0.14321518539832356
Node_1,Temperature Sensor,53,2.675365382515239,0.2518483298881576,0.3748135963248619,77.0,9.510228411791404,1,0.002242449812668579
Node_1,Temperature Sensor,54,2.5223955336517427,0.2788442080222799,0.4033296293638024,79.0,12.935738607954836,1,0.09880330748590477
Node_1,Temperature Sensor,55,2.525709693955034,0.2595566796548244,0.3946409162602789,74.0,10.47748909700114,1,0.07172075617458634
Node_1,Temperature Sensor,56,2.503953333952436,0.2052237878432984,0.3963031545723039,82.7,12.80668228352336,1,0.03747483218432779
Node_1,Temperature Sensor,57,2.644915569368224,0.235749244047866,0.3812912979587397,74.3,14.016260398392845,-1,-0.0539143747686569
Node_1,Temperature Sensor,58,2.508809463908581,0.2525907303946386,0.4028290617496105,74.0,8.806563209081938,1,0.04465474159326821
Node_1,Temperature Sensor,59,2.3532332383951475,0.2655773355030257,0.4264913944883159,74.8,8.337332373793858,-1,-0.014591654323375058
Node_1,Temperature Sensor,60,2.513198908453794,0.3492777501477052,0.4036121514872413,80.6,14.736198816369017,1,0.009215391883293567
Node_1,Temperature Sensor,61,2.5045578035291305,0.3096263472922541,0.4053854342293738,75.5,7.560864148142503,1,0.03213321117184165
Node_1,Temperature Sensor,62,2.542144483066075,0.2159763691459843,0.3944073762321302,81.4,11.217050513491602,1,0.06864652520861009
Node_1,Temperature Sensor,63,2.444409802909034,0.331883406075063,0.4020024023945547,84.0,6.6332495807108,-1,-0.053078465205081526
Node_1,Temperature Sensor,64,2.3358749111667203,0.2041079286747565,0.4243704033687418,78.6,9.912954487269005,-1,-0.051166721669529736
Node_1,Temperature Sensor,65,2.552349396558097,0.3336377093248552,0.3836712563680616,80.3,10.011659869039368,1,0.042354990498713774
Node_1,Temperature Sensor,66,2.4868191198980965,0.3324404766330842,0.4080706135642347,80.1,9.480389115314718,1,0.055847966848167785
Node_1,Temperature Sensor,67,2.5963055125817904,0.2634225858726427,0.3891397949525453,74.8,10.261037417770623,1,0.043004977776207876
Node_1,Temperature Sensor,68,2.6860078530389315,0.255753821041038,0.3699734880757507,79.9,10.246408584908613,-1,-0.024717077899293116
Node_1,Temperature Sensor,69,2.4295222098796003,0.3080262594307411,0.4055399941362279,77.5,14.485625058427177,1,0.03340219092155605
Node_1,Temperature Sensor,70,2.488815244192553,0.3451408734292105,0.4098859660697849,79.3,10.863291909504738,1,0.0638954943934088
Node_1,Temperature Sensor,71,2.4650439651869105,0.302726929042055,0.4026973841785721,72.9,11.120051958311866,1,0.06407789471466269
Node_4,Motion Sensor,1,5.0812007202833245,0.6110767330750962,0.1973622270145107,80.7,11.25512229066294,1,0.010759401292243453
Node_4,Motion Sensor,2,4.790293099554477,0.6458652232898747,0.205502684430679,81.2,11.399805066559496,1,0.06254534987630989
Node_4,Motion Sensor,3,4.425517845146399,1.0834131496063948,0.2187953360749237,83.2,7.29992389610254,-1,-0.0201357977683313
Node_4,Motion Sensor,4,4.481964187599734,0.8358513922380991,0.2223736687964062,79.1,8.849984306326325,1,0.057842328367310625
Node_4,Motion Sensor,5,3.688834134281364,2.508338574900191,0.289577191087064,79.8,16.90364852134986,-1,-0.11280714675695158
Node_4,Motion Sensor,6,4.283873573748048,0.9132793543479574,0.2290404905992063,74.6,13.141959941770905,1,0.0498370322720012
Node_4,Motion Sensor,7,4.39771990200922,0.919047966496003,0.2291682139846661,81.6,13.517067400553683,1,0.08883430897530575
Node_4,Motion Sensor,8,3.8175979176379498,2.1230062227233177,0.2573916186620483,85.6,9.99110715697826,-1,-0.03328732369725784
Node_4,Motion Sensor,9,3.4187863312702973,2.331842083534029,0.3114136465969014,82.4,12.09407568467581,-1,-0.006008327886870557
Node_4,Motion Sensor,10,4.412230776632223,1.1090879108434837,0.2357134694384348,80.6,12.094075684675811,1,0.07721132453537971
Node_4,Motion Sensor,11,4.644004593756867,0.9514643456476805,0.2163634406398458,79.0,13.324997394204456,1,0.09757220096140024
Node_4,Motion Sensor,12,2.226339248825133,2.246218771939554,0.4819854707634742,74.3,13.695498043761194,-1,-0.1693344953360224
Node_4,Motion Sensor,13,2.741437130568352,2.354295594240303,0.3303478059731889,78.3,11.035800328426069,1,0.003079691746326163
Node_4,Motion Sensor,14,2.7607592654695194,2.349320434764299,0.3269333054309131,77.2,11.003029885748138,1,0.011698848636530257
Node_4,Motion Sensor,15,4.140896230370528,1.589479832666026,0.2178786900926687,84.7,12.47263671669574,-1,-0.003238293284199334
Node_4,Motion Sensor,16,3.872945039648503,0.7332286648081361,0.260654146301968,82.0,13.457752825457566,1,0.004428206454490213
Node_4,Motion Sensor,17,4.611029159532314,0.5378821687526156,0.2142787265945315,75.6,12.04805194027464,1,0.03879685110917952
Node_4,Motion Sensor,18,4.741213632181911,0.7650145236240916,0.2131174213701983,79.3,10.435516278555651,1,0.09771745638094925
Node_4,Motion Sensor,19,2.8837475488631394,1.9841435246765369,0.3517933817132334,74.8,11.4968594745599,-1,-0.050595237419043815
Node_4,Motion Sensor,20,3.3012995359395894,2.352620529794839,0.309226827468936,85.0,11.953614051360738,-1,-0.012804474962427093
Node_4,Motion Sensor,21,3.673853927243853,2.03017292890154,0.2875826955201745,85.2,11.923832344417535,1,0.01286087092754129
Node_4,Motion Sensor,22,4.057438809039446,0.922771862322612,0.2516399956420291,82.9,10.535126429658492,1,0.03295623149613208
Node_4,Motion Sensor,23,4.479746025621648,0.8328542457011013,0.2177787090463003,77.1,9.93814201280434,1,0.08625689460943081
Node_4,Motion Sensor,24,5.24526122963108,0.6939199117510024,0.1922681291304949,82.0,8.981462390204987,-1,-0.04622985221963605
Node_4,Motion Sensor,25,4.364016104238403,1.0306672214579389,0.222714062120146,76.8,12.443650768341437,1,0.08927703452151697
Node_4,Motion Sensor,26,2.493682231725429,2.13894255797834,0.4159872794369312,77.5,8.959786703810408,-1,-0.10799526996881559
Node_4,Motion Sensor,27,3.332637902147222,1.9185011528418752,0.2708737450460719,77.4,8.329332372872257,-1,-0.04672095776117635
Node_4,Motion Sensor,28,4.280415192300428,0.6544855074031956,0.232574894302493,86.4,11.711343029540018,-1,-0.008966121760808132
Node_4,Motion Sensor,29,4.638255537537231,1.0409764951107177,0.2162414132987202,74.9,9.904544411531509,1,0.05573774394573816
Node_4,Motion Sensor,30,4.633834217532675,0.8817126726847233,0.2112101166984389,76.6,13.209424245170148,1,0.07754122392514728
Node_4,Motion Sensor,31,4.41978423308939,0.9034299914824684,0.2230937549926984,78.1,11.694728157023004,1,0.1026443895208527
Node_4,Motion Sensor,32,4.395253653566345,0.8848651385514817,0.2275901978284619,83.2,9.942054337230532,1,0.06434512922592839
Node_4,Motion Sensor,33,4.757778735558061,0.865230092717089,0.2124104599757175,77.2,10.747609553343064,1,0.08621622143406932
Node_4,Motion Sensor,34,3.3613306699422743,1.8405629475873937,0.3054477536611929,77.0,12.128936932440167,-1,-0.007409907859790454
Node_4,Motion Sensor,35,3.9706268437624495,0.6768532344176815,0.2492836840670335,76.8,15.105554533938095,-1,-0.013407965162657076
Node_4,Motion Sensor,36,3.6705499815914,1.942263266833584,0.2790894867236502,79.9,12.740573857649514,1,0.023981381040440786
Node_4,Motion Sensor,37,4.568813990977049,1.1543175577495663,0.2265313764948341,80.8,11.32156251485535,1,0.07619115686865108
Node_4,Motion Sensor,38,4.789525553703857,0.7746100030773428,0.2099073025653231,74.9,13.843971812870596,1,0.029548997217866968
Node_4,Motion Sensor,39,4.60479590618953,1.0936312360401133,0.2208646034874859,79.7,12.57908316743845,1,0.09049943826349427
Node_4,Motion Sensor,40,4.73640163211883,0.6332420371604972,0.2126347079944401,81.7,12.00971828700962,1,0.0736837543746795
Node_4,Motion Sensor,41,4.397165526021881,0.8767093904573459,0.2251563619737695,82.8,11.438725647747848,1,0.09259742816648464
Node_4,Motion Sensor,42,4.671078234462135,0.9810365636756436,0.2179410686674792,84.3,14.22868776646517,1,0.02078000185537221
Node_4,Motion Sensor,43,4.702277649534929,0.8045505440250095,0.2135643809839352,74.5,10.058164179743075,1,0.0503619119689534
Node_4,Motion Sensor,44,2.717248846469291,2.336236149015325,0.396128259420691,77.1,10.79557522526912,-1,-0.028915290212864986
