Node_ID,Node_Type,Timestamp,IAT,Packet_Size
Node_5,Camera-like Traffic Generator,0.22538309837861756,0.22538309837861756,1062
Node_5,Camera-like Traffic Generator,0.5149564750719549,0.2895733766933373,1483
Node_5,Camera-like Traffic Generator,0.7664374346283214,0.25148095955636646,1488
Node_3,Smart Plug,0.870031540092796,0.870031540092796,84
Node_5,Camera-like Traffic Generator,1.163885244950559,0.3974478103222375,1124
Node_2,Smart Light,1.3325186083719849,1.3325186083719849,61
Node_5,Camera-like Traffic Generator,1.3777351238865545,0.21384987893599555,1472
Node_5,Camera-like Traffic Generator,1.8491209778837294,0.471385853997175,1146
Node_5,Camera-like Traffic Generator,2.20935169743127,0.3602307195475406,1069
Node_3,Smart Plug,2.3001145536828416,1.4300830135900453,72
Node_5,Camera-like Traffic Generator,2.556484544952951,0.34713284752168094,1156
Node_1,Temperature Sensor,2.6394267984578836,2.6394267984578836,61
Node_2,Smart Light,2.8785323535796765,1.5460137452076914,92
Node_5,Camera-like Traffic Generator,3.029719491947478,0.47323494699452706,1498
Node_5,Camera-like Traffic Generator,3.4115711320040196,0.38185164005654193,1255
Node_3,Smart Plug,3.415566738433296,1.1154521847504546,84
Node_5,Camera-like Traffic Generator,3.8179502247100348,0.40637909270601524,1331
Node_5,Camera-like Traffic Generator,4.031370890504125,0.21342066579409022,1018
Node_2,Smart Light,4.053621480631385,1.1750891270517085,91
Node_5,Camera-like Traffic Generator,4.273871089806506,0.24250019930238104,1428
Node_3,Smart Plug,4.429539581018,1.0139728425847045,83
Node_5,Camera-like Traffic Generator,4.5384349720622605,0.26456388225575445,1067
Node_5,Camera-like Traffic Generator,4.904056160083056,0.36562118802079546,1295
Node_1,Temperature Sensor,4.914456116827003,2.2750293183691195,68
Node_5,Camera-like Traffic Generator,5.187274875710157,0.2832187156271013,1364
Node_4,Motion Sensor,5.210576087352933,5.210576087352933,99
Node_5,Camera-like Traffic Generator,5.513879379269537,0.32660450355938,1274
Node_2,Smart Light,5.518244380378423,1.4646228997470376,87
Node_3,Smart Plug,5.625425986551577,1.195886405533577,74
Node_5,Camera-like Traffic Generator,5.792081711934077,0.27820233266453964,1324
Node_5,Camera-like Traffic Generator,6.0410775243204835,0.24899581238640706,1228
Node_5,Camera-like Traffic Generator,6.52449966939102,0.48342214507053655,1338
Node_3,Smart Plug,6.6468591981990075,1.0214332116474305,77
Node_5,Camera-like Traffic Generator,7.006559467842941,0.48205979845191993,1071
Node_2,Smart Light,7.14998022813676,1.6317358477583377,92
Node_5,Camera-like Traffic Generator,7.26768833690834,0.26112886906539956,1314
Node_3,Smart Plug,7.450241516064278,0.80338231786527,69
Node_5,Camera-like Traffic Generator,7.548508243192313,0.280819906283973,1316
Node_1,Temperature Sensor,7.650927330991015,2.7364712141640126,87
Node_5,Camera-like Traffic Generator,7.9421796109403076,0.39367136774799394,1357
Node_2,Smart Light,8.213080765168986,1.0631005370322246,91
Node_5,Camera-like Traffic Generator,8.311272257905658,0.36909264696535027,1323
Node_3,Smart Plug,8.405309509008841,0.9550679929445638,89
Node_5,Camera-like Traffic Generator,8.664700491182588,0.353428233276929,1082
Node_5,Camera-like Traffic Generator,9.111170832612055,0.4464703414294677,1158
Node_3,Smart Plug,9.510596355271623,1.105286846262782,93
Node_5,Camera-like Traffic Generator,9.547506052279074,0.4363352196670185,1189
Node_2,Smart Light,9.670760342616338,1.4576795774473532,71
Node_5,Camera-like Traffic Generator,10.036711362631833,0.4892053103527588,1123
Node_5,Camera-like Traffic Generator,10.31774893270146,0.2810375700696287,1265
Node_3,Smart Plug,10.404610437939645,0.8940140826680223,89
Node_1,Temperature Sensor,10.54310689869586,2.8921795677048454,63
Node_4,Motion Sensor,10.626738773680586,5.416162686327652,82
Node_2,Smart Light,10.714566618275462,1.043806275659123,67
Node_5,Camera-like Traffic Generator,10.722942706839186,0.40519377413772517,1203
Node_5,Camera-like Traffic Generator,11.021749959723493,0.2988072528843079,1044
Node_5,Camera-like Traffic Generator,11.494523576484873,0.47277361676138047,1389
Node_5,Camera-like Traffic Generator,11.738422466359216,0.24389888987434363,1399
Node_2,Smart Light,11.756472560205845,1.041905941930382,97
Node_3,Smart Plug,11.819130518595218,1.414520080655573,78
Node_5,Camera-like Traffic Generator,12.020516502423952,0.28209403606473654,1048
Node_5,Camera-like Traffic Generator,12.514362066481123,0.49384556405717167,1111
Node_3,Smart Plug,12.870249640074736,1.0511191214795177,72
Node_1,Temperature Sensor,12.96502871838113,2.4219218196852705,61
Node_5,Camera-like Traffic Generator,12.999896924674378,0.4855348581932546,1391
Node_5,Camera-like Traffic Generator,13.236947972451906,0.23705104777752914,1263
Node_2,Smart Light,13.271856149460344,1.515383589254499,99
Node_5,Camera-like Traffic Generator,13.699601549719768,0.4626535772678618,1294
Node_3,Smart Plug,14.056419918386874,1.186170278312138,67
Node_5,Camera-like Traffic Generator,14.141640998836992,0.44203944911722526,1047
Node_5,Camera-like Traffic Generator,14.446311062318745,0.304670063481753,1286
Node_5,Camera-like Traffic Generator,14.730910079413288,0.2845990170945426,1135
Node_2,Smart Light,14.81488684711453,1.5430306976541859,70
Node_5,Camera-like Traffic Generator,14.960629925132707,0.22971984571941995,1023
Node_1,Temperature Sensor,15.183666693184733,2.2186379748036034,80
Node_5,Camera-like Traffic Generator,15.256028842062317,0.29539891692961073,1375
Node_3,Smart Plug,15.281059284636477,1.224639366249603,93
Node_5,Camera-like Traffic Generator,15.51023058733066,0.2542017452683439,1403
Node_5,Camera-like Traffic Generator,15.913574152276121,0.40334356494546,1394
Node_5,Camera-like Traffic Generator,16.279075660976858,0.3655015087007365,1441
Node_4,Motion Sensor,16.30975546736667,5.683016693686085,81
Node_2,Smart Light,16.568177765933395,1.7532909188188648,67
Node_5,Camera-like Traffic Generator,16.59987103938662,0.32079537840976236,1296
Node_3,Smart Plug,16.682158843396035,1.4010995587595594,65
Node_5,Camera-like Traffic Generator,16.877589348720907,0.2777183093342873,1343
Node_1,Temperature Sensor,17.210202662868596,2.026535969683864,67
Node_5,Camera-like Traffic Generator,17.291556147105748,0.41396679838484063,1328
Node_5,Camera-like Traffic Generator,17.534357189853544,0.24280104274779707,1283
Node_5,Camera-like Traffic Generator,17.814568161058922,0.28021097120537897,1459
Node_3,Smart Plug,17.85919146935065,1.1770326259546158,70
Node_2,Smart Light,17.925151941968757,1.3569741760353633,91
Node_5,Camera-like Traffic Generator,18.206326208046203,0.3917580469872799,1185
Node_5,Camera-like Traffic Generator,18.639584656399116,0.4332584483529142,1339
Node_5,Camera-like Traffic Generator,18.965057781022683,0.32547312462356703,1228
Node_3,Smart Plug,19.27962655180588,1.420435082455227,63
Node_5,Camera-like Traffic Generator,19.2967457834889,0.33168800246621577,1177
Node_5,Camera-like Traffic Generator,19.63734552937842,0.34059974588952047,1143
Node_2,Smart Light,19.790950219046813,1.8657982770780577,73
Node_1,Temperature Sensor,19.86008710064812,2.649884437779523,81
Node_5,Camera-like Traffic Generator,20.123130426052647,0.48578489667422714,1260
Node_3,Smart Plug,20.132406521561244,0.8527799697553637,60
Node_5,Camera-like Traffic Generator,20.538670469052157,0.4155400429995083,1461
Node_5,Camera-like Traffic Generator,20.807299700293175,0.2686292312410193,1317
Node_2,Smart Light,20.915425227291195,1.1244750082443833,74
Node_5,Camera-like Traffic Generator,21.033382385765517,0.22608268547234234,1152
Node_4,Motion Sensor,21.09640221124177,4.786646743875099,71
Node_3,Smart Plug,21.287431339461143,1.1550248178999016,61
Node_5,Camera-like Traffic Generator,21.46455590625471,0.431173520489194,1422
Node_5,Camera-like Traffic Generator,21.854958910423,0.3904030041682903,1038
Node_1,Temperature Sensor,22.080527722688817,2.2204406220406967,83
Node_5,Camera-like Traffic Generator,22.126969932569494,0.2720110221464938,1046
Node_3,Smart Plug,22.494754682806892,1.2073233433457506,76
Node_5,Camera-like Traffic Generator,22.499564941905543,0.3725950093360503,1042
Node_5,Camera-like Traffic Generator,22.785320201197727,0.28575525929218476,1464
Node_2,Smart Light,22.804911744303475,1.8894865170122814,89
Node_5,Camera-like Traffic Generator,23.227824276831505,0.44250407563377836,1005
Node_3,Smart Plug,23.707780101095395,1.2130254182885025,96
Node_5,Camera-like Traffic Generator,23.71234328260096,0.48451900576945456,1338
Node_5,Camera-like Traffic Generator,24.192075708255185,0.47973242565422664,1068
Node_5,Camera-like Traffic Generator,24.541417269561478,0.3493415613062936,1342
Node_2,Smart Light,24.699549239258527,1.8946374949550533,75
Node_1,Temperature Sensor,24.889958179366644,2.8094304566778265,60
Node_3,Smart Plug,24.893895900063704,1.1861157989683109,81
Node_5,Camera-like Traffic Generator,24.94444951926864,0.40303224970716356,1266
Node_5,Camera-like Traffic Generator,25.181856995139796,0.2374074758711564,1006
Node_5,Camera-like Traffic Generator,25.438912196322057,0.2570552011822605,1415
Node_5,Camera-like Traffic Generator,25.641099273384246,0.20218707706218975,1212
Node_5,Camera-like Traffic Generator,26.001396720267717,0.36029744688347265,1172
Node_3,Smart Plug,26.393005622572,1.499109722508296,78
Node_4,Motion Sensor,26.450769999714822,5.354367788473052,86
Node_5,Camera-like Traffic Generator,26.499663304110463,0.49826658384274647,1330
Node_2,Smart Light,26.673272823573836,1.9737235843153091,79
Node_5,Camera-like Traffic Generator,26.975800990981522,0.47613768687105934,1499
Node_5,Camera-like Traffic Generator,27.45928340590091,0.483482414919387,1342
Node_5,Camera-like Traffic Generator,27.671990200358135,0.21270679445722745,1224
Node_1,Temperature Sensor,27.695777431199453,2.805819251832808,87
Node_3,Smart Plug,27.735643689758202,1.3426380671861997,74
Node_5,Camera-like Traffic Generator,27.922549902146237,0.25055970178810244,1465
Node_2,Smart Light,28.170796216067462,1.4975233924936273,96
Node_5,Camera-like Traffic Generator,28.351663037313113,0.42911313516687544,1451
Node_5,Camera-like Traffic Generator,28.60410729581328,0.2524442585001641,1183
Node_3,Smart Plug,28.69195834309525,0.9563146533370486,90
Node_5,Camera-like Traffic Generator,28.844102935987618,0.2399956401743393,1176
Node_5,Camera-like Traffic Generator,29.059374905326994,0.2152719693393758,1247
Node_5,Camera-like Traffic Generator,29.310520094671766,0.251145189344772,1484
Node_5,Camera-like Traffic Generator,29.611907673473677,0.3013875788019117,1339
Node_2,Smart Light,29.690072069602405,1.519275853534942,92
Node_3,Smart Plug,30.00521712214428,1.3132587790490309,71
Node_1,Temperature Sensor,30.036027947717443,2.340250516517992,66
Node_5,Camera-like Traffic Generator,30.061425595291993,0.4495179218183151,1425
Node_5,Camera-like Traffic Generator,30.51876744386925,0.4573418485772581,1145
Node_5,Camera-like Traffic Generator,30.863704848770514,0.34493740490126246,1132
Node_5,Camera-like Traffic Generator,31.064375141158475,0.20067029238796022,1315
Node_3,Smart Plug,31.130507921663597,1.125290799519317,80
Node_5,Camera-like Traffic Generator,31.382461583995884,0.31808644283740933,1461
Node_2,Smart Light,31.41715339394504,1.7270813243426357,63
Node_4,Motion Sensor,31.593822936306008,5.143052936591187,69
Node_5,Camera-like Traffic Generator,31.861194285982418,0.4787327019865321,1479
Node_3,Smart Plug,32.20825753201839,1.0777496103547952,80
Node_5,Camera-like Traffic Generator,32.21585298984394,0.3546587038615213,1446
Node_5,Camera-like Traffic Generator,32.696477305276524,0.48062431543258644,1446
Node_1,Temperature Sensor,32.99324101992423,2.9572130722067813,73
Node_2,Smart Light,33.01960669277527,1.6024532988302274,92
Node_5,Camera-like Traffic Generator,33.15098283934785,0.45450553407132577,1028
Node_5,Camera-like Traffic Generator,33.35275017059532,0.20176733124747182,1230
Node_3,Smart Plug,33.47213247458348,1.2638749425650877,93
Node_5,Camera-like Traffic Generator,33.64225536551389,0.2895051949185716,1053
Node_5,Camera-like Traffic Generator,33.947171875254384,0.3049165097404933,1361
Node_5,Camera-like Traffic Generator,34.267792301837375,0.32062042658298984,1004
Node_2,Smart Light,34.565081090119904,1.545474397344637,72
Node_5,Camera-like Traffic Generator,34.59703344684926,0.3292411450118857,1098
Node_3,Smart Plug,34.83671051443301,1.3645780398495289,84
Node_5,Camera-like Traffic Generator,34.955762415605875,0.358728968756613,1449
Node_1,Temperature Sensor,35.08598686330438,2.092745843380148,63
Node_5,Camera-like Traffic Generator,35.27897813146983,0.32321571586394904,1456
Node_5,Camera-like Traffic Generator,35.481051267044656,0.202073135574826,1384
Node_4,Motion Sensor,35.577363825549455,3.9835408892434496,92
Node_2,Smart Light,35.6451500011949,1.0800689110749953,86
Node_3,Smart Plug,35.75280100085552,0.9160904864225108,80
Node_5,Camera-like Traffic Generator,35.75609169291022,0.275040425865565,1235
Node_5,Camera-like Traffic Generator,36.068384533165904,0.31229284025568876,1182
Node_5,Camera-like Traffic Generator,36.53604254891368,0.4676580157477752,1268
Node_5,Camera-like Traffic Generator,36.81688705130764,0.28084450239396463,1494
Node_3,Smart Plug,36.86515531154282,1.1123543106873013,67
Node_2,Smart Light,36.951645857285655,1.3064958560907525,84
Node_5,Camera-like Traffic Generator,37.21377094470663,0.39688389339899444,1219
Node_5,Camera-like Traffic Generator,37.4557332651098,0.2419623204031686,1373
Node_5,Camera-like Traffic Generator,37.65747633073352,0.20174306562372313,1441
Node_1,Temperature Sensor,37.93348122965184,2.8474943663474597,84
Node_5,Camera-like Traffic Generator,38.0702421611873,0.4127658304537787,1055
Node_3,Smart Plug,38.32925359367191,1.4640982821290849,86
Node_5,Camera-like Traffic Generator,38.355712090406165,0.28546992921886516,1066
Node_2,Smart Light,38.3777619301687,1.4261160728830453,87
Node_5,Camera-like Traffic Generator,38.68202882125693,0.32631673085076507,1165
Node_5,Camera-like Traffic Generator,38.89151078364042,0.2094819623834919,1333
Node_5,Camera-like Traffic Generator,39.376023535516154,0.484512751875732,1479
Node_4,Motion Sensor,39.66116642398808,4.083802598438626,88
Node_2,Smart Light,39.72930891394069,1.3515469837719922,61
Node_3,Smart Plug,39.80666848555817,1.477414891886259,89
Node_5,Camera-like Traffic Generator,39.8709021463338,0.4948786108176402,1059
Node_5,Camera-like Traffic Generator,40.21762249660703,0.3467203502732299,1247
Node_5,Camera-like Traffic Generator,40.62214344121947,0.4045209446124456,1063
Node_1,Temperature Sensor,40.74060950292622,2.80712827327438,89
Node_3,Smart Plug,40.94512087656737,1.1384523910092017,74
Node_5,Camera-like Traffic Generator,41.047470413147636,0.42532697192816293,1390
Node_5,Camera-like Traffic Generator,41.367433220524,0.3199628073763667,1362
Node_2,Smart Light,41.59934608899708,1.870037175056392,74
Node_5,Camera-like Traffic Generator,41.79000118079314,0.4225679602691447,1412
Node_3,Smart Plug,41.89829425864869,0.9531733820813199,79
Node_5,Camera-like Traffic Generator,42.02942648184517,0.23942530105203266,1478
Node_5,Camera-like Traffic Generator,42.46724036889253,0.4378138870473628,1063
Node_3,Smart Plug,42.74229707163812,0.8440028129894285,74
Node_5,Camera-like Traffic Generator,42.770476534162746,0.30323616527021136,1006
Node_5,Camera-like Traffic Generator,43.17580783340029,0.4053312992375454,1026
Node_1,Temperature Sensor,43.27683759438092,2.5362280914547006,98
Node_3,Smart Plug,43.572262980225176,0.8299659085870529,68
Node_2,Smart Light,43.59749668677013,1.9981505977730492,70
Node_5,Camera-like Traffic Generator,43.62475856144899,0.4489507280486993,1214
Node_5,Camera-like Traffic Generator,44.00388460820512,0.3791260467561295,1004
Node_5,Camera-like Traffic Generator,44.347942512290935,0.3440579040858148,1141
Node_5,Camera-like Traffic Generator,44.572726981360994,0.2247844690700618,1214
Node_5,Camera-like Traffic Generator,44.958010929437876,0.3852839480768794,1364
Node_3,Smart Plug,45.007671245026245,1.4354082648010724,74
Node_4,Motion Sensor,45.14647931228372,5.485312888295642,62
Node_5,Camera-like Traffic Generator,45.21406900005907,0.25605807062119273,1140
Node_5,Camera-like Traffic Generator,45.44857499735363,0.23450599729456037,1131
Node_2,Smart Light,45.57752396596441,1.980027279194279,97
Node_1,Temperature Sensor,45.655371971589275,2.3785343772083536,82
Node_5,Camera-like Traffic Generator,45.858861726944276,0.4102867295906418,1333
Node_3,Smart Plug,46.13644320533339,1.1287719603071462,78
Node_5,Camera-like Traffic Generator,46.187609405190805,0.32874767824652595,1236
Node_5,Camera-like Traffic Generator,46.62242448150461,0.4348150763138066,1051
Node_2,Smart Light,46.65256513095257,1.0750411649881593,85
Node_3,Smart Plug,46.96894942558422,0.8325062202508248,99
Node_5,Camera-like Traffic Generator,47.04156149558594,0.4191370140813305,1305
Node_5,Camera-like Traffic Generator,47.29816219439799,0.25660069881204883,1427
Node_5,Camera-like Traffic Generator,47.686834567024825,0.38867237262683474,1074
Node_5,Camera-like Traffic Generator,47.92297292379755,0.23613835677272635,1200
Node_3,Smart Plug,47.995799202629,1.0268497770447844,88
Node_2,Smart Light,48.01587626160355,1.3633111306509824,92
Node_5,Camera-like Traffic Generator,48.205131415536584,0.28215849173903196,1096
Node_5,Camera-like Traffic Generator,48.44899415494975,0.24386273941316375,1008
Node_1,Temperature Sensor,48.48477663584227,2.829404664252995,84
Node_5,Camera-like Traffic Generator,48.70888720296261,0.25989304801285734,1432
Node_5,Camera-like Traffic Generator,49.02299299770672,0.31410579474411277,1262
Node_3,Smart Plug,49.16076023552249,1.1649610328934854,93
Node_5,Camera-like Traffic Generator,49.43304065616502,0.4100476584582998,1490
Node_2,Smart Light,49.69528686941824,1.67941060781469,98
Node_5,Camera-like Traffic Generator,49.699573227040105,0.2665325708750885,1213
Node_5,Camera-like Traffic Generator,49.91797814410858,0.2184049170684748,1213
Node_5,Camera-like Traffic Generator,50.13347479065655,0.2154966465479657,1055
Node_5,Camera-like Traffic Generator,50.44254763447765,0.30907284382109923,1471
Node_3,Smart Plug,50.54517082187466,1.3844105863521754,70
Node_4,Motion Sensor,50.81200720283324,5.665527890549525,77
Node_2,Smart Light,50.83806633778079,1.1427794683625496,84
Node_5,Camera-like Traffic Generator,50.85602331427326,0.41347567979560984,1123
Node_5,Camera-like Traffic Generator,51.32455518447648,0.46853187020321874,1090
Node_1,Temperature Sensor,51.34648353615305,2.8617069003107773,83
Node_5,Camera-like Traffic Generator,51.524715962906875,0.20016077843039623,1330
Node_3,Smart Plug,51.72621586533652,1.18104504346186,66
Node_5,Camera-like Traffic Generator,51.821207844840636,0.29649188193375814,1142
Node_5,Camera-like Traffic Generator,52.105255650899046,0.28404780605841123,1303
Node_5,Camera-like Traffic Generator,52.43452790884884,0.3292722579497993,1126
Node_2,Smart Light,52.61937830752426,1.7813119697434665,61
Node_5,Camera-like Traffic Generator,52.78191381310938,0.34738590426053384,1167
Node_3,Smart Plug,52.98378858453024,1.257572719193719,74
Node_5,Camera-like Traffic Generator,53.01537239712792,0.2334585840185446,1334
Node_5,Camera-like Traffic Generator,53.420260850950726,0.4048884538228099,1385
Node_5,Camera-like Traffic Generator,53.65935327694801,0.23909242599728348,1180
Node_2,Smart Light,53.686611670586366,1.0672333630621087,91
Node_1,Temperature Sensor,54.051055372367976,2.7045718362149236,61
Node_5,Camera-like Traffic Generator,54.10236385084489,0.4430105738968811,1371
Node_3,Smart Plug,54.241124167120034,1.257335582589795,93
Node_5,Camera-like Traffic Generator,54.4790371734529,0.37667332260801356,1302
Node_5,Camera-like Traffic Generator,54.750512839432545,0.27147566597964246,1137
Node_4,Motion Sensor,54.919889851766676,4.107882648933435,83
Node_2,Smart Light,55.05294014369351,1.3663284731071486,75
Node_5,Camera-like Traffic Generator,55.125811004330814,0.37529816489826745,1043
Node_5,Camera-like Traffic Generator,55.35772065965701,0.2319096553261997,1314
Node_3,Smart Plug,55.402788195407794,1.161664028287757,75
Node_5,Camera-like Traffic Generator,55.73827119718441,0.38055053752739953,1020
Node_5,Camera-like Traffic Generator,56.22877025162864,0.4904990544442314,1442
Node_1,Temperature Sensor,56.278953648019524,2.2278982756515466,71
Node_2,Smart Light,56.62018478541763,1.5672446417241195,84
Node_5,Camera-like Traffic Generator,56.673992997145014,0.4452227455163753,1096
Node_3,Smart Plug,56.83785789392057,1.4350696985127738,80
Node_5,Camera-like Traffic Generator,57.00772393749926,0.33373094035424433,1049
Node_5,Camera-like Traffic Generator,57.49026933838679,0.48254540088753184,1309
Node_5,Camera-like Traffic Generator,57.7807122634645,0.29044292507771546,1237
Node_3,Smart Plug,57.884886499352376,1.047028605431808,94
Node_5,Camera-like Traffic Generator,58.20900866750287,0.42829640403836766,1266
Node_2,Smart Light,58.29924684233102,1.679062056913395,97
Node_1,Temperature Sensor,58.358745624943154,2.0797919769236275,69
Node_5,Camera-like Traffic Generator,58.45511037333076,0.24610170582788685,1063
Node_5,Camera-like Traffic Generator,58.78057414116588,0.32546376783511566,1355
Node_3,Smart Plug,59.0256895932243,1.140803093871923,79
Node_5,Camera-like Traffic Generator,59.24805013705759,0.46747599589170963,1379
Node_4,Motion Sensor,59.47672485002022,4.5568349982535405,70
Node_2,Smart Light,59.671260220801706,1.3720133784706836,90
Node_5,Camera-like Traffic Generator,59.70187654791774,0.4538264108601544,1280
Node_5,Camera-like Traffic Generator,60.00607840766367,0.3042018597459339,1183
Node_3,Smart Plug,60.24863727942428,1.2229476861999808,80
Node_5,Camera-like Traffic Generator,60.395037799192025,0.38895939152835135,1058
Node_1,Temperature Sensor,60.45974705435288,2.1010014294097292,71
Node_5,Camera-like Traffic Generator,60.72587552817156,0.330837728979532,1241
Node_5,Camera-like Traffic Generator,61.083004356782034,0.35712882861047757,1476
Node_3,Smart Plug,61.14591509437827,0.897277814953991,66
Node_2,Smart Light,61.2451819991356,1.5739217783338957,81
Node_5,Camera-like Traffic Generator,61.52026990866623,0.4372655518841927,1083
Node_5,Camera-like Traffic Generator,61.80251450089336,0.28224459222713016,1483
Node_3,Smart Plug,61.99987685239714,0.8539617580188729,85
Node_5,Camera-like Traffic Generator,62.089411407788056,0.2868969068946955,1477
Node_5,Camera-like Traffic Generator,62.307649425036544,0.2182380172484898,1486
Node_5,Camera-like Traffic Generator,62.56470670008008,0.2570572750435364,1407
Node_2,Smart Light,62.64321604508805,1.3980340459524498,85
Node_5,Camera-like Traffic Generator,62.91321447027128,0.3485077701911947,1266
Node_3,Smart Plug,62.94793882529217,0.9480619728950284,67
Node_1,Temperature Sensor,63.09543149861728,2.6356844442644003,74
Node_5,Camera-like Traffic Generator,63.267260779201955,0.35404630893067657,1037
Node_5,Camera-like Traffic Generator,63.5985842622311,0.3313234830291445,1254
Node_2,Smart Light,63.89282769818145,1.2496116530933978,64
Node_5,Camera-like Traffic Generator,63.967333839290035,0.3687495770589385,1195
Node_4,Motion Sensor,63.973206767143594,4.496481917123373,77
Node_3,Smart Plug,64.00149488624274,1.0535560609505636,88
Node_5,Camera-like Traffic Generator,64.34949935308452,0.38216551379448366,1103
Node_5,Camera-like Traffic Generator,64.55057951701042,0.20108016392589298,1285
Node_3,Smart Plug,64.88432604221921,0.8828311559764799,69
Node_5,Camera-like Traffic Generator,64.92821334351221,0.3776338265017906,1004
Node_5,Camera-like Traffic Generator,65.40680153446411,0.47858819095189914,1256
Node_1,Temperature Sensor,65.46561246573417,2.3701809671168825,68
Node_2,Smart Light,65.62850255766088,1.7356748594794276,79
Node_5,Camera-like Traffic Generator,65.75794686388234,0.3511453294182286,1360
Node_5,Camera-like Traffic Generator,66.03559724916545,0.2776503852831054,1426
Node_3,Smart Plug,66.25214688278028,1.367820840561072,88
Node_5,Camera-like Traffic Generator,66.32450635521496,0.2889091060495109,1134
Node_5,Camera-like Traffic Generator,66.56023737393205,0.2357310187170858,1111
Node_5,Camera-like Traffic Generator,66.92030711130285,0.3600697373707967,1145
Node_2,Smart Light,67.01548993770014,1.3869873800392636,82
Node_5,Camera-like Traffic Generator,67.31219171424026,0.391884602937414,1471
Node_3,Smart Plug,67.38920853735291,1.1370616545726402,79
Node_5,Camera-like Traffic Generator,67.595518665492,0.28332695125173324,1066
Node_1,Temperature Sensor,67.73259028778328,2.2669778220491135,97
Node_5,Camera-like Traffic Generator,68.05753351823326,0.4620148527412593,1025
Node_2,Smart Light,68.27726661428764,1.2617766765874958,70
Node_3,Smart Plug,68.33670130308914,0.9474927657362344,66
Node_5,Camera-like Traffic Generator,68.55154061671955,0.4940070984862925,1494
Node_5,Camera-like Traffic Generator,68.814532332392,0.26299171567245183,1058
Node_5,Camera-like Traffic Generator,69.2091259825262,0.3945936501341951,1316
Node_5,Camera-like Traffic Generator,69.70079157092547,0.49166558839926905,1162
Node_3,Smart Plug,69.72005680056581,1.383355497476678,60
Node_2,Smart Light,69.72353972669326,1.446273112405616,99
Node_4,Motion Sensor,69.7663135901369,5.793106822993309,98
Node_5,Camera-like Traffic Generator,70.18471991913621,0.48392834821074093,1441
Node_1,Temperature Sensor,70.38062567302987,2.6480353852465934,84
Node_5,Camera-like Traffic Generator,70.46393137335353,0.2792114542173138,1066
Node_3,Smart Plug,70.55025783250044,0.8302010319346158,82
Node_5,Camera-like Traffic Generator,70.93343210118171,0.46950072782817937,1147
Node_2,Smart Light,71.00911660439142,1.285576877698158,96
Node_5,Camera-like Traffic Generator,71.42901048645417,0.49557838527246584,1312
Node_3,Smart Plug,71.4630482307577,0.9127903982572766,85
Node_5,Camera-like Traffic Generator,71.63213294392253,0.20312245746835722,1177
Node_5,Camera-like Traffic Generator,72.05127594707014,0.4191430031476039,1139
Node_3,Smart Plug,72.29048183642534,0.8274336056676386,82
Node_5,Camera-like Traffic Generator,72.32807211062523,0.2767961635550962,1007
Node_2,Smart Light,72.50031679964565,1.491200195254224,64
Node_1,Temperature Sensor,72.55176432122796,2.171138648198097,89
Node_5,Camera-like Traffic Generator,72.72526738868588,0.39719527806065014,1433
Node_3,Smart Plug,73.12962023933765,0.839138402912311,70
Node_5,Camera-like Traffic Generator,73.20697246071745,0.48170507203157215,1291
Node_5,Camera-like Traffic Generator,73.62375311896054,0.41678065824308197,1344
Node_3,Smart Plug,74.05564651704107,0.9260262777034081,98
Node_5,Camera-like Traffic Generator,74.10745001029927,0.48369689133873145,1128
Node_2,Smart Light,74.35314309002997,1.8528262903843227,78
Node_5,Camera-like Traffic Generator,74.4953189026284,0.3878688923291241,1302
Node_1,Temperature Sensor,74.71516681498989,2.1634024937619283,75
Node_5,Camera-like Traffic Generator,74.75716660537788,0.26184770274947666,1221
Node_5,Camera-like Traffic Generator,75.05444551461882,0.2972789092409465,1101
Node_4,Motion Sensor,75.23774908104707,5.471435490910174,65
Node_3,Smart Plug,75.27519678299753,1.2195502659564508,82
Node_5,Camera-like Traffic Generator,75.44338571290857,0.3889401982897511,1429
Node_5,Camera-like Traffic Generator,75.76202473536834,0.3186390224597785,1223
Node_3,Smart Plug,76.08823080794359,0.8130340249460659,88
Node_5,Camera-like Traffic Generator,76.18096830680092,0.4189435714325743,1216
Node_2,Smart Light,76.2518221208162,1.8986790307862305,77
Node_5,Camera-like Traffic Generator,76.42546856365708,0.24450025685616167,1239
Node_5,Camera-like Traffic Generator,76.77425691637345,0.3487883527163719,1229
Node_5,Camera-like Traffic Generator,77.2189363126653,0.44467939629186426,1088
Node_2,Smart Light,77.33961286192093,1.087790741104731,87
Node_3,Smart Plug,77.351452351784,1.2632215438404106,71
Node_5,Camera-like Traffic Generator,77.58983370818042,0.3708973955151105,1471
Node_1,Temperature Sensor,77.70469016562649,2.9895233506365955,85
Node_5,Camera-like Traffic Generator,77.84395570087477,0.25412199269435765,1141
Node_5,Camera-like Traffic Generator,78.13700376713973,0.29304806626495417,1442
Node_3,Smart Plug,78.21147630369903,0.8600239519150212,77
Node_5,Camera-like Traffic Generator,78.58225352742669,0.44524976028695107,1343
Node_5,Camera-like Traffic Generator,78.83860793256784,0.25635440514114677,1071
Node_5,Camera-like Traffic Generator,79.1665264417649,0.32791850919705745,1227
Node_2,Smart Light,79.18513408089562,1.8455212189746995,72
Node_5,Camera-like Traffic Generator,79.56006206912342,0.3935356273585233,1201
Node_3,Smart Plug,79.70641938029462,1.4949430765955851,94
Node_5,Camera-like Traffic Generator,79.97735414590505,0.41729207678164215,1068
Node_1,Temperature Sensor,80.26163990940114,2.5569497437746462,87
Node_4,Motion Sensor,80.37120078403774,5.133451702990669,88
Node_5,Camera-like Traffic Generator,80.40248740656044,0.42513326065538687,1005
Node_2,Smart Light,80.5325593756342,1.3474252947385645,62
Node_3,Smart Plug,80.62581612908741,0.9193967487927874,93
Node_5,Camera-like Traffic Generator,80.63240638949362,0.22991898293318255,1191
Node_5,Camera-like Traffic Generator,80.86541704400246,0.23301065450883413,1006
Node_5,Camera-like Traffic Generator,81.31457218387597,0.44915513987350936,1467
Node_5,Camera-like Traffic Generator,81.55422589768718,0.2396537138112104,1385
Node_5,Camera-like Traffic Generator,81.83452284059766,0.28029694291048257,1469
Node_3,Smart Plug,81.84640322917525,1.22058710008784,91
Node_2,Smart Light,82.07473073685975,1.5421713612255623,95
Node_5,Camera-like Traffic Generator,82.21441399479787,0.37989115420020425,1396
Node_5,Camera-like Traffic Generator,82.41723284662112,0.20281885182325027,1395
Node_5,Camera-like Traffic Generator,82.77994389713778,0.36271105051666086,1409
Node_1,Temperature Sensor,83.10449182959096,2.8428519201898097,91
Node_3,Smart Plug,83.2207204552666,1.3743172260913483,67
Node_5,Camera-like Traffic Generator,83.23575996125889,0.45581606412110276,1042
Node_5,Camera-like Traffic Generator,83.47752899078775,0.24176902952885349,1379
Node_2,Smart Light,83.92609278761287,1.8513620507531259,88
Node_5,Camera-like Traffic Generator,83.94524607830466,0.4677170875169177,1407
Node_5,Camera-like Traffic Generator,84.23746157609291,0.2922154977882422,1239
Node_3,Smart Plug,84.4824745803071,1.261754125040497,70
Node_5,Camera-like Traffic Generator,84.51060423364679,0.27314265755387135,1271
Node_5,Camera-like Traffic Generator,84.79084122579917,0.28023699215237613,1271
Node_5,Camera-like Traffic Generator,84.99720359729959,0.20636237150041364,1022
Node_1,Temperature Sensor,85.33353990155506,2.2290480719641046,61
Node_5,Camera-like Traffic Generator,85.36059622743726,0.36339263013766365,1051
Node_3,Smart Plug,85.78940533896153,1.306930758654429,73
Node_5,Camera-like Traffic Generator,85.82653328793455,0.4659370604972915,1207
Node_2,Smart Light,85.85341724433606,1.9273244567231778,85
Node_4,Motion Sensor,85.96101575682154,5.589814972783799,68
Node_5,Camera-like Traffic Generator,86.02689641413536,0.20036312620081073,1112
Node_5,Camera-like Traffic Generator,86.29489895645332,0.2680025423179614,1192
Node_5,Camera-like Traffic Generator,86.60089193002392,0.3059929735705955,1143
Node_3,Smart Plug,86.90683444055959,1.1174291015980642,83
Node_5,Camera-like Traffic Generator,87.077399205305,0.47650727528107933,1342
Node_5,Camera-like Traffic Generator,87.48342909179858,0.4060298864935873,1357
Node_2,Smart Light,87.64711362818106,1.7936963838450026,80
Node_1,Temperature Sensor,87.64899294961414,2.315453048059082,70
Node_3,Smart Plug,87.86770409158474,0.9608696510251459,75
Node_5,Camera-like Traffic Generator,87.95391348737502,0.47048439557643684,1245
Node_5,Camera-like Traffic Generator,88.45114390341246,0.49723041603744544,1112
Node_3,Smart Plug,88.7437031713158,0.8759990797310608,68
Node_2,Smart Light,88.76847608325951,1.1213624550784569,68
Node_5,Camera-like Traffic Generator,88.93808384987582,0.48693994646336675,1140
Node_5,Camera-like Traffic Generator,89.16097083232205,0.22288698244623117,1166
Node_5,Camera-like Traffic Generator,89.46911888543912,0.3081480531170657,1462
Node_5,Camera-like Traffic Generator,89.69456017862414,0.22544129318502507,1021
Node_1,Temperature Sensor,89.85997579320046,2.2109828435863266,97
Node_2,Smart Light,89.90735295529788,1.1388768720383657,91
Node_5,Camera-like Traffic Generator,89.93989106929024,0.2453308906660999,1214
Node_3,Smart Plug,90.14541735572323,1.4017141844074237,80
Node_5,Camera-like Traffic Generator,90.24034428870313,0.30045321941288894,1090
Node_4,Motion Sensor,90.38108244203485,4.420066685213314,97
Node_5,Camera-like Traffic Generator,90.5679176532669,0.32757336456377806,1446
Node_2,Smart Light,90.93363698210615,1.0262840268082658,82
Node_5,Camera-like Traffic Generator,90.97406586857919,0.40614821531228074,1312
Node_3,Smart Plug,91.23927386459334,1.0938565088701244,65
Node_5,Camera-like Traffic Generator,91.2601675347057,0.2861016661265172,1437
Node_5,Camera-like Traffic Generator,91.54149551825546,0.2813279835497611,1249
Node_5,Camera-like Traffic Generator,91.8522292678229,0.3107337495674532,1132
Node_3,Smart Plug,92.10668286829959,0.8674090037062432,79
Node_2,Smart Light,92.30254814760737,1.3689111655012207,92
Node_5,Camera-like Traffic Generator,92.32432466429238,0.47209539646947385,1399
Node_1,Temperature Sensor,92.73634341967313,2.876367626472669,72
Node_5,Camera-like Traffic Generator,92.76098150220766,0.43665683791528365,1430
Node_5,Camera-like Traffic Generator,93.254396328486,0.4934148262783355,1388
Node_3,Smart Plug,93.33700658693584,1.230323718636257,61
Node_5,Camera-like Traffic Generator,93.49837305483973,0.24397672635374068,1073
Node_5,Camera-like Traffic Generator,93.83238167266109,0.33400861782135843,1398
Node_2,Smart Light,93.85419508153379,1.5516469339264276,84
Node_5,Camera-like Traffic Generator,94.3252834467362,0.4929017740751028,1407
Node_4,Motion Sensor,94.48907862093823,4.107996178903371,84
Node_5,Camera-like Traffic Generator,94.55923265703241,0.23394921029622007,1213
Node_3,Smart Plug,94.68571435132299,1.348707764387138,80
Node_2,Smart Light,94.94041056318572,1.0862154816519327,72
Node_5,Camera-like Traffic Generator,94.97724497566995,0.41801231863754124,1072
Node_5,Camera-like Traffic Generator,95.27416099930008,0.2969160236301385,1063
Node_1,Temperature Sensor,95.39178208496801,2.65543866529488,75
Node_3,Smart Plug,95.56797583592532,0.8822614846023393,79
Node_5,Camera-like Traffic Generator,95.70442162340709,0.43026062410701227,1176
Node_5,Camera-like Traffic Generator,96.05268356632382,0.3482619429167332,1240
Node_3,Smart Plug,96.45920602446934,0.891230188544015,84
Node_5,Camera-like Traffic Generator,96.54453822597193,0.4918546596481152,1300
Node_5,Camera-like Traffic Generator,96.93551948144393,0.390981255472001,1069
Node_2,Smart Light,96.94000560712011,1.999595043934387,88
Node_5,Camera-like Traffic Generator,97.4187285616646,0.48320908022065656,1460
Node_5,Camera-like Traffic Generator,97.7336841249535,0.31495556328891133,1274
Node_3,Smart Plug,97.83847126952578,1.3792652450564513,95
Node_5,Camera-like Traffic Generator,98.09530829698636,0.3616241720328569,1246
Node_1,Temperature Sensor,98.30632967470856,2.9145475897405433,78
Node_5,Camera-like Traffic Generator,98.45617206564158,0.3608637686552201,1115
Node_2,Smart Light,98.46570126195041,1.5256956548303,90
Node_5,Camera-like Traffic Generator,98.68125738204844,0.22508531640685484,1357
Node_4,Motion Sensor,98.71493819837802,4.225859577439788,82
Node_5,Camera-like Traffic Generator,99.03934116568516,0.358083783636711,1388
Node_3,Smart Plug,99.18088056567325,1.3424092961474623,85
Node_5,Camera-like Traffic Generator,99.4827287919791,0.44338762629393524,1109
Node_5,Camera-like Traffic Generator,99.70890385784341,0.22617506586430908,1180
Node_5,Camera-like Traffic Generator,99.96988775781057,0.26098389996716076,1425
Node_5,Camera-like Traffic Generator,100.27860729050533,0.3087195326947595,1236
Node_2,Smart Light,100.2890406614588,1.8233393995083906,62
Node_3,Smart Plug,100.34631152643634,1.165430960763088,74
Node_5,Camera-like Traffic Generator,100.51868509435752,0.2400778038521948,1055
Node_1,Temperature Sensor,100.57120984120661,2.2648801664980525,69
Node_5,Camera-like Traffic Generator,100.99209367272955,0.4734085783720334,1180
Node_3,Smart Plug,101.17671832477187,0.8304067983355371,81
Node_5,Camera-like Traffic Generator,101.44689240885502,0.45479873612546734,1389
Node_5,Camera-like Traffic Generator,101.68869719181491,0.24180478295988728,1230
Node_4,Motion Sensor,101.83578462313893,3.1208464247609116,74
Node_3,Smart Plug,102.1373587042372,0.9606403794653351,92
Node_5,Camera-like Traffic Generator,102.13927289263435,0.4505757008194451,1275
Node_2,Smart Light,102.26142039297257,1.9723797315137659,85
Node_5,Camera-like Traffic Generator,102.61867542263312,0.47940252999876565,1210
Node_5,Camera-like Traffic Generator,102.88189663323465,0.2632212106015276,1112
Node_1,Temperature Sensor,103.13257797536976,2.5613681341631507,70
Node_5,Camera-like Traffic Generator,103.30599524144041,0.4240986082057684,1058
Node_3,Smart Plug,103.49004761384288,1.3526889096056682,75
Node_2,Smart Light,103.71139488863557,1.449974495662996,87
Node_5,Camera-like Traffic Generator,103.71472946253517,0.40873422109476365,1071
Node_5,Camera-like Traffic Generator,104.13465391847518,0.4199244559400086,1348
Node_5,Camera-like Traffic Generator,104.46206654098287,0.32741262250770087,1027
Node_5,Camera-like Traffic Generator,104.69386949028346,0.23180294930058862,1290
Node_3,Smart Plug,104.70238127414171,1.2123336602988446,89
Node_5,Camera-like Traffic Generator,105.03691746119853,0.34304797091507283,1296
Node_2,Smart Light,105.05590966933826,1.3445147807026996,95
Node_5,Camera-like Traffic Generator,105.28436942007131,0.24745195887279303,1073
Node_5,Camera-like Traffic Generator,105.52675266786179,0.24238324779047063,1122
Node_1,Temperature Sensor,105.7171639655933,2.5845859902235406,95
Node_5,Camera-like Traffic Generator,105.73049597791659,0.20374331005480098,1415
Node_3,Smart Plug,106.03545873307496,1.3330774589332444,87
Node_5,Camera-like Traffic Generator,106.05544443885995,0.3249484609433648,1382
Node_5,Camera-like Traffic Generator,106.39637386006925,0.3409294212093009,1070
Node_5,Camera-like Traffic Generator,106.75460887139032,0.3582350113210766,1474
Node_2,Smart Light,106.83617259817657,1.7802629288383085,85
Node_3,Smart Plug,106.90386056891771,0.8684018358427479,65
Node_5,Camera-like Traffic Generator,107.09566422157071,0.341055350180393,1361
Node_5,Camera-like Traffic Generator,107.4288563125173,0.333192090946578,1322
Node_5,Camera-like Traffic Generator,107.63281913839698,0.2039628258796835,1055
Node_4,Motion Sensor,107.80884492649453,5.973060303355599,79
Node_5,Camera-like Traffic Generator,107.85081937801024,0.2180002396132584,1321
Node_2,Smart Light,108.01813573472872,1.1819631365521373,98
Node_3,Smart Plug,108.03785943482089,1.133998865903178,69
Node_1,Temperature Sensor,108.11656447073369,2.399400505140397,68
Node_5,Camera-like Traffic Generator,108.23207145765609,0.3812520796458414,1086
Node_5,Camera-like Traffic Generator,108.48017609405152,0.24810463639542663,1198
Node_5,Camera-like Traffic Generator,108.80726232370347,0.3270862296519508,1474
Node_5,Camera-like Traffic Generator,109.1435512770245,0.3362889533210306,1355
Node_5,Camera-like Traffic Generator,109.42096758506798,0.2774163080434879,1286
Node_3,Smart Plug,109.43919670793187,1.4013372731109879,71
Node_2,Smart Light,109.45075402121068,1.4326182864819748,96
Node_5,Camera-like Traffic Generator,109.7127777728608,0.29181018779282153,1113
Node_5,Camera-like Traffic Generator,110.19221284307031,0.4794350702095046,1135
Node_5,Camera-like Traffic Generator,110.41979380060559,0.2275809575352841,1188
Node_2,Smart Light,110.50616687122846,1.055412850017777,64
Node_3,Smart Plug,110.85293312716713,1.4137364192352573,76
Node_5,Camera-like Traffic Generator,110.90511571156462,0.4853219109590352,1371
Node_1,Temperature Sensor,111.11410207722881,2.9975376064951105,80
Node_5,Camera-like Traffic Generator,111.22523643872901,0.3201207271643961,1027
Node_5,Camera-like Traffic Generator,111.54292372632122,0.3176872875922034,1411
Node_2,Smart Light,111.65918233803866,1.1530154668102006,66
Node_3,Smart Plug,111.78524783676964,0.9323147096025095,88
Node_5,Camera-like Traffic Generator,112.03571994447645,0.49279621815523716,1302
Node_5,Camera-like Traffic Generator,112.25888271657291,0.22316277209645247,1346
Node_5,Camera-like Traffic Generator,112.60210759588213,0.34322487930921386,1326
Node_5,Camera-like Traffic Generator,112.92363755836351,0.32152996248138027,1190
Node_2,Smart Light,112.98184308919322,1.3226607511545556,88
Node_3,Smart Plug,113.13784357438323,1.3525957376135875,83
Node_5,Camera-like Traffic Generator,113.14003905594363,0.21640149758012428,1185
Node_4,Motion Sensor,113.18245602970593,5.373611103211404,83
Node_1,Temperature Sensor,113.20501148940261,2.0909094121737937,61
Node_5,Camera-like Traffic Generator,113.46730562283425,0.327266566890621,1134
Node_5,Camera-like Traffic Generator,113.69862564132944,0.23132001849519143,1181
Node_3,Smart Plug,114.02032359717003,0.8824800227868057,60
Node_5,Camera-like Traffic Generator,114.13226481941166,0.43363917808221863,1167
Node_2,Smart Light,114.32786617153509,1.346023082341873,97
Node_5,Camera-like Traffic Generator,114.40412379458864,0.2718589751769757,1081
Node_5,Camera-like Traffic Generator,114.6360631574692,0.23193936288055592,1105
Node_5,Camera-like Traffic Generator,114.83935626139476,0.20329310392555916,1454
Node_5,Camera-like Traffic Generator,115.09567940423254,0.25632314283778823,1100
Node_3,Smart Plug,115.27850588173227,1.2581822845622381,87
Node_1,Temperature Sensor,115.31466061975327,2.1096491303506593,85
Node_5,Camera-like Traffic Generator,115.57443997682776,0.47876057259522403,1120
Node_5,Camera-like Traffic Generator,115.79995178323384,0.22551180640607285,1285
Node_5,Camera-like Traffic Generator,116.01341414469717,0.2134623614633217,1493
Node_2,Smart Light,116.22279208835621,1.8949259168211245,93
Node_3,Smart Plug,116.29963708197276,1.0211312002404895,74
Node_4,Motion Sensor,116.32840916944662,3.14595313974069,95
Node_5,Camera-like Traffic Generator,116.35855624182538,0.34514209712821386,1024
Node_5,Camera-like Traffic Generator,116.58651952237692,0.22796328055152848,1154
Node_5,Camera-like Traffic Generator,117.08068201041273,0.49416248803581847,1375
Node_3,Smart Plug,117.20798208836604,0.9083450063932695,86
Node_2,Smart Light,117.47339739733822,1.250605308981999,85
Node_5,Camera-like Traffic Generator,117.56830371728174,0.48762170686901296,1250
Node_5,Camera-like Traffic Generator,117.86264545003371,0.29434173275197056,1195
Node_1,Temperature Sensor,118.10673998411623,2.792079364362964,76
Node_5,Camera-like Traffic Generator,118.16939663786603,0.3067511878323199,1064
Node_3,Smart Plug,118.18552499672843,0.9775429083623888,94
Node_5,Camera-like Traffic Generator,118.57180256317878,0.4024059253127422,1165
Node_2,Smart Light,119.02423881282135,1.5508414154831396,65
Node_5,Camera-like Traffic Generator,119.04075591725757,0.468953354078795,1251
Node_3,Smart Plug,119.28201807993179,1.0964930832033541,74
Node_5,Camera-like Traffic Generator,119.3914090526038,0.3506531353462361,1387
Node_5,Camera-like Traffic Generator,119.59851464580944,0.20710559320563565,1398
Node_5,Camera-like Traffic Generator,119.94160055600983,0.3430859102003832,1434
Node_4,Motion Sensor,119.97515353654863,3.6467443671020225,79
Node_5,Camera-like Traffic Generator,120.1528230421112,0.21122248610135774,1080
Node_1,Temperature Sensor,120.17026769026819,2.063527706151957,75
Node_3,Smart Plug,120.27491045994778,0.9928923800159921,87
Node_2,Smart Light,120.32706341893022,1.3028246061088762,81
Node_5,Camera-like Traffic Generator,120.55753523660559,0.40471219449439544,1039
Node_5,Camera-like Traffic Generator,120.94532105300674,0.3877858164011483,1476
Node_5,Camera-like Traffic Generator,121.21479207672516,0.2694710237184213,1107
Node_3,Smart Plug,121.60339079037466,1.3284803304268835,76
Node_5,Camera-like Traffic Generator,121.61922999789357,0.40443792116840216,1070
Node_2,Smart Light,121.82963656367149,1.5025731447412627,66
Node_5,Camera-like Traffic Generator,122.03479635845895,0.41556636056538004,1496
Node_5,Camera-like Traffic Generator,122.38528233341816,0.3504859749592113,1496
Node_5,Camera-like Traffic Generator,122.76790401134895,0.3826216779307907,1261
Node_3,Smart Plug,122.95204268224914,1.3486518918744763,79
Node_1,Temperature Sensor,123.16638907050829,2.9961213802400968,81
Node_5,Camera-like Traffic Generator,123.19849487563793,0.43059086428899007,1223
Node_4,Motion Sensor,123.34213725305598,3.3669837165073444,94
Node_5,Camera-like Traffic Generator,123.43785414792204,0.239359272284107,1145
Node_2,Smart Light,123.77124355154008,1.941606987868596,66
Node_5,Camera-like Traffic Generator,123.82489537809981,0.38704123017777325,1470
Node_3,Smart Plug,124.01119176046454,1.059149078215403,82
Node_5,Camera-like Traffic Generator,124.03689924890892,0.21200387080910787,1356
Node_5,Camera-like Traffic Generator,124.44176129154677,0.404862042637842,1119
Node_5,Camera-like Traffic Generator,124.94086414093427,0.49910284938749794,1303
Node_3,Smart Plug,124.98883611227443,0.9776443518098874,72
Node_5,Camera-like Traffic Generator,125.42826883642815,0.48740469549388005,1283
Node_2,Smart Light,125.42997642492384,1.6587328733837543,88
Node_5,Camera-like Traffic Generator,125.92659019490962,0.4983213584814731,1048
Node_3,Smart Plug,126.02988552522483,1.0410494129503975,88
Node_5,Camera-like Traffic Generator,126.1310727208155,0.20448252590586807,1383
Node_1,Temperature Sensor,126.13746744812191,2.971078377613618,94
Node_5,Camera-like Traffic Generator,126.4239354137687,0.2928626929532052,1433
Node_5,Camera-like Traffic Generator,126.86315032310195,0.43921490933324137,1447
Node_2,Smart Light,127.0351153327857,1.6051389078618554,93
Node_5,Camera-like Traffic Generator,127.21282400129321,0.34967367819126094,1227
Node_3,Smart Plug,127.34493322664805,1.3150477014232274,94
Node_5,Camera-like Traffic Generator,127.46373929305122,0.25091529175800675,1147
Node_4,Motion Sensor,127.59486271599579,4.252725462939808,82
Node_5,Camera-like Traffic Generator,127.68418784500432,0.22044855195310115,1288
Node_5,Camera-like Traffic Generator,127.99019838801372,0.3060105430094061,1035
Node_1,Temperature Sensor,128.14894847006474,2.01148102194282,88
Node_5,Camera-like Traffic Generator,128.40339489758048,0.4131965095667701,1230
Node_2,Smart Light,128.598733367217,1.5636180344312958,93
Node_3,Smart Plug,128.6064312210364,1.2614979943883422,89
Node_5,Camera-like Traffic Generator,128.89923789040762,0.49584299282713445,1489
Node_5,Camera-like Traffic Generator,129.32818180132674,0.42894391091911016,1221
Node_2,Smart Light,129.62710685511587,1.0283734878988775,61
Node_3,Smart Plug,129.71904763522704,1.1126164141906536,87
Node_5,Camera-like Traffic Generator,129.80543003296222,0.4772482316354973,1469
Node_5,Camera-like Traffic Generator,130.29693422658573,0.4915041936235132,1244
Node_5,Camera-like Traffic Generator,130.60597585972752,0.3090416331417931,1143
Node_3,Smart Plug,130.63230421762273,0.9132565823956954,68
Node_1,Temperature Sensor,130.8306588390913,2.681710369026575,81
Node_5,Camera-like Traffic Generator,130.92868582883906,0.3227099691115341,1309
Node_2,Smart Light,131.26856058894023,1.6414537338243602,83
Node_5,Camera-like Traffic Generator,131.33286126338893,0.40417543454986266,1220
Node_5,Camera-like Traffic Generator,131.6866050389761,0.3537437755871616,1312
Node_3,Smart Plug,131.71269685212073,1.080392634498006,73
Node_5,Camera-like Traffic Generator,131.9806986620786,0.29409362310249304,1041
Node_5,Camera-like Traffic Generator,132.30465693271617,0.32395827063756233,1225
Node_5,Camera-like Traffic Generator,132.7678795195466,0.46322258683041434,1495
Node_3,Smart Plug,132.8981002023385,1.1854033502177725,87
Node_2,Smart Light,132.91969056642583,1.6511299774855999,90
Node_5,Camera-like Traffic Generator,132.98068219182983,0.21280267228323307,1488
Node_1,Temperature Sensor,133.09748402904387,2.266825189952543,85
Node_5,Camera-like Traffic Generator,133.1977997943742,0.21711760254437304,1395
Node_4,Motion Sensor,133.2957245798881,5.7008618638923,79
Node_5,Camera-like Traffic Generator,133.60772338320422,0.4099235888300129,1280
Node_5,Camera-like Traffic Generator,133.85409205333934,0.24636867013512503,1052
Node_5,Camera-like Traffic Generator,134.1668385598773,0.31274650653795705,1285
Node_3,Smart Plug,134.19285315581152,1.294752953473009,66
Node_2,Smart Light,134.33627735008906,1.4165867836632462,85
Node_5,Camera-like Traffic Generator,134.6229873170809,0.4561487572036207,1111
Node_5,Camera-like Traffic Generator,135.08523498259558,0.46224766551467455,1334
Node_1,Temperature Sensor,135.20903620263974,2.1115521735958764,77
Node_5,Camera-like Traffic Generator,135.3899163711806,0.3046813885849958,1234
Node_3,Smart Plug,135.66805233177368,1.475199175962162,60
Node_5,Camera-like Traffic Generator,135.75045109778569,0.36053472660510205,1409
Node_2,Smart Light,135.83431541022517,1.498038060136116,85
Node_5,Camera-like Traffic Generator,135.98318681303894,0.23273571525325448,1090
Node_5,Camera-like Traffic Generator,136.2156913125581,0.2325044995191552,1479
Node_3,Smart Plug,136.53181434074077,0.8637620089670929,65
Node_5,Camera-like Traffic Generator,136.53477477618569,0.3190834636275842,1216
Node_5,Camera-like Traffic Generator,136.85523091740882,0.32045614122313404,1032
Node_2,Smart Light,137.12398706702677,1.2896716568016058,98
Node_5,Camera-like Traffic Generator,137.15795798040105,0.302727062992241,1302
Node_5,Camera-like Traffic Generator,137.42174853652406,0.26379055612301266,1370
Node_5,Camera-like Traffic Generator,137.65604646685048,0.23429793032640606,1227
Node_1,Temperature Sensor,137.66275990896895,2.4537237063292063,98
Node_3,Smart Plug,137.97991759219926,1.4481032514584944,77
Node_5,Camera-like Traffic Generator,138.01957083336876,0.36352436651827646,1474
Node_5,Camera-like Traffic Generator,138.2632249733946,0.24365414002586094,1106
Node_4,Motion Sensor,138.45582506602543,5.160100486137348,90
Node_2,Smart Light,138.6069318852022,1.4829448181754195,92
Node_5,Camera-like Traffic Generator,138.6336869447774,0.3704619713827742,1493
Node_3,Smart Plug,138.8247739116578,0.8448563194585175,68
Node_5,Camera-like Traffic Generator,139.0659486018521,0.4322616570747304,1031
Node_5,Camera-like Traffic Generator,139.50850867639343,0.44256007454132906,1394
Node_3,Smart Plug,139.68080172734486,0.8560278156870619,61
Node_5,Camera-like Traffic Generator,140.00207692351816,0.4935682471247233,1106
Node_5,Camera-like Traffic Generator,140.265524789812,0.263447866293834,1011
Node_2,Smart Light,140.29192272639787,1.6849908411956767,71
Node_1,Temperature Sensor,140.53861284934715,2.875852940378194,70
Node_5,Camera-like Traffic Generator,140.69310970769334,0.42758491788135045,1211
Node_3,Smart Plug,140.74982993464306,1.0690282072982153,99
Node_5,Camera-like Traffic Generator,140.96873109424152,0.2756213865481778,1088
Node_5,Camera-like Traffic Generator,141.21125246236346,0.2425213681219348,1136
Node_2,Smart Light,141.36489575190322,1.0729730255053458,62
Node_5,Camera-like Traffic Generator,141.43576519580432,0.22451273344085393,1436
Node_5,Camera-like Traffic Generator,141.7711914754191,0.33542627961476695,1209
Node_3,Smart Plug,141.97960584814476,1.2297759135016997,80
Node_5,Camera-like Traffic Generator,142.03542294639806,0.2642314709789553,1446
Node_5,Camera-like Traffic Generator,142.29064643333686,0.2552234869388098,1026
Node_5,Camera-like Traffic Generator,142.75913340974054,0.4684869764036873,1214
Node_2,Smart Light,142.80450125182364,1.439605499920411,79
Node_4,Motion Sensor,142.970116649842,4.514291583816564,77
Node_1,Temperature Sensor,143.03919896239745,2.500586113050298,67
Node_5,Camera-like Traffic Generator,143.24814314045176,0.4890097307112278,1148
Node_3,Smart Plug,143.27772993034105,1.2981240821962867,83
Node_5,Camera-like Traffic Generator,143.5077247331664,0.2595815927146589,1470
Node_5,Camera-like Traffic Generator,143.85221230967085,0.34448757650442285,1267
Node_2,Smart Light,144.00852426538702,1.2040230135633987,84
Node_5,Camera-like Traffic Generator,144.28736952711537,0.43515721744452973,1482
Node_5,Camera-like Traffic Generator,144.6184047231992,0.3310351960838416,1456
Node_3,Smart Plug,144.73973103083298,1.4620011004919253,92
Node_5,Camera-like Traffic Generator,144.98949978388106,0.37109506068186005,1411
Node_2,Smart Light,145.32110676463395,1.312582499246933,88
Node_5,Camera-like Traffic Generator,145.35777231666393,0.3682725327828654,1446
Node_5,Camera-like Traffic Generator,145.6173403099721,0.2595679933081762,1361
Node_1,Temperature Sensor,145.95182680174227,2.9126278393448204,94
Node_3,Smart Plug,145.9879349510041,1.248203920171096,77
Node_5,Camera-like Traffic Generator,145.99088711807298,0.3735468081008919,1072
Node_5,Camera-like Traffic Generator,146.39010599991778,0.3992188818448066,1411
Node_5,Camera-like Traffic Generator,146.81041297622758,0.42030697630979796,1412
Node_3,Smart Plug,146.9291300209683,0.9411950699642102,86
Node_2,Smart Light,147.0553065194385,1.7341997548045467,94
Node_5,Camera-like Traffic Generator,147.23035096232547,0.4199379860978915,1007
Node_4,Motion Sensor,147.31734086635495,4.347224216512947,73
Node_5,Camera-like Traffic Generator,147.69930129605186,0.46895033372638906,1466
Node_5,Camera-like Traffic Generator,148.04913499655444,0.3498337005025923,1158
Node_1,Temperature Sensor,148.25027159319092,2.298444791448633,85
Node_3,Smart Plug,148.29186695734907,1.3627369363807684,71
Node_5,Camera-like Traffic Generator,148.48674004222318,0.4376050456687274,1336
Node_5,Camera-like Traffic Generator,148.76558085046727,0.2788408082441055,1361
Node_2,Smart Light,149.03068064735336,1.9753741279148802,65
Node_3,Smart Plug,149.11539350332646,0.823526545977381,83
Node_5,Camera-like Traffic Generator,149.26205243233736,0.49647158187007673,1471
Node_5,Camera-like Traffic Generator,149.71923255266927,0.45718012033190697,1317
Node_5,Camera-like Traffic Generator,150.1109074712824,0.3916749186131153,1289
Node_3,Smart Plug,150.27646304541344,1.1610695420869799,69
Node_5,Camera-like Traffic Generator,150.32185326277713,0.2109457914947482,1372
Node_2,Smart Light,150.40122084540366,1.3705401980502914,82
Node_5,Camera-like Traffic Generator,150.5781503454252,0.2562970826480749,1348
Node_1,Temperature Sensor,150.85924180462908,2.608970211438172,66
Node_5,Camera-like Traffic Generator,151.0104656640829,0.43231531865768363,1300
Node_3,Smart Plug,151.1951010696826,0.9186380242691715,61
Node_5,Camera-like Traffic Generator,151.27530684962602,0.2648411855431323,1104
Node_5,Camera-like Traffic Generator,151.53265455030774,0.25734770068171137,1339
Node_2,Smart Light,151.7203367318068,1.3191158864031571,78
Node_5,Camera-like Traffic Generator,152.01918588694542,0.48653133663767056,1185
Node_3,Smart Plug,152.16258070738377,0.9674796377011641,60
Node_5,Camera-like Traffic Generator,152.32832422301425,0.3091383360688193,1150
Node_5,Camera-like Traffic Generator,152.62041384958448,0.2920896265702364,1409
Node_4,Motion Sensor,152.7167757299395,5.399434863584572,76
Node_5,Camera-like Traffic Generator,152.8578374551293,0.23742360554482894,1249
Node_2,Smart Light,152.987808406261,1.2674716744541823,69
Node_3,Smart Plug,153.07279203997905,0.9102113325952736,99
Node_5,Camera-like Traffic Generator,153.35755190594165,0.4997144508123342,1207
Node_1,Temperature Sensor,153.62175260470423,2.7625108000751513,81
Node_5,Camera-like Traffic Generator,153.66307059946075,0.3055186935191107,1414
Node_5,Camera-like Traffic Generator,153.99082535818346,0.32775475872271465,1487
Node_2,Smart Light,154.08462005882157,1.0968116525605716,71
Node_5,Camera-like Traffic Generator,154.29157334233957,0.3007479841561168,1463
Node_3,Smart Plug,154.41856305526255,1.345771015283492,74
Node_5,Camera-like Traffic Generator,154.6292204117976,0.3376470694580308,1186
Node_5,Camera-like Traffic Generator,154.99504648343597,0.3658260716383721,1081
Node_5,Camera-like Traffic Generator,155.32580933254684,0.33076284911087894,1142
Node_2,Smart Light,155.46876989232317,1.384149833501606,84
Node_3,Smart Plug,155.4951632371984,1.0766001819358444,83
Node_5,Camera-like Traffic Generator,155.7236910140678,0.3978816815209776,1340
Node_5,Camera-like Traffic Generator,156.11392318432905,0.3902321702612527,1351
Node_1,Temperature Sensor,156.4003790833348,2.7786264786305583,81
Node_4,Motion Sensor,156.41524258001712,3.6984668500776086,81
Node_5,Camera-like Traffic Generator,156.59529364440374,0.48137046007469797,1452
Node_3,Smart Plug,156.65758312789092,1.1624198906925065,89
Node_2,Smart Light,156.71704017270434,1.2482702803811865,94
Node_5,Camera-like Traffic Generator,156.82506116437403,0.22976751997030503,1043
Node_5,Camera-like Traffic Generator,157.2762315181975,0.4511703538234801,1044
Node_5,Camera-like Traffic Generator,157.4811594662021,0.2049279480045893,1466
Node_3,Smart Plug,157.50561514824685,0.8480320203559413,63
Node_5,Camera-like Traffic Generator,157.71226205682947,0.23110259062738325,1374
Node_2,Smart Light,157.8767398348345,1.159699662130161,73
Node_5,Camera-like Traffic Generator,158.09940976415893,0.387147707329457,1272
Node_1,Temperature Sensor,158.40095097946275,2.0005718961279433,72
Node_5,Camera-like Traffic Generator,158.4894673095618,0.39005754540287707,1251
Node_3,Smart Plug,158.50476079917232,0.9991456509254656,93
Node_5,Camera-like Traffic Generator,158.9312285030592,0.4417611934974094,1333
Node_5,Camera-like Traffic Generator,159.3867400799367,0.4555115768774767,1105
Node_2,Smart Light,159.45442687272808,1.5776870378935963,72
Node_5,Camera-like Traffic Generator,159.81980415576717,0.43306407583049655,1275
Node_3,Smart Plug,159.94526708093602,1.4405062817637078,73
Node_5,Camera-like Traffic Generator,160.0541544873319,0.23435033156475477,1428
Node_1,Temperature Sensor,160.42042772184857,2.0194767423858324,97
Node_5,Camera-like Traffic Generator,160.53931993609686,0.48516544876495127,1175
Node_5,Camera-like Traffic Generator,160.97744530113215,0.4381253650353014,1231
Node_2,Smart Light,161.21754824786672,1.7631213751386285,79
Node_3,Smart Plug,161.41956844648186,1.4743013655458421,71
Node_5,Camera-like Traffic Generator,161.44984337172178,0.47239807058964217,1322
Node_5,Camera-like Traffic Generator,161.88523392253148,0.4353905508096957,1197
Node_4,Motion Sensor,162.28948105625875,5.874238476241615,89
Node_5,Camera-like Traffic Generator,162.3671189654104,0.48188504287893424,1391
Node_3,Smart Plug,162.64402283207644,1.2244543855945764,67
Node_5,Camera-like Traffic Generator,162.71938720962538,0.35226824421496183,1133
Node_2,Smart Light,162.7322730870982,1.5147248392314845,79
Node_5,Camera-like Traffic Generator,163.11699176212792,0.39760455250255555,1153
Node_1,Temperature Sensor,163.29914959967175,2.8787218778231844,93
Node_5,Camera-like Traffic Generator,163.58779368136874,0.4708019192408134,1454
Node_5,Camera-like Traffic Generator,163.98978392495613,0.4019902435873921,1002
Node_2,Smart Light,164.04081356915265,1.3085404820544293,60
Node_3,Smart Plug,164.09482252064493,1.4507996885684842,82
Node_5,Camera-like Traffic Generator,164.46250164019241,0.4727177152362987,1016
Node_5,Camera-like Traffic Generator,164.6703756853112,0.20787404511878343,1395
Node_3,Smart Plug,165.07759777461527,0.9827752539703574,76
Node_5,Camera-like Traffic Generator,165.12260657276155,0.45223088745036794,1259
Node_5,Camera-like Traffic Generator,165.5449802019738,0.422373629212258,1158
Node_1,Temperature Sensor,165.6066637250744,2.3075141254026614,62
Node_5,Camera-like Traffic Generator,165.79610342757144,0.2511232255976511,1286
Node_3,Smart Plug,165.95212324409007,0.8745254694748037,62
Node_2,Smart Light,165.98604637322188,1.9452328040692373,80
Node_5,Camera-like Traffic Generator,166.12510933335275,0.32900590578130884,1277
Node_5,Camera-like Traffic Generator,166.44251805120706,0.31740871785430697,1308
Node_5,Camera-like Traffic Generator,166.7605133740646,0.3179953228575361,1025
Node_3,Smart Plug,166.95809952121775,1.0059762771276841,97
Node_4,Motion Sensor,167.22723064523697,4.937749588978214,88
Node_5,Camera-like Traffic Generator,167.24009548391342,0.4795821098488277,1214
Node_5,Camera-like Traffic Generator,167.72191299829484,0.48181751438142395,1195
Node_2,Smart Light,167.95273300377437,1.9666866305524753,68
Node_5,Camera-like Traffic Generator,168.1403468101987,0.41843381190385803,1201
Node_3,Smart Plug,168.3201590910184,1.3620595698006501,98
Node_5,Camera-like Traffic Generator,168.43578429409936,0.2954374839006597,1079
Node_1,Temperature Sensor,168.48467332427845,2.8780095992040406,97
Node_5,Camera-like Traffic Generator,168.70507514537852,0.26929085127914976,1355
Node_5,Camera-like Traffic Generator,168.94297423014976,0.23789908477125402,1059
Node_2,Smart Light,169.3056280926307,1.3528950888563553,62
Node_5,Camera-like Traffic Generator,169.31605435437362,0.373080124223861,1196
Node_3,Smart Plug,169.73343822338856,1.413279132370147,92
Node_5,Camera-like Traffic Generator,169.74470591512866,0.4286515607550406,1458
Node_5,Camera-like Traffic Generator,170.19590727852733,0.45120136339866856,1079
Node_5,Camera-like Traffic Generator,170.49262866812742,0.2967213896001039,1046
Node_1,Temperature Sensor,170.57032677634632,2.085653452067879,79
Node_5,Camera-like Traffic Generator,170.7003207371753,0.20769206904788548,1005
Node_2,Smart Light,170.8005222961559,1.4948942035251762,95
Node_3,Smart Plug,170.9358639385303,1.2024257151417364,87
Node_5,Camera-like Traffic Generator,171.13133040661322,0.4310096694379036,1076
Node_5,Camera-like Traffic Generator,171.51676029939364,0.38542989278042894,1271
Node_4,Motion Sensor,171.94321502615517,4.7159843809182025,88
Node_5,Camera-like Traffic Generator,172.00848026446138,0.4917199650677424,1285
Node_5,Camera-like Traffic Generator,172.2160672273602,0.2075869628988347,1367
Node_3,Smart Plug,172.4121027574735,1.476238818943174,82
Node_2,Smart Light,172.4547823330455,1.654260036889617,78
Node_1,Temperature Sensor,172.6395392948147,2.0692125184683836,90
Node_5,Camera-like Traffic Generator,172.71109148478254,0.4950242574223271,1317
Node_5,Camera-like Traffic Generator,173.14436840932888,0.43327692454633415,1093
Node_5,Camera-like Traffic Generator,173.54012522521964,0.39575681589076495,1110
Node_3,Smart Plug,173.75107979238717,1.3389770349136834,90
Node_5,Camera-like Traffic Generator,173.79827389959317,0.2581486743735162,1420
Node_2,Smart Light,173.99147308233444,1.536690749288927,93
Node_5,Camera-like Traffic Generator,174.21616768582987,0.4178937862367085,1403
Node_5,Camera-like Traffic Generator,174.5295997730659,0.313432087236028,1130
Node_5,Camera-like Traffic Generator,174.74512443298633,0.2155246599204052,1041
Node_5,Camera-like Traffic Generator,174.98825529188622,0.24313085889988695,1011
Node_3,Smart Plug,175.2239469000983,1.4728671077111302,78
Node_1,Temperature Sensor,175.4053737241217,2.7658344293069876,65
Node_2,Smart Light,175.42240085168197,1.4309277693475404,95
Node_5,Camera-like Traffic Generator,175.48369464378618,0.49543935189996935,1433
Node_5,Camera-like Traffic Generator,175.7169740995205,0.2332794557343298,1463
Node_5,Camera-like Traffic Generator,175.9537793964491,0.23680529692860688,1070
Node_5,Camera-like Traffic Generator,176.23237779865408,0.2785984022049713,1090
Node_3,Smart Plug,176.34645120912344,1.1225043090251585,83
Node_5,Camera-like Traffic Generator,176.45559222714056,0.22321442848647768,1422
Node_4,Motion Sensor,176.62634809137498,4.683133065219812,82
Node_5,Camera-like Traffic Generator,176.929407965934,0.4738157387934235,1103
Node_2,Smart Light,177.14990891504135,1.7275080633593918,90
Node_5,Camera-like Traffic Generator,177.15960948184187,0.23020151590787685,1397
Node_3,Smart Plug,177.1655966973959,0.8191454882724517,64
Node_5,Camera-like Traffic Generator,177.48373302029182,0.32412353844994896,1243
Node_5,Camera-like Traffic Generator,177.8714378473538,0.3877048270619944,1105
Node_1,Temperature Sensor,177.88065610222043,2.4752823780987314,81
Node_3,Smart Plug,178.0128846798588,0.8472879824628775,85
Node_5,Camera-like Traffic Generator,178.1974099828125,0.3259721354587101,1444
Node_2,Smart Light,178.5158462675589,1.3659373525175629,76
Node_5,Camera-like Traffic Generator,178.58747552223582,0.3900655394233072,1225
Node_5,Camera-like Traffic Generator,178.8358066156808,0.2483310934449876,1149
Node_5,Camera-like Traffic Generator,179.30689806683102,0.4710914511502022,1329
Node_3,Smart Plug,179.50882330321463,1.495938623355833,87
Node_5,Camera-like Traffic Generator,179.6962620872233,0.3893640203922723,1427
Node_5,Camera-like Traffic Generator,179.9314242290886,0.23516214186530382,1171
Node_2,Smart Light,180.08612791143995,1.5702816438810294,67
Node_1,Temperature Sensor,180.1457127311605,2.265056628940059,94
Node_4,Motion Sensor,180.20362829139077,3.5772802000157906,83
Node_5,Camera-like Traffic Generator,180.23545934615728,0.3040351170686878,1497
Node_3,Smart Plug,180.46977440022704,0.9609510970124079,72
Node_5,Camera-like Traffic Generator,180.61545720652893,0.3799978603716555,1002
Node_5,Camera-like Traffic Generator,180.97198177325762,0.35652456672868915,1127
Node_5,Camera-like Traffic Generator,181.20845985652434,0.23647808326671704,1303
Node_5,Camera-like Traffic Generator,181.56924610978973,0.3607862532653767,1258
Node_2,Smart Light,181.6393508380611,1.5532229266211517,62
Node_3,Smart Plug,181.93858638121338,1.4688119809863522,80
Node_5,Camera-like Traffic Generator,181.99753440227002,0.4282882924802885,1108
Node_5,Camera-like Traffic Generator,182.30700159526583,0.30946719299582043,1449
Node_5,Camera-like Traffic Generator,182.51585088079585,0.20884928553001522,1069
Node_1,Temperature Sensor,182.5688506713614,2.423137940200887,68
Node_5,Camera-like Traffic Generator,182.74088370893554,0.22503282813968636,1345
Node_3,Smart Plug,182.7453926154135,0.8068062342000974,93
Node_5,Camera-like Traffic Generator,182.9788577832715,0.23797407433597118,1136
Node_2,Smart Light,183.1436063671843,1.5042555291232047,90
Node_5,Camera-like Traffic Generator,183.23862904304107,0.25977125976956494,1045
Node_4,Motion Sensor,183.36225144936793,3.1586231579771518,67
Node_5,Camera-like Traffic Generator,183.6510541152748,0.4124250722337449,1325
Node_3,Smart Plug,183.71917294196695,0.9737803265534544,63
Node_5,Camera-like Traffic Generator,183.9911672397017,0.3401131244268889,1404
Node_5,Camera-like Traffic Generator,184.3219858365848,0.33081859688309556,1473
Node_2,Smart Light,184.42332704480827,1.279720677623982,99
Node_5,Camera-like Traffic Generator,184.79869026610632,0.47670442952153286,1125
Node_3,Smart Plug,184.9907614837142,1.2715885417472697,92
Node_5,Camera-like Traffic Generator,185.05805319919156,0.25936293308524216,1423
Node_1,Temperature Sensor,185.10814676014084,2.5392960887794582,89
Node_5,Camera-like Traffic Generator,185.47327203961422,0.41521884042266627,1480
Node_5,Camera-like Traffic Generator,185.70414041994542,0.23086838033120688,1396
Node_3,Smart Plug,185.84398165808778,0.8532201743735824,97
Node_5,Camera-like Traffic Generator,186.08041408621904,0.37627366627362024,1082
Node_2,Smart Light,186.10372568492713,1.6803986401188609,64
Node_5,Camera-like Traffic Generator,186.34216362713013,0.2617495409110831,1361
Node_5,Camera-like Traffic Generator,186.6722051285394,0.33004150140924154,1223
Node_3,Smart Plug,186.9775704759503,1.1335888178625029,74
Node_5,Camera-like Traffic Generator,187.0511040637391,0.3788989351997061,1135
Node_1,Temperature Sensor,187.30929782353053,2.201151063389696,72
Node_5,Camera-like Traffic Generator,187.34672866995263,0.29562460621351966,1053
Node_5,Camera-like Traffic Generator,187.66164242433234,0.3149137543797038,1099
Node_4,Motion Sensor,187.78975852583935,4.427507076471421,64
Node_5,Camera-like Traffic Generator,187.9675170760936,0.3058746517612647,1448
Node_2,Smart Light,188.0788085003409,1.975082815413784,75
Node_3,Smart Plug,188.40359185295944,1.4260213770091448,70
Node_5,Camera-like Traffic Generator,188.41331958304173,0.4458025069481125,1224
Node_5,Camera-like Traffic Generator,188.8801544888608,0.4668349058190584,1479
Node_5,Camera-like Traffic Generator,189.15607358708945,0.27591909822866895,1204
Node_5,Camera-like Traffic Generator,189.5372382157144,0.38116462862496026,1438
Node_3,Smart Plug,189.86657452930388,1.4629826763444347,87
Node_2,Smart Light,189.87370572872183,1.794897228380946,73
Node_5,Camera-like Traffic Generator,190.0223516404443,0.4851134247298805,1265
Node_1,Temperature Sensor,190.30444718019143,2.9951493566608947,85
Node_5,Camera-like Traffic Generator,190.34184364085263,0.3194920004083364,1057
Node_5,Camera-like Traffic Generator,190.78455578091214,0.44271214005950354,1214
Node_5,Camera-like Traffic Generator,191.04033024840516,0.25577446749302263,1122
Node_3,Smart Plug,191.3035237505954,1.4369492212915214,79
Node_5,Camera-like Traffic Generator,191.30488549774662,0.26455524934147584,1185
Node_5,Camera-like Traffic Generator,191.54839740053978,0.24351190279315685,1157
Node_5,Camera-like Traffic Generator,191.75128730041632,0.20288989987654046,1344
Node_2,Smart Light,191.81265429567722,1.9389485669553754,90
Node_5,Camera-like Traffic Generator,192.1663280869707,0.41504078655437243,1106
Node_3,Smart Plug,192.2432903279614,0.9397665773660164,89
Node_5,Camera-like Traffic Generator,192.53656886275385,0.37024077578315007,1160
Node_1,Temperature Sensor,192.74254726410592,2.438100083914504,80
Node_5,Camera-like Traffic Generator,192.8063634853278,0.26979462257394327,1033
Node_2,Smart Light,193.01171217722967,1.19905788155245,80
Node_5,Camera-like Traffic Generator,193.09144776108414,0.28508427575633355,1106
Node_5,Camera-like Traffic Generator,193.3566867869666,0.2652390258824532,1280
Node_4,Motion Sensor,193.598303955811,5.808545429971653,60
Node_3,Smart Plug,193.65421007684722,1.4109197488858087,68
Node_5,Camera-like Traffic Generator,193.77156647396572,0.4148796869991072,1473
Node_5,Camera-like Traffic Generator,194.21379442285465,0.442227948888941,1335
Node_2,Smart Light,194.51179008080032,1.5000779035706437,61
Node_5,Camera-like Traffic Generator,194.58597894208447,0.37218451922982343,1323
Node_3,Smart Plug,194.59614666799902,0.9419365911517914,69
Node_1,Temperature Sensor,194.8635514599742,2.1210041958682657,68
Node_5,Camera-like Traffic Generator,194.99061851866009,0.4046395765756097,1217
Node_5,Camera-like Traffic Generator,195.4346368609765,0.444018342316422,1099
Node_2,Smart Light,195.64882645436785,1.1370363735675204,73
Node_5,Camera-like Traffic Generator,195.64953478370708,0.21489792273057667,1246
Node_3,Smart Plug,195.8291644974263,1.2330178294272658,66
Node_5,Camera-like Traffic Generator,195.8635723369063,0.21403755319921608,1137
Node_5,Camera-like Traffic Generator,196.09935004383652,0.23577770693024847,1226
Node_5,Camera-like Traffic Generator,196.4797792476304,0.3804292037938716,1295
Node_3,Smart Plug,196.70384700050008,0.8746825030737739,96
Node_5,Camera-like Traffic Generator,196.75070582279136,0.2709265751609515,1010
Node_5,Camera-like Traffic Generator,196.95605671275055,0.20535088995918616,1391
Node_2,Smart Light,197.12257060476304,1.47374415039519,78
Node_1,Temperature Sensor,197.20163702212164,2.338085562147455,83
Node_5,Camera-like Traffic Generator,197.3287843348154,0.372727622064847,1002
Node_5,Camera-like Traffic Generator,197.66731588919626,0.3385315543808769,1065
Node_3,Smart Plug,197.97691548791366,1.2730684874135685,86
Node_5,Camera-like Traffic Generator,198.1573719555666,0.4900560663703325,1018
Node_5,Camera-like Traffic Generator,198.51741205828245,0.36004010271586734,1263
Node_2,Smart Light,198.72883112716684,1.606260522403804,80
Node_5,Camera-like Traffic Generator,198.8186290189319,0.3012169606494359,1008
Node_4,Motion Sensor,198.95857509389356,5.360271138082556,88
Node_5,Camera-like Traffic Generator,199.15959702450368,0.3409680055717822,1414
Node_3,Smart Plug,199.2065943706067,1.2296788826930267,90
Node_1,Temperature Sensor,199.43175175471822,2.230114732596577,68
Node_5,Camera-like Traffic Generator,199.48412068517075,0.32452366066706256,1150
Node_5,Camera-like Traffic Generator,199.7792775837148,0.2951568985440409,1172
Node_5,Camera-like Traffic Generator,200.00320774640488,0.22393016269009602,1387
Node_2,Smart Light,200.05679697480338,1.3279658476365261,84
Node_5,Camera-like Traffic Generator,200.35135332657515,0.3481455801702752,1023
Node_3,Smart Plug,200.3856261388288,1.1790317682221172,61
Node_5,Camera-like Traffic Generator,200.64088647087735,0.2895331443021974,1491
Node_5,Camera-like Traffic Generator,200.98888745815827,0.3480009872809179,1320
Node_2,Smart Light,201.21929902068032,1.1625020458769395,99
Node_5,Camera-like Traffic Generator,201.46202900423202,0.4731415460737339,1421
Node_1,Temperature Sensor,201.50274484072725,2.0709930860090324,85
Node_3,Smart Plug,201.52323059566953,1.1376044568407355,84
Node_5,Camera-like Traffic Generator,201.94334013092157,0.48131112668956144,1051
Node_5,Camera-like Traffic Generator,202.2105444380482,0.2672043071266284,1412
Node_5,Camera-like Traffic Generator,202.45216476507042,0.2416203270222299,1496
Node_3,Smart Plug,202.66786886006247,1.1446382643929485,99
Node_5,Camera-like Traffic Generator,202.91058139618997,0.45841663111954684,1362
Node_2,Smart Light,202.95861838125393,1.7393193605736041,71
Node_5,Camera-like Traffic Generator,203.17848377307314,0.2679023768831599,1044
Node_5,Camera-like Traffic Generator,203.5957161469566,0.41723237388344814,1406
Node_1,Temperature Sensor,203.7316866245384,2.2289417838111545,96
Node_5,Camera-like Traffic Generator,204.04056043213822,0.4448442851816429,1268
Node_3,Smart Plug,204.09576870129777,1.4278998412353066,94
Node_5,Camera-like Traffic Generator,204.24204283973964,0.20148240760142433,1344
Node_2,Smart Light,204.29499183340562,1.3363734521516784,93
Node_5,Camera-like Traffic Generator,204.45779013415,0.2157472944103651,1441
Node_4,Motion Sensor,204.62154258011608,5.662967486222522,92
Node_5,Camera-like Traffic Generator,204.67071298837416,0.21292285422415344,1024
Node_5,Camera-like Traffic Generator,204.96200001658636,0.29128702821219454,1131
Node_3,Smart Plug,205.23933244742236,1.1435637461245827,99
Node_5,Camera-like Traffic Generator,205.3683764952869,0.40637647870052745,1395
Node_5,Camera-like Traffic Generator,205.6822434345408,0.3138669392539085,1349
Node_2,Smart Light,205.82733166328148,1.5323398298758764,88
Node_5,Camera-like Traffic Generator,206.15970095670454,0.47745752216375614,1291
Node_5,Camera-like Traffic Generator,206.39567138259258,0.23597042588805117,1159
Node_1,Temperature Sensor,206.59132202479216,2.8596354002537465,62
Node_5,Camera-like Traffic Generator,206.64007182741244,0.24440044481985604,1292
Node_3,Smart Plug,206.68053722819315,1.4412047807707902,71
Node_5,Camera-like Traffic Generator,207.09511793719125,0.4550461097788131,1447
Node_2,Smart Light,207.1271222280189,1.2997905647374137,92
Node_5,Camera-like Traffic Generator,207.48618903127232,0.3910710940810585,1334
Node_3,Smart Plug,207.63600217634902,0.9554649481558694,83
Node_5,Camera-like Traffic Generator,207.84271814163154,0.35652911035922674,1120
Node_5,Camera-like Traffic Generator,208.1860961870294,0.343378045397853,1245
Node_5,Camera-like Traffic Generator,208.47025866738798,0.28416248035858127,1386
Node_3,Smart Plug,208.47390589625118,0.837903719902149,91
Node_2,Smart Light,208.49548003788465,1.3683578098657696,86
Node_5,Camera-like Traffic Generator,208.8150705604022,0.344811893014231,1045
Node_1,Temperature Sensor,208.82932665916115,2.238004634368995,86
Node_5,Camera-like Traffic Generator,209.24493115518794,0.4298605947857369,1355
Node_4,Motion Sensor,209.44210704356232,4.820564463446241,61
Node_4,Motion Sensor,209.51918324442187,0.07707620085955012,60
Node_5,Camera-like Traffic Generator,209.5508340644337,0.3059029092457486,1417
Node_3,Smart Plug,209.6087299498796,1.1348240536284304,81
Node_4,Motion Sensor,209.64836850784405,0.12918526342218642,75
Node_4,Motion Sensor,209.71202227061076,0.06365376276669422,99
Node_5,Camera-like Traffic Generator,209.8235469418104,0.27271287737670713,1323
Node_5,Camera-like Traffic Generator,210.28030598456346,0.4567590427530361,1347
Node_2,Smart Light,210.47537806906382,1.9798980311791619,83
Node_5,Camera-like Traffic Generator,210.50284930530518,0.2225433207417247,1247
Node_3,Smart Plug,210.76046259836477,1.1517326484851709,75
Node_5,Camera-like Traffic Generator,210.7665919466941,0.26374264138891124,1335
Node_1,Temperature Sensor,211.0435634665316,2.2142368073704386,65
Node_5,Camera-like Traffic Generator,211.10703706394085,0.3404451172467577,1192
Node_5,Camera-like Traffic Generator,211.45333073634873,0.3462936724078686,1170
Node_5,Camera-like Traffic Generator,211.8975293617133,0.4441986253645787,1380
Node_3,Smart Plug,212.04089965093604,1.2804370525712727,66
Node_5,Camera-like Traffic Generator,212.25170755684368,0.35417819513036053,1156
Node_2,Smart Light,212.27213288299396,1.7967548139301472,89
Node_5,Camera-like Traffic Generator,212.73502196441245,0.4833144075687798,1354
Node_5,Camera-like Traffic Generator,213.13160876586838,0.3965868014559125,1423
Node_5,Camera-like Traffic Generator,213.3633069084136,0.2316981425452052,1065
Node_3,Smart Plug,213.52445468760197,1.4835550366659294,87
Node_5,Camera-like Traffic Generator,213.83831608163618,0.4750091732225801,1192
Node_2,Smart Light,213.96017653419673,1.6880436512027717,61
Node_1,Temperature Sensor,213.97907770711225,2.935514240580671,82
Node_5,Camera-like Traffic Generator,214.17404564979248,0.33572956815628435,1310
Node_4,Motion Sensor,214.33736009114418,4.625337820533424,67
Node_5,Camera-like Traffic Generator,214.43495186803815,0.26090621824567256,1200
Node_3,Smart Plug,214.64650410063447,1.1220494130325012,87
Node_5,Camera-like Traffic Generator,214.65554366112343,0.22059179308527357,1211
Node_5,Camera-like Traffic Generator,215.06142346108655,0.40587979996311685,1475
Node_5,Camera-like Traffic Generator,215.4345961458046,0.37317268471803433,1051
Node_2,Smart Light,215.4347667482818,1.4745902140850604,98
Node_3,Smart Plug,215.4547780856618,0.8082739850273143,68
Node_5,Camera-like Traffic Generator,215.77288238220146,0.33828623639687055,1053
Node_5,Camera-like Traffic Generator,216.00594213547168,0.23305975327021433,1008
Node_5,Camera-like Traffic Generator,216.3441961815848,0.33825404611311055,1133
Node_1,Temperature Sensor,216.45174873342404,2.472671026311794,91
Node_3,Smart Plug,216.6614838389474,1.2067057532856127,73
Node_5,Camera-like Traffic Generator,216.68706830871966,0.34287212713484205,1265
Node_5,Camera-like Traffic Generator,216.9926553559067,0.3055870471870423,1059
Node_2,Smart Light,217.2176707397132,1.7829039914314215,91
Node_5,Camera-like Traffic Generator,217.35774663524364,0.36509127933695934,1177
Node_5,Camera-like Traffic Generator,217.62136644294287,0.2636198076992185,1198
Node_3,Smart Plug,217.89042850640064,1.22894466745324,70
Node_5,Camera-like Traffic Generator,217.95062096997808,0.329254527035192,1166
Node_5,Camera-like Traffic Generator,218.2830231492325,0.33240217925441756,1184
Node_5,Camera-like Traffic Generator,218.49776346948724,0.2147403202547619,1191
Node_2,Smart Light,218.7953051355774,1.577634395864183,88
Node_5,Camera-like Traffic Generator,218.97616945715808,0.47840598767084264,1096
Node_3,Smart Plug,219.07442288666607,1.183994380265432,69
Node_5,Camera-like Traffic Generator,219.23300434726147,0.256834890103397,1088
Node_1,Temperature Sensor,219.25924573119067,2.8074969977666435,67
Node_5,Camera-like Traffic Generator,219.51578205721398,0.28277770995250956,1303
Node_4,Motion Sensor,219.6422741653035,5.304914074159306,98
Node_5,Camera-like Traffic Generator,219.8713675952889,0.3555855380748928,1054
Node_5,Camera-like Traffic Generator,220.0863290301442,0.21496143485533786,1124
Node_3,Smart Plug,220.20436464198298,1.1299417553169189,84
Node_5,Camera-like Traffic Generator,220.31965386831965,0.23332483817543037,1057
Node_2,Smart Light,220.37882841262504,1.58352327704764,66
Node_5,Camera-like Traffic Generator,220.7881714065595,0.4685175382398545,1287
Node_5,Camera-like Traffic Generator,221.0598015463556,0.27163013979609474,1266
Node_3,Smart Plug,221.26051154776832,1.0561469057853488,79
Node_5,Camera-like Traffic Generator,221.34243938960637,0.28263784325077757,1441
Node_1,Temperature Sensor,221.3561765454195,2.0969308142288234,77
Node_5,Camera-like Traffic Generator,221.75229307312833,0.40985368352194873,1202
Node_2,Smart Light,222.0078536537704,1.6290252411453636,84
Node_5,Camera-like Traffic Generator,222.07015870061377,0.3178656274854487,1109
Node_3,Smart Plug,222.20788428524577,0.9473727374774594,88
Node_5,Camera-like Traffic Generator,222.51737929776067,0.44722059714688583,1345
Node_5,Camera-like Traffic Generator,222.8659307958289,0.3485514980682106,1085
Node_5,Camera-like Traffic Generator,223.12700343970712,0.2610726438782359,1318
Node_3,Smart Plug,223.26850102475393,1.0606167395081711,94
Node_5,Camera-like Traffic Generator,223.53875944394298,0.4117560042358489,1143
Node_5,Camera-like Traffic Generator,223.73969150508077,0.20093206113780118,1092
Node_1,Temperature Sensor,223.7797551684394,2.423578623019921,78
Node_2,Smart Light,223.8490207787287,1.8411671249582642,65
Node_5,Camera-like Traffic Generator,224.2120262372716,0.4723347321908278,1311
Node_3,Smart Plug,224.26424169707042,0.9957406723164789,67
Node_5,Camera-like Traffic Generator,224.63375346239343,0.42172722512183525,1426
Node_4,Motion Sensor,224.678099868653,5.035825703349509,98
Node_5,Camera-like Traffic Generator,225.04013423849764,0.4063807761042255,1085
Node_3,Smart Plug,225.15603911361953,0.8917974165491068,83
Node_5,Camera-like Traffic Generator,225.44456698393077,0.4044327454331248,1083
Node_2,Smart Light,225.52974767377935,1.6807268950506788,61
Node_5,Camera-like Traffic Generator,225.74421357882738,0.29964659489662027,1227
Node_3,Smart Plug,226.11603583826928,0.959996724649768,63
Node_5,Camera-like Traffic Generator,226.2328864872514,0.4886729084239933,1333
Node_1,Temperature Sensor,226.50883101789927,2.729075849459851,86
Node_5,Camera-like Traffic Generator,226.56126325205713,0.32837676480573597,1010
Node_5,Camera-like Traffic Generator,227.05357450828066,0.4923112562235419,1440
Node_3,Smart Plug,227.10500021310105,0.9889643748317757,69
Node_5,Camera-like Traffic Generator,227.3047920419567,0.25121753367603483,1380
Node_2,Smart Light,227.47795284456365,1.9482051707843013,64
Node_5,Camera-like Traffic Generator,227.50771220447203,0.20292016251535377,1176
Node_5,Camera-like Traffic Generator,227.84986125258396,0.3421490481119428,1000
Node_3,Smart Plug,228.20755333931262,1.1025531262115844,75
Node_4,Motion Sensor,228.22247338897895,3.54437352032597,71
Node_5,Camera-like Traffic Generator,228.31182681405028,0.46196556146631484,1236
Node_2,Smart Light,228.49689021207027,1.0189373675066125,72
Node_5,Camera-like Traffic Generator,228.52537976992863,0.21355295587836157,1008
Node_5,Camera-like Traffic Generator,228.92939364801427,0.40401387808564254,1145
Node_3,Smart Plug,229.1096439540489,0.9020906147362755,98
Node_5,Camera-like Traffic Generator,229.19787994929916,0.26848630128488504,1251
Node_1,Temperature Sensor,229.49299622926523,2.984165211365966,63
Node_5,Camera-like Traffic Generator,229.62437769290554,0.42649774360638026,1387
Node_2,Smart Light,229.64832147018961,1.1514312581193455,87
Node_5,Camera-like Traffic Generator,229.85437543203713,0.22999773913160473,1401
Node_3,Smart Plug,230.01432759413473,0.9046836400858381,92
Node_5,Camera-like Traffic Generator,230.155078637472,0.30070320543486556,1245
Node_5,Camera-like Traffic Generator,230.46031295120542,0.3052343137334133,1272
Node_5,Camera-like Traffic Generator,230.8593355076441,0.3990225564386546,1126
Node_3,Smart Plug,230.93795268779647,0.9236250936617291,79
Node_2,Smart Light,231.05869887951232,1.410377409322705,90
Node_5,Camera-like Traffic Generator,231.19696073628802,0.3376252286439263,1413
Node_5,Camera-like Traffic Generator,231.48730094613754,0.29034020984953,1166
Node_4,Motion Sensor,231.5187060368757,3.2962326478967396,95
Node_5,Camera-like Traffic Generator,231.8426502628266,0.3553493166890583,1331
Node_1,Temperature Sensor,231.8956175113675,2.4026212821022686,73
Node_5,Camera-like Traffic Generator,232.30218858529506,0.4595383224684748,1421
Node_3,Smart Plug,232.4348459270062,1.496893239209721,93
Node_5,Camera-like Traffic Generator,232.64749503716575,0.3453064518707121,1134
Node_2,Smart Light,232.97921982940954,1.9205209498972107,94
Node_5,Camera-like Traffic Generator,233.00328770725525,0.35579267008948817,1319
Node_5,Camera-like Traffic Generator,233.24765782350093,0.24437011624568128,1205
Node_5,Camera-like Traffic Generator,233.51373450450248,0.26607668100155946,1497
Node_3,Smart Plug,233.59675080945055,1.1619048824443505,88
Node_5,Camera-like Traffic Generator,233.82089282601237,0.3071583215098803,1015
Node_5,Camera-like Traffic Generator,234.19416808755088,0.37327526153850354,1347
Node_5,Camera-like Traffic Generator,234.52338424078383,0.32921615323294684,1103
Node_2,Smart Light,234.71505710067822,1.7358372712686814,62
Node_5,Camera-like Traffic Generator,234.7501664357421,0.22678219495827429,1460
Node_1,Temperature Sensor,234.7572900477203,2.861672536352791,69
Node_3,Smart Plug,234.94648386513626,1.3497330556857148,72
Node_5,Camera-like Traffic Generator,235.0634999135046,0.31333347776249143,1053
Node_4,Motion Sensor,235.2925089068404,3.773802869964685,95
Node_5,Camera-like Traffic Generator,235.34567707987074,0.28217716636615403,1313
Node_5,Camera-like Traffic Generator,235.709152005998,0.36347492612724314,1456
Node_2,Smart Light,235.85313958646344,1.13808248578521,68
Node_3,Smart Plug,236.13998078158644,1.1934969164501978,82
Node_5,Camera-like Traffic Generator,236.2053515057205,0.4961994997225094,1438
Node_5,Camera-like Traffic Generator,236.45783718018814,0.25248567446762915,1455
Node_5,Camera-like Traffic Generator,236.76249069709462,0.30465351690648845,1165
Node_1,Temperature Sensor,236.9474989561611,2.1902089084408116,77
Node_5,Camera-like Traffic Generator,237.13923504881834,0.3767443517237029,1472
Node_2,Smart Light,237.1781891208895,1.3250495344260549,86
Node_3,Smart Plug,237.21886211289078,1.0788813313043293,87
Node_5,Camera-like Traffic Generator,237.422109188163,0.2828741393446698,1095
Node_5,Camera-like Traffic Generator,237.7959642377435,0.3738550495805093,1350
Node_3,Smart Plug,238.0608875772976,0.8420254644068117,92
Node_5,Camera-like Traffic Generator,238.24621570812832,0.450251470384823,1061
Node_4,Motion Sensor,238.44814326244264,3.155634355602252,83
Node_5,Camera-like Traffic Generator,238.68481557949931,0.43859987137100326,1283
Node_2,Smart Light,238.70366627228952,1.5254771514000354,72
Node_5,Camera-like Traffic Generator,239.12257324916948,0.43775766967015084,1173
Node_3,Smart Plug,239.1944651743441,1.133577597046496,85
Node_5,Camera-like Traffic Generator,239.35563042244274,0.23305717327327258,1004
Node_1,Temperature Sensor,239.3693805959955,2.421881639834404,71
Node_5,Camera-like Traffic Generator,239.8338003316045,0.4781699091617615,1073
Node_2,Smart Light,239.87684869614685,1.1731824238573276,96
Node_5,Camera-like Traffic Generator,240.23807725205026,0.40427692044577246,1261
Node_3,Smart Plug,240.30936354768875,1.1148983733446542,73
Node_5,Camera-like Traffic Generator,240.52501178492463,0.28693453287436466,1279
Node_5,Camera-like Traffic Generator,240.77379383174258,0.24878204681794108,1243
Node_5,Camera-like Traffic Generator,240.9931787794593,0.21938494771670938,1147
Node_2,Smart Light,241.2191757138287,1.3423270176818463,74
Node_5,Camera-like Traffic Generator,241.3293362341011,0.3361574546418036,1108
Node_3,Smart Plug,241.36203696242734,1.0526734147385852,82
Node_1,Temperature Sensor,241.6191870438776,2.2498064478821007,96
Node_5,Camera-like Traffic Generator,241.7769774143923,0.4476411802911869,1061
Node_5,Camera-like Traffic Generator,242.12348734705742,0.34650993266512786,1002
Node_4,Motion Sensor,242.157616615165,3.7094733527223642,80
Node_5,Camera-like Traffic Generator,242.42916400325947,0.305676656202048,1417
Node_5,Camera-like Traffic Generator,242.64413461709248,0.2149706138329956,1068
Node_3,Smart Plug,242.81432816547178,1.4522912030444377,70
Node_2,Smart Light,242.99116549797742,1.7719897841487406,88
Node_5,Camera-like Traffic Generator,243.10775124592544,0.46361662883296356,1392
Node_5,Camera-like Traffic Generator,243.45834921685517,0.35059797092972544,1479
Node_3,Smart Plug,243.6282128990014,0.8138847335296321,64
Node_5,Camera-like Traffic Generator,243.8265739512696,0.3682247344144516,1476
Node_1,Temperature Sensor,244.06231778893104,2.443130745053457,94
Node_5,Camera-like Traffic Generator,244.24053308102927,0.4139591297596743,1071
Node_2,Smart Light,244.6344745979769,1.6433090999994615,87
Node_5,Camera-like Traffic Generator,244.6604490213365,0.4199159403072165,1216
Node_3,Smart Plug,245.0353709077833,1.4071580087818956,98
Node_5,Camera-like Traffic Generator,245.1359269725369,0.475477951200421,1145
Node_5,Camera-like Traffic Generator,245.3455679794384,0.20964100690151252,1466
Node_5,Camera-like Traffic Generator,245.62018653089768,0.27461855145925823,1339
Node_5,Camera-like Traffic Generator,245.93605878159448,0.31587225069678565,1199
Node_3,Smart Plug,245.9746415852291,0.9392706774458113,83
Node_2,Smart Light,246.24455117805564,1.6100765800787515,67
Node_5,Camera-like Traffic Generator,246.40730762906,0.4712488474655271,1446
Node_1,Temperature Sensor,246.61264310138088,2.550325312449848,62
Node_5,Camera-like Traffic Generator,246.88336586773474,0.4760582386747509,1298
Node_5,Camera-like Traffic Generator,247.13535645849464,0.2519905907599053,1217
Node_3,Smart Plug,247.2290332515588,1.2543916663297026,66
Node_2,Smart Light,247.491070313583,1.2465191355273604,82
Node_5,Camera-like Traffic Generator,247.5981361800881,0.46277972159343933,1402
Node_5,Camera-like Traffic Generator,247.8398890877591,0.24175290767100718,1383
Node_4,Motion Sensor,248.00568778312015,5.848071167955132,72
Node_5,Camera-like Traffic Generator,248.11489522138035,0.2750061336212398,1208
Node_5,Camera-like Traffic Generator,248.37475217403505,0.2598569526547095,1152
Node_3,Smart Plug,248.57524962022828,1.346216368669466,74
Node_5,Camera-like Traffic Generator,248.66395241791042,0.2892002438753808,1463
Node_2,Smart Light,248.71593735157583,1.2248670379928166,98
Node_5,Camera-like Traffic Generator,249.00229873281563,0.3383463149052054,1091
Node_5,Camera-like Traffic Generator,249.43702045275694,0.43472171994132136,1416
Node_1,Temperature Sensor,249.6119255697936,2.9992824684127264,93
Node_5,Camera-like Traffic Generator,249.6658331424009,0.22881268964397133,1263
Node_3,Smart Plug,249.84648460833142,1.271234988103145,79
Node_2,Smart Light,250.01355191685275,1.2976145652769078,71
Node_5,Camera-like Traffic Generator,250.07407315890586,0.4082400165049593,1251
Node_5,Camera-like Traffic Generator,250.47962214282086,0.40554898391499783,1178
Node_5,Camera-like Traffic Generator,250.7858802969471,0.3062581541262623,1233
Node_3,Smart Plug,251.16205292366493,1.3155683153335085,95
Node_2,Smart Light,251.22082971170738,1.2072777948546403,88
Node_5,Camera-like Traffic Generator,251.27431437342827,0.4884340764811455,1230
Node_5,Camera-like Traffic Generator,251.74808186089217,0.47376748746389696,1013
Node_5,Camera-like Traffic Generator,252.1781127717587,0.4300309108665257,1044
Node_3,Smart Plug,252.22880262255393,1.0667496988889922,71
Node_5,Camera-like Traffic Generator,252.42028844906238,0.24217567730369094,1453
Node_2,Smart Light,252.53787045672584,1.317040745018448,73
Node_1,Temperature Sensor,252.58092182707836,2.9689962572847515,97
Node_4,Motion Sensor,252.6650510396732,4.659363256553034,61
Node_5,Camera-like Traffic Generator,252.85627807237648,0.43598962331409524,1290
Node_5,Camera-like Traffic Generator,253.1682114180086,0.3119333456321244,1310
Node_3,Smart Plug,253.47100115589237,1.2421985333384282,65
Node_5,Camera-like Traffic Generator,253.6381851421181,0.46997372410947363,1438
Node_5,Camera-like Traffic Generator,253.8542459498722,0.21606080775410347,1422
Node_5,Camera-like Traffic Generator,254.09202670206076,0.237780752188583,1335
Node_3,Smart Plug,254.38830403072873,0.9173028748363737,92
Node_5,Camera-like Traffic Generator,254.43086904740463,0.33884234534386026,1381
Node_2,Smart Light,254.47157083149665,1.9337003747708006,91
Node_5,Camera-like Traffic Generator,254.78627153147934,0.35540248407472835,1419
Node_5,Camera-like Traffic Generator,255.01166925924008,0.22539772776073086,1135
Node_3,Smart Plug,255.424475847728,1.036171816999253,85
Node_1,Temperature Sensor,255.42961756149265,2.8486957344143056,66
Node_5,Camera-like Traffic Generator,255.5075213160933,0.4958520568532048,1053
Node_2,Smart Light,255.74502836825206,1.273457536755423,64
Node_5,Camera-like Traffic Generator,255.88582322140658,0.3783019053132811,1410
Node_5,Camera-like Traffic Generator,256.25545624145326,0.3696330200466541,1345
Node_3,Smart Plug,256.62462214943963,1.2001463017116554,93
Node_5,Camera-like Traffic Generator,256.71475047878573,0.4592942373324888,1060
Node_5,Camera-like Traffic Generator,257.09013572448384,0.3753852456981234,1255
Node_2,Smart Light,257.4216506140346,1.6766222457825457,75
Node_3,Smart Plug,257.4745630041632,0.8499408547235903,66
Node_5,Camera-like Traffic Generator,257.5052211379093,0.415085413425461,1350
Node_4,Motion Sensor,257.5656749252244,4.900623885551254,60
Node_5,Camera-like Traffic Generator,257.86010034688564,0.3548792089763699,1281
Node_1,Temperature Sensor,257.9152586869434,2.4856411254507185,68
Node_5,Camera-like Traffic Generator,258.3502838854462,0.49018353856050517,1068
Node_3,Smart Plug,258.4343155617347,0.9597525575715113,72
Node_5,Camera-like Traffic Generator,258.81879958780337,0.46851570235717466,1319
Node_5,Camera-like Traffic Generator,259.06523223633,0.24643264852663624,1314
Node_2,Smart Light,259.40181115135596,1.9801605373213622,92
Node_3,Smart Plug,259.4382650086908,1.003949446956094,70
Node_5,Camera-like Traffic Generator,259.48097484893594,0.4157426126058965,1468
Node_5,Camera-like Traffic Generator,259.922659902236,0.4416850533000122,1311
Node_5,Camera-like Traffic Generator,260.18286986447293,0.26020996223697557,1033
Node_1,Temperature Sensor,260.31629897949284,2.4010402925494527,62
Node_5,Camera-like Traffic Generator,260.4287764900205,0.2459066255475372,1439
Node_3,Smart Plug,260.68951601389944,1.2512510052086316,70
Node_5,Camera-like Traffic Generator,260.7847232583122,0.3559467682917348,1123
Node_5,Camera-like Traffic Generator,261.0158053657528,0.23108210744055152,1012
Node_2,Smart Light,261.3564200147474,1.9546088633914613,92
Node_5,Camera-like Traffic Generator,261.36754671718694,0.35174135143417684,1195
Node_3,Smart Plug,261.800944885253,1.1114288713535803,94
Node_5,Camera-like Traffic Generator,261.8453600499871,0.4778133328001456,1149
Node_5,Camera-like Traffic Generator,262.19047590826483,0.34511585827774466,1092
Node_4,Motion Sensor,262.22790071472986,4.662225789505422,64
Node_5,Camera-like Traffic Generator,262.46095426454065,0.27047835627582845,1423
Node_2,Smart Light,262.64687266674036,1.2904526519929356,71
Node_1,Temperature Sensor,262.6952720984698,2.378973118976916,99
Node_5,Camera-like Traffic Generator,262.739035722204,0.27808145766337167,1306
Node_3,Smart Plug,262.8551602734283,1.0542153881753,83
Node_5,Camera-like Traffic Generator,263.0707746774171,0.33173895521308605,1329
Node_5,Camera-like Traffic Generator,263.30773363659205,0.23695895917494675,1073
Node_5,Camera-like Traffic Generator,263.51423100000625,0.20649736341418592,1070
Node_5,Camera-like Traffic Generator,263.9376105471346,0.42337954712837644,1120
Node_5,Camera-like Traffic Generator,264.29106504624895,0.3534544991143004,1349
Node_3,Smart Plug,264.33102849640403,1.4758682229757463,76
Node_2,Smart Light,264.3610139542388,1.7141412874983954,73
Node_5,Camera-like Traffic Generator,264.55117035843875,0.26010531218981386,1240
Node_5,Camera-like Traffic Generator,264.838005068532,0.28683471009329453,1050
Node_1,Temperature Sensor,264.96047515664196,2.265203058172152,91
Node_5,Camera-like Traffic Generator,265.2146342083718,0.37662913983977764,1183
Node_3,Smart Plug,265.2597488357764,0.9287203393723689,60
Node_5,Camera-like Traffic Generator,265.49718861293866,0.28255440456685993,1192
Node_2,Smart Light,265.80339006610365,1.4423761118648355,70
Node_5,Camera-like Traffic Generator,265.93714517167433,0.43995655873567424,1231
Node_5,Camera-like Traffic Generator,266.38119325321725,0.4440480815429232,1074
Node_3,Smart Plug,266.5691895272791,1.309440691502683,86
Node_5,Camera-like Traffic Generator,266.6662199192708,0.2850266660535684,1060
Node_5,Camera-like Traffic Generator,266.98304873865976,0.31682881938894014,1290
Node_5,Camera-like Traffic Generator,267.1932738014289,0.21022506276914996,1325
Node_2,Smart Light,267.28246932912015,1.4790792630164833,68
Node_1,Temperature Sensor,267.4154835239811,2.4550083673391434,76
Node_4,Motion Sensor,267.5168356061335,5.288934891403633,65
Node_5,Camera-like Traffic Generator,267.59043123495337,0.39715743352445165,1222
Node_3,Smart Plug,268.02749566341566,1.458306136136597,88
Node_5,Camera-like Traffic Generator,268.0628637363597,0.4724325014063532,1177
Node_5,Camera-like Traffic Generator,268.3046547935021,0.24179105714240767,1441
Node_5,Camera-like Traffic Generator,268.64215984635973,0.33750505285763155,1004
Node_2,Smart Light,268.8210472528288,1.5385779237086528,97
Node_3,Smart Plug,268.88354097992857,0.8560453165128831,66
Node_5,Camera-like Traffic Generator,268.8896542049837,0.24749435862395391,1250
Node_5,Camera-like Traffic Generator,269.3479608539456,0.4583066489619142,1105
Node_3,Smart Plug,269.7556474997684,0.8721065198398203,62
Node_5,Camera-like Traffic Generator,269.81872601107796,0.47076515713235273,1262
Node_5,Camera-like Traffic Generator,270.1726395575718,0.35391354649387097,1087
Node_1,Temperature Sensor,270.3728011648408,2.957317640859673,99
Node_5,Camera-like Traffic Generator,270.4180603719188,0.24542081434696986,1327
Node_2,Smart Light,270.51721855347563,1.6961713006468226,65
Node_5,Camera-like Traffic Generator,270.78700470095544,0.3689443290366778,1229
Node_3,Smart Plug,271.1707311832832,1.415083683514819,81
Node_5,Camera-like Traffic Generator,271.2446038709847,0.45759917002923084,1070
Node_5,Camera-like Traffic Generator,271.68009215259815,0.43548828161345626,1329
Node_3,Smart Plug,271.9891866226395,0.8184554393563688,75
Node_2,Smart Light,272.1328955878901,1.6156770344144924,83
Node_5,Camera-like Traffic Generator,272.15713523380856,0.47704308121039435,1034
Node_4,Motion Sensor,272.2215725185348,4.704736912401302,93
Node_5,Camera-like Traffic Generator,272.60893288153466,0.45179764772609027,1241
Node_1,Temperature Sensor,272.9285694882464,2.5557683234056183,88
Node_5,Camera-like Traffic Generator,273.09769938443304,0.48876650289837786,1302
Node_3,Smart Plug,273.32468408313304,1.335497460493517,63
Node_5,Camera-like Traffic Generator,273.351811745602,0.2541123611689484,1354
Node_2,Smart Light,273.3753536263004,1.2424580384102868,86
Node_5,Camera-like Traffic Generator,273.7039058127331,0.3520940671311274,1329
Node_5,Camera-like Traffic Generator,273.98167361803246,0.27776780529936096,1348
Node_3,Smart Plug,274.3084006681185,0.983716584985491,66
Node_5,Camera-like Traffic Generator,274.3583292479546,0.3766556299221395,1290
Node_5,Camera-like Traffic Generator,274.7336772152905,0.3753479673358985,1414
Node_2,Smart Light,274.9063951160332,1.5310414897327993,85
Node_5,Camera-like Traffic Generator,274.95394820671635,0.22027099142580286,1014
Node_1,Temperature Sensor,275.08336631352046,2.1547968252740644,71
Node_5,Camera-like Traffic Generator,275.3738114571787,0.4198632504623674,1115
Node_3,Smart Plug,275.56678354099887,1.2583828728803448,95
Node_5,Camera-like Traffic Generator,275.7733897485939,0.39957829141517076,1249
Node_2,Smart Light,275.95888622287265,1.052491106839463,76
Node_5,Camera-like Traffic Generator,276.1771864314205,0.40379668282660763,1161
Node_5,Camera-like Traffic Generator,276.44664680251543,0.26946037109493104,1385
Node_3,Smart Plug,276.5833429984839,1.016559457484999,69
Node_4,Motion Sensor,276.722869639362,4.501297120827218,65
Node_5,Camera-like Traffic Generator,276.92182728254704,0.4751804800316253,1397
Node_5,Camera-like Traffic Generator,277.1534568253295,0.23162954278244294,1440
Node_5,Camera-like Traffic Generator,277.57190577320426,0.4184489478747685,1192
Node_3,Smart Plug,277.58226569452455,0.9989226960406623,85
Node_2,Smart Light,277.6762442791229,1.7173580562502435,64
Node_1,Temperature Sensor,278.05207567848964,2.968709364969159,83
Node_5,Camera-like Traffic Generator,278.0639016914038,0.49199591819954547,1461
Node_5,Camera-like Traffic Generator,278.2824796849426,0.2185779935387603,1125
Node_3,Smart Plug,278.4741596719634,0.8918939774388047,93
Node_5,Camera-like Traffic Generator,278.49370516742164,0.21122548247904,1374
Node_5,Camera-like Traffic Generator,278.82616370321955,0.3324585357979356,1187
Node_5,Camera-like Traffic Generator,279.2155519198954,0.38938821667584633,1014
Node_3,Smart Plug,279.2941595770773,0.819999905113939,86
Node_2,Smart Light,279.4470103372212,1.7707660580982791,60
Node_5,Camera-like Traffic Generator,279.4677720915582,0.25222017166277594,1053
Node_5,Camera-like Traffic Generator,279.8026249808374,0.33485288927919177,1066
Node_5,Camera-like Traffic Generator,280.19384371292716,0.39121873208980185,1278
Node_5,Camera-like Traffic Generator,280.45255909720004,0.2587153842728472,1245
Node_1,Temperature Sensor,280.5942708798639,2.542195201374274,89
Node_3,Smart Plug,280.6964177492667,1.4022581721893748,73
Node_5,Camera-like Traffic Generator,280.85621380357253,0.4036547063725203,1112
Node_2,Smart Light,280.9973629030008,1.5503525657796167,97
Node_5,Camera-like Traffic Generator,281.27885997553443,0.422646171961925,1217
Node_4,Motion Sensor,281.3441889032071,4.621319263845132,69
Node_5,Camera-like Traffic Generator,281.637418810196,0.35855883466155575,1395
Node_3,Smart Plug,281.82972606772546,1.1333083184587616,98
Node_5,Camera-like Traffic Generator,281.8632242997259,0.22580548952991059,1012
Node_5,Camera-like Traffic Generator,282.351174001129,0.4879497014030626,1048
Node_2,Smart Light,282.4042703545477,1.4069074515468833,97
Node_5,Camera-like Traffic Generator,282.5611457586825,0.20997175755353759,1070
Node_1,Temperature Sensor,282.6514361527714,2.057165272907483,83
Node_5,Camera-like Traffic Generator,282.7627166443696,0.20157088568708526,1387
Node_3,Smart Plug,283.00813498070005,1.1784089129745983,70
Node_5,Camera-like Traffic Generator,283.13320515289195,0.3704885085223187,1432
Node_5,Camera-like Traffic Generator,283.43541854645787,0.30221339356594756,1341
Node_5,Camera-like Traffic Generator,283.9227416307325,0.4873230842746537,1364
Node_3,Smart Plug,284.11952643335957,1.1113914526595208,98
Node_5,Camera-like Traffic Generator,284.2811879817902,0.35844635105768324,1095
Node_2,Smart Light,284.2826699760619,1.8783996215142282,79
Node_5,Camera-like Traffic Generator,284.5434304157488,0.2622424339585827,1413
Node_5,Camera-like Traffic Generator,284.89368550131866,0.3502550855698572,1178
Node_1,Temperature Sensor,285.1542865356909,2.5028503829195135,94
Node_5,Camera-like Traffic Generator,285.3636122286405,0.46992672732181245,1426
Node_3,Smart Plug,285.4078624471945,1.2883360138349331,67
Node_2,Smart Light,285.48212595072954,1.1994559746676017,98
Node_5,Camera-like Traffic Generator,285.80409099550013,0.4404787668596685,1219
Node_5,Camera-like Traffic Generator,286.19173220570474,0.3876412102046271,1436
Node_5,Camera-like Traffic Generator,286.5624779325542,0.37074572684946017,1063
Node_3,Smart Plug,286.62617138638007,1.2183089391855924,85
Node_2,Smart Light,286.8032936528487,1.3211677021191668,85
Node_5,Camera-like Traffic Generator,286.9176519926416,0.3551740600874133,1050
Node_4,Motion Sensor,287.20202678339575,5.857837880188654,82
Node_5,Camera-like Traffic Generator,287.26726566565185,0.34961367301026025,1025
Node_1,Temperature Sensor,287.3117192636304,2.1574327279394834,98
Node_5,Camera-like Traffic Generator,287.6294270725211,0.362161406869262,1011
Node_3,Smart Plug,287.8712671818781,1.245095795498085,82
Node_5,Camera-like Traffic Generator,288.07582541404406,0.446398341523001,1144
Node_5,Camera-like Traffic Generator,288.5242699643453,0.44844455030124303,1195
Node_2,Smart Light,288.7112306115843,1.9079369587356223,63
Node_5,Camera-like Traffic Generator,288.83164152274617,0.3073715584008831,1436
Node_3,Smart Plug,289.03768904492625,1.1664218630481553,85
Node_5,Camera-like Traffic Generator,289.07900042894397,0.24735890619780454,1144
Node_1,Temperature Sensor,289.39183072887096,2.080111465240587,67
Node_5,Camera-like Traffic Generator,289.439327571962,0.36032714301799806,1120
Node_5,Camera-like Traffic Generator,289.79465549838574,0.3553279264237189,1305
Node_3,Smart Plug,290.054451974606,1.0167629296797975,73
Node_5,Camera-like Traffic Generator,290.08832729500386,0.2936717966181479,1309
Node_2,Smart Light,290.2853639647597,1.5741333531753732,81
Node_4,Motion Sensor,290.32740302283713,3.1253762394413585,98
Node_5,Camera-like Traffic Generator,290.45210978064733,0.36378248564344173,1445
Node_5,Camera-like Traffic Generator,290.8269415341791,0.37483175353179576,1468
Node_3,Smart Plug,291.2322196601013,1.1777676854952417,92
Node_5,Camera-like Traffic Generator,291.32242171306365,0.49548017888453544,1326
Node_5,Camera-like Traffic Generator,291.53210413073515,0.20968241767148355,1210
Node_5,Camera-like Traffic Generator,291.792257507794,0.2601533770588217,1444
Node_1,Temperature Sensor,291.986865835321,2.5950351064500277,87
Node_2,Smart Light,292.00848164300214,1.7231176782424233,97
Node_5,Camera-like Traffic Generator,292.010075098491,0.21781759069700976,1102
Node_3,Smart Plug,292.34152187400485,1.1093022139035742,74
Node_5,Camera-like Traffic Generator,292.4551038119867,0.4450287134957448,1164
Node_5,Camera-like Traffic Generator,292.88230724146956,0.4272034294828835,1456
Node_5,Camera-like Traffic Generator,293.10100579275695,0.21869855128739146,1246
Node_3,Smart Plug,293.32338680476124,0.9818649307564071,72
Node_5,Camera-like Traffic Generator,293.5427044145992,0.4416986218422597,1281
Node_2,Smart Light,293.921711368672,1.9132297256698525,67
Node_5,Camera-like Traffic Generator,293.9257049278468,0.38300051324760354,1417
Node_3,Smart Plug,294.1234514472377,0.8000646424764497,92
Node_1,Temperature Sensor,294.22206973032195,2.2352038950009314,64
Node_5,Camera-like Traffic Generator,294.36795117649893,0.44224624865210516,1172
Node_5,Camera-like Traffic Generator,294.589180105251,0.2212289287520374,1208
Node_5,Camera-like Traffic Generator,295.01096692303804,0.42178681778706456,1464
Node_4,Motion Sensor,295.1895927766955,4.8621897538583605,66
Node_5,Camera-like Traffic Generator,295.4772225131001,0.46625559006204886,1239
Node_3,Smart Plug,295.5170139891056,1.3935625418678694,73
Node_5,Camera-like Traffic Generator,295.71606188595223,0.2388393728520909,1361
Node_2,Smart Light,295.80395634183685,1.8822449731648332,67
Node_5,Camera-like Traffic Generator,295.9472802508666,0.23121836491435785,1248
Node_5,Camera-like Traffic Generator,296.21485376317565,0.26757351230905274,1175
Node_5,Camera-like Traffic Generator,296.55813154009513,0.34327777691949535,1390
Node_3,Smart Plug,296.6454525577764,1.1284385686708185,60
Node_5,Camera-like Traffic Generator,297.0210664803397,0.4629349402445532,1113
Node_1,Temperature Sensor,297.11235704445136,2.8902873141294374,69
Node_5,Camera-like Traffic Generator,297.5004404406604,0.4793739603207034,1013
Node_2,Smart Light,297.7235911536878,1.9196348118509339,99
Node_5,Camera-like Traffic Generator,297.93498720890403,0.43454676824367755,1098
Node_3,Smart Plug,298.09091443479724,1.4454618770208372,97
Node_5,Camera-like Traffic Generator,298.3174288775492,0.3824416686452057,1189
Node_4,Motion Sensor,298.37011786948,3.1805250927844675,70
Node_5,Camera-like Traffic Generator,298.72250739758925,0.4050785200400432,1009
Node_5,Camera-like Traffic Generator,299.0671593992655,0.3446520016762773,1193
Node_2,Smart Light,299.1205857279661,1.3969945742782997,79
Node_3,Smart Plug,299.22486138411324,1.13394694931602,60
Node_5,Camera-like Traffic Generator,299.3803277424864,0.31316834322089077,1062
Node_1,Temperature Sensor,299.7068761979848,2.594519153533441,84
Node_5,Camera-like Traffic Generator,299.790729078799,0.41040133631266706,1274
Node_5,Camera-like Traffic Generator,300.02540403866266,0.23467495986361694,1058
Node_3,Smart Plug,300.3261661034017,1.1013047192884635,71
Node_5,Camera-like Traffic Generator,300.41009999920493,0.3846959605422643,1451
Node_5,Camera-like Traffic Generator,300.71563672799005,0.30553672878514,1171
Node_2,Smart Light,301.05719447274384,1.9366087447777627,98
Node_5,Camera-like Traffic Generator,301.1910573044535,0.4754205764634665,1119
Node_3,Smart Plug,301.2880168788651,0.961850775463411,60
Node_5,Camera-like Traffic Generator,301.4186545476179,0.2275972431643698,1005
Node_5,Camera-like Traffic Generator,301.74257419275034,0.3239196451324426,1376
Node_4,Motion Sensor,302.1227847416123,3.752666872132295,99
Node_1,Temperature Sensor,302.12610111332066,2.4192249153358727,83
Node_5,Camera-like Traffic Generator,302.18489470228803,0.4423205095377136,1268
Node_3,Smart Plug,302.349567592434,1.0615507135689235,76
Node_5,Camera-like Traffic Generator,302.3986286182524,0.21373391596437707,1400
Node_5,Camera-like Traffic Generator,302.8606053611157,0.46197674286326806,1124
Node_2,Smart Light,302.9832341706403,1.9260396978964431,95
Node_5,Camera-like Traffic Generator,303.0776704579335,0.21706509681778774,1028
Node_5,Camera-like Traffic Generator,303.40923722275147,0.3315667648179683,1141
Node_3,Smart Plug,303.54195564348174,1.1923880510477307,75
Node_5,Camera-like Traffic Generator,303.70347498771275,0.29423776496127424,1301
Node_2,Smart Light,303.9925013391204,1.0092671684800998,82
Node_5,Camera-like Traffic Generator,304.17060239783603,0.46712741012329834,1499
Node_5,Camera-like Traffic Generator,304.4095172711517,0.23891487331567074,1198
Node_3,Smart Plug,304.45624429021296,0.9142886467312021,89
Node_1,Temperature Sensor,304.6488838288526,2.522782715531959,97
Node_5,Camera-like Traffic Generator,304.80679211726374,0.3972748461120792,1328
Node_5,Camera-like Traffic Generator,305.0297054784187,0.22291336115494112,1469
Node_2,Smart Light,305.0998020298939,1.1073006907735379,99
Node_5,Camera-like Traffic Generator,305.29146376677596,0.2617582883572487,1352
Node_3,Smart Plug,305.5290505791102,1.0728062888972372,75
Node_5,Camera-like Traffic Generator,305.7354912175095,0.44402745073353866,1448
Node_5,Camera-like Traffic Generator,306.19311926472307,0.45762804721360045,1221
Node_2,Smart Light,306.38436368224393,1.2845616523500463,99
Node_5,Camera-like Traffic Generator,306.4839349391057,0.29081567438265754,1183
Node_3,Smart Plug,306.5131367719226,0.9840861928123743,76
Node_5,Camera-like Traffic Generator,306.8493566916465,0.3654217525408046,1434
Node_1,Temperature Sensor,306.8531430282761,2.2042591994235363,88
Node_5,Camera-like Traffic Generator,307.12261842915746,0.2732617375109587,1446
Node_5,Camera-like Traffic Generator,307.41827611388095,0.29565768472352255,1270
Node_3,Smart Plug,307.4808300423796,0.9676932704569924,90
Node_5,Camera-like Traffic Generator,307.6495895653812,0.23131345150023147,1173
Node_4,Motion Sensor,307.6501007597811,5.527316018168783,93
Node_2,Smart Light,307.9276641658009,1.5433004835569748,79
Node_5,Camera-like Traffic Generator,307.972839722109,0.32325015672780943,1475
Node_5,Camera-like Traffic Generator,308.3187020308789,0.34586230876993507,1039
Node_5,Camera-like Traffic Generator,308.7923167946539,0.4736147637750167,1420
Node_3,Smart Plug,308.91779812478705,1.4369680824074993,92
Node_1,Temperature Sensor,309.091828980892,2.238685952615846,75
Node_5,Camera-like Traffic Generator,309.1486152790774,0.35629848442346435,1152
Node_5,Camera-like Traffic Generator,309.5145049785605,0.3658896994831479,1061
Node_2,Smart Light,309.86622466754176,1.9385605017408722,94
Node_5,Camera-like Traffic Generator,309.9319782056808,0.4174732271202945,1393
Node_5,Camera-like Traffic Generator,310.1427385084731,0.2107603027922877,1117
Node_3,Smart Plug,310.197046328052,1.2792482032649635,71
Node_5,Camera-like Traffic Generator,310.4748217314507,0.3320832229776116,1382
Node_5,Camera-like Traffic Generator,310.960735221465,0.4859134900143116,1010
Node_2,Smart Light,311.33424543654803,1.46802076900629,67
Node_5,Camera-like Traffic Generator,311.4116327832992,0.4508975618342076,1135
Node_4,Motion Sensor,311.4940346262257,3.8439338664446336,81
Node_3,Smart Plug,311.5170951525438,1.3200488244918063,92
Node_1,Temperature Sensor,311.76351920385196,2.6716902229599713,71
Node_5,Camera-like Traffic Generator,311.78810483038416,0.3764720470849648,1150
Node_5,Camera-like Traffic Generator,312.27763377268116,0.48952894229701155,1029
Node_2,Smart Light,312.44689219756816,1.1126467610201545,66
Node_3,Smart Plug,312.60612786610307,1.0890327135592732,94
Node_5,Camera-like Traffic Generator,312.7340060440321,0.4563722713509524,1191
Node_5,Camera-like Traffic Generator,312.9396605873636,0.2056545433315027,1191
Node_5,Camera-like Traffic Generator,313.27286650792075,0.33320592055711645,1112
Node_3,Smart Plug,313.5338128914049,0.92768502530185,71
Node_5,Camera-like Traffic Generator,313.5866646013837,0.3137980934629443,1329
Node_2,Smart Light,313.9058066686005,1.4589144710323612,70
Node_5,Camera-like Traffic Generator,313.9464121826844,0.35974758130071977,1330
Node_1,Temperature Sensor,314.0796964001238,2.316177196271854,90
Node_5,Camera-like Traffic Generator,314.1558040125213,0.20939182983685098,1381
Node_5,Camera-like Traffic Generator,314.6369711792595,0.48116716673819443,1455
Node_4,Motion Sensor,314.7038402854447,3.20980565921899,87
Node_3,Smart Plug,314.7796377880888,1.2458248966838428,84
Node_5,Camera-like Traffic Generator,315.06331460140376,0.4263434221442849,1168
Node_2,Smart Light,315.0920057377286,1.1861990691280677,89
Node_5,Camera-like Traffic Generator,315.5117618711432,0.4484472697394704,1131
Node_3,Smart Plug,315.7701316794049,0.9904938913161369,84
Node_5,Camera-like Traffic Generator,315.9377573810455,0.4259955099022954,1108
Node_5,Camera-like Traffic Generator,316.14596092255,0.2082035415044674,1362
Node_1,Temperature Sensor,316.15223951461695,2.072543114493157,78
Node_5,Camera-like Traffic Generator,316.53242007890094,0.3864591563509613,1432
Node_3,Smart Plug,316.70158428918575,0.9314526097808079,60
Node_2,Smart Light,316.8827734021538,1.7907676644252557,82
Node_5,Camera-like Traffic Generator,316.9672038827124,0.4347838038114297,1464
Node_5,Camera-like Traffic Generator,317.39292409842886,0.425720215716478,1403
Node_3,Smart Plug,317.5363267397419,0.8347424505561691,81
Node_5,Camera-like Traffic Generator,317.75891234713794,0.3659882487090913,1476
Node_5,Camera-like Traffic Generator,318.2386541559353,0.47974180879735095,1143
Node_3,Smart Plug,318.466483058441,0.930156318699068,64
Node_2,Smart Light,318.6400561524114,1.7572827502575612,67
Node_5,Camera-like Traffic Generator,318.7359215033709,0.4972673474355997,1267
Node_5,Camera-like Traffic Generator,319.0630720096869,0.3271505063159821,1359
Node_1,Temperature Sensor,319.1506939554714,2.9984544408544425,99
Node_3,Smart Plug,319.4549196514634,0.9884365930224019,88
Node_5,Camera-like Traffic Generator,319.4937757149059,0.4307037052189846,1130
Node_5,Camera-like Traffic Generator,319.98186721735175,0.48809150244584165,1233
Node_4,Motion Sensor,320.19533460889915,5.491494323454431,99
Node_5,Camera-like Traffic Generator,320.47965114033246,0.4977839229807134,1119
Node_2,Smart Light,320.49620265668483,1.8561465042734577,95
Node_3,Smart Plug,320.76389460077667,1.3089749493132745,69
Node_5,Camera-like Traffic Generator,320.9519649184688,0.47231377813633546,1140
Node_1,Temperature Sensor,321.22395467657105,2.0732607210996328,68
Node_5,Camera-like Traffic Generator,321.35674453808275,0.40477961961396164,1137
Node_3,Smart Plug,321.6693731863649,0.905478585588242,79
Node_5,Camera-like Traffic Generator,321.8563863653902,0.49964182730749085,1385
Node_5,Camera-like Traffic Generator,322.14513384069585,0.28874747530564443,1285
Node_2,Smart Light,322.32319248196114,1.8269898252763097,80
Node_5,Camera-like Traffic Generator,322.35671570329947,0.2115818626036061,1137
Node_5,Camera-like Traffic Generator,322.6373399081569,0.2806242048574163,1125
Node_3,Smart Plug,322.70871218407297,1.0393389977080383,72
Node_5,Camera-like Traffic Generator,323.0332492409618,0.3959093328049619,1385
Node_5,Camera-like Traffic Generator,323.2369509757825,0.20370173482069318,1153
Node_2,Smart Light,323.4099302518095,1.086737769848356,86
Node_1,Temperature Sensor,323.48915509132144,2.2652004147504012,97
Node_5,Camera-like Traffic Generator,323.6351839185745,0.3982329427920045,1417
Node_3,Smart Plug,324.0683358304282,1.3596236463552491,99
Node_5,Camera-like Traffic Generator,324.08946171899765,0.45427780042317,1221
Node_5,Camera-like Traffic Generator,324.29464172496506,0.20518000596741426,1004
Node_5,Camera-like Traffic Generator,324.5057428537948,0.21110112882975973,1179
Node_2,Smart Light,324.5947114528568,1.18478120104734,65
Node_5,Camera-like Traffic Generator,324.89706578360403,0.39132292980922456,1278
Node_3,Smart Plug,325.19291495747063,1.1245791270424004,91
Node_5,Camera-like Traffic Generator,325.21964905008264,0.32258326647859403,1289
Node_5,Camera-like Traffic Generator,325.4435131180464,0.22386406796376182,1448
Node_5,Camera-like Traffic Generator,325.8089474792524,0.3654343612060543,1476
Node_4,Motion Sensor,325.83017249183433,5.634837882935161,80
Node_2,Smart Light,325.9183131229419,1.3236016700850828,69
Node_5,Camera-like Traffic Generator,326.14107933409906,0.33213185484663527,1129
Node_3,Smart Plug,326.2240890103957,1.0311740529250812,93
Node_1,Temperature Sensor,326.3700192650079,2.8808641736864393,95
Node_5,Camera-like Traffic Generator,326.5771000465257,0.43602071242662743,1129
Node_5,Camera-like Traffic Generator,326.92557872467887,0.3484786781532075,1113
Node_5,Camera-like Traffic Generator,327.1779273201198,0.25234859544091326,1435
Node_2,Smart Light,327.1790984000074,1.2607852770654437,69
Node_5,Camera-like Traffic Generator,327.57472076543036,0.39679344531054717,1116
Node_3,Smart Plug,327.6902398396085,1.4661508292128256,62
Node_5,Camera-like Traffic Generator,327.97110101418224,0.39638024875186784,1092
Node_5,Camera-like Traffic Generator,328.3231167699412,0.35201575575896416,1220
Node_5,Camera-like Traffic Generator,328.618317100799,0.29520033085783326,1276
Node_1,Temperature Sensor,328.7395463537468,2.369527088738884,66
Node_5,Camera-like Traffic Generator,328.8867028271484,0.2683857263493825,1475
Node_2,Smart Light,328.9328550517888,1.753756651781457,98
Node_3,Smart Plug,329.0331968771073,1.3429570374987665,62
Node_5,Camera-like Traffic Generator,329.38429416826926,0.49759134112087205,1487
Node_5,Camera-like Traffic Generator,329.58912962043485,0.2048354521655764,1422
Node_5,Camera-like Traffic Generator,330.043951818036,0.45482219760120296,1270
Node_3,Smart Plug,330.1622996207264,1.129102743619104,67
Node_2,Smart Light,330.2348008914804,1.3019458396916148,88
Node_5,Camera-like Traffic Generator,330.2573717380944,0.21341992005835214,1117
Node_5,Camera-like Traffic Generator,330.4901207816726,0.2327490435782354,1253
Node_5,Camera-like Traffic Generator,330.7240755506977,0.23395476902507734,1038
Node_5,Camera-like Traffic Generator,330.9852881253714,0.26121257467371756,1285
Node_4,Motion Sensor,331.2363421518878,5.406169660053489,97
Node_2,Smart Light,331.24623662567456,1.011435734194168,86
Node_5,Camera-like Traffic Generator,331.43402948125856,0.4487413558871141,1340
Node_3,Smart Plug,331.5513771222846,1.3890775015581818,92
Node_1,Temperature Sensor,331.5732913083866,2.833744954639807,88
Node_5,Camera-like Traffic Generator,331.6554474335321,0.22141795227353356,1213
Node_5,Camera-like Traffic Generator,331.94037275385136,0.284925320319264,1012
Node_5,Camera-like Traffic Generator,332.3224627757928,0.3820900219414334,1180
Node_5,Camera-like Traffic Generator,332.8149924245024,0.49252964870960464,1448
Node_3,Smart Plug,332.9311535554606,1.379776433176032,64
Node_2,Smart Light,332.9390052160973,1.6927685904227388,62
Node_5,Camera-like Traffic Generator,333.12740710672085,0.31241468221847346,1471
Node_5,Camera-like Traffic Generator,333.41562601761296,0.2882189108921208,1015
Node_5,Camera-like Traffic Generator,333.72611659165534,0.3104905740423737,1145
Node_5,Camera-like Traffic Generator,333.9711355676401,0.24501897598476557,1295
Node_2,Smart Light,334.0572300639013,1.1182248478039725,72
Node_1,Temperature Sensor,334.1849690741126,2.61167776572595,99
Node_5,Camera-like Traffic Generator,334.2030051987719,0.23186963113182368,1105
Node_3,Smart Plug,334.26885552505644,1.337701969595833,69
Node_5,Camera-like Traffic Generator,334.4969369285151,0.293931729743174,1357
Node_5,Camera-like Traffic Generator,334.9195499536175,0.4226130251024267,1391
Node_5,Camera-like Traffic Generator,335.33340202540353,0.41385207178604466,1469
Node_2,Smart Light,335.46264667686967,1.4054166129683971,80
Node_3,Smart Plug,335.60871325817556,1.3398577331191341,77
Node_5,Camera-like Traffic Generator,335.64705393321424,0.3136519078107031,1291
Node_5,Camera-like Traffic Generator,336.04417173286794,0.3971177996536935,1075
Node_4,Motion Sensor,336.14185179353575,4.905509641647947,88
Node_5,Camera-like Traffic Generator,336.47295528372155,0.42878355085362685,1324
Node_1,Temperature Sensor,336.8389453918233,2.6539763177107325,60
Node_3,Smart Plug,336.92504656696303,1.316333308787456,61
Node_5,Camera-like Traffic Generator,336.9595090884707,0.48655380474920146,1479
Node_2,Smart Light,337.3577650466859,1.8951183698162541,88
Node_5,Camera-like Traffic Generator,337.4572049149667,0.4976958264959924,1282
Node_5,Camera-like Traffic Generator,337.9565488054573,0.4993438904906196,1315
Node_3,Smart Plug,338.04763081168164,1.1225842447185959,90
Node_5,Camera-like Traffic Generator,338.37673418086035,0.42018537540304685,1269
Node_5,Camera-like Traffic Generator,338.6131068927742,0.23637271191387266,1439
Node_2,Smart Light,338.6687429950706,1.3109779483846604,64
Node_5,Camera-like Traffic Generator,339.05256855699963,0.43946166422538047,1303
Node_3,Smart Plug,339.2124281957217,1.1647973840400987,99
Node_5,Camera-like Traffic Generator,339.45032788471923,0.3977593277196171,1260
Node_1,Temperature Sensor,339.6560495269388,2.8171041351154615,71
Node_5,Camera-like Traffic Generator,339.74540969150377,0.29508180678453155,1097
Node_4,Motion Sensor,339.9608912108755,3.819039417339748,72
Node_5,Camera-like Traffic Generator,340.1179828123058,0.3725731208020418,1455
Node_3,Smart Plug,340.3434060772158,1.1309778814940605,87
Node_5,Camera-like Traffic Generator,340.41658816325406,0.29860535094828905,1399
Node_2,Smart Light,340.58487338092124,1.9161303858506353,71
Node_5,Camera-like Traffic Generator,340.9098305910248,0.4932424277707151,1115
Node_5,Camera-like Traffic Generator,341.20427550387905,0.29444491285425783,1486
Node_3,Smart Plug,341.36188263312465,1.018476555908849,72
Node_5,Camera-like Traffic Generator,341.61219744376103,0.4079219398819949,1222
Node_5,Camera-like Traffic Generator,342.0994800064942,0.4872825627332034,1204
Node_2,Smart Light,342.1994988290651,1.614625448143849,68
Node_1,Temperature Sensor,342.31943824190483,2.6633887149660773,97
Node_5,Camera-like Traffic Generator,342.32338702796903,0.22390702147480385,1280
Node_5,Camera-like Traffic Generator,342.54632015848955,0.22293313052051256,1181
Node_3,Smart Plug,342.6022976110161,1.2404149778914895,61
Node_5,Camera-like Traffic Generator,342.89156651433285,0.3452463558432875,1115
Node_5,Camera-like Traffic Generator,343.3274577568493,0.43589124251645106,1114
Node_2,Smart Light,343.33306761126187,1.1335687821968041,66
Node_4,Motion Sensor,343.59276289163734,3.6318716807618587,73
Node_5,Camera-like Traffic Generator,343.7758040881777,0.44834633132841567,1493
Node_3,Smart Plug,344.05849225755867,1.4561946465425637,80
Node_5,Camera-like Traffic Generator,344.25351917259104,0.47771508441332555,1122
Node_1,Temperature Sensor,344.4537293562982,2.134291114393368,64
Node_5,Camera-like Traffic Generator,344.72629889377873,0.4727797211876901,1337
Node_3,Smart Plug,345.03581117579324,0.9773189182345623,85
Node_2,Smart Light,345.0808024484127,1.7477348371508565,84
Node_5,Camera-like Traffic Generator,345.12606968964144,0.39977079586268993,1302
Node_5,Camera-like Traffic Generator,345.5648264743343,0.4387567846928951,1170
Node_5,Camera-like Traffic Generator,345.800215681075,0.23538920674064598,1204
Node_3,Smart Plug,345.97491771805494,0.9391065422616799,95
Node_5,Camera-like Traffic Generator,346.1517234624835,0.3515077814085359,1074
Node_2,Smart Light,346.49664806384396,1.4158456154312247,81
Node_5,Camera-like Traffic Generator,346.49998353279096,0.3482600703074703,1440
Node_1,Temperature Sensor,346.5607653340076,2.1070359777094176,82
Node_5,Camera-like Traffic Generator,346.7594147978617,0.2594312650707494,1089
Node_5,Camera-like Traffic Generator,347.09563554140357,0.3362207435418194,1083
Node_3,Smart Plug,347.37947808407966,1.4045603660247203,68
Node_5,Camera-like Traffic Generator,347.4212232221831,0.3255876807794931,1382
Node_5,Camera-like Traffic Generator,347.83463778452045,0.4134145623373803,1234
Node_2,Smart Light,347.96747614072325,1.4708280768793114,81
Node_5,Camera-like Traffic Generator,348.06493639557965,0.23029861105918426,1434
Node_3,Smart Plug,348.258528005601,0.8790499215213663,85
Node_5,Camera-like Traffic Generator,348.5150939636576,0.45015756807793644,1011
Node_5,Camera-like Traffic Generator,348.7651746549131,0.2500806912554804,1036
Node_1,Temperature Sensor,348.8331135463224,2.2723482123148164,84
Node_5,Camera-like Traffic Generator,349.11964378256863,0.3544691276555061,1264
Node_3,Smart Plug,349.28568744694206,1.0271594413410678,66
Node_4,Motion Sensor,349.3348176154033,5.742054723765963,96
Node_5,Camera-like Traffic Generator,349.4360780219508,0.3164342393821338,1211
Node_4,Motion Sensor,349.485723576023,0.15090596061967615,76
Node_2,Smart Light,349.6315705800629,1.6640944393396637,68
Node_4,Motion Sensor,349.67001380260524,0.18429022658224026,88
Node_5,Camera-like Traffic Generator,349.6743139181857,0.23823589623492397,1348
Node_5,Camera-like Traffic Generator,349.94674439036294,0.2724304721772302,1146
Node_5,Camera-like Traffic Generator,350.247786878351,0.30104248798808375,1412
Node_3,Smart Plug,350.278957477629,0.9932700306869134,64
Node_5,Camera-like Traffic Generator,350.5487790228272,0.3009921444762006,1304
Node_5,Camera-like Traffic Generator,350.78111056026944,0.23233153744220905,1361
Node_2,Smart Light,350.8790360093715,1.2474654293085776,90
Node_5,Camera-like Traffic Generator,351.0032363231316,0.22212576286214983,1460
Node_5,Camera-like Traffic Generator,351.4882120398616,0.48497571672997325,1455
Node_1,Temperature Sensor,351.5507257334612,2.7176121871387977,68
Node_3,Smart Plug,351.6313581237654,1.352400646136422,60
Node_5,Camera-like Traffic Generator,351.87746163910174,0.3892495992401698,1370
Node_5,Camera-like Traffic Generator,352.20816868241263,0.3307070433109055,1378
Node_3,Smart Plug,352.4607534820801,0.8293953583147669,91
Node_5,Camera-like Traffic Generator,352.6182027901304,0.410034107717735,1366
Node_2,Smart Light,352.7521710678592,1.8731350584877333,63
Node_5,Camera-like Traffic Generator,353.0353150298025,0.4171122396721446,1294
Node_5,Camera-like Traffic Generator,353.4813468496899,0.4460318198873582,1254
Node_3,Smart Plug,353.59344295721326,1.132689475133155,83
Node_5,Camera-like Traffic Generator,353.72702376927447,0.24567691958457047,1003
Node_5,Camera-like Traffic Generator,354.1049382524563,0.3779144831818504,1336
Node_1,Temperature Sensor,354.1849636923463,2.6342379588850795,70
Node_2,Smart Light,354.1989190453557,1.4467479774964833,88
Node_5,Camera-like Traffic Generator,354.44099639906574,0.3360581466094581,1160
Node_3,Smart Plug,354.6534220215255,1.0599790643122637,63
Node_5,Camera-like Traffic Generator,354.6940130777015,0.2530166786357772,1361
Node_4,Motion Sensor,354.9574095270983,5.287395724493066,91
Node_5,Camera-like Traffic Generator,354.9778029536815,0.28378987597994826,1386
Node_5,Camera-like Traffic Generator,355.2474820171596,0.2696790634781462,1246
Node_2,Smart Light,355.27702176750313,1.0781027221474402,82
Node_5,Camera-like Traffic Generator,355.4619684013222,0.21448638416260035,1258
Node_3,Smart Plug,355.5638109408637,0.9103889193381626,63
Node_5,Camera-like Traffic Generator,355.8195264943481,0.3575580930258964,1254
Node_5,Camera-like Traffic Generator,356.2979395652951,0.47841307094698293,1142
Node_2,Smart Light,356.3387798150598,1.0617580475566837,81
Node_5,Camera-like Traffic Generator,356.61315988921217,0.31522032391707216,1378
Node_1,Temperature Sensor,356.67349554449567,2.4885318521493764,96
Node_3,Smart Plug,356.79686234177024,1.2330514009065587,97
Node_5,Camera-like Traffic Generator,357.0992139896285,0.486054100416295,1020
Node_5,Camera-like Traffic Generator,357.58272978733584,0.483515797707347,1441
Node_2,Smart Light,357.8442668711524,1.505487056092596,82
Node_5,Camera-like Traffic Generator,358.00202525226285,0.41929546492698944,1215
Node_5,Camera-like Traffic Generator,358.2855021203301,0.28347686806724476,1439
Node_3,Smart Plug,358.2947435138587,1.4978811720884748,85
Node_5,Camera-like Traffic Generator,358.57981233790315,0.2943102175730464,1173
Node_5,Camera-like Traffic Generator,358.8294900990672,0.24967776116404924,1143
Node_2,Smart Light,358.9941192525348,1.1498523813824142,73
Node_3,Smart Plug,359.13658610598526,0.8418425921265957,85
Node_5,Camera-like Traffic Generator,359.17548081671424,0.3459907176470386,1111
Node_5,Camera-like Traffic Generator,359.42627704824145,0.25079623152720665,1469
Node_1,Temperature Sensor,359.5195992577905,2.8461037132948555,63
Node_5,Camera-like Traffic Generator,359.7041057527822,0.27782870454074193,1303
Node_4,Motion Sensor,359.90470135544604,4.947291828347739,61
Node_5,Camera-like Traffic Generator,359.93594158878557,0.23183583600338364,1115
Node_5,Camera-like Traffic Generator,360.21953020118036,0.2835886123947869,1047
Node_3,Smart Plug,360.42751580400136,1.290929698016102,91
Node_2,Smart Light,360.5144607937196,1.520341541184787,64
Node_5,Camera-like Traffic Generator,360.58517923415786,0.36564903297749907,1254
Node_5,Camera-like Traffic Generator,360.8358349598173,0.25065572565946753,1299
Node_5,Camera-like Traffic Generator,361.04775847179894,0.2119235119816438,1445
Node_3,Smart Plug,361.31559502436704,0.8880792203656586,69
Node_5,Camera-like Traffic Generator,361.40913324816006,0.3613747763611197,1097
Node_2,Smart Light,361.71986227925896,1.2054014855393616,83
Node_5,Camera-like Traffic Generator,361.75564301659955,0.34650976843946685,1411
Node_1,Temperature Sensor,361.9431750303542,2.4235757725637264,71
Node_5,Camera-like Traffic Generator,362.06650518423316,0.3108621676336399,1140
Node_5,Camera-like Traffic Generator,362.55086911618224,0.48436393194906074,1213
Node_3,Smart Plug,362.80276802204173,1.4871729976746835,91
Node_2,Smart Light,362.81080392371064,1.090941644451688,80
Node_5,Camera-like Traffic Generator,362.88431651931717,0.3334474031349135,1063
Node_5,Camera-like Traffic Generator,363.2204713325508,0.3361548132336324,1458
Node_5,Camera-like Traffic Generator,363.63534660530087,0.4148752727500845,1459
Node_5,Camera-like Traffic Generator,363.87132878221064,0.23598217690975604,1444
Node_1,Temperature Sensor,363.946720719442,2.0035456890877823,90
Node_3,Smart Plug,364.1324562882827,1.3296882662409724,92
Node_5,Camera-like Traffic Generator,364.21930544725234,0.3479766650417221,1043
Node_5,Camera-like Traffic Generator,364.460350858168,0.24104541091563683,1139
Node_2,Smart Light,364.61949600688786,1.8086920831772373,78
Node_5,Camera-like Traffic Generator,364.8609655305825,0.40061467241450244,1484
Node_3,Smart Plug,365.2395595169503,1.1071032286676181,67
Node_5,Camera-like Traffic Generator,365.30205785501613,0.44109232443362567,1372
Node_4,Motion Sensor,365.4009529493351,5.49625159388907,86
Node_5,Camera-like Traffic Generator,365.56879038768284,0.26673253266668673,1037
Node_5,Camera-like Traffic Generator,365.81580854501686,0.24701815733401516,1167
Node_2,Smart Light,366.1327438500895,1.5132478432016416,78
Node_5,Camera-like Traffic Generator,366.15184776249777,0.3360392174809216,1367
Node_3,Smart Plug,366.52203450314914,1.2824749861988296,74
Node_5,Camera-like Traffic Generator,366.55347220538147,0.40162444288368276,1037
Node_1,Temperature Sensor,366.5838340967434,2.6371133773013797,70
Node_5,Camera-like Traffic Generator,366.95985347786467,0.4063812724831922,1446
Node_5,Camera-like Traffic Generator,367.1713605310165,0.21150705315182572,1050
Node_2,Smart Light,367.19048063102207,1.0577367809325247,78
Node_3,Smart Plug,367.4163470247818,0.8943125216326666,95
Node_5,Camera-like Traffic Generator,367.5828916369391,0.4115311059226038,1260
Node_5,Camera-like Traffic Generator,367.84001124003976,0.2571196031006374,1279
Node_5,Camera-like Traffic Generator,368.29130175185105,0.4512905118113164,1313
Node_3,Smart Plug,368.5560585179956,1.1397114932137593,77
Node_5,Camera-like Traffic Generator,368.77605651532275,0.4847547634717013,1313
Node_2,Smart Light,368.99739598357644,1.8069153525543924,88
Node_5,Camera-like Traffic Generator,369.0498306343502,0.2737741190274239,1293
Node_1,Temperature Sensor,369.3250650050913,2.741230908347931,82
Node_4,Motion Sensor,369.45993714638627,4.058984197051205,93
Node_5,Camera-like Traffic Generator,369.5114650809037,0.4616344465535038,1110
Node_3,Smart Plug,369.56235873550423,1.006300217508628,87
Node_5,Camera-like Traffic Generator,369.7701685718433,0.2587034909396307,1235
Node_5,Camera-like Traffic Generator,370.1155207234172,0.3453521515739013,1093
Node_2,Smart Light,370.3933446935297,1.3959487099532575,92
Node_5,Camera-like Traffic Generator,370.46453864439394,0.34901792097672746,1065
Node_3,Smart Plug,370.495201820858,0.932843085353756,67
Node_5,Camera-like Traffic Generator,370.8549704617375,0.39043181734352694,1044
Node_5,Camera-like Traffic Generator,371.20986233009893,0.3548918683614361,1361
Node_5,Camera-like Traffic Generator,371.47411905258616,0.2642567224872061,1217
Node_3,Smart Plug,371.53856709617077,1.0433652753127858,89
Node_1,Temperature Sensor,371.75275192407196,2.4276869189806796,60
Node_5,Camera-like Traffic Generator,371.8213263981562,0.3472073455700364,1305
Node_2,Smart Light,372.1391491763615,1.7458044828318156,83
Node_5,Camera-like Traffic Generator,372.23432355121065,0.41299715305443485,1019
Node_3,Smart Plug,372.53129422017156,0.9927271240008122,93
Node_5,Camera-like Traffic Generator,372.64071804910384,0.4063944978931706,1306
Node_5,Camera-like Traffic Generator,373.03002596433817,0.38930791523433983,1117
Node_2,Smart Light,373.18443897908935,1.0452898027278288,73
Node_5,Camera-like Traffic Generator,373.3346370969694,0.30461113263122674,1265
Node_4,Motion Sensor,373.5338343677746,4.073897221388318,90
Node_4,Motion Sensor,373.63940646396173,0.1055720961871533,67
Node_4,Motion Sensor,373.69081095937406,0.05140449541232074,89
Node_5,Camera-like Traffic Generator,373.82093766341933,0.48630056644990516,1438
Node_1,Temperature Sensor,373.82799578414574,2.0752438600737673,95
Node_4,Motion Sensor,373.85457410914347,0.163763149769382,87
Node_3,Smart Plug,373.97142602155617,1.4401318013846323,82
Node_2,Smart Light,374.2481988912014,1.0637599121120833,99
Node_5,Camera-like Traffic Generator,374.2731452188145,0.45220755539512636,1437
Node_5,Camera-like Traffic Generator,374.67353795937345,0.4003927405589669,1245
Node_3,Smart Plug,374.819639629909,0.8482136083528117,66
Node_5,Camera-like Traffic Generator,375.0625462088475,0.3890082494740413,1298
Node_5,Camera-like Traffic Generator,375.4255702032954,0.3630239944479444,1147
Node_5,Camera-like Traffic Generator,375.6912493618169,0.2656791585215198,1481
Node_3,Smart Plug,375.8266104927565,1.0069708628475142,70
Node_5,Camera-like Traffic Generator,376.160294881098,0.4690455192810917,1381
Node_2,Smart Light,376.18278169008636,1.9345827988849464,62
Node_5,Camera-like Traffic Generator,376.48617308916016,0.3258782080621171,1223
Node_1,Temperature Sensor,376.73192435570564,2.9039285715598933,81
Node_5,Camera-like Traffic Generator,376.7603919665556,0.2742188773954321,1212
Node_3,Smart Plug,376.8835893876597,1.0569788949031778,60
Node_5,Camera-like Traffic Generator,377.0132502986488,0.25285833209321484,1478
Node_5,Camera-like Traffic Generator,377.41143415655216,0.3981838579033381,1173
Node_5,Camera-like Traffic Generator,377.73086094949747,0.3194267929453078,1064
Node_2,Smart Light,378.11655725267127,1.9337755625849307,61
Node_3,Smart Plug,378.1302076313702,1.2466182437104762,75
Node_5,Camera-like Traffic Generator,378.1955123839572,0.4646514344596983,1420
Node_5,Camera-like Traffic Generator,378.65471515221407,0.459202768256905,1300
Node_4,Motion Sensor,378.98216744072977,5.1275933315862945,92
Node_3,Smart Plug,379.0600816344382,0.929874003068005,60
Node_5,Camera-like Traffic Generator,379.0608817315683,0.4061665793542416,1014
Node_5,Camera-like Traffic Generator,379.34125889122527,0.28037715965692867,1107
Node_2,Smart Light,379.52542418849055,1.4088669358192483,90
Node_1,Temperature Sensor,379.56651937559167,2.8345950198860166,83
Node_5,Camera-like Traffic Generator,379.7965553959824,0.45529650475716865,1204
Node_5,Camera-like Traffic Generator,380.1652325891438,0.36867719316139513,1161
Node_3,Smart Plug,380.45986213627214,1.3997805018339502,91
Node_5,Camera-like Traffic Generator,380.5677293032536,0.40249671410981946,1205
Node_5,Camera-like Traffic Generator,381.0104384663277,0.4427091630740871,1212
Node_5,Camera-like Traffic Generator,381.28864828130617,0.2782098149784701,1027
Node_2,Smart Light,381.29125187141426,1.7658276829237116,99
Node_3,Smart Plug,381.42701272702334,0.9671505907512148,88
Node_5,Camera-like Traffic Generator,381.6342998990899,0.34565161778372566,1109
Node_1,Temperature Sensor,381.71461316115915,2.1480937855674824,65
Node_5,Camera-like Traffic Generator,382.02517975696946,0.3908798578795595,1022
Node_5,Camera-like Traffic Generator,382.35947066094707,0.3342909039776285,1110
Node_3,Smart Plug,382.6878153191892,1.260802592165874,81
Node_5,Camera-like Traffic Generator,382.8221572536598,0.4626865927127044,1268
Node_2,Smart Light,382.93713268951143,1.6458808180971634,76
Node_5,Camera-like Traffic Generator,383.25602285439163,0.4338656007318642,1055
Node_5,Camera-like Traffic Generator,383.7464995765426,0.4904767221509754,1305
Node_3,Smart Plug,383.7590589073157,1.071243588126515,80
Node_4,Motion Sensor,383.8578771153082,4.875709674578425,68
Node_5,Camera-like Traffic Generator,383.9852641768604,0.2387646003178385,1269
Node_1,Temperature Sensor,384.0228715110893,2.3082583499301337,95
Node_5,Camera-like Traffic Generator,384.47034774582585,0.48508356896540983,1010
Node_5,Camera-like Traffic Generator,384.78410418437227,0.3137564385464475,1390
Node_3,Smart Plug,384.9073433190144,1.148284411698683,82
Node_2,Smart Light,384.9299892880923,1.9928565985808788,75
Node_5,Camera-like Traffic Generator,385.08409060847316,0.29998642410090987,1176
Node_5,Camera-like Traffic Generator,385.5138944907581,0.429803882284971,1031
Node_5,Camera-like Traffic Generator,385.7286590534215,0.21476456266339644,1105
Node_5,Camera-like Traffic Generator,386.0893008522421,0.36064179882058456,1492
Node_3,Smart Plug,386.1364707886598,1.2291274696453687,72
Node_5,Camera-like Traffic Generator,386.54074556795587,0.4514447157137814,1197
Node_2,Smart Light,386.799609573403,1.8696202853107085,96
Node_1,Temperature Sensor,386.81899381597736,2.7961223048880415,94
Node_5,Camera-like Traffic Generator,386.95609171931375,0.41534615135789166,1145
Node_5,Camera-like Traffic Generator,387.204512972378,0.24842125306424598,1186
Node_3,Smart Plug,387.3851035395093,1.2486327508495512,64
Node_5,Camera-like Traffic Generator,387.5285315563067,0.3240185839286784,1276
Node_5,Camera-like Traffic Generator,387.80314268056895,0.27461112426224454,1006
Node_2,Smart Light,388.17525510720503,1.3756455338019875,87
Node_5,Camera-like Traffic Generator,388.2567872692034,0.4536445886344352,1377
Node_3,Smart Plug,388.5513439169446,1.166240377435265,62
Node_5,Camera-like Traffic Generator,388.6147538839472,0.357966614743741,1250
Node_5,Camera-like Traffic Generator,389.0521569224301,0.4374030384828894,1021
Node_5,Camera-like Traffic Generator,389.33708383901774,0.28492691658765024,1012
Node_1,Temperature Sensor,389.71791845250385,2.8989246365264747,68
Node_5,Camera-like Traffic Generator,389.7265504900381,0.38946665102037403,1344
Node_4,Motion Sensor,389.79823447615865,5.940357360850468,61
Node_2,Smart Light,389.83704764533053,1.6617925381254681,81
Node_3,Smart Plug,389.9359792674734,1.384635350528804,65
Node_5,Camera-like Traffic Generator,389.93668389418673,0.21013340414864923,1374
Node_5,Camera-like Traffic Generator,390.38058264678085,0.44389875259411393,1188
Node_5,Camera-like Traffic Generator,390.7008079275974,0.3202252808165398,1409
Node_5,Camera-like Traffic Generator,391.1637944205665,0.4629864929690927,1430
Node_3,Smart Plug,391.3474242117798,1.4114449443064006,68
Node_5,Camera-like Traffic Generator,391.3867525451606,0.22295812459414507,1252
Node_2,Smart Light,391.4905817437492,1.6535340984187021,73
Node_5,Camera-like Traffic Generator,391.7977993178248,0.411046772664158,1366
Node_1,Temperature Sensor,391.96744819172676,2.2495297392229245,64
Node_5,Camera-like Traffic Generator,392.00384557130053,0.20604625347571473,1371
Node_5,Camera-like Traffic Generator,392.36635495740387,0.36250938610331385,1459
Node_3,Smart Plug,392.4871834128455,1.1397592010656867,63
Node_5,Camera-like Traffic Generator,392.5950219597298,0.2286670023259671,1294
Node_2,Smart Light,392.6690553727533,1.1784736290041118,81
Node_5,Camera-like Traffic Generator,392.91235912966226,0.3173371699324639,1415
Node_5,Camera-like Traffic Generator,393.37015004751817,0.4577909178559252,1392
Node_3,Smart Plug,393.68689193979384,1.1997085269482892,93
Node_5,Camera-like Traffic Generator,393.6976958598993,0.3275458123811088,1371
Node_5,Camera-like Traffic Generator,393.98834205294327,0.29064619304399875,1229
Node_2,Smart Light,394.1978979122973,1.5288425395440093,89
Node_5,Camera-like Traffic Generator,394.21824581855674,0.22990376561344406,1484
Node_4,Motion Sensor,394.27674810226864,4.478513626109978,84
Node_5,Camera-like Traffic Generator,394.59110617305043,0.37286035449370825,1188
Node_1,Temperature Sensor,394.7475644335982,2.7801162418714425,95
Node_5,Camera-like Traffic Generator,394.91996654407325,0.3288603710228109,1111
Node_3,Smart Plug,394.94743682059334,1.260544880799478,81
Node_5,Camera-like Traffic Generator,395.241865758969,0.3218992148958063,1139
Node_2,Smart Light,395.4205881282636,1.2226902159662665,60
Node_5,Camera-like Traffic Generator,395.5271926546255,0.28532689565643465,1351
Node_5,Camera-like Traffic Generator,395.8791707060896,0.35197805146414196,1191
Node_3,Smart Plug,396.23835663569565,1.2909198151022987,70
Node_5,Camera-like Traffic Generator,396.37711689281923,0.4979461867295985,1363
Node_2,Smart Light,396.4433234555856,1.0227353273219666,71
Node_5,Camera-like Traffic Generator,396.8625541080269,0.48543721520767585,1381
Node_1,Temperature Sensor,397.15394182343033,2.406377389832117,84
Node_5,Camera-like Traffic Generator,397.27692772812344,0.4143736200965292,1226
Node_3,Smart Plug,397.29480444976167,1.0564478140660074,84
Node_4,Motion Sensor,397.2981543027093,3.0214062004406776,85
Node_5,Camera-like Traffic Generator,397.65029157460845,0.3733638464849977,1012
Node_5,Camera-like Traffic Generator,398.08165331222955,0.43136173762108876,1223
Node_2,Smart Light,398.11682331336215,1.6734998577765672,81
Node_3,Smart Plug,398.14441622242674,0.8496117726650855,97
Node_5,Camera-like Traffic Generator,398.4246952073281,0.34304189509858174,1054
Node_5,Camera-like Traffic Generator,398.7178781533226,0.29318294599451605,1071
Node_3,Smart Plug,399.0905328878722,0.946116665445451,79
Node_5,Camera-like Traffic Generator,399.10685230204865,0.38897414872605524,1041
Node_1,Temperature Sensor,399.30849516176255,2.154553338332205,97
Node_5,Camera-like Traffic Generator,399.4751179290065,0.36826562695783904,1103
Node_2,Smart Light,399.64875692185893,1.5319336084967587,92
Node_5,Camera-like Traffic Generator,399.95774591274755,0.48262798374104077,1296
Node_5,Camera-like Traffic Generator,400.18291254604355,0.22516663329600667,1201
Node_3,Smart Plug,400.5133700154866,1.4228371276144265,63
Node_4,Motion Sensor,400.6309938856424,3.3328395829331035,80
Node_5,Camera-like Traffic Generator,400.63433366488454,0.45142111884098046,1261
Node_2,Smart Light,400.8962689603627,1.2475120385037757,73
Node_5,Camera-like Traffic Generator,401.0862286676817,0.4518950027971846,1380
Node_5,Camera-like Traffic Generator,401.30390855517186,0.21767988749014247,1246
Node_5,Camera-like Traffic Generator,401.62746613017,0.32355757499811416,1370
Node_3,Smart Plug,401.8740839797942,1.360713964307619,62
Node_5,Camera-like Traffic Generator,402.0777631568428,0.45029702667283705,1018
Node_2,Smart Light,402.17191868815786,1.2756497277951273,97
Node_1,Temperature Sensor,402.1731008579825,2.864605696219964,99
Node_5,Camera-like Traffic Generator,402.48446243705706,0.4066992802142628,1299
Node_5,Camera-like Traffic Generator,402.9458908118666,0.46142837480955967,1134
Node_3,Smart Plug,403.06469790242323,1.1906139226290153,97
Node_5,Camera-like Traffic Generator,403.2086580651352,0.26276725326859485,1281
Node_5,Camera-like Traffic Generator,403.5552761315927,0.34661806645748483,1249
Node_2,Smart Light,403.89694263406676,1.7250239459089185,64
Node_5,Camera-like Traffic Generator,404.0431187167063,0.48784258511366385,1117
Node_4,Motion Sensor,404.142425174774,3.5114312891316084,89
Node_3,Smart Plug,404.15586514432005,1.0911672418968272,74
Node_5,Camera-like Traffic Generator,404.38153032588406,0.33841160917774177,1241
Node_5,Camera-like Traffic Generator,404.7479724992875,0.36644217340347074,1369
Node_1,Temperature Sensor,404.9838725779229,2.810771719940397,95
Node_5,Camera-like Traffic Generator,405.16789329413535,0.4199207948478333,1460
Node_3,Smart Plug,405.45176879380523,1.2959036494851859,92
Node_5,Camera-like Traffic Generator,405.4956039018561,0.3277106077207377,1038
Node_2,Smart Light,405.70642081760593,1.8094781835391944,76
Node_5,Camera-like Traffic Generator,405.73378864692245,0.23818474506635973,1006
Node_5,Camera-like Traffic Generator,406.0897703524423,0.3559817055198895,1060
Node_5,Camera-like Traffic Generator,406.3489806359846,0.25921028354227826,1434
Node_3,Smart Plug,406.4378397379529,0.9860709441476657,61
Node_5,Camera-like Traffic Generator,406.5830800130186,0.23409937703399794,1442
Node_5,Camera-like Traffic Generator,406.9316353711544,0.34855535813582406,1313
Node_1,Temperature Sensor,407.0086589398211,2.0247863618981885,89
Node_3,Smart Plug,407.2871114286801,0.8492716907271709,72
Node_5,Camera-like Traffic Generator,407.2890120997052,0.35737672855077696,1069
Node_2,Smart Light,407.47247428511986,1.7660534675139035,95
Node_5,Camera-like Traffic Generator,407.7512766141524,0.4622645144471937,1209
Node_5,Camera-like Traffic Generator,407.95405417189073,0.20277755773831388,1058
Node_5,Camera-like Traffic Generator,408.4527774656442,0.4987232937534682,1359
Node_2,Smart Light,408.48812008148343,1.0156457963635495,68
Node_3,Smart Plug,408.74833386608515,1.4612224374050649,98
Node_5,Camera-like Traffic Generator,408.9168453233791,0.46406785773489584,1135
Node_4,Motion Sensor,409.1589518145868,5.0165266398128185,67
Node_5,Camera-like Traffic Generator,409.2135611661963,0.29671584281720326,1444
Node_1,Temperature Sensor,409.3408444077675,2.3321854679464287,97
Node_5,Camera-like Traffic Generator,409.5827042811436,0.3691431149472759,1082
Node_2,Smart Light,409.5890167945759,1.100896713092507,61
Node_3,Smart Plug,409.6163173411955,0.8679834751103638,89
Node_5,Camera-like Traffic Generator,409.86976331523016,0.28705903408658034,1342
Node_5,Camera-like Traffic Generator,410.31060743370756,0.4408441184774037,1475
Node_5,Camera-like Traffic Generator,410.6219834261235,0.3113759924159492,1302
Node_3,Smart Plug,410.7884800771772,1.1721627359817308,67
Node_5,Camera-like Traffic Generator,410.9636164370687,0.34163301094520127,1105
Node_2,Smart Light,411.18680169130744,1.5977848967315527,88
Node_5,Camera-like Traffic Generator,411.26266958881126,0.2990531517425468,1373
Node_5,Camera-like Traffic Generator,411.7615255503406,0.49885596152930595,1463
Node_3,Smart Plug,411.9568144924328,1.168334415255588,69
Node_5,Camera-like Traffic Generator,412.01079701362534,0.24927146328474237,1357
Node_1,Temperature Sensor,412.14307954670466,2.8022351389371387,94
Node_2,Smart Light,412.2354780125512,1.048676321243749,89
Node_5,Camera-like Traffic Generator,412.35295813933703,0.342161125711697,1158
Node_5,Camera-like Traffic Generator,412.606725873694,0.2537677343570048,1235
Node_5,Camera-like Traffic Generator,413.1047189688617,0.49799309516767293,1002
Node_3,Smart Plug,413.19454202991017,1.2377275374774064,67
Node_5,Camera-like Traffic Generator,413.51515835848016,0.41043938961850346,1099
Node_2,Smart Light,413.6377433633621,1.4022653508109064,69
Node_5,Camera-like Traffic Generator,413.7433127119894,0.22815435350924318,1229
Node_4,Motion Sensor,413.92344556599903,4.764493751412177,65
Node_5,Camera-like Traffic Generator,413.97172708224554,0.22841437025615824,1312
Node_5,Camera-like Traffic Generator,414.350063420549,0.37833633830350566,1033
Node_3,Smart Plug,414.5189780804943,1.3244360505841608,76
Node_5,Camera-like Traffic Generator,414.7409664789568,0.39090305840780454,1441
Node_2,Smart Light,414.8550125735397,1.2172692101775535,94
Node_1,Temperature Sensor,414.95382886327906,2.810749316574389,70
Node_5,Camera-like Traffic Generator,415.0444537126898,0.30348723373298736,1007
Node_5,Camera-like Traffic Generator,415.3022459119615,0.25779219927172503,1142
Node_3,Smart Plug,415.39283800782374,0.8738599273294091,85
Node_5,Camera-like Traffic Generator,415.77569912792137,0.4734532159598764,1213
Node_2,Smart Light,415.91145660856415,1.056444035024461,80
Node_5,Camera-like Traffic Generator,416.1944960620471,0.4187969341257594,1183
Node_3,Smart Plug,416.4434123639337,1.0505743561099827,78
Node_5,Camera-like Traffic Generator,416.62459271381715,0.43009665177002926,1467
Node_5,Camera-like Traffic Generator,416.9929264026597,0.36833368884254314,1320
Node_2,Smart Light,417.20072005991807,1.2892634513539187,92
Node_5,Camera-like Traffic Generator,417.2537028361815,0.26077643352182833,1296
Node_5,Camera-like Traffic Generator,417.4845957210558,0.23089288487432466,1108
Node_3,Smart Plug,417.7090820122752,1.2656696483414804,95
Node_5,Camera-like Traffic Generator,417.73809329910216,0.25349757804633144,1281
Node_1,Temperature Sensor,417.74120337241453,2.7873745091354714,64
Node_5,Camera-like Traffic Generator,417.9761045254512,0.2380112263490658,1261
Node_5,Camera-like Traffic Generator,418.3695535639405,0.39344903848928436,1191
Node_3,Smart Plug,418.62584853550766,0.9167665232324832,67
Node_5,Camera-like Traffic Generator,418.742250277534,0.3726967135935545,1426
Node_2,Smart Light,418.9322375430341,1.7315174831160183,72
Node_5,Camera-like Traffic Generator,419.12368283973007,0.3814325621960405,1483
Node_5,Camera-like Traffic Generator,419.544862497617,0.4211796578869296,1307
Node_3,Smart Plug,419.7069385570381,1.0810900215304267,73
Node_4,Motion Sensor,419.7241357677413,5.800690201742276,95
Node_5,Camera-like Traffic Generator,420.01763142082524,0.4727689232082818,1104
Node_5,Camera-like Traffic Generator,420.2184326565235,0.2008012356982341,1115
Node_5,Camera-like Traffic Generator,420.48336569374044,0.2649330372169724,1464
Node_2,Smart Light,420.53015521731135,1.5979176742772623,86
Node_1,Temperature Sensor,420.61337015532064,2.8721667829060897,94
Node_3,Smart Plug,420.6176620761676,0.9107235191295321,99
Node_5,Camera-like Traffic Generator,420.8678428020398,0.384477108299341,1071
Node_5,Camera-like Traffic Generator,421.2104820021489,0.34263920010912585,1000
Node_5,Camera-like Traffic Generator,421.43381823064465,0.22333622849573195,1484
Node_5,Camera-like Traffic Generator,421.6749107087822,0.24109247813754958,1403
Node_3,Smart Plug,421.7277705951664,1.1101085189988016,74
Node_2,Smart Light,421.8508203327043,1.3206651153929831,72
Node_5,Camera-like Traffic Generator,422.0025324302544,0.3276217214722385,1235
Node_5,Camera-like Traffic Generator,422.293299926707,0.2907674964525739,1380
Node_5,Camera-like Traffic Generator,422.56553179437833,0.2722318676713373,1196
Node_3,Smart Plug,422.7483790924661,1.020608497299678,99
Node_1,Temperature Sensor,422.8358038728663,2.2224337175456643,92
Node_2,Smart Light,422.9940807668676,1.1432604341633286,86
Node_5,Camera-like Traffic Generator,422.99770768112603,0.43217588674768026,1353
Node_5,Camera-like Traffic Generator,423.3042051707388,0.30649748961276224,1419
Node_5,Camera-like Traffic Generator,423.59929674805414,0.2950915773153726,1039
Node_3,Smart Plug,423.7756369685002,1.0272578760340647,74
Node_5,Camera-like Traffic Generator,423.9809110468199,0.38161429876578873,1106
Node_2,Smart Light,424.21512350731365,1.2210427404460327,72
Node_5,Camera-like Traffic Generator,424.23074594034193,0.24983489352201654,1316
Node_5,Camera-like Traffic Generator,424.5140669701347,0.2833210297927581,1071
Node_5,Camera-like Traffic Generator,424.84523994281494,0.33117297268022416,1220
Node_4,Motion Sensor,424.9108323667685,5.1866965990272025,93
Node_3,Smart Plug,425.1105660260332,1.33492905753306,77
Node_5,Camera-like Traffic Generator,425.25376986917973,0.4085299263647908,1125
Node_2,Smart Light,425.2760811444204,1.0609576371067622,97
Node_1,Temperature Sensor,425.2961071075452,2.460303234678942,72
Node_5,Camera-like Traffic Generator,425.48984180870303,0.23607193952330593,1449
Node_5,Camera-like Traffic Generator,425.8854694459437,0.39562763724069405,1089
Node_5,Camera-like Traffic Generator,426.34531097753114,0.4598415315874379,1427
Node_3,Smart Plug,426.41867340456383,1.308107378530619,84
Node_5,Camera-like Traffic Generator,426.77653441249356,0.4312234349624196,1172
Node_5,Camera-like Traffic Generator,427.1037577913913,0.3272233788977116,1308
Node_2,Smart Light,427.1557950353843,1.8797138909638829,96
Node_5,Camera-like Traffic Generator,427.5666462423072,0.46288845091588815,1460
Node_3,Smart Plug,427.61287469652683,1.194201291962999,68
Node_5,Camera-like Traffic Generator,427.82394144637095,0.25729520406378226,1187
Node_4,Motion Sensor,427.9801848816304,3.0693525148619267,87
Node_1,Temperature Sensor,428.09145260669806,2.795345499152862,69
Node_5,Camera-like Traffic Generator,428.30389917985525,0.47995773348427223,1497
Node_5,Camera-like Traffic Generator,428.56265000547364,0.2587508256183875,1180
Node_2,Smart Light,428.7817881730326,1.6259931376483299,77
Node_5,Camera-like Traffic Generator,428.8211165874865,0.25846658201280504,1293
Node_3,Smart Plug,428.9488704502708,1.3359957537439993,97
Node_5,Camera-like Traffic Generator,429.11965205091076,0.29853546342426945,1455
Node_5,Camera-like Traffic Generator,429.594394180923,0.4747421300122745,1251
Node_5,Camera-like Traffic Generator,429.7982925316836,0.20389835076058152,1136
Node_3,Smart Plug,429.92673283929895,0.977862389028117,98
Node_1,Temperature Sensor,430.1151170413995,2.0236644347014514,67
Node_5,Camera-like Traffic Generator,430.1924579669865,0.394165435302894,1320
Node_2,Smart Light,430.27740896052563,1.495620787493021,98
Node_5,Camera-like Traffic Generator,430.51194616763,0.31948820064347394,1497
Node_5,Camera-like Traffic Generator,430.92322551349935,0.41127934586935777,1137
Node_3,Smart Plug,431.03998269159774,1.1132498522987746,75
Node_5,Camera-like Traffic Generator,431.14039361361307,0.21716810011373613,1286
Node_5,Camera-like Traffic Generator,431.3495215617404,0.20912794812735613,1359
Node_5,Camera-like Traffic Generator,431.6907643482311,0.34124278649068973,1303
Node_5,Camera-like Traffic Generator,432.0271085638558,0.33634421562470607,1086
Node_2,Smart Light,432.21899537035756,1.9415864098319118,86
Node_3,Smart Plug,432.3484019864338,1.3084192948361042,99
Node_1,Temperature Sensor,432.4433789925972,2.3282619511977067,94
Node_5,Camera-like Traffic Generator,432.45208936343005,0.4249807995742637,1323
Node_5,Camera-like Traffic Generator,432.8157655645518,0.3636762011217267,1051
Node_4,Motion Sensor,432.8235545351442,4.843369653513753,95
Node_5,Camera-like Traffic Generator,433.12662572237423,0.31086015782245313,1306
Node_5,Camera-like Traffic Generator,433.5406188578113,0.41399313543705285,1352
Node_3,Smart Plug,433.5654359650705,1.2170339786366502,80
Node_5,Camera-like Traffic Generator,433.7936911595662,0.2530723017549065,1425
Node_2,Smart Light,434.00479996633806,1.785804595980518,72
Node_5,Camera-like Traffic Generator,434.01853854579133,0.22484738622510264,1417
Node_5,Camera-like Traffic Generator,434.2543665752809,0.2358280294896245,1221
Node_5,Camera-like Traffic Generator,434.6675438361767,0.41317726089580087,1157
Node_3,Smart Plug,435.06082437175866,1.4953884066881775,72
Node_5,Camera-like Traffic Generator,435.1249109275287,0.4573670913519341,1138
Node_1,Temperature Sensor,435.41026809664555,2.966889104048361,71
Node_2,Smart Light,435.4211245997595,1.4163246334214445,65
Node_5,Camera-like Traffic Generator,435.58068368847313,0.45577276094447605,1327
Node_4,Motion Sensor,435.8294194296361,3.005864894491964,86
Node_5,Camera-like Traffic Generator,436.0019197781274,0.4212360896542842,1166
Node_3,Smart Plug,436.0710581449684,1.0102337732097215,68
Node_5,Camera-like Traffic Generator,436.4035170548632,0.4015972767358199,1449
Node_2,Smart Light,436.7975847882666,1.376460188507132,90
Node_5,Camera-like Traffic Generator,436.87283799667495,0.4693209418117455,1084
Node_5,Camera-like Traffic Generator,437.36871907935915,0.49588108268420583,1361
Node_3,Smart Plug,437.47006244282414,1.3990042978557442,60
Node_5,Camera-like Traffic Generator,437.67859604996994,0.3098769706107835,1007
Node_1,Temperature Sensor,438.0517498352532,2.6414817386076277,75
Node_5,Camera-like Traffic Generator,438.07794465107986,0.3993486011099213,1208
Node_2,Smart Light,438.2711036086788,1.4735188204122198,93
Node_5,Camera-like Traffic Generator,438.4782613894238,0.4003167383439269,1030
Node_5,Camera-like Traffic Generator,438.73614337016716,0.25788198074336544,1380
Node_3,Smart Plug,438.84542038853715,1.37535794571298,87
Node_5,Camera-like Traffic Generator,438.98039755407564,0.24425418390845596,1133
Node_5,Camera-like Traffic Generator,439.23217312304536,0.2517755689696942,1022
Node_2,Smart Light,439.57184002747397,1.3007364187951478,88
Node_5,Camera-like Traffic Generator,439.6147318306373,0.38255870759192867,1344
Node_3,Smart Plug,439.83859038425766,0.993169995720524,82
Node_5,Camera-like Traffic Generator,439.937507284353,0.3227754537157004,1317
Node_5,Camera-like Traffic Generator,440.3901444929888,0.45263720863579143,1470
Node_5,Camera-like Traffic Generator,440.68349384980496,0.29334935681617963,1280
Node_4,Motion Sensor,440.7795095708996,4.950090141263518,72
Node_5,Camera-like Traffic Generator,440.91880822125995,0.23531437145498205,1233
Node_3,Smart Plug,441.0280165441124,1.189426159854738,97
Node_1,Temperature Sensor,441.03289952245143,2.9811496871982603,81
Node_5,Camera-like Traffic Generator,441.36963990952165,0.4508316882616852,1043
Node_2,Smart Light,441.3776161874089,1.805776159934887,96
Node_5,Camera-like Traffic Generator,441.84872176478075,0.47908185525910263,1044
Node_3,Smart Plug,441.9363168944655,0.9083003503531292,61
Node_5,Camera-like Traffic Generator,442.324125092478,0.4754033276972809,1091
Node_5,Camera-like Traffic Generator,442.55005038869297,0.22592529621495058,1158
Node_5,Camera-like Traffic Generator,442.9380378711642,0.38798748247124015,1010
Node_2,Smart Light,442.94000213699576,1.562385949586909,98
Node_3,Smart Plug,442.9852759217653,1.0489590272998435,65
Node_5,Camera-like Traffic Generator,443.1888386233318,0.2508007521675602,1005
Node_5,Camera-like Traffic Generator,443.58022230859547,0.3913836852636849,1230
Node_1,Temperature Sensor,443.97213666277617,2.9392371403247157,64
Node_3,Smart Plug,444.0422339468836,1.0569580251182447,83
Node_5,Camera-like Traffic Generator,444.04338182517796,0.46315951658251153,1471
Node_5,Camera-like Traffic Generator,444.3357165214648,0.2923346962868608,1340
Node_2,Smart Light,444.497288895195,1.557286758199273,65
Node_5,Camera-like Traffic Generator,444.8185137468093,0.4827972253445071,1432
Node_3,Smart Plug,445.00532985087153,0.9630959039879641,92
Node_5,Camera-like Traffic Generator,445.2427362766881,0.4242225298788381,1369
Node_5,Camera-like Traffic Generator,445.535882395329,0.29314611864090406,1189
Node_2,Smart Light,445.7401474112846,1.2428585160895858,68
Node_5,Camera-like Traffic Generator,445.8220053622846,0.2861229669556112,1139
Node_3,Smart Plug,445.8696634357713,0.8643335848997609,75
Node_5,Camera-like Traffic Generator,446.19151734951373,0.3695119872291557,1206
Node_4,Motion Sensor,446.3125342320332,5.533024661133583,64
Node_5,Camera-like Traffic Generator,446.64209992871275,0.4505825791990279,1136
Node_5,Camera-like Traffic Generator,446.9018673221314,0.25976739341865196,1489
Node_1,Temperature Sensor,446.9425372737984,2.970400611022228,67
Node_5,Camera-like Traffic Generator,447.1796735491096,0.27780622697820845,1219
Node_3,Smart Plug,447.31218069811246,1.4425172623411275,89
Node_2,Smart Light,447.3868532628326,1.6467058515479447,96
Node_5,Camera-like Traffic Generator,447.4073971665662,0.22772361745659783,1177
Node_5,Camera-like Traffic Generator,447.7164811260612,0.3090839594949615,1386
Node_5,Camera-like Traffic Generator,448.0733939463624,0.3569128203012194,1414
Node_5,Camera-like Traffic Generator,448.4795059083345,0.40611196197211097,1085
Node_3,Smart Plug,448.6186870668336,1.3065063687211604,91
Node_5,Camera-like Traffic Generator,448.9644054467205,0.48489953838599664,1292
Node_5,Camera-like Traffic Generator,449.21111671470874,0.24671126798826928,1284
Node_2,Smart Light,449.2339866487522,1.8471333859196117,63
Node_3,Smart Plug,449.53971881043304,0.9210317435994259,93
Node_5,Camera-like Traffic Generator,449.7092434056229,0.49812669091415585,1216
Node_1,Temperature Sensor,449.90507158955995,2.9625343157615553,70
Node_5,Camera-like Traffic Generator,450.1030458006632,0.393802395040337,1341
Node_5,Camera-like Traffic Generator,450.3896525018453,0.2866067011820829,1171
Node_3,Smart Plug,450.82243538116796,1.2827165707349295,83
Node_4,Motion Sensor,450.8674200396648,4.554885807631614,80
Node_5,Camera-like Traffic Generator,450.8801996384436,0.49054713659830074,1275
Node_2,Smart Light,450.9585713610594,1.7245847123072018,67
Node_5,Camera-like Traffic Generator,451.3031391739593,0.42293953551566976,1134
Node_5,Camera-like Traffic Generator,451.6571209105003,0.3539817365409635,1105
Node_5,Camera-like Traffic Generator,451.92259738645663,0.26547647595633905,1130
Node_1,Temperature Sensor,452.0134741367747,2.108402547214711,77
Node_2,Smart Light,452.22703294891437,1.2684615878549812,86
Node_3,Smart Plug,452.25779433067095,1.435358949502966,83
Node_5,Camera-like Traffic Generator,452.39917319941173,0.4765758129551221,1258
Node_5,Camera-like Traffic Generator,452.78850729882316,0.3893340994114254,1237
Node_5,Camera-like Traffic Generator,453.1286813604497,0.3401740616265403,1161
Node_3,Smart Plug,453.26806960836126,1.0102752776902924,89
Node_5,Camera-like Traffic Generator,453.4978121880359,0.369130827586152,1329
Node_2,Smart Light,453.82995499390347,1.602922044989076,94
Node_5,Camera-like Traffic Generator,453.968194657259,0.4703824692231039,1161
Node_4,Motion Sensor,453.99781406370465,3.1303940240398593,61
Node_5,Camera-like Traffic Generator,454.1995785470894,0.23138388983042257,1179
Node_3,Smart Plug,454.4714681956707,1.203398587309437,63
Node_5,Camera-like Traffic Generator,454.6698857646454,0.47030721755601085,1079
Node_1,Temperature Sensor,454.7420191974274,2.728545060652704,72
Node_5,Camera-like Traffic Generator,455.01253454126913,0.3426487766237091,1168
Node_2,Smart Light,455.0181182878362,1.1881632939327553,90
Node_3,Smart Plug,455.310614091847,0.8391458961763236,90
Node_5,Camera-like Traffic Generator,455.48342850342937,0.47089396216021706,1093
Node_5,Camera-like Traffic Generator,455.79082986394025,0.3074013605109057,1081
Node_5,Camera-like Traffic Generator,456.15486329591613,0.36403343197590277,1376
Node_3,Smart Plug,456.3541652367141,1.0435511448670534,92
Node_5,Camera-like Traffic Generator,456.4865659093203,0.33170261340414287,1308
Node_2,Smart Light,456.74242352768835,1.724305239852149,82
Node_5,Camera-like Traffic Generator,456.8646383348406,0.37807242552034226,1347
Node_5,Camera-like Traffic Generator,457.28392479243735,0.41928645759671956,1236
Node_1,Temperature Sensor,457.34822805073355,2.606208853306143,80
Node_3,Smart Plug,457.44573043554664,1.0915651988325437,94
Node_5,Camera-like Traffic Generator,457.5570014099746,0.27307661753723345,1361
Node_5,Camera-like Traffic Generator,457.93728398636694,0.3802825763923189,1241
Node_2,Smart Light,458.2218177341593,1.4793942064709147,94
Node_5,Camera-like Traffic Generator,458.257629917793,0.32034593142607803,1020
Node_5,Camera-like Traffic Generator,458.73632677863714,0.478696860844119,1117
Node_3,Smart Plug,458.8545809954315,1.408850559884854,69
Node_5,Camera-like Traffic Generator,459.2167531122602,0.48042633362307885,1463
Node_5,Camera-like Traffic Generator,459.44910970695906,0.23235659469884481,1212
Node_2,Smart Light,459.5547820449781,1.3329643108188214,98
Node_5,Camera-like Traffic Generator,459.7299180014207,0.28080829446162714,1288
Node_1,Temperature Sensor,459.7334234840783,2.385195433344727,83
Node_4,Motion Sensor,459.75298853857123,5.755174474866585,72
Node_5,Camera-like Traffic Generator,460.10784081656897,0.3779228151482832,1082
Node_3,Smart Plug,460.11152642364374,1.2569454282122456,84
Node_5,Camera-like Traffic Generator,460.35775623665944,0.24991542009045242,1150
Node_2,Smart Light,460.5701157512066,1.0153337062284928,97
Node_5,Camera-like Traffic Generator,460.7368115831303,0.3790553464708528,1348
Node_3,Smart Plug,460.9195304903176,0.8080040666738225,91
Node_5,Camera-like Traffic Generator,461.0940372199667,0.35722563683642927,1475
Node_5,Camera-like Traffic Generator,461.46443370235653,0.37039648238983025,1069
Node_5,Camera-like Traffic Generator,461.8634556281333,0.39902192577678064,1394
Node_3,Smart Plug,461.98727136384724,1.0677408735296843,72
Node_1,Temperature Sensor,461.9881459902169,2.254722506138582,88
Node_5,Camera-like Traffic Generator,462.0795956576464,0.2161400295130725,1045
Node_5,Camera-like Traffic Generator,462.5174546901711,0.4378590325247268,1070
Node_2,Smart Light,462.53219330732105,1.962077556114459,64
Node_3,Smart Plug,462.8160989403617,0.8288275765144942,81
Node_5,Camera-like Traffic Generator,462.82128542509173,0.3038307349206064,1197
Node_5,Camera-like Traffic Generator,463.1594617426066,0.33817631751487376,1329
Node_5,Camera-like Traffic Generator,463.41958370328297,0.2601219606763603,1086
Node_5,Camera-like Traffic Generator,463.71184172916844,0.2922580258854671,1092
Node_3,Smart Plug,463.72080495377884,0.9047060134171109,80
Node_4,Motion Sensor,463.9285651925273,4.175576653956059,95
Node_1,Temperature Sensor,463.9898372684355,2.0016912782186296,97
Node_5,Camera-like Traffic Generator,464.1691703881739,0.45732865900543773,1218
Node_2,Smart Light,464.5317653143389,1.9995720070178118,79
Node_5,Camera-like Traffic Generator,464.58641070439666,0.41724031622275526,1077
Node_3,Smart Plug,464.67536297615305,0.9545580223741996,62
Node_5,Camera-like Traffic Generator,464.9530151737682,0.36660446937159086,1387
Node_5,Camera-like Traffic Generator,465.1544986085288,0.20148343476059455,1079
Node_5,Camera-like Traffic Generator,465.3844726507152,0.22997404218644057,1274
Node_5,Camera-like Traffic Generator,465.70268683930317,0.31821418858791833,1106
Node_2,Smart Light,465.7743584961846,1.2425931818457414,84
Node_3,Smart Plug,465.9874679776485,1.312105001495459,75
Node_5,Camera-like Traffic Generator,466.0443786246129,0.34169178530969513,1188
Node_5,Camera-like Traffic Generator,466.38342382072784,0.3390451961149814,1121
Node_1,Temperature Sensor,466.5282892655283,2.5384519970927917,88
Node_5,Camera-like Traffic Generator,466.85850874116954,0.47508492044171285,1193
Node_2,Smart Light,466.9788716391625,1.2045131429778937,96
Node_3,Smart Plug,467.0993993428329,1.1119313651843976,83
Node_5,Camera-like Traffic Generator,467.1540157507124,0.29550700954283243,1467
Node_5,Camera-like Traffic Generator,467.4739808184565,0.3199650677440921,1163
Node_5,Camera-like Traffic Generator,467.75893919851444,0.2849583800579408,1337
Node_5,Camera-like Traffic Generator,468.22074433745536,0.46180513894094327,1298
Node_3,Smart Plug,468.2527098851113,1.1533105422784244,68
Node_2,Smart Light,468.5309509317103,1.5520792925478144,91
Node_5,Camera-like Traffic Generator,468.5809788894923,0.36023455203694876,1173
Node_5,Camera-like Traffic Generator,468.98194189284555,0.40096300335324353,1485
Node_5,Camera-like Traffic Generator,469.1900107737799,0.20806888093432943,1442
Node_3,Smart Plug,469.255558005521,1.002848120409681,75
Node_1,Temperature Sensor,469.2702393433678,2.7419500778394763,86
Node_4,Motion Sensor,469.35158392427127,5.42301873174396,69
Node_5,Camera-like Traffic Generator,469.44345878349696,0.25344800971711556,1117
Node_5,Camera-like Traffic Generator,469.75214291501464,0.30868413151767315,1250
Node_2,Smart Light,469.9116126760832,1.3806617443729226,81
Node_5,Camera-like Traffic Generator,469.9526203764061,0.20047746139146355,1299
Node_3,Smart Plug,470.1480903372806,0.8925323317596147,63
Node_5,Camera-like Traffic Generator,470.2720746043482,0.31945422794204803,1038
Node_5,Camera-like Traffic Generator,470.5410966469611,0.2690220426129101,1249
Node_5,Camera-like Traffic Generator,470.7543710227825,0.21327437582142428,1150
Node_5,Camera-like Traffic Generator,470.9822261284946,0.22785510571208592,1192
Node_5,Camera-like Traffic Generator,471.2361888220645,0.253962693569909,1075
Node_2,Smart Light,471.2708722316348,1.3592595555515756,70
Node_3,Smart Plug,471.3480987506381,1.2000084133574407,61
Node_5,Camera-like Traffic Generator,471.52951644429965,0.293327622235154,1337
Node_1,Temperature Sensor,471.63446081514905,2.3642214717812644,62
Node_5,Camera-like Traffic Generator,471.8737120613678,0.3441956170681715,1130
Node_5,Camera-like Traffic Generator,472.3602171825581,0.48650512119025785,1089
Node_3,Smart Plug,472.42753266032094,1.0794339096828593,63
Node_5,Camera-like Traffic Generator,472.6796820248232,0.3194648422651137,1258
Node_2,Smart Light,472.7836887716586,1.5128165400237736,79
Node_5,Camera-like Traffic Generator,472.91161119173233,0.23192916690913445,1403
Node_5,Camera-like Traffic Generator,473.2154972521924,0.3038860604600585,1366
Node_3,Smart Plug,473.578808841245,1.1512761809240564,90
Node_5,Camera-like Traffic Generator,473.6122578333188,0.39676058112636164,1202
Node_2,Smart Light,473.8822970032241,1.0986082315654802,99
Node_5,Camera-like Traffic Generator,474.05433251888985,0.4420746855710994,1080
Node_5,Camera-like Traffic Generator,474.29295437197624,0.2386218530863871,1253
Node_1,Temperature Sensor,474.2986985000603,2.6642376849112726,73
Node_4,Motion Sensor,474.42023081919905,5.068646894927776,96
Node_3,Smart Plug,474.4700714636716,0.8912626224266219,65
Node_5,Camera-like Traffic Generator,474.6988439668024,0.40588959482615905,1005
Node_5,Camera-like Traffic Generator,475.09498913763986,0.39614517083746426,1335
Node_2,Smart Light,475.35178742524664,1.4694904220225584,93
Node_5,Camera-like Traffic Generator,475.42172625787634,0.32673712023651524,1027
Node_3,Smart Plug,475.6615787877911,1.1915073241194782,79
Node_5,Camera-like Traffic Generator,475.74922061821593,0.32749436033960216,1371
Node_5,Camera-like Traffic Generator,475.9840081440567,0.23478752584078025,1403
Node_5,Camera-like Traffic Generator,476.4564714049091,0.4724632608524038,1251
Node_1,Temperature Sensor,476.6126141451187,2.31391564505836,93
Node_5,Camera-like Traffic Generator,476.89077246417054,0.4343010592614426,1356
Node_3,Smart Plug,476.9181526950765,1.2565739072854183,67
Node_2,Smart Light,477.2661179241441,1.9143304988974892,74
Node_5,Camera-like Traffic Generator,477.3440229860428,0.4532505218722466,1485
Node_5,Camera-like Traffic Generator,477.5775246277607,0.23350164171791388,1089
Node_5,Camera-like Traffic Generator,477.9047441651046,0.3272195373439304,1379
Node_4,Motion Sensor,478.01086127223016,3.590630453031098,62
Node_3,Smart Plug,478.14935048139245,1.2311977863159413,89
Node_4,Motion Sensor,478.1820701333547,0.17120886112454184,83
Node_4,Motion Sensor,478.3260146996065,0.14394456625177804,73
Node_5,Camera-like Traffic Generator,478.3658384543956,0.46109428929102175,1040
Node_4,Motion Sensor,478.413576120234,0.08756142062748251,64
Node_5,Camera-like Traffic Generator,478.5679254730429,0.20208701864730347,1474
Node_2,Smart Light,478.68004809472274,1.4139301705786247,82
Node_5,Camera-like Traffic Generator,478.98019488783325,0.4122694147903167,1128
Node_3,Smart Plug,479.1217225697474,0.9723720883549791,62
Node_1,Temperature Sensor,479.33236840813265,2.71975426301395,72
Node_5,Camera-like Traffic Generator,479.33466377396917,0.354468886135895,1307
Node_5,Camera-like Traffic Generator,479.79632533209434,0.4616615581251443,1217
Node_2,Smart Light,479.90132219303894,1.2212740983162251,65
Node_5,Camera-like Traffic Generator,480.1357542843153,0.33942895222093306,1019
Node_3,Smart Plug,480.4654628989016,1.3437403291541785,72
Node_5,Camera-like Traffic Generator,480.5961232994046,0.46036901508932127,1230
Node_5,Camera-like Traffic Generator,480.81114535272644,0.21502205332182184,1299
Node_5,Camera-like Traffic Generator,481.12193427828254,0.31078892555607884,1212
Node_2,Smart Light,481.1620963029487,1.2607741099097696,97
Node_5,Camera-like Traffic Generator,481.5244331626985,0.4024988844159494,1383
Node_1,Temperature Sensor,481.6416530703413,2.309284662208653,76
Node_5,Camera-like Traffic Generator,481.73149226641704,0.2070591037185829,1133
Node_3,Smart Plug,481.91235955552816,1.446896656626558,63
Node_5,Camera-like Traffic Generator,482.0194641720886,0.2879719056715489,1208
Node_4,Motion Sensor,482.1286537579393,3.7150776377052663,62
Node_5,Camera-like Traffic Generator,482.35349521676096,0.3340310446723533,1148
Node_5,Camera-like Traffic Generator,482.56417973958895,0.21068452282796554,1055
Node_2,Smart Light,482.7412392289861,1.5791429260374006,76
Node_5,Camera-like Traffic Generator,482.98375103356125,0.4195712939723112,1265
Node_3,Smart Plug,483.18258284294296,1.2702232874148147,76
Node_5,Camera-like Traffic Generator,483.3026154042544,0.3188643706931771,1087
Node_5,Camera-like Traffic Generator,483.663110964337,0.36049556008258293,1063
Node_2,Smart Light,483.89365063917023,1.1524114101841434,73
Node_5,Camera-like Traffic Generator,483.90650425951986,0.24339329518285396,1246
Node_1,Temperature Sensor,484.04405345739906,2.4024003870577246,71
Node_3,Smart Plug,484.22639834273554,1.043815499792567,72
Node_5,Camera-like Traffic Generator,484.3743192629329,0.46781500341302806,1172
Node_5,Camera-like Traffic Generator,484.711728526087,0.33740926315410125,1308
Node_5,Camera-like Traffic Generator,485.18736106583367,0.4756325397466974,1451
Node_2,Smart Light,485.27349041391136,1.3798397747411542,93
Node_3,Smart Plug,485.44211234706427,1.2157140043287493,60
Node_5,Camera-like Traffic Generator,485.66704096042855,0.47967989459489535,1410
Node_5,Camera-like Traffic Generator,486.03776144407084,0.37072048364226423,1020
Node_4,Motion Sensor,486.1294191229962,4.00076536505688,97
Node_1,Temperature Sensor,486.1713412564582,2.127287799059153,76
Node_5,Camera-like Traffic Generator,486.33573798716833,0.2979765430974856,1019
Node_3,Smart Plug,486.45548554034673,1.0133731932824752,99
Node_5,Camera-like Traffic Generator,486.7185440341687,0.3828060470003858,1361
Node_2,Smart Light,486.7727918962807,1.4993014823693225,86
Node_5,Camera-like Traffic Generator,487.16228697746016,0.44374294329144853,1050
Node_5,Camera-like Traffic Generator,487.5160766615925,0.35378968413233713,1362
Node_3,Smart Plug,487.6868402364649,1.2313546961181525,99
Node_5,Camera-like Traffic Generator,487.81740848400443,0.3013318224119556,1318
Node_5,Camera-like Traffic Generator,488.1080042764377,0.2905957924333138,1200
Node_5,Camera-like Traffic Generator,488.36318338202585,0.2551791055881058,1373
Node_2,Smart Light,488.4576385086266,1.6848466123459063,70
Node_5,Camera-like Traffic Generator,488.7796615695859,0.4164781875600564,1371
Node_3,Smart Plug,488.79638731012886,1.109547073663976,65
Node_5,Camera-like Traffic Generator,489.0034465538695,0.22378498428356644,1456
Node_1,Temperature Sensor,489.1117049271884,2.940363670730183,87
Node_5,Camera-like Traffic Generator,489.49299456897916,0.48954801510965545,1396
Node_3,Smart Plug,489.62780159578085,0.8314142856519613,92
Node_5,Camera-like Traffic Generator,489.86426310571295,0.3712685367337817,1497
Node_5,Camera-like Traffic Generator,490.24893754718624,0.38467444147327445,1269
Node_2,Smart Light,490.27923044831897,1.8215919396923563,98
Node_3,Smart Plug,490.5675812453049,0.939779649524029,74
Node_5,Camera-like Traffic Generator,490.6870545869347,0.4381170397484728,1347
Node_5,Camera-like Traffic Generator,490.9017039528685,0.21464936593376782,1286
Node_5,Camera-like Traffic Generator,491.16626673274374,0.2645627798752167,1467
Node_5,Camera-like Traffic Generator,491.4487027588107,0.2824360260669957,1344
Node_4,Motion Sensor,491.4566675383463,5.327248415350125,90
Node_5,Camera-like Traffic Generator,491.7044168004242,0.2557140416134606,1250
Node_3,Smart Plug,491.89799489312,1.3304136478151434,94
Node_5,Camera-like Traffic Generator,491.9181394547176,0.21372265429337894,1199
Node_2,Smart Light,491.9209249027177,1.6416944543987073,79
Node_1,Temperature Sensor,492.01451047292096,2.9028055457325825,84
Node_5,Camera-like Traffic Generator,492.1725175783248,0.2543781236072069,1142
Node_5,Camera-like Traffic Generator,492.3740328932179,0.20151531489308802,1103
Node_3,Smart Plug,492.7766551116696,0.878660218549573,62
Node_5,Camera-like Traffic Generator,492.8086480658447,0.43461517262680416,1328
Node_2,Smart Light,493.0891585486692,1.168233645951541,91
Node_5,Camera-like Traffic Generator,493.0910786638363,0.2824305979916154,1231
Node_5,Camera-like Traffic Generator,493.5281561301809,0.43707746634460454,1317
Node_5,Camera-like Traffic Generator,493.75730043939166,0.22914430921075574,1112
Node_5,Camera-like Traffic Generator,494.1700029923464,0.41270255295472336,1110
Node_3,Smart Plug,494.2409137521876,1.4642586405180522,97
Node_2,Smart Light,494.2584242595294,1.1692657108601816,88
Node_1,Temperature Sensor,494.3154603474865,2.3009498745655654,81
Node_5,Camera-like Traffic Generator,494.5534188760242,0.3834158836778208,1364
Node_5,Camera-like Traffic Generator,494.9362137222318,0.3827948462075926,1230
Node_5,Camera-like Traffic Generator,495.262443158111,0.32622943587922903,1297
Node_5,Camera-like Traffic Generator,495.62488053536055,0.3624373772495378,1237
Node_3,Smart Plug,495.6490403983391,1.4081266461514779,92
Node_2,Smart Light,495.7467405807836,1.4883163212541324,96
Node_5,Camera-like Traffic Generator,495.99217767217226,0.3672971368116898,1171
Node_5,Camera-like Traffic Generator,496.28807051431534,0.2958928421431027,1411
Node_1,Temperature Sensor,496.3158662871838,2.0004059396972877,71
Node_4,Motion Sensor,496.3327138110069,4.876046272660558,63
Node_3,Smart Plug,496.45865370322446,0.809613304885402,87
Node_4,Motion Sensor,496.5162263714874,0.18351256048048903,87
Node_5,Camera-like Traffic Generator,496.5336041023864,0.24553358807105025,1427
Node_4,Motion Sensor,496.6836233074505,0.1673969359631119,62
Node_4,Motion Sensor,496.85398137234256,0.17035806489205185,62
Node_5,Camera-like Traffic Generator,496.8832964959515,0.3496923935651125,1266
Node_5,Camera-like Traffic Generator,497.13430051907056,0.25100402311903075,1195
Node_2,Smart Light,497.28887743613495,1.5421368553513553,85
Node_3,Smart Plug,497.336548297846,0.877894594621529,78
Node_5,Camera-like Traffic Generator,497.4551819864553,0.32088146738469564,1330
Node_5,Camera-like Traffic Generator,497.82657597391955,0.371393987464287,1039
Node_3,Smart Plug,498.15247197845184,0.8159236806058414,68
Node_5,Camera-like Traffic Generator,498.1725375295227,0.3459615556031296,1492
Node_2,Smart Light,498.34760948771566,1.0587320515807301,61
Node_5,Camera-like Traffic Generator,498.39746512896966,0.22492759944696247,1374
Node_1,Temperature Sensor,498.7457544371736,2.429888149989835,83
Node_5,Camera-like Traffic Generator,498.75634265378335,0.3588775248136925,1152
Node_5,Camera-like Traffic Generator,499.18159990962516,0.42525725584180224,1225
Node_3,Smart Plug,499.3290757989867,1.1766038205348903,68
Node_5,Camera-like Traffic Generator,499.52181394162596,0.3402140320008201,1077
Node_5,Camera-like Traffic Generator,499.89729500810637,0.3754810664804301,1312
Node_2,Smart Light,500.1943068708984,1.8466973831827223,97
Node_5,Camera-like Traffic Generator,500.26676273914603,0.3694677310396674,1207
Node_3,Smart Plug,500.4953619160133,1.166286117026572,70
Node_5,Camera-like Traffic Generator,500.6962447864582,0.4294820473121293,1375
Node_5,Camera-like Traffic Generator,500.98141109077034,0.2851663043121386,1372
Node_1,Temperature Sensor,501.4004600608767,2.6547056237030717,78
Node_5,Camera-like Traffic Generator,501.47831516271543,0.496904071945068,1187
Node_3,Smart Plug,501.6334803472546,1.1381184312412842,89
Node_4,Motion Sensor,501.6861972915284,4.8322159191858445,64
Node_5,Camera-like Traffic Generator,501.83959297572915,0.3612778130137117,1189
Node_2,Smart Light,501.86252241429156,1.6682155433931527,90
Node_5,Camera-like Traffic Generator,502.324238703415,0.48464572768584235,1061
Node_3,Smart Plug,502.5324235419013,0.8989431946467593,87
Node_5,Camera-like Traffic Generator,502.64296361258266,0.31872490916767426,1105
Node_5,Camera-like Traffic Generator,502.87615344255227,0.23318982996958124,1144
Node_2,Smart Light,503.27491463670714,1.4123922224155927,93
Node_5,Camera-like Traffic Generator,503.335621429134,0.4594679865817372,1383
Node_3,Smart Plug,503.3452955006907,0.8128719587894132,83
Node_5,Camera-like Traffic Generator,503.8309362419457,0.4953148128117488,1489
Node_1,Temperature Sensor,503.8426198601815,2.4421597993048074,68
Node_5,Camera-like Traffic Generator,504.19595734871456,0.36502110676880817,1176
Node_5,Camera-like Traffic Generator,504.4612831291171,0.26532578040252625,1450
Node_2,Smart Light,504.5063480287846,1.2314333920774456,88
Node_3,Smart Plug,504.60976534009046,1.2644698393997502,61
Node_5,Camera-like Traffic Generator,504.7449470449287,0.2836639158116359,1385
Node_4,Motion Sensor,504.8535671689098,3.16736987738143,93
Node_5,Camera-like Traffic Generator,505.13402974294377,0.38908269801506123,1332
Node_2,Smart Light,505.51548949047526,1.0091414616906618,80
Node_3,Smart Plug,505.5289890930218,0.9192237529313344,71
Node_5,Camera-like Traffic Generator,505.5400829067112,0.4060531637673961,1316
Node_5,Camera-like Traffic Generator,505.9309466433953,0.39086373668411767,1251
Node_5,Camera-like Traffic Generator,506.29069916295555,0.35975251956024773,1112
Node_1,Temperature Sensor,506.3158060460908,2.4731861859093263,96
Node_5,Camera-like Traffic Generator,506.6118889535356,0.3211897905800489,1378
Node_3,Smart Plug,506.881421039177,1.3524319461551955,84
Node_2,Smart Light,506.88869018316205,1.3732006926868119,84
Node_5,Camera-like Traffic Generator,506.897773980943,0.28588502740741917,1462
Node_5,Camera-like Traffic Generator,507.14486432192365,0.24709034098068747,1436
Node_5,Camera-like Traffic Generator,507.46488062995206,0.3200163080284174,1001
Node_3,Smart Plug,507.7185807132364,0.8371596740593953,86
Node_5,Camera-like Traffic Generator,507.91384051996164,0.4489598900095854,1381
Node_5,Camera-like Traffic Generator,508.3106977037733,0.3968571838116735,1341
Node_3,Smart Plug,508.5244146359103,0.8058339226738994,75
Node_5,Camera-like Traffic Generator,508.5401946299544,0.22949692618106324,1290
Node_2,Smart Light,508.5554449127154,1.6667547295533396,84
Node_5,Camera-like Traffic Generator,508.8656246006679,0.3254299707135127,1209
Node_4,Motion Sensor,509.05861635799675,4.205049189086934,76
Node_1,Temperature Sensor,509.1118308062176,2.7960247601267803,66
Node_5,Camera-like Traffic Generator,509.1222870878389,0.256662487171032,1014
Node_5,Camera-like Traffic Generator,509.3895448717106,0.2672577838716776,1304
Node_3,Smart Plug,509.51433190126653,0.9899172653562363,94
Node_5,Camera-like Traffic Generator,509.7405532481873,0.35100837647671224,1040
Node_2,Smart Light,510.03864906633726,1.4832041536218252,79
Node_5,Camera-like Traffic Generator,510.1117286596773,0.3711754114899367,1204
Node_5,Camera-like Traffic Generator,510.3185787450662,0.20685008538891442,1304
Node_5,Camera-like Traffic Generator,510.5685164065858,0.24993766151958585,1312
Node_3,Smart Plug,510.7764021625971,1.2620702613305554,94
Node_5,Camera-like Traffic Generator,510.97382532469896,0.4053089181131865,1475
Node_2,Smart Light,511.0452614233294,1.006612356992159,82
Node_5,Camera-like Traffic Generator,511.1806411793295,0.2068158546305419,1300
Node_1,Temperature Sensor,511.1966263429427,2.084795536725122,80
Node_3,Smart Plug,511.58975698935103,0.813354826753936,94
Node_5,Camera-like Traffic Generator,511.6176051383397,0.43696395901020474,1194
Node_5,Camera-like Traffic Generator,511.9710057744988,0.3534006361591181,1096
Node_2,Smart Light,512.0571123914573,1.0118509681278924,81
Node_5,Camera-like Traffic Generator,512.4449678039292,0.47396202943037286,1228
Node_3,Smart Plug,512.8443447906776,1.25458780132656,69
Node_5,Camera-like Traffic Generator,512.8618858362654,0.41691803233619823,1119
Node_5,Camera-like Traffic Generator,513.2035365039116,0.34165066764609714,1356
Node_2,Smart Light,513.3318531286551,1.274740737197832,99
Node_5,Camera-like Traffic Generator,513.4634720945127,0.259935590601096,1066
Node_5,Camera-like Traffic Generator,513.6829159415157,0.21944384700308517,1015
Node_1,Temperature Sensor,513.8295671987084,2.6329408557657956,73
Node_3,Smart Plug,513.9108356327516,1.0664908420739936,99
Node_5,Camera-like Traffic Generator,514.0561966160207,0.3732806745048901,1229
Node_2,Smart Light,514.3489957262575,1.0171425976024273,92
Node_5,Camera-like Traffic Generator,514.461297943477,0.4051013274563454,1221
Node_4,Motion Sensor,514.6523645907096,5.593748232712802,84
Node_5,Camera-like Traffic Generator,514.7338630381494,0.2725650946723377,1088
Node_3,Smart Plug,514.7805582310414,0.8697225982897762,72
Node_5,Camera-like Traffic Generator,515.0722849063102,0.3384218681608474,1320
Node_5,Camera-like Traffic Generator,515.5133909983549,0.4411060920447263,1418
Node_5,Camera-like Traffic Generator,515.9750166360355,0.4616256376806404,1454
Node_2,Smart Light,516.0230286783767,1.6740329521192103,92
Node_3,Smart Plug,516.187299152911,1.4067409218696838,81
Node_5,Camera-like Traffic Generator,516.2484756722268,0.2734590361912822,1361
Node_5,Camera-like Traffic Generator,516.4694283536943,0.2209526814674213,1374
Node_1,Temperature Sensor,516.6479906632451,2.8184234645366644,90
Node_5,Camera-like Traffic Generator,516.8740354328952,0.40460707920090644,1203
Node_3,Smart Plug,517.1177913241032,0.9304921711922634,80
Node_5,Camera-like Traffic Generator,517.2299656874936,0.35593025459841166,1235
Node_5,Camera-like Traffic Generator,517.5455603645329,0.315594677039308,1391
Node_2,Smart Light,517.9328020443754,1.9097733659987661,64
Node_5,Camera-like Traffic Generator,518.0328328094815,0.4872724449486194,1441
Node_3,Smart Plug,518.2383817076067,1.1205903835034465,97
Node_5,Camera-like Traffic Generator,518.3940352434573,0.3612024339757457,1357
Node_5,Camera-like Traffic Generator,518.7761283183313,0.38209307487403454,1494
Node_4,Motion Sensor,519.0125983308587,4.360233740149141,77
Node_2,Smart Light,519.0291159346268,1.0963138902514085,65
Node_3,Smart Plug,519.0534236283567,0.8150419207500419,69
Node_5,Camera-like Traffic Generator,519.1905575828999,0.4144292645686569,1219
Node_1,Temperature Sensor,519.3207863338023,2.672795670557167,68
Node_5,Camera-like Traffic Generator,519.6388837326155,0.4483261497155542,1029
Node_5,Camera-like Traffic Generator,520.0823824507544,0.4434987181389259,1414
Node_2,Smart Light,520.2210479916184,1.1919320569916132,81
Node_3,Smart Plug,520.2240143830552,1.1705907546985839,73
Node_5,Camera-like Traffic Generator,520.4999276123789,0.4175451616244648,1019
Node_5,Camera-like Traffic Generator,520.819756443895,0.3198288315161123,1463
Node_5,Camera-like Traffic Generator,521.2085369028734,0.3887804589784811,1220
Node_3,Smart Plug,521.2993942555343,1.0753798724790924,66
Node_1,Temperature Sensor,521.5199162665289,2.1991299327265765,60
Node_5,Camera-like Traffic Generator,521.64476396177,0.43622705889654945,1051
Node_2,Smart Light,522.0362623823318,1.8152143907132827,70
Node_5,Camera-like Traffic Generator,522.0988850766703,0.45412111490033363,1378
Node_3,Smart Plug,522.3421401875695,1.0427459320352819,74
Node_5,Camera-like Traffic Generator,522.4728286709626,0.37394359429235274,1395
Node_5,Camera-like Traffic Generator,522.8894269354682,0.41659826450561016,1183
Node_5,Camera-like Traffic Generator,523.2863880351372,0.39696109966896764,1070
Node_2,Smart Light,523.4331588048299,1.3968964224980716,74
Node_5,Camera-like Traffic Generator,523.5593086364952,0.27292060135801083,1241
Node_3,Smart Plug,523.5798018667452,1.2376616791757074,69
Node_1,Temperature Sensor,523.7647588106072,2.24484254407835,79
Node_5,Camera-like Traffic Generator,523.8386609477573,0.27935231126202426,1165
Node_4,Motion Sensor,523.8732304439109,4.860632113052097,86
Node_4,Motion Sensor,523.9724594942504,0.0992290503395498,67
Node_4,Motion Sensor,524.0378629423094,0.0654034480589873,83
Node_4,Motion Sensor,524.0979946131341,0.060131670824684014,91
Node_4,Motion Sensor,524.1770367943999,0.07904218126576765,82
Node_5,Camera-like Traffic Generator,524.2467757649163,0.4081148171590333,1229
Node_5,Camera-like Traffic Generator,524.6595006297529,0.41272486483658166,1376
Node_2,Smart Light,524.8391862147038,1.4060274098738859,82
Node_3,Smart Plug,525.0645728538165,1.4847709870711823,80
Node_5,Camera-like Traffic Generator,525.0865948030204,0.42709417326748267,1171
Node_5,Camera-like Traffic Generator,525.4933530379192,0.40675823489875806,1165
Node_5,Camera-like Traffic Generator,525.8284658853805,0.33511284746131675,1128
Node_5,Camera-like Traffic Generator,526.1110555793316,0.2825896939510736,1017
Node_5,Camera-like Traffic Generator,526.3530618740917,0.24200629476016156,1260
Node_3,Smart Plug,526.4328978558863,1.3683250020698219,85
Node_5,Camera-like Traffic Generator,526.5608440201753,0.2077821460836117,1440
Node_1,Temperature Sensor,526.614496505232,2.849737694624732,62
Node_2,Smart Light,526.8294192463435,1.9902330316397272,69
Node_5,Camera-like Traffic Generator,526.9299058501358,0.3690618299604749,1356
Node_5,Camera-like Traffic Generator,527.2219046692742,0.2919988191383896,1357
Node_5,Camera-like Traffic Generator,527.5921966480668,0.37029197879261055,1152
Node_3,Smart Plug,527.84797194782,1.4150740919338123,95
Node_5,Camera-like Traffic Generator,528.0061202992848,0.4139236512181066,1336
Node_5,Camera-like Traffic Generator,528.2524526855931,0.24633238630831203,1402
Node_5,Camera-like Traffic Generator,528.4910186114294,0.238565925836249,1303
Node_2,Smart Light,528.5134608718139,1.6840416254703854,93
Node_5,Camera-like Traffic Generator,528.9487628992425,0.45774428781321647,1128
Node_1,Temperature Sensor,529.0289375162297,2.4144410109977192,85
Node_4,Motion Sensor,529.089128001358,4.912091206958101,76
Node_5,Camera-like Traffic Generator,529.2171383079545,0.26837540871203996,1425
Node_3,Smart Plug,529.2183729941949,1.370401046374836,61
Node_5,Camera-like Traffic Generator,529.5921074192696,0.37496911131506394,1074
Node_5,Camera-like Traffic Generator,529.7957274341892,0.20362001491953696,1182
Node_5,Camera-like Traffic Generator,530.1483049023731,0.3525774681839136,1435
Node_2,Smart Light,530.167196591373,1.653735719559153,94
Node_3,Smart Plug,530.4068305403126,1.188457546117764,71
Node_5,Camera-like Traffic Generator,530.503350290429,0.35504538805599056,1238
Node_5,Camera-like Traffic Generator,530.9733514928865,0.47000120245756977,1486
Node_1,Temperature Sensor,531.2233727529695,2.194435236739709,87
Node_3,Smart Plug,531.3130262668507,0.9061957265380793,95
Node_5,Camera-like Traffic Generator,531.3665069488243,0.39315545593770634,1293
Node_5,Camera-like Traffic Generator,531.7168355357774,0.3503285869530504,1261
Node_2,Smart Light,531.9267824415498,1.7595858501768449,63
Node_5,Camera-like Traffic Generator,532.0302291581133,0.31339362233596,1463
Node_5,Camera-like Traffic Generator,532.4247421091203,0.39451295100701045,1435
Node_3,Smart Plug,532.5728784981154,1.259852231264729,63
Node_5,Camera-like Traffic Generator,532.7693578543117,0.3446157451913968,1241
Node_5,Camera-like Traffic Generator,533.0833195643793,0.31396171006761325,1334
Node_5,Camera-like Traffic Generator,533.3027453432355,0.2194257788562037,1112
Node_2,Smart Light,533.3060464637896,1.3792640222398158,82
Node_5,Camera-like Traffic Generator,533.5646741211336,0.2619287778980508,1075
Node_3,Smart Plug,533.6404234834135,1.0675449852980858,98
Node_1,Temperature Sensor,533.7177499219799,2.494377169010437,69
Node_5,Camera-like Traffic Generator,533.9472664917436,0.3825923706099712,1364
Node_5,Camera-like Traffic Generator,534.1831439176749,0.23587742593138664,1098
Node_4,Motion Sensor,534.2629971109777,5.173869109619801,69
Node_2,Smart Light,534.3621614029186,1.0561149391289657,60
Node_5,Camera-like Traffic Generator,534.532780991235,0.3496370735600331,1284
Node_3,Smart Plug,534.8691373587586,1.228713875345074,85
Node_5,Camera-like Traffic Generator,534.9243719655054,0.3915909742704824,1006
Node_5,Camera-like Traffic Generator,535.3482489398923,0.423876974386899,1409
Node_2,Smart Light,535.5335449781396,1.1713835752210477,79
Node_5,Camera-like Traffic Generator,535.7845545638203,0.4363056239279769,1449
Node_3,Smart Plug,535.8283369429755,0.9591995842168729,69
Node_5,Camera-like Traffic Generator,536.2069679223653,0.42241335854499784,1181
Node_1,Temperature Sensor,536.3738079330917,2.656058011111784,60
Node_5,Camera-like Traffic Generator,536.4168200815342,0.20985215916892414,1313
Node_3,Smart Plug,536.7352613508937,0.9069244079181962,98
Node_5,Camera-like Traffic Generator,536.9024285623964,0.4856084808621892,1253
Node_2,Smart Light,536.9674546301113,1.4339096519716623,91
Node_5,Camera-like Traffic Generator,537.1838706306602,0.28144206826377915,1480
Node_5,Camera-like Traffic Generator,537.6378523164653,0.4539816858051521,1268
Node_5,Camera-like Traffic Generator,537.8616865039367,0.22383418747135375,1398
Node_3,Smart Plug,538.1720761263886,1.4368147754949199,73
Node_5,Camera-like Traffic Generator,538.1956763593603,0.333989855423649,1261
Node_5,Camera-like Traffic Generator,538.4690840330234,0.273407673663062,1398
Node_2,Smart Light,538.5333112580623,1.5658566279510349,94
Node_5,Camera-like Traffic Generator,538.7238894303172,0.254805397293789,1468
Node_1,Temperature Sensor,539.1247724097102,2.750964476618473,90
Node_5,Camera-like Traffic Generator,539.1811462129199,0.45725678260271335,1114
Node_3,Smart Plug,539.3516397522327,1.1795636258441247,68
Node_5,Camera-like Traffic Generator,539.5963603106941,0.4152140977741764,1088
Node_2,Smart Light,539.628673093533,1.09536183547073,81
Node_4,Motion Sensor,539.6540738630162,5.391076752038392,72
Node_5,Camera-like Traffic Generator,540.0901735577992,0.493813247105042,1132
Node_3,Smart Plug,540.2486433209917,0.8970035687589757,81
Node_5,Camera-like Traffic Generator,540.3734165249831,0.28324296718394576,1371
Node_2,Smart Light,540.6712248511501,1.042551757617045,68
Node_5,Camera-like Traffic Generator,540.7934177006043,0.42000117562120937,1458
Node_1,Temperature Sensor,541.2313597062738,2.106587296563539,77
Node_5,Camera-like Traffic Generator,541.2652599908489,0.4718422902445501,1066
Node_5,Camera-like Traffic Generator,541.5560882472939,0.29082825644507654,1103
Node_3,Smart Plug,541.6087168624066,1.3600735414148655,94
Node_5,Camera-like Traffic Generator,541.8292704261466,0.2731821788527311,1380
Node_5,Camera-like Traffic Generator,542.1724551173618,0.3431846912151678,1049
Node_2,Smart Light,542.5393417417317,1.8681168905816055,95
Node_3,Smart Plug,542.6250157397201,1.016298877313528,88
Node_5,Camera-like Traffic Generator,542.6369473298541,0.4644922124924047,1025
Node_5,Camera-like Traffic Generator,543.0739521679197,0.43700483806559226,1036
Node_1,Temperature Sensor,543.4072463879803,2.1758866817065314,98
Node_5,Camera-like Traffic Generator,543.4174418814017,0.343489713481977,1220
Node_5,Camera-like Traffic Generator,543.7602526229099,0.3428107415081476,1049
Node_3,Smart Plug,543.7916795781714,1.1666638384513102,65
Node_4,Motion Sensor,543.9616182474613,4.30754438444508,90
Node_2,Smart Light,544.014842029377,1.4755002876452732,61
Node_5,Camera-like Traffic Generator,544.1370653839224,0.3768127610124512,1299
Node_5,Camera-like Traffic Generator,544.4270536719881,0.28998828806578203,1004
Node_5,Camera-like Traffic Generator,544.755980366816,0.3289266948278377,1452
Node_2,Smart Light,545.0891900893026,1.0743480599256512,97
Node_5,Camera-like Traffic Generator,545.1719748028561,0.4159944360401872,1221
Node_3,Smart Plug,545.2886596383338,1.4969800601624061,99
Node_5,Camera-like Traffic Generator,545.5647630085873,0.3927882057312103,1294
Node_1,Temperature Sensor,545.9252041384241,2.517957750443741,62
Node_5,Camera-like Traffic Generator,545.955242774303,0.3904797657156287,1377
Node_3,Smart Plug,546.1902663147586,0.9016066764247583,97
Node_5,Camera-like Traffic Generator,546.4529140804374,0.49767130613437693,1125
Node_5,Camera-like Traffic Generator,546.7750647413427,0.3221506609052885,1135
Node_2,Smart Light,546.9885017401676,1.8993116508650085,82
Node_5,Camera-like Traffic Generator,547.1644031993217,0.3893384579789606,1164
Node_5,Camera-like Traffic Generator,547.5093870963391,0.3449838970173901,1141
Node_3,Smart Plug,547.63224479923,1.441978484471392,72
Node_4,Motion Sensor,547.895182968144,3.933564720682783,91
Node_5,Camera-like Traffic Generator,547.9029709885496,0.39358389221050727,1132
Node_2,Smart Light,548.0214035203211,1.032901780153472,97
Node_1,Temperature Sensor,548.174402418084,2.2491982796599714,93
Node_5,Camera-like Traffic Generator,548.262627996562,0.35965700801243333,1170
Node_5,Camera-like Traffic Generator,548.6659807628104,0.40335276624842953,1251
Node_3,Smart Plug,548.8223830078955,1.1901382086654981,97
Node_5,Camera-like Traffic Generator,549.0537572794268,0.3877765166164423,1055
Node_2,Smart Light,549.3358882135477,1.314484693226651,98
Node_5,Camera-like Traffic Generator,549.4807409472155,0.4269836677887224,1091
Node_5,Camera-like Traffic Generator,549.6826961330145,0.2019551857990195,1446
Node_3,Smart Plug,549.7052541113975,0.8828711035020251,72
Node_5,Camera-like Traffic Generator,550.0355605120118,0.35286437899732515,1247
Node_5,Camera-like Traffic Generator,550.2891990620524,0.2536385500406313,1380
Node_1,Temperature Sensor,550.6308642435542,2.4564618254701727,92
Node_5,Camera-like Traffic Generator,550.6910919192418,0.4018928571894191,1047
Node_2,Smart Light,550.9229243176322,1.5870361040844885,90
Node_3,Smart Plug,551.1210007965288,1.4157466851313858,89
Node_5,Camera-like Traffic Generator,551.1497008865532,0.45860896731137857,1171
Node_4,Motion Sensor,551.3374101559606,3.4422271878165844,73
Node_4,Motion Sensor,551.4860616768815,0.14865152092088058,65
Node_5,Camera-like Traffic Generator,551.5557885649379,0.4060876783846097,1411
Node_4,Motion Sensor,551.571669780202,0.08560810332049562,92
Node_4,Motion Sensor,551.7055872678293,0.13391748762730754,62
Node_4,Motion Sensor,551.8071596832804,0.10157241545104287,99
Node_5,Camera-like Traffic Generator,551.8138672163187,0.2580786513808186,1054
Node_5,Camera-like Traffic Generator,552.0834080564376,0.2695408401188622,1153
Node_5,Camera-like Traffic Generator,552.3750232020614,0.2916151456237194,1383
Node_3,Smart Plug,552.4568053053273,1.3358045087984294,95
Node_2,Smart Light,552.6356357175816,1.7127113999493597,75
Node_5,Camera-like Traffic Generator,552.7165858936223,0.34156269156094743,1342
Node_5,Camera-like Traffic Generator,553.1948513428994,0.47826544927699866,1105
Node_1,Temperature Sensor,553.2984419761406,2.667577732586353,99
Node_3,Smart Plug,553.5466334141211,1.0898281087937751,76
Node_5,Camera-like Traffic Generator,553.596417513401,0.40156617050155474,1161
Node_2,Smart Light,553.7125732090229,1.0769374914413459,66
Node_5,Camera-like Traffic Generator,553.8539887332768,0.25757121987580667,1198
Node_5,Camera-like Traffic Generator,554.1055219208725,0.2515331875958084,1078
Node_5,Camera-like Traffic Generator,554.5042991438571,0.3987772229845807,1162
Node_3,Smart Plug,554.6567365550558,1.1101031409347564,97
Node_5,Camera-like Traffic Generator,554.8592390329777,0.35493988912065566,1236
Node_2,Smart Light,554.9530454033272,1.240472194304287,93
Node_5,Camera-like Traffic Generator,555.2378079269216,0.37856889394391025,1208
Node_5,Camera-like Traffic Generator,555.6557484137462,0.4179404868246239,1114
Node_1,Temperature Sensor,555.8938942946099,2.5954523184694196,98
Node_5,Camera-like Traffic Generator,555.9346050379739,0.27885662422772123,1467
Node_3,Smart Plug,556.0826276202495,1.4258910651936618,97
Node_2,Smart Light,556.3422020106946,1.389156607367359,95
Node_5,Camera-like Traffic Generator,556.3849367481865,0.4503317102125692,1185
Node_5,Camera-like Traffic Generator,556.6768064645337,0.291869716347133,1363
Node_4,Motion Sensor,556.7288240607722,4.9216643774919255,62
Node_3,Smart Plug,557.0742849354915,0.9916573152420665,91
Node_5,Camera-like Traffic Generator,557.125575851567,0.4487693870333148,1157
Node_5,Camera-like Traffic Generator,557.4179809169216,0.2924050653546257,1281
Node_2,Smart Light,557.6739318503164,1.3317298396218287,90
Node_5,Camera-like Traffic Generator,557.8467894914874,0.42880857456577637,1002
Node_3,Smart Plug,557.9490249384819,0.8747400029903808,67
Node_5,Camera-like Traffic Generator,558.3287856829385,0.48199619145113476,1027
Node_5,Camera-like Traffic Generator,558.6514220153467,0.3226363324082165,1322
Node_1,Temperature Sensor,558.7853202204203,2.891425925810437,84
Node_2,Smart Light,558.8138824445516,1.1399505942351973,99
Node_5,Camera-like Traffic Generator,558.8934011009449,0.2419790855981091,1228
Node_5,Camera-like Traffic Generator,559.1756632958901,0.2822621949452451,1409
Node_3,Smart Plug,559.282738177095,1.333713238613076,84
Node_5,Camera-like Traffic Generator,559.436327224448,0.26066392855780357,1331
Node_5,Camera-like Traffic Generator,559.7131060236572,0.2767787992092897,1416
Node_5,Camera-like Traffic Generator,559.9202097230773,0.20710369942004783,1213
Node_5,Camera-like Traffic Generator,560.2349316232849,0.3147219002075906,1279
Node_3,Smart Plug,560.2695420061981,0.9868038291031357,82
Node_4,Motion Sensor,560.2968907769931,3.568066716220829,87
Node_2,Smart Light,560.5380460146459,1.7241635700943148,80
Node_5,Camera-like Traffic Generator,560.656636711005,0.4217050877201233,1398
Node_5,Camera-like Traffic Generator,561.0419034624351,0.3852667514300572,1220
Node_3,Smart Plug,561.2311799503112,0.9616379441131091,69
Node_5,Camera-like Traffic Generator,561.3240923684494,0.28218890601434093,1037
Node_1,Temperature Sensor,561.5045941816962,2.719273961275967,80
Node_5,Camera-like Traffic Generator,561.5722177524348,0.24812538398537717,1361
Node_5,Camera-like Traffic Generator,562.0546659996319,0.4824482471971154,1296
Node_3,Smart Plug,562.5123444699361,1.2811645196248527,74
Node_2,Smart Light,562.5123693420819,1.9743233274359964,62
Node_5,Camera-like Traffic Generator,562.5402796094178,0.48561360978588425,1473
Node_5,Camera-like Traffic Generator,562.9746479925409,0.43436838312317033,1195
Node_5,Camera-like Traffic Generator,563.4625675039832,0.48791951144237966,1353
Node_5,Camera-like Traffic Generator,563.7375213415571,0.27495383757384706,1493
Node_3,Smart Plug,563.794043369249,1.2816988993129013,79
Node_2,Smart Light,563.9494575949254,1.4370882528434992,93
Node_5,Camera-like Traffic Generator,564.11335565096,0.37583430940289564,1029
Node_5,Camera-like Traffic Generator,564.3301900209464,0.2168343699864194,1171
Node_1,Temperature Sensor,564.3351633514177,2.8305691697214153,81
Node_5,Camera-like Traffic Generator,564.691558734555,0.3613687136086423,1219
Node_4,Motion Sensor,564.6990979414542,4.402207164461068,94
Node_3,Smart Plug,564.9456705804644,1.151627211215323,84
Node_5,Camera-like Traffic Generator,564.976829333334,0.2852705987789425,1235
Node_2,Smart Light,565.2900503414005,1.340592746475106,90
Node_5,Camera-like Traffic Generator,565.4410842551946,0.46425492186060446,1036
Node_5,Camera-like Traffic Generator,565.9342378826541,0.49315362745950275,1366
Node_3,Smart Plug,566.244083970048,1.298413389583662,74
Node_5,Camera-like Traffic Generator,566.3815310922779,0.44729320962378216,1436
Node_5,Camera-like Traffic Generator,566.7584735874575,0.37694249517959866,1287
Node_5,Camera-like Traffic Generator,567.1270245029252,0.36855091546775065,1219
Node_1,Temperature Sensor,567.232371454651,2.897208103233262,89
Node_2,Smart Light,567.2449087383152,1.9548583969146658,75
Node_5,Camera-like Traffic Generator,567.4253771368769,0.298352633951753,1273
Node_3,Smart Plug,567.6405745727739,1.3964906027259096,79
Node_5,Camera-like Traffic Generator,567.823584372796,0.3982072359190564,1278
Node_5,Camera-like Traffic Generator,568.2687773706049,0.4451929978089467,1344
Node_5,Camera-like Traffic Generator,568.510917640865,0.2421402702602015,1384
Node_3,Smart Plug,568.536833478413,0.8962589056391304,67
Node_5,Camera-like Traffic Generator,568.9721352382585,0.46121759739346957,1349
Node_2,Smart Light,569.0184636544465,1.7735549161313224,61
Node_3,Smart Plug,569.3593941656719,0.822560687258932,90
Node_5,Camera-like Traffic Generator,569.3938527113347,0.4217174730761972,1478
Node_4,Motion Sensor,569.3973886686612,4.6982907272070245,71
Node_5,Camera-like Traffic Generator,569.7022215951496,0.308368883814894,1386
Node_1,Temperature Sensor,569.7070458914741,2.4746744368230535,70
Node_5,Camera-like Traffic Generator,570.1264035546697,0.4241819595200983,1107
Node_3,Smart Plug,570.1699041479882,0.81050998231623,70
Node_2,Smart Light,570.2917906830753,1.2733270286287972,99
Node_5,Camera-like Traffic Generator,570.4227836941136,0.2963801394440079,1113
Node_5,Camera-like Traffic Generator,570.7314448323792,0.308661138265607,1099
Node_5,Camera-like Traffic Generator,571.2228764323182,0.49143159993900426,1129
Node_3,Smart Plug,571.2590349635224,1.0891308155342039,89
Node_5,Camera-like Traffic Generator,571.6039614997417,0.38108506742339643,1466
Node_2,Smart Light,571.7823941391861,1.4906034561107933,74
Node_5,Camera-like Traffic Generator,571.8460424805475,0.24208098080573326,1321
Node_1,Temperature Sensor,571.9542856289837,2.2472397375096596,85
Node_5,Camera-like Traffic Generator,572.1742417592515,0.3281992787040203,1403
Node_5,Camera-like Traffic Generator,572.6136708592167,0.439429099965165,1415
Node_3,Smart Plug,572.7508053557465,1.4917703922240695,90
Node_5,Camera-like Traffic Generator,572.8317567664218,0.21808590720515444,1494
Node_5,Camera-like Traffic Generator,573.1437990743117,0.3120423078899114,1282
Node_4,Motion Sensor,573.3832458162866,3.9858571476253863,95
Node_3,Smart Plug,573.5971007827109,0.8462954269644226,97
Node_5,Camera-like Traffic Generator,573.6424954135138,0.4986963392021149,1479
Node_2,Smart Light,573.7235369841568,1.9411428449707255,77
Node_5,Camera-like Traffic Generator,574.104419679133,0.4619242656192442,1163
Node_5,Camera-like Traffic Generator,574.4660624968956,0.3616428177625153,1141
Node_1,Temperature Sensor,574.7200993132809,2.7658136842971652,80
Node_5,Camera-like Traffic Generator,574.7661882678393,0.3001257709437024,1033
Node_5,Camera-like Traffic Generator,574.9888540394547,0.22266577161544593,1046
Node_3,Smart Plug,575.0870401304213,1.4899393477104577,94
Node_5,Camera-like Traffic Generator,575.3563412326083,0.3674871931536232,1056
Node_2,Smart Light,575.403231842245,1.6796948580881588,86
Node_5,Camera-like Traffic Generator,575.6038084080293,0.24746717542094956,1256
Node_5,Camera-like Traffic Generator,576.0592541918107,0.4554457837814024,1286
Node_3,Smart Plug,576.230000159379,1.1429600289576045,72
Node_5,Camera-like Traffic Generator,576.3997882305259,0.3405340387151349,1325
Node_2,Smart Light,576.4889259598817,1.0856941176367356,84
Node_5,Camera-like Traffic Generator,576.6570544675582,0.2572662370322064,1036
Node_5,Camera-like Traffic Generator,577.0622404116183,0.4051859440601171,1408
Node_1,Temperature Sensor,577.3468477502627,2.6267484369817815,70
Node_3,Smart Plug,577.3502816099882,1.1202814506091985,69
Node_5,Camera-like Traffic Generator,577.4019549613638,0.3397145497455193,1444
Node_5,Camera-like Traffic Generator,577.9002598650326,0.4983049036687685,1076
Node_5,Camera-like Traffic Generator,578.1993886978639,0.2991288328312914,1090
Node_2,Smart Light,578.2869811336844,1.7980551738027466,88
Node_3,Smart Plug,578.433688347758,1.0834067377697698,61
Node_5,Camera-like Traffic Generator,578.5719558285036,0.3725671306397238,1227
Node_5,Camera-like Traffic Generator,579.0062897028467,0.4343338743431557,1369
Node_4,Motion Sensor,579.1148748908495,5.73162907456291,96
Node_2,Smart Light,579.3690191433576,1.0820380096731486,66
Node_1,Temperature Sensor,579.4243311041274,2.0774833538647357,71
Node_5,Camera-like Traffic Generator,579.4908408102066,0.4845511073598202,1444
Node_3,Smart Plug,579.7484205936878,1.3147322459297626,75
Node_5,Camera-like Traffic Generator,579.8112806307378,0.3204398205311697,1146
Node_5,Camera-like Traffic Generator,580.1983875548578,0.38710692412008935,1194
Node_5,Camera-like Traffic Generator,580.4009489263897,0.20256137153185144,1161
Node_5,Camera-like Traffic Generator,580.6460974024365,0.24514847604674014,1427
Node_3,Smart Plug,580.7674488376758,1.0190282439880483,84
Node_5,Camera-like Traffic Generator,581.0214103469557,0.3753129445192329,1383
Node_2,Smart Light,581.0806962981362,1.7116771547786167,85
Node_5,Camera-like Traffic Generator,581.3811196294532,0.3597092824975103,1326
Node_5,Camera-like Traffic Generator,581.641219095084,0.26009946563078723,1410
Node_1,Temperature Sensor,581.6960462112096,2.2717151070821844,72
Node_3,Smart Plug,582.0871763359714,1.3197274982955614,83
Node_5,Camera-like Traffic Generator,582.118826059243,0.4776069641589641,1446
Node_5,Camera-like Traffic Generator,582.5332973983807,0.41447133913765055,1288
Node_5,Camera-like Traffic Generator,582.7899516112421,0.25665421286149026,1074
Node_2,Smart Light,582.8203515871128,1.7396552889765946,72
Node_5,Camera-like Traffic Generator,583.0824961106877,0.2925444994455279,1050
Node_3,Smart Plug,583.2548377081634,1.1676613721920228,95
Node_5,Camera-like Traffic Generator,583.442522725656,0.3600266149683031,1472
Node_5,Camera-like Traffic Generator,583.6543585021775,0.21183577652155583,1063
Node_2,Smart Light,583.926902504824,1.1065509177112611,60
Node_5,Camera-like Traffic Generator,583.9589143823545,0.30455588017700747,1034
Node_4,Motion Sensor,584.0311760419842,4.916301151134634,78
Node_1,Temperature Sensor,584.2361984337281,2.5401522225184565,65
Node_5,Camera-like Traffic Generator,584.4200811977739,0.4611668154195016,1464
Node_3,Smart Plug,584.6056816117866,1.3508439036232112,80
Node_5,Camera-like Traffic Generator,584.8175313107921,0.3974501130181713,1100
Node_5,Camera-like Traffic Generator,585.0665179836054,0.24898667281333423,1495
Node_2,Smart Light,585.2351699599603,1.308267455136298,74
Node_5,Camera-like Traffic Generator,585.336411638644,0.26989365503855556,1459
Node_3,Smart Plug,585.7218083265811,1.1161267147945635,93
Node_5,Camera-like Traffic Generator,585.7681152397257,0.43170360108169487,1013
Node_5,Camera-like Traffic Generator,586.2314065179812,0.4632912782554618,1472
Node_1,Temperature Sensor,586.4674599134563,2.231261479728187,87
Node_5,Camera-like Traffic Generator,586.4683395477986,0.23693302981739617,1474
Node_2,Smart Light,586.5049364031997,1.2697664432393865,65
Node_3,Smart Plug,586.5514994677875,0.8296911412063684,99
Node_5,Camera-like Traffic Generator,586.6759667141084,0.20762716630984648,1433
Node_5,Camera-like Traffic Generator,587.1322231478484,0.45625643374006325,1104
Node_5,Camera-like Traffic Generator,587.3469874354248,0.21476428757640506,1219
Node_5,Camera-like Traffic Generator,587.6065787552964,0.25959131987161693,1385
Node_4,Motion Sensor,587.670591564776,3.6394155227918707,90
Node_2,Smart Light,587.6923281867277,1.187391783527877,77
Node_3,Smart Plug,587.7145913245987,1.1630918568112583,75
Node_5,Camera-like Traffic Generator,587.9836439135171,0.37706515822075176,1062
Node_5,Camera-like Traffic Generator,588.474417047842,0.490773134324916,1253
Node_5,Camera-like Traffic Generator,588.8479081087052,0.3734910608631037,1258
Node_3,Smart Plug,589.0292103816839,1.3146190570851872,82
Node_5,Camera-like Traffic Generator,589.0967730077368,0.24886489903168313,1104
Node_1,Temperature Sensor,589.1738790551509,2.7064191416945524,62
Node_2,Smart Light,589.2470681873365,1.5547400006088679,76
Node_5,Camera-like Traffic Generator,589.5789817376203,0.4822087298835257,1370
Node_5,Camera-like Traffic Generator,589.8864988431468,0.3075171055265127,1497
Node_3,Smart Plug,590.1904990598503,1.161288678166359,85
Node_5,Camera-like Traffic Generator,590.2110372033648,0.32453836021791654,1105
Node_2,Smart Light,590.2733300913497,1.0262619040132972,74
Node_5,Camera-like Traffic Generator,590.4382744967866,0.22723729342175544,1253
Node_5,Camera-like Traffic Generator,590.7816681830259,0.3433936862393123,1254
Node_3,Smart Plug,591.0250058742771,0.8345068144268932,71
Node_5,Camera-like Traffic Generator,591.265137235915,0.4834690528890947,1008
Node_2,Smart Light,591.3663943518096,1.0930642604598741,83
Node_5,Camera-like Traffic Generator,591.5791459758112,0.31400873989629374,1210
Node_1,Temperature Sensor,591.5814784248175,2.4075993696665865,81
Node_5,Camera-like Traffic Generator,592.0676166028602,0.4884706270489687,1050
Node_3,Smart Plug,592.1036337982953,1.0786279240181915,72
Node_5,Camera-like Traffic Generator,592.3757343358897,0.3081177330294217,1154
Node_5,Camera-like Traffic Generator,592.5953260162842,0.21959168039444585,1472
Node_2,Smart Light,592.6908246823821,1.3244303305724126,75
Node_5,Camera-like Traffic Generator,592.990926567578,0.3956005512938524,1114
Node_4,Motion Sensor,593.1145495715347,5.443958006758581,75
Node_5,Camera-like Traffic Generator,593.401290747825,0.4103641802470046,1325
Node_3,Smart Plug,593.4829685036193,1.3793347053240255,78
Node_5,Camera-like Traffic Generator,593.8443415750369,0.4430508272119303,1437
Node_2,Smart Light,593.9826720336783,1.2918473512963211,75
Node_1,Temperature Sensor,593.9972526589207,2.415774234103156,68
Node_5,Camera-like Traffic Generator,594.0490965838937,0.2047550088568981,1482
Node_5,Camera-like Traffic Generator,594.4679853173866,0.4188887334928504,1448
Node_3,Smart Plug,594.5786920313346,1.095723527715309,84
Node_5,Camera-like Traffic Generator,594.6815961649955,0.21361084760889965,1423
Node_5,Camera-like Traffic Generator,594.9348036806925,0.25320751569698585,1004
Node_2,Smart Light,595.0673715506068,1.0846995169285225,96
Node_5,Camera-like Traffic Generator,595.2903902865597,0.35558660586720325,1070
Node_3,Smart Plug,595.4168746981055,0.8381826667708685,80
Node_5,Camera-like Traffic Generator,595.6313340978622,0.3409438113025304,1019
Node_5,Camera-like Traffic Generator,596.0101954442614,0.37886134639914393,1104
Node_3,Smart Plug,596.3164424312481,0.8995677331425642,93
Node_1,Temperature Sensor,596.4173961766942,2.4201435177734254,96
Node_5,Camera-like Traffic Generator,596.4321502086743,0.4219547644129817,1146
Node_5,Camera-like Traffic Generator,596.8174167185088,0.3852665098344006,1411
Node_2,Smart Light,596.9725791249202,1.905207574313359,99
Node_5,Camera-like Traffic Generator,597.1431884634434,0.3257717449346631,1087
Node_4,Motion Sensor,597.3154872714541,4.200937699919443,60
Node_3,Smart Plug,597.4326310927289,1.1161886614807588,88
Node_5,Camera-like Traffic Generator,597.4987683678327,0.3555799043893073,1075
Node_5,Camera-like Traffic Generator,597.9415936445583,0.4428252767257087,1334
Node_5,Camera-like Traffic Generator,598.2511140475838,0.30952040302547235,1462
Node_3,Smart Plug,598.3118512030994,0.8792201103705166,91
Node_2,Smart Light,598.5445395556698,1.5719604307495394,66
Node_5,Camera-like Traffic Generator,598.6870810820482,0.43596703446441976,1014
Node_5,Camera-like Traffic Generator,598.9483041508206,0.26122306877240126,1201
Node_1,Temperature Sensor,599.0014755908984,2.584079414204225,87
Node_5,Camera-like Traffic Generator,599.2602593872607,0.31195523644010914,1420
Node_5,Camera-like Traffic Generator,599.646833458134,0.38657407087327406,1014
Node_3,Smart Plug,599.7683409234888,1.4564897203894676,87
Node_5,Camera-like Traffic Generator,599.8545824680075,0.20774900987352887,1014
Node_2,Smart Light,599.9252715791584,1.380732023488743,65
Node_5,Camera-like Traffic Generator,600.1957331654047,0.3411506973971935,1367
Node_4,Motion Sensor,600.3451635465673,3.029676275113176,82
Node_5,Camera-like Traffic Generator,600.4390354091595,0.2433022437548122,1203
Node_3,Smart Plug,600.6630555954221,0.8947146719332538,76
Node_5,Camera-like Traffic Generator,600.8008778858338,0.3618424766742515,1381
Node_5,Camera-like Traffic Generator,601.2176347009809,0.41675681514711216,1084
Node_2,Smart Light,601.2264028445335,1.3011312653750688,79
Node_5,Camera-like Traffic Generator,601.4476692751355,0.23003457415462686,1174
Node_5,Camera-like Traffic Generator,601.7144791791717,0.2668099040362028,1209
Node_3,Smart Plug,601.778675693815,1.115620098392952,67
Node_1,Temperature Sensor,601.8582076232024,2.8567320323039342,90
Node_5,Camera-like Traffic Generator,601.9343768966604,0.21989771748872977,1484
Node_5,Camera-like Traffic Generator,602.2737068925833,0.33932999592282354,1207
Node_2,Smart Light,602.2896699948104,1.0632671502769544,77
Node_5,Camera-like Traffic Generator,602.7431499125174,0.46944301993413384,1220
Node_3,Smart Plug,602.9918965265177,1.2132208327027578,88
Node_5,Camera-like Traffic Generator,603.2002246141618,0.4570747016443411,1404
Node_5,Camera-like Traffic Generator,603.4004411026531,0.20021648849121676,1238
Node_2,Smart Light,603.710772334583,1.4211023397725242,79
Node_4,Motion Sensor,603.772369465831,3.427205919263725,85
Node_5,Camera-like Traffic Generator,603.8703058001904,0.4698646975373096,1128
Node_3,Smart Plug,603.9332489298141,0.9413524032964103,78
Node_5,Camera-like Traffic Generator,604.1671687376775,0.29686293748700826,1269
Node_1,Temperature Sensor,604.23858865213,2.3803810289277116,60
Node_5,Camera-like Traffic Generator,604.6542403440757,0.4870716063982462,1334
Node_2,Smart Light,604.7876936959782,1.0769213613951572,70
Node_5,Camera-like Traffic Generator,604.8831598311001,0.22891948702437395,1246
Node_3,Smart Plug,604.9083065356682,0.9750576058540668,87
Node_5,Camera-like Traffic Generator,605.3324866372847,0.449326806184579,1285
Node_5,Camera-like Traffic Generator,605.570236530248,0.2377498929634194,1257
Node_5,Camera-like Traffic Generator,606.0118707745909,0.4416342443427945,1071
Node_2,Smart Light,606.0342837643252,1.246590068347003,85
Node_3,Smart Plug,606.343320259772,1.4350137241037846,91
Node_5,Camera-like Traffic Generator,606.4096337535966,0.39776297900569957,1371
Node_1,Temperature Sensor,606.5903474548019,2.351758802671825,90
Node_5,Camera-like Traffic Generator,606.8248141738846,0.41518042028808266,1141
Node_5,Camera-like Traffic Generator,607.2093185400408,0.38450436615622385,1124
Node_5,Camera-like Traffic Generator,607.4845197508331,0.27520121079227344,1365
Node_2,Smart Light,607.6280901623643,1.5938063980390786,67
Node_3,Smart Plug,607.6461825635749,1.302862303802994,64
Node_5,Camera-like Traffic Generator,607.7748521948347,0.2903324440016428,1355
Node_5,Camera-like Traffic Generator,608.1134969437646,0.33864474892993945,1295
Node_5,Camera-like Traffic Generator,608.4685682512834,0.3550713075187067,1493
Node_3,Smart Plug,608.5260980207518,0.8799154571768545,77
Node_2,Smart Light,608.7350625299451,1.106972367580902,72
Node_5,Camera-like Traffic Generator,608.7485860133779,0.2800177620944983,1449
Node_5,Camera-like Traffic Generator,609.0469692174701,0.29838320409213215,1187
Node_5,Camera-like Traffic Generator,609.2905355172499,0.24356629977979188,1368
Node_1,Temperature Sensor,609.443795405371,2.8534479505691044,98
Node_4,Motion Sensor,609.5104957608656,5.738126295034574,99
Node_3,Smart Plug,609.5801583931618,1.054060372410078,80
Node_5,Camera-like Traffic Generator,609.7457600432548,0.4552245260049968,1373
Node_5,Camera-like Traffic Generator,610.1856914591368,0.43993141588202866,1315
Node_5,Camera-like Traffic Generator,610.623949916018,0.4382584568811122,1489
Node_3,Smart Plug,610.649019555145,1.0688611619831003,91
Node_2,Smart Light,610.6838859923397,1.9488234623945653,73
Node_5,Camera-like Traffic Generator,610.8282464351997,0.20429651918177558,1317
Node_5,Camera-like Traffic Generator,611.2788601629067,0.45061372770690666,1118
Node_5,Camera-like Traffic Generator,611.5978892415151,0.31902907860845114,1005
Node_3,Smart Plug,611.8071860711841,1.1581665160391537,97
Node_1,Temperature Sensor,611.8628166880009,2.4190212826298216,89
Node_5,Camera-like Traffic Generator,611.9421221534681,0.3442329119529832,1428
Node_5,Camera-like Traffic Generator,612.1984466331122,0.2563244796441039,1434
Node_2,Smart Light,612.3040781802143,1.6201921878746894,92
Node_5,Camera-like Traffic Generator,612.6896805651392,0.491233932026926,1202
Node_3,Smart Plug,612.872261113173,1.0650750419888058,75
Node_4,Motion Sensor,613.1078643707223,3.5973686098566278,68
Node_5,Camera-like Traffic Generator,613.187490199977,0.4978096348378871,1226
Node_5,Camera-like Traffic Generator,613.4663315916579,0.2788413916808652,1219
Node_2,Smart Light,613.6336198964935,1.3295417162792602,73
Node_5,Camera-like Traffic Generator,613.8898197204675,0.423488128809568,1327
Node_3,Smart Plug,614.210043339822,1.3377822266490718,96
Node_5,Camera-like Traffic Generator,614.2441669932597,0.3543472727922029,1168
Node_1,Temperature Sensor,614.4089489977347,2.546132309733839,84
Node_5,Camera-like Traffic Generator,614.7431727048431,0.4990057115834806,1093
Node_5,Camera-like Traffic Generator,615.0454676031899,0.3022948983467858,1435
Node_3,Smart Plug,615.405887444782,1.1958441049599184,86
Node_2,Smart Light,615.4490953664965,1.8154754700030031,94
Node_5,Camera-like Traffic Generator,615.477069940138,0.4316023369481432,1228
Node_5,Camera-like Traffic Generator,615.7060209636601,0.22895102352204774,1428
Node_5,Camera-like Traffic Generator,616.1350017608594,0.42898079719932286,1131
Node_3,Smart Plug,616.3109502589393,0.9050628141573582,94
Node_5,Camera-like Traffic Generator,616.5695880415154,0.43458628065605964,1213
Node_1,Temperature Sensor,616.6294876920585,2.220538694323819,68
Node_5,Camera-like Traffic Generator,616.7772122384429,0.2076241969274436,1271
Node_4,Motion Sensor,616.8938609281704,3.785996557448134,93
Node_5,Camera-like Traffic Generator,617.0055872945915,0.22837505614859996,1487
Node_3,Smart Plug,617.2361569942107,0.925206735271288,88
Node_2,Smart Light,617.4233207430011,1.9742253765046067,65
Node_5,Camera-like Traffic Generator,617.4546106809308,0.4490233863394043,1060
Node_5,Camera-like Traffic Generator,617.8684192874117,0.41380860648091156,1063
Node_5,Camera-like Traffic Generator,618.1727065607897,0.3042872733779931,1226
Node_3,Smart Plug,618.3298641780757,1.0937071838650372,72
Node_5,Camera-like Traffic Generator,618.5386961228787,0.3659895620889478,1469
Node_2,Smart Light,618.7439858983762,1.3206651553750877,97
Node_5,Camera-like Traffic Generator,619.0285838883764,0.4898877654976416,1485
Node_1,Temperature Sensor,619.0653236681052,2.4358359760466364,61
Node_5,Camera-like Traffic Generator,619.2833676015924,0.2547837132160919,1410
Node_3,Smart Plug,619.6679054737284,1.3380412956526597,77
Node_5,Camera-like Traffic Generator,619.7490548839726,0.46568728238018925,1255
Node_2,Smart Light,619.9448373870782,1.2008514887020718,72
Node_5,Camera-like Traffic Generator,619.9915674114683,0.24251252749565128,1340
Node_5,Camera-like Traffic Generator,620.4243408197993,0.43277340833109446,1099
Node_4,Motion Sensor,620.6317537088888,3.737892780718388,67
Node_5,Camera-like Traffic Generator,620.8477195593514,0.4233787395520579,1262
Node_3,Smart Plug,620.9064224684914,1.2385169947630705,64
Node_5,Camera-like Traffic Generator,621.2817008672866,0.4339813079352033,1281
Node_1,Temperature Sensor,621.4014532118035,2.3361295436983824,87
Node_5,Camera-like Traffic Generator,621.6408693294254,0.3591684621387241,1023
Node_3,Smart Plug,621.7985221907599,0.89209972226846,68
Node_2,Smart Light,621.909412010173,1.9645746230947938,98
Node_5,Camera-like Traffic Generator,622.0008162062553,0.35994687682983906,1269
Node_5,Camera-like Traffic Generator,622.4089246305325,0.40810842427722405,1498
Node_5,Camera-like Traffic Generator,622.6589506704037,0.2500260398711386,1079
Node_3,Smart Plug,623.0343144203509,1.2357922295911392,70
Node_5,Camera-like Traffic Generator,623.0630697406482,0.4041190702445109,1317
Node_2,Smart Light,623.2008601617531,1.2914481515800533,87
Node_5,Camera-like Traffic Generator,623.5207519850195,0.45768224437128957,1113
Node_1,Temperature Sensor,623.8057698809412,2.404316669137637,66
Node_5,Camera-like Traffic Generator,623.9999466479283,0.4791946629086975,1358
Node_3,Smart Plug,624.1553642808309,1.1210498604799757,94
Node_5,Camera-like Traffic Generator,624.3621931179524,0.36224647002412075,1477
Node_4,Motion Sensor,624.4171195268227,3.7853658179338785,93
Node_5,Camera-like Traffic Generator,624.6893978412919,0.3272047233394426,1101
Node_2,Smart Light,624.6918674746452,1.4910073128921022,83
Node_5,Camera-like Traffic Generator,624.9040714959355,0.21467365464357308,1484
Node_5,Camera-like Traffic Generator,625.2243333490414,0.32026185310593935,1194
Node_3,Smart Plug,625.335815092554,1.1804508117230101,60
Node_5,Camera-like Traffic Generator,625.5808579185201,0.35652456947865085,1210
Node_5,Camera-like Traffic Generator,625.9238216672463,0.342963748726258,1160
Node_2,Smart Light,625.9342917714257,1.2424242967805732,75
Node_1,Temperature Sensor,626.2731600301735,2.46739014923231,65
Node_5,Camera-like Traffic Generator,626.3402859616012,0.4164642943549379,1149
Node_5,Camera-like Traffic Generator,626.5627471067892,0.22246114518790522,1354
Node_3,Smart Plug,626.75370713693,1.4178920443760363,69
Node_5,Camera-like Traffic Generator,626.9631831579305,0.4004360511413336,1104
Node_5,Camera-like Traffic Generator,627.3832213050815,0.4200381471509872,1296
Node_5,Camera-like Traffic Generator,627.60326574599,0.2200444409084817,1377
Node_2,Smart Light,627.7507862868587,1.816494515432913,75
Node_4,Motion Sensor,627.8288501302253,3.4117306034026162,95
Node_5,Camera-like Traffic Generator,627.84535672702,0.24209098102999826,1240
Node_3,Smart Plug,627.9659107659589,1.2122036290290166,79
Node_5,Camera-like Traffic Generator,628.0934326140547,0.2480758870346686,1486
Node_5,Camera-like Traffic Generator,628.586369141674,0.49293652761931106,1489
Node_2,Smart Light,628.8646741104707,1.1138878236119982,82
Node_1,Temperature Sensor,628.8954169911475,2.622256960974065,61
Node_5,Camera-like Traffic Generator,628.9037406228534,0.31737148117940017,1079
Node_3,Smart Plug,629.0530167219569,1.0871059559979495,63
Node_5,Camera-like Traffic Generator,629.2294434064477,0.32570278359427973,1295
Node_5,Camera-like Traffic Generator,629.5040153970442,0.2745719905964934,1175
Node_5,Camera-like Traffic Generator,629.7719069172241,0.2678915201798618,1474
Node_5,Camera-like Traffic Generator,630.0140390181921,0.24213210096799992,1200
Node_3,Smart Plug,630.2730881949637,1.2200714730069124,69
Node_5,Camera-like Traffic Generator,630.4318327065333,0.417793688341204,1292
Node_2,Smart Light,630.4569011447211,1.5922270342503855,81
Node_5,Camera-like Traffic Generator,630.8335279024582,0.401695195924892,1102
Node_5,Camera-like Traffic Generator,631.0762504331336,0.2427225306754665,1137
Node_1,Temperature Sensor,631.2894372474872,2.394020256339705,82
Node_5,Camera-like Traffic Generator,631.3744912668872,0.2982408337535762,1318
Node_3,Smart Plug,631.4562273216719,1.1831391267082025,84
Node_5,Camera-like Traffic Generator,631.7306773512869,0.35618608439973126,1262
Node_4,Motion Sensor,631.8439999680198,4.01514983779447,78
Node_2,Smart Light,632.1386137778512,1.6817126331300876,82
Node_5,Camera-like Traffic Generator,632.1621747603964,0.43149740910950096,1299
Node_5,Camera-like Traffic Generator,632.4318291126003,0.2696543522039535,1219
Node_3,Smart Plug,632.6465113754601,1.190284053788222,93
Node_5,Camera-like Traffic Generator,632.878501223139,0.4466721105386268,1270
Node_5,Camera-like Traffic Generator,633.2615119326953,0.38301070955626837,1076
Node_1,Temperature Sensor,633.3165392938275,2.027102046340312,85
Node_3,Smart Plug,633.4807545354203,0.8342431599601209,65
Node_5,Camera-like Traffic Generator,633.7255799967419,0.46406806404663536,1377
Node_2,Smart Light,634.0916183893376,1.953004611486296,78
Node_5,Camera-like Traffic Generator,634.1415820423317,0.4160020455897835,1437
Node_5,Camera-like Traffic Generator,634.6264284152072,0.4848463728754805,1020
Node_3,Smart Plug,634.7380483501711,1.2572938147508643,61
Node_5,Camera-like Traffic Generator,635.0778216489485,0.4513932337413357,1127
Node_1,Temperature Sensor,635.4522387810581,2.135699487230564,78
Node_5,Camera-like Traffic Generator,635.4658911500204,0.38806950107185323,1212
Node_5,Camera-like Traffic Generator,635.7164279529,0.25053680287951746,1354
Node_2,Smart Light,635.7999854405937,1.7083670512560634,77
Node_4,Motion Sensor,635.9529219312084,4.108921963188523,66
Node_3,Smart Plug,636.1357288512351,1.3976805010639315,86
Node_5,Camera-like Traffic Generator,636.1760797951539,0.45965184225392847,1243
Node_5,Camera-like Traffic Generator,636.4634118729804,0.28733207782648523,1261
Node_5,Camera-like Traffic Generator,636.6899837599615,0.2265718869811415,1365
Node_2,Smart Light,637.091316648579,1.2913312079852952,87
Node_5,Camera-like Traffic Generator,637.1779040910202,0.4879203310587562,1432
Node_5,Camera-like Traffic Generator,637.4502918694872,0.2723877784670024,1424
Node_1,Temperature Sensor,637.5025234145468,2.0502846334886273,75
Node_3,Smart Plug,637.5223389562899,1.386610105054824,71
Node_5,Camera-like Traffic Generator,637.7986514099721,0.34835954048494056,1350
Node_5,Camera-like Traffic Generator,638.1283946040046,0.3297431940324771,1028
Node_5,Camera-like Traffic Generator,638.3599516331889,0.2315570291843278,1384
Node_5,Camera-like Traffic Generator,638.8126491331586,0.45269749996971864,1366
Node_2,Smart Light,638.9102822165835,1.8189655680044585,91
Node_3,Smart Plug,638.9666082450785,1.4442692887886754,61
Node_5,Camera-like Traffic Generator,639.2840685404034,0.47141940724478093,1320
Node_5,Camera-like Traffic Generator,639.58271744188,0.2986489014766634,1333
Node_1,Temperature Sensor,639.7141836987582,2.2116602842114816,73
Node_5,Camera-like Traffic Generator,639.8580921620878,0.27537472020779535,1178
Node_3,Smart Plug,640.0584780917773,1.0918698466987506,67
Node_5,Camera-like Traffic Generator,640.0619699950544,0.20387783296659062,1356
Node_2,Smart Light,640.3194238068284,1.4091415902449014,79
Node_5,Camera-like Traffic Generator,640.407634622702,0.3456646276475732,1292
Node_4,Motion Sensor,640.5337021537085,4.580780222500157,84
Node_5,Camera-like Traffic Generator,640.6740510634371,0.26641644073520104,1216
Node_5,Camera-like Traffic Generator,640.9537773126491,0.2797262492119494,1498
Node_3,Smart Plug,641.3289414384602,1.2704633466829836,84
Node_5,Camera-like Traffic Generator,641.4016555602421,0.44787824759303574,1243
Node_5,Camera-like Traffic Generator,641.7836477464847,0.38199218624251785,1282
Node_2,Smart Light,641.952759846482,1.6333360396536636,69
Node_5,Camera-like Traffic Generator,642.1656360964565,0.381988349971846,1435
Node_1,Temperature Sensor,642.4754134066523,2.761229707894027,75
Node_5,Camera-like Traffic Generator,642.5659032065865,0.40026711013001326,1021
Node_3,Smart Plug,642.6130009711167,1.2840595326564668,83
Node_5,Camera-like Traffic Generator,642.7982425103564,0.23233930376993797,1419
Node_5,Camera-like Traffic Generator,643.1910458432084,0.3928033328519869,1049
Node_5,Camera-like Traffic Generator,643.4195199128577,0.22847406964929406,1483
Node_2,Smart Light,643.6114228150143,1.658662968532318,88
Node_5,Camera-like Traffic Generator,643.6911042076553,0.2715842947975564,1290
Node_3,Smart Plug,643.9641162767902,1.3511153056735101,67
Node_5,Camera-like Traffic Generator,644.1038957955976,0.41279158794236837,1301
Node_5,Camera-like Traffic Generator,644.548480857551,0.4445850619533921,1359
Node_5,Camera-like Traffic Generator,644.7604403343512,0.2119594768001984,1323
Node_4,Motion Sensor,644.8348563398021,4.301154186093536,64
Node_3,Smart Plug,645.0828527564043,1.1187364796141859,83
Node_5,Camera-like Traffic Generator,645.0925138593602,0.33207352500908005,1230
Node_1,Temperature Sensor,645.227423230207,2.752009823554785,93
Node_2,Smart Light,645.4004995782343,1.7890767632200628,62
Node_5,Camera-like Traffic Generator,645.5515372393181,0.4590233799578966,1018
Node_5,Camera-like Traffic Generator,645.8711450614975,0.31960782217940836,1402
Node_5,Camera-like Traffic Generator,646.2944609645449,0.423315903047392,1215
Node_3,Smart Plug,646.5348886299746,1.452035873570204,63
Node_5,Camera-like Traffic Generator,646.7668853570044,0.4724243924594832,1108
Node_5,Camera-like Traffic Generator,647.0211066637996,0.2542213067952046,1315
Node_5,Camera-like Traffic Generator,647.3197953372485,0.29868867344887,1146
Node_2,Smart Light,647.3912001926712,1.9907006144369679,79
Node_1,Temperature Sensor,647.4796947619894,2.2522715317823807,63
Node_3,Smart Plug,647.5443947670922,1.0095061371175593,74
Node_5,Camera-like Traffic Generator,647.6434385115732,0.3236431743246956,1014
Node_5,Camera-like Traffic Generator,647.9804254635117,0.3369869519384877,1445
Node_5,Camera-like Traffic Generator,648.2880021432891,0.3075766797774324,1341
Node_5,Camera-like Traffic Generator,648.5937156783302,0.30571353504116733,1482
Node_3,Smart Plug,648.6096523132055,1.065257546113322,62
Node_2,Smart Light,648.7920052900006,1.4008050973293735,80
Node_5,Camera-like Traffic Generator,648.876705421189,0.2829897428587235,1391
Node_5,Camera-like Traffic Generator,649.174059142133,0.29735372094408696,1349
Node_1,Temperature Sensor,649.4990780490394,2.019383287050011,81
Node_5,Camera-like Traffic Generator,649.5645013404911,0.39044219835811933,1384
Node_3,Smart Plug,649.7087790007793,1.0991266875737662,82
Node_5,Camera-like Traffic Generator,649.8126789736486,0.24817763315747907,1279
Node_5,Camera-like Traffic Generator,650.2717238448611,0.4590448712124177,1324
Node_4,Motion Sensor,650.4830257066122,5.648169366810221,67
Node_5,Camera-like Traffic Generator,650.6939352759799,0.4222114311188181,1376
Node_2,Smart Light,650.7123974744788,1.9203921844782958,87
Node_3,Smart Plug,650.7137619001289,1.0049828993497176,65
Node_5,Camera-like Traffic Generator,651.1282257435151,0.43429046753526357,1086
Node_5,Camera-like Traffic Generator,651.4781766654753,0.34995092196012967,1044
Node_5,Camera-like Traffic Generator,651.7837180756601,0.3055414101848067,1269
Node_3,Smart Plug,651.9999955070753,1.2862336069463607,70
Node_5,Camera-like Traffic Generator,652.2252647791692,0.441546703509023,1482
Node_2,Smart Light,652.2560426778663,1.5436452033874777,91
Node_1,Temperature Sensor,652.4989858775486,2.999907828509209,73
Node_5,Camera-like Traffic Generator,652.5202250227862,0.29496024361703493,1152
Node_5,Camera-like Traffic Generator,652.9944764168836,0.4742513940973744,1045
Node_3,Smart Plug,653.1689324204585,1.1689369133832346,80
Node_5,Camera-like Traffic Generator,653.3162959964393,0.3218195795556702,1310
Node_2,Smart Light,653.6155721708825,1.35952949301626,95
Node_5,Camera-like Traffic Generator,653.7081384977209,0.39184250128163134,1378
Node_5,Camera-like Traffic Generator,653.9687832329633,0.26064473524245707,1427
Node_5,Camera-like Traffic Generator,654.3144154217691,0.3456321888057751,1168
Node_3,Smart Plug,654.4560130686001,1.2870806481416202,84
Node_5,Camera-like Traffic Generator,654.6457461515572,0.33133072978805056,1180
Node_5,Camera-like Traffic Generator,654.8935113632273,0.2477652116700448,1084
Node_4,Motion Sensor,655.0806898403292,4.59766413371702,72
Node_5,Camera-like Traffic Generator,655.0982895623742,0.20477819914701714,1094
Node_1,Temperature Sensor,655.1491299707985,2.650144093249875,91
Node_2,Smart Light,655.1524781569071,1.5369059860245877,85
Node_3,Smart Plug,655.3325246327055,0.8765115641054284,89
Node_5,Camera-like Traffic Generator,655.3914478378045,0.29315827543027023,1253
Node_5,Camera-like Traffic Generator,655.7841401598512,0.3926923220466494,1148
Node_5,Camera-like Traffic Generator,656.1521165382136,0.36797637836244934,1088
Node_2,Smart Light,656.2374600909582,1.0849819340509876,90
Node_5,Camera-like Traffic Generator,656.5376578320485,0.3855412938348265,1037
Node_3,Smart Plug,656.5728096520605,1.2402850193549888,99
Node_5,Camera-like Traffic Generator,656.7656669339993,0.22800910195084412,1355
Node_5,Camera-like Traffic Generator,657.2400761250346,0.47440919103532964,1331
Node_5,Camera-like Traffic Generator,657.6957387680427,0.4556626430080161,1072
Node_3,Smart Plug,657.7113737403072,1.1385640882466128,87
Node_1,Temperature Sensor,657.8008846260424,2.6517546552438893,90
Node_2,Smart Light,657.8950617355389,1.6576016445807658,74
Node_5,Camera-like Traffic Generator,657.9977879530792,0.30204918503648287,1176
Node_5,Camera-like Traffic Generator,658.2376976383063,0.23990968522710723,1192
Node_5,Camera-like Traffic Generator,658.6912004854623,0.4535028471560961,1368
Node_5,Camera-like Traffic Generator,659.1541398221067,0.4629393366443763,1399
Node_3,Smart Plug,659.1650979126589,1.4537241723517282,99
Node_4,Motion Sensor,659.3693103341208,4.288620493791585,96
Node_5,Camera-like Traffic Generator,659.5381658307352,0.3840260086285474,1485
Node_2,Smart Light,659.5420615835222,1.6469998479834043,61
Node_5,Camera-like Traffic Generator,659.835316719773,0.2971508890377854,1112
Node_3,Smart Plug,660.1661290253219,1.0010311126629823,84
Node_5,Camera-like Traffic Generator,660.2831569299145,0.4478402101414789,1122
Node_5,Camera-like Traffic Generator,660.5296604745153,0.24650354460072813,1496
Node_5,Camera-like Traffic Generator,660.7375682312935,0.2079077567782095,1112
Node_1,Temperature Sensor,660.7504963587584,2.9496117327159888,67
Node_5,Camera-like Traffic Generator,661.1460919621898,0.4085237308962545,1109
Node_3,Smart Plug,661.1876710162708,1.0215419909489305,81
Node_2,Smart Light,661.5256697894743,1.9836082059519828,87
Node_5,Camera-like Traffic Generator,661.6086327479178,0.46254078572802093,1220
Node_5,Camera-like Traffic Generator,662.0520903451496,0.44345759723179357,1072
Node_5,Camera-like Traffic Generator,662.3411282856005,0.289037940450788,1482
Node_3,Smart Plug,662.6841880511611,1.4965170348902859,74
Node_1,Temperature Sensor,662.7708763760787,2.020380017320332,66
Node_5,Camera-like Traffic Generator,662.798387688648,0.4572594030474585,1241
Node_2,Smart Light,662.9252875356993,1.3996177462250823,90
Node_5,Camera-like Traffic Generator,663.1300726567049,0.33168496805696,1278
Node_3,Smart Plug,663.574987247449,0.8907991962880119,82
Node_5,Camera-like Traffic Generator,663.6295844355842,0.4995117788793572,1096
Node_5,Camera-like Traffic Generator,663.8854018485744,0.2558174129901188,1259
Node_5,Camera-like Traffic Generator,664.2052868989916,0.31988505041730797,1287
Node_4,Motion Sensor,664.6585574583761,5.289247124255329,94
Node_5,Camera-like Traffic Generator,664.6759897065502,0.4707028075586209,1193
Node_3,Smart Plug,664.7387813075782,1.1637940601291457,85
Node_2,Smart Light,664.8910043134132,1.9657167777138282,77
Node_1,Temperature Sensor,664.8970973509529,2.1262209748742062,86
Node_5,Camera-like Traffic Generator,664.9544373905404,0.27844768399017883,1398
Node_5,Camera-like Traffic Generator,665.2636280672074,0.3091906766670035,1400
Node_5,Camera-like Traffic Generator,665.5930224778405,0.32939441063306146,1182
Node_3,Smart Plug,665.8835344251811,1.1447531176029613,67
Node_2,Smart Light,665.9015520861977,1.01054777278458,70
Node_5,Camera-like Traffic Generator,666.0706742272507,0.4776517494103063,1117
Node_5,Camera-like Traffic Generator,666.4327849605446,0.36211073329390775,1038
Node_5,Camera-like Traffic Generator,666.8407446791024,0.40795971855780366,1160
Node_3,Smart Plug,667.1101184555926,1.2265840304114308,88
Node_5,Camera-like Traffic Generator,667.2889790464423,0.44823436733988475,1351
Node_2,Smart Light,667.4122283267228,1.5106762405250447,80
Node_1,Temperature Sensor,667.4610669328829,2.563969581930019,68
Node_5,Camera-like Traffic Generator,667.72764616992,0.43866712347777653,1289
Node_5,Camera-like Traffic Generator,667.9566325925952,0.2289864226751276,1458
Node_5,Camera-like Traffic Generator,668.4522838589631,0.49565126636800283,1354
Node_4,Motion Sensor,668.5411056964804,3.8825482381043086,69
Node_3,Smart Plug,668.5955988172888,1.4854803616962493,60
Node_5,Camera-like Traffic Generator,668.81289183315,0.3606079741868782,1052
Node_2,Smart Light,668.9927466222468,1.580518295524004,83
Node_5,Camera-like Traffic Generator,669.2607799599796,0.44788812682947127,1113
Node_3,Smart Plug,669.4123895755515,0.8167907582627233,85
Node_5,Camera-like Traffic Generator,669.5652827967082,0.3045028367286128,1351
Node_5,Camera-like Traffic Generator,670.0582307004771,0.492947903768881,1410
Node_1,Temperature Sensor,670.160531904129,2.699464971246151,90
Node_3,Smart Plug,670.2949375822964,0.8825480067448903,93
Node_5,Camera-like Traffic Generator,670.3254198406448,0.26718914016772755,1134
Node_2,Smart Light,670.4385251737517,1.4457785515049069,75
Node_5,Camera-like Traffic Generator,670.77640386353,0.45098402288526623,1230
Node_5,Camera-like Traffic Generator,671.1077651494933,0.3313612859632066,1295
Node_5,Camera-like Traffic Generator,671.3271624781826,0.2193973286893159,1497
Node_5,Camera-like Traffic Generator,671.533797032956,0.20663455477347686,1224
Node_3,Smart Plug,671.6546326281752,1.3596950458788544,99
Node_5,Camera-like Traffic Generator,671.9288803040516,0.39508327109563146,1447
Node_2,Smart Light,672.2108674062141,1.772342232462432,83
Node_5,Camera-like Traffic Generator,672.2718682382556,0.3429879342039909,1353
Node_1,Temperature Sensor,672.3283210474968,2.167789143367802,84
Node_5,Camera-like Traffic Generator,672.4910012882846,0.21913305002899544,1177
Node_3,Smart Plug,672.7444614258424,1.0898287976670602,73
Node_5,Camera-like Traffic Generator,672.9774215629271,0.48642027464256166,1138
Node_5,Camera-like Traffic Generator,673.2530251850076,0.27560362208042544,1448
Node_4,Motion Sensor,673.4294831199668,4.88837742348638,65
Node_5,Camera-like Traffic Generator,673.4612982770248,0.208273092017201,1298
Node_2,Smart Light,673.7113331878338,1.5004657816197344,73
Node_5,Camera-like Traffic Generator,673.7905472858537,0.3292490088288884,1382
Node_3,Smart Plug,673.9367522792849,1.1922908534424785,85
Node_5,Camera-like Traffic Generator,674.0305543220021,0.24000703614847346,1198
Node_5,Camera-like Traffic Generator,674.4290945702444,0.3985402482422703,1154
Node_2,Smart Light,674.7358958408596,1.0245626530257694,64
Node_3,Smart Plug,674.7446603668694,0.8079080875846208,68
Node_5,Camera-like Traffic Generator,674.8382563622127,0.4091617919683478,1152
Node_1,Temperature Sensor,675.0762466994521,2.7479256519552857,64
Node_5,Camera-like Traffic Generator,675.1080256669871,0.26976930477438277,1399
Node_5,Camera-like Traffic Generator,675.4604121466919,0.35238647970468057,1203
Node_3,Smart Plug,675.7417990591448,0.9971386922753771,91
Node_5,Camera-like Traffic Generator,675.8903022217338,0.42989007504197796,1490
Node_2,Smart Light,676.1518712693853,1.4159754285257127,98
Node_5,Camera-like Traffic Generator,676.2663639599741,0.37606173824025374,1431
Node_3,Smart Plug,676.7572398436155,1.015440784470728,80
Node_5,Camera-like Traffic Generator,676.7576305166758,0.4912665567016477,1026
Node_5,Camera-like Traffic Generator,677.183970412755,0.426339896079189,1293
Node_2,Smart Light,677.2679406073443,1.1160693379589746,97
Node_5,Camera-like Traffic Generator,677.6163566888303,0.4323862760752898,1035
Node_3,Smart Plug,677.7839865311836,1.026746687568149,60
Node_5,Camera-like Traffic Generator,677.8354453099619,0.2190886211315661,1206
Node_1,Temperature Sensor,677.8955478737632,2.819301174311085,98
Node_4,Motion Sensor,677.9542915633428,4.524808443376071,79
Node_5,Camera-like Traffic Generator,678.0838074757986,0.24836216583674325,1097
Node_2,Smart Light,678.4096157841758,1.1416751768315483,72
Node_5,Camera-like Traffic Generator,678.5777420615522,0.4939345857535127,1386
Node_3,Smart Plug,679.0640715832365,1.2800850520528706,73
Node_5,Camera-like Traffic Generator,679.0746191168231,0.4968770552709866,1417
Node_5,Camera-like Traffic Generator,679.2834653833522,0.20884626652912872,1464
Node_5,Camera-like Traffic Generator,679.7020655189159,0.4186001355636867,1165
Node_2,Smart Light,679.8649484194017,1.455332635225877,68
Node_5,Camera-like Traffic Generator,679.9303139473488,0.22824842843297227,1201
Node_1,Temperature Sensor,680.0036466234209,2.1080987496576067,61
Node_5,Camera-like Traffic Generator,680.3405925290627,0.4102785817139518,1342
Node_3,Smart Plug,680.3711492332042,1.3070776499677081,84
Node_5,Camera-like Traffic Generator,680.7820667136226,0.44147418455982396,1190
Node_5,Camera-like Traffic Generator,681.1243889822692,0.3423222686466042,1423
Node_3,Smart Plug,681.1915314004722,0.8203821672680225,67
Node_2,Smart Light,681.347874418181,1.4829259987793884,79
Node_5,Camera-like Traffic Generator,681.3792858616797,0.25489687941043815,1155
Node_5,Camera-like Traffic Generator,681.6325091468494,0.25322328516974213,1215
Node_5,Camera-like Traffic Generator,681.9081133870725,0.2756042402230542,1045
Node_5,Camera-like Traffic Generator,682.186265057323,0.27815167025050763,1100
Node_3,Smart Plug,682.2228917829373,1.031360382465107,73
Node_1,Temperature Sensor,682.3156038678155,2.311957244394695,87
Node_5,Camera-like Traffic Generator,682.4916252627625,0.30536020543940967,1323
Node_5,Camera-like Traffic Generator,682.7160957827963,0.22447052003380694,1225
Node_2,Smart Light,682.7860403564541,1.438165938273027,87
Node_5,Camera-like Traffic Generator,682.9443041492585,0.22820836646229165,1128
Node_4,Motion Sensor,683.1361871937339,5.181895630391114,91
Node_5,Camera-like Traffic Generator,683.4080945278429,0.46379037858432404,1030
Node_3,Smart Plug,683.4936228530935,1.2707310701562151,96
Node_5,Camera-like Traffic Generator,683.7752330433879,0.36713851554500954,1341
Node_5,Camera-like Traffic Generator,684.0038801402196,0.22864709683175335,1000
Node_2,Smart Light,684.1049498306718,1.3189094742177003,72
Node_5,Camera-like Traffic Generator,684.4994187560926,0.4955386158729813,1006
Node_5,Camera-like Traffic Generator,684.7974766550866,0.29805789899398427,1153
Node_3,Smart Plug,684.8517009217737,1.3580780686802474,85
Node_5,Camera-like Traffic Generator,685.237488107013,0.44001145192640656,1284
Node_1,Temperature Sensor,685.2737767060214,2.958172838205896,75
Node_5,Camera-like Traffic Generator,685.5499389127501,0.31245080573713474,1034
Node_5,Camera-like Traffic Generator,685.8016568002452,0.2517178874950456,1318
Node_2,Smart Light,685.9151357675905,1.8101859369186981,64
Node_3,Smart Plug,685.988747787958,1.1370468661842525,85
Node_5,Camera-like Traffic Generator,686.1511172072529,0.34946040700775394,1267
Node_5,Camera-like Traffic Generator,686.6438495190648,0.49273231181185234,1048
Node_5,Camera-like Traffic Generator,687.0488038442772,0.4049543252124219,1077
Node_5,Camera-like Traffic Generator,687.3610543353018,0.3122504910245203,1088
Node_3,Smart Plug,687.413188616711,1.4244408287529429,81
Node_5,Camera-like Traffic Generator,687.6932636110535,0.3322092757516374,1422
Node_2,Smart Light,687.7643157756374,1.8491800080469099,85
Node_4,Motion Sensor,687.9808465385458,4.84465934481188,75
Node_1,Temperature Sensor,687.9887914110709,2.7150147050494686,63
Node_5,Camera-like Traffic Generator,688.1248586940312,0.43159508297776883,1253
Node_3,Smart Plug,688.4477653748851,1.0345767581740697,91
Node_5,Camera-like Traffic Generator,688.5691671362491,0.4443084422178465,1222
Node_5,Camera-like Traffic Generator,688.9557919203584,0.3866247841092369,1467
Node_5,Camera-like Traffic Generator,689.4222619829973,0.4664700626388893,1396
Node_2,Smart Light,689.4414551085283,1.6771393328908841,66
Node_3,Smart Plug,689.537532520619,1.08976714573393,89
Node_5,Camera-like Traffic Generator,689.6583469072046,0.23608492420734056,1467
Node_5,Camera-like Traffic Generator,690.1388566606363,0.48050975343159796,1053
Node_5,Camera-like Traffic Generator,690.5437662762582,0.4049096156219022,1295
Node_1,Temperature Sensor,690.6794058270038,2.6906144159329806,85
Node_5,Camera-like Traffic Generator,690.7939818690156,0.25021559275738287,1049
Node_3,Smart Plug,690.922106535795,1.3845740151759331,71
Node_5,Camera-like Traffic Generator,691.0519297779614,0.2579479089457617,1077
Node_2,Smart Light,691.4253555791166,1.983900470588278,69
Node_5,Camera-like Traffic Generator,691.4358872614021,0.3839574834406356,1168
Node_5,Camera-like Traffic Generator,691.7722873886534,0.3364001272513117,1329
Node_5,Camera-like Traffic Generator,692.2218184261378,0.44953103748450984,1392
Node_3,Smart Plug,692.2295814438395,1.3074749080444747,72
Node_2,Smart Light,692.5998088119408,1.174453232824134,66
Node_5,Camera-like Traffic Generator,692.7050217562889,0.4832033301510996,1334
Node_1,Temperature Sensor,692.7813071324498,2.1019013054459768,90
Node_5,Camera-like Traffic Generator,692.9246608311025,0.21963907481359826,1123
Node_5,Camera-like Traffic Generator,693.1670752442852,0.2424144131827012,1480
Node_3,Smart Plug,693.4047012768402,1.175119833000771,68
Node_5,Camera-like Traffic Generator,693.5143056895547,0.3472304452695105,1397
Node_4,Motion Sensor,693.6281127993427,5.647266260796894,74
Node_5,Camera-like Traffic Generator,693.7267828058973,0.2124771163426073,1029
Node_2,Smart Light,694.1596577644307,1.559848952489863,98
Node_5,Camera-like Traffic Generator,694.2214864956836,0.49470368978632534,1240
Node_5,Camera-like Traffic Generator,694.674566905992,0.45308041030839397,1329
Node_3,Smart Plug,694.6845465870828,1.2798453102425,91
Node_5,Camera-like Traffic Generator,695.1009503644552,0.4263834584632416,1295
Node_2,Smart Light,695.3915133118421,1.2318555474114103,76
Node_5,Camera-like Traffic Generator,695.5552826122486,0.4543322477933253,1045
Node_1,Temperature Sensor,695.6316003715386,2.8502932390887965,84
Node_5,Camera-like Traffic Generator,695.9517238528286,0.396441240580126,1455
Node_3,Smart Plug,696.1061672157455,1.4216206286627648,74
Node_5,Camera-like Traffic Generator,696.3206228620007,0.3688990091720673,1351
Node_2,Smart Light,696.5759650869935,1.1844517751513937,85
Node_5,Camera-like Traffic Generator,696.6771247074072,0.35650184540640917,1378
Node_5,Camera-like Traffic Generator,697.0700842593695,0.39295955196231325,1141
Node_5,Camera-like Traffic Generator,697.31072695997,0.24064270060041076,1381
Node_3,Smart Plug,697.5848965204503,1.478729304704915,71
Node_5,Camera-like Traffic Generator,697.598614705941,0.2878877459710403,1313
Node_1,Temperature Sensor,697.752655436606,2.1210550650673152,99
Node_5,Camera-like Traffic Generator,697.9198861316542,0.32127142571316397,1188
Node_2,Smart Light,698.0080995394228,1.4321344524292825,61
Node_4,Motion Sensor,698.1847898978614,4.556677098518623,88
Node_5,Camera-like Traffic Generator,698.2670257346069,0.34713960295282487,1245
Node_3,Smart Plug,698.4067177357327,0.8218212152824305,99
Node_5,Camera-like Traffic Generator,698.5634800842765,0.2964543496696345,1242
Node_5,Camera-like Traffic Generator,698.8801226807878,0.3166425965113139,1248
Node_5,Camera-like Traffic Generator,699.3160306700158,0.4359079892279374,1143
Node_2,Smart Light,699.6222064767948,1.6141069373719197,67
Node_3,Smart Plug,699.6452753290635,1.2385575933306754,93
Node_5,Camera-like Traffic Generator,699.7212463894301,0.4052157194142826,1027
Node_5,Camera-like Traffic Generator,700.1706235500426,0.44937716061241745,1094
Node_5,Camera-like Traffic Generator,700.3973797993522,0.226756249309599,1446
Node_1,Temperature Sensor,700.5352907829671,2.78263534636102,73
Node_5,Camera-like Traffic Generator,700.8217352151291,0.42435541577698965,1285
Node_3,Smart Plug,700.8449624778727,1.1996871488093015,75
Node_5,Camera-like Traffic Generator,701.0737428425588,0.2520076274296621,1156
Node_2,Smart Light,701.2144096351551,1.5922031583603684,75
Node_5,Camera-like Traffic Generator,701.2881296518801,0.21438680932140083,1013
Node_5,Camera-like Traffic Generator,701.7781601118719,0.4900304599917216,1192
Node_3,Smart Plug,702.0615967847938,1.2166343069209997,94
Node_5,Camera-like Traffic Generator,702.0836897948751,0.3055296830032478,1268
Node_5,Camera-like Traffic Generator,702.530813633446,0.44712383857085014,1342
Node_4,Motion Sensor,702.7612169111657,4.576427013304301,98
Node_5,Camera-like Traffic Generator,702.8609548523583,0.3301412189123185,1254
Node_2,Smart Light,702.9191452511149,1.7047356159597344,68
Node_1,Temperature Sensor,702.9636687962018,2.4283780132347443,74
Node_5,Camera-like Traffic Generator,703.3157210919827,0.45476623962437385,1254
Node_3,Smart Plug,703.3876749308625,1.3260781460687294,88
Node_5,Camera-like Traffic Generator,703.7200611081522,0.4043400161695103,1022
Node_5,Camera-like Traffic Generator,703.9844090572517,0.2643479490995051,1228
Node_5,Camera-like Traffic Generator,704.2401206750769,0.2557116178252311,1110
Node_3,Smart Plug,704.4078245097385,1.0201495788759591,61
Node_5,Camera-like Traffic Generator,704.5362138329189,0.29609315784192863,1357
Node_2,Smart Light,704.6714707464754,1.7523254953604916,92
Node_5,Camera-like Traffic Generator,704.8847963954402,0.3485825625212571,1285
Node_5,Camera-like Traffic Generator,705.2687015089634,0.38390511352328816,1022
Node_1,Temperature Sensor,705.4696295858788,2.505960789677078,73
Node_3,Smart Plug,705.497533207242,1.0897086975034955,79
Node_5,Camera-like Traffic Generator,705.5831481270868,0.31444661812341923,1450
Node_2,Smart Light,705.7340344979445,1.0625637514691644,64
Node_5,Camera-like Traffic Generator,705.818047434705,0.23489930761824304,1145
Node_5,Camera-like Traffic Generator,706.2893661741499,0.4713187394448833,1329
Node_3,Smart Plug,706.4638827796331,0.9663495723911263,78
Node_5,Camera-like Traffic Generator,706.7639396705019,0.47457349635207063,1165
Node_5,Camera-like Traffic Generator,707.01705699563,0.25311732512806095,1194
Node_4,Motion Sensor,707.1824913780156,4.42127446684991,85
Node_5,Camera-like Traffic Generator,707.2855685428642,0.2685115472341711,1458
Node_2,Smart Light,707.6060138279545,1.8719793300098853,67
Node_5,Camera-like Traffic Generator,707.6061561631034,0.3205876202391612,1077
Node_3,Smart Plug,707.9293915044703,1.4655087248373038,68
Node_5,Camera-like Traffic Generator,707.9857816539615,0.3796254908580478,1310
Node_5,Camera-like Traffic Generator,708.2632372428728,0.2774555889113503,1461
Node_1,Temperature Sensor,708.3192052128784,2.8495756269995773,92
Node_5,Camera-like Traffic Generator,708.6673559586296,0.4041187157568479,1355
Node_2,Smart Light,708.9319987395533,1.3259849115988185,78
Node_3,Smart Plug,708.9410143135117,1.011622809041358,64
Node_5,Camera-like Traffic Generator,709.1379823023259,0.47062634369624495,1154
Node_5,Camera-like Traffic Generator,709.6200641400069,0.48208183768096796,1326
Node_5,Camera-like Traffic Generator,710.0941849944576,0.4741208544506466,1204
Node_2,Smart Light,710.1943521350056,1.262353395452361,94
Node_3,Smart Plug,710.2904751017779,1.3494607882661858,91
Node_5,Camera-like Traffic Generator,710.2972532145125,0.20306822005485153,1411
Node_1,Temperature Sensor,710.4247440835223,2.105538870643999,98
Node_5,Camera-like Traffic Generator,710.6103927431701,0.31313952865768974,1421
Node_5,Camera-like Traffic Generator,710.8672416979149,0.25684895474476654,1389
Node_5,Camera-like Traffic Generator,711.1432693429368,0.27602764502196675,1005
Node_5,Camera-like Traffic Generator,711.5510262848412,0.4077569419044297,1020
Node_2,Smart Light,711.7220671546334,1.5277150196277827,85
Node_3,Smart Plug,711.7298227940948,1.439347692316941,77
Node_5,Camera-like Traffic Generator,711.9811642673195,0.4301379824782793,1064
Node_5,Camera-like Traffic Generator,712.3880140790441,0.40684981172451656,1035
Node_3,Smart Plug,712.5472771363358,0.817454342240972,79
Node_4,Motion Sensor,712.5543648219764,5.371873443960755,68
Node_5,Camera-like Traffic Generator,712.622328191667,0.23431411262291313,1079
Node_5,Camera-like Traffic Generator,713.0596852056865,0.43735701401949706,1033
Node_1,Temperature Sensor,713.0603291896238,2.6355851061014457,93
Node_2,Smart Light,713.3190379839164,1.5969708292829936,84
Node_5,Camera-like Traffic Generator,713.4207671172967,0.361081911610168,1083
Node_3,Smart Plug,713.6973151522367,1.1500380159009578,67
Node_5,Camera-like Traffic Generator,713.8427950000586,0.42202788276187886,1477
Node_5,Camera-like Traffic Generator,714.2573020127178,0.4145070126592054,1347
Node_5,Camera-like Traffic Generator,714.5427440480715,0.2854420353537651,1143
Node_2,Smart Light,714.9060426984815,1.587004714565218,73
Node_5,Camera-like Traffic Generator,714.9993964760655,0.45665242799395694,1130
Node_3,Smart Plug,715.1438608897597,1.4465457375230666,89
Node_5,Camera-like Traffic Generator,715.4276932621341,0.42829678606853044,1197
Node_1,Temperature Sensor,715.7676378333298,2.707308643706077,77
Node_5,Camera-like Traffic Generator,715.8933731525373,0.4656798904032109,1101
Node_5,Camera-like Traffic Generator,716.1193240713789,0.22595091884154822,1423
Node_3,Smart Plug,716.3104004628126,1.1665395730529062,91
Node_5,Camera-like Traffic Generator,716.3795605226927,0.2602364513139018,1259
Node_5,Camera-like Traffic Generator,716.5902690778299,0.2107085551372699,1239
Node_2,Smart Light,716.7515605011511,1.8455178026695593,84
Node_5,Camera-like Traffic Generator,716.8236910656361,0.23342198780621232,1019
Node_5,Camera-like Traffic Generator,717.1401102204541,0.3164191548179351,1041
Node_3,Smart Plug,717.2107069963776,0.9003065335649026,94
Node_5,Camera-like Traffic Generator,717.5481952577892,0.40808503733517776,1033
Node_5,Camera-like Traffic Generator,717.8789798467266,0.3307845889374334,1185
Node_4,Motion Sensor,718.2390186972752,5.6846538752988085,69
Node_5,Camera-like Traffic Generator,718.3004837462921,0.4215038995655448,1221
Node_1,Temperature Sensor,718.5014331373432,2.733795304013392,98
Node_2,Smart Light,718.565298755412,1.813738254260934,88
Node_3,Smart Plug,718.5862039589516,1.3754969625740605,97
Node_5,Camera-like Traffic Generator,718.7312217156632,0.43073796937104736,1331
Node_5,Camera-like Traffic Generator,719.0823075024084,0.3510857867452283,1487
Node_5,Camera-like Traffic Generator,719.5128722662757,0.4305647638673291,1362
Node_5,Camera-like Traffic Generator,719.7259996354907,0.2131273692148954,1007
Node_3,Smart Plug,719.8599060610682,1.273702102116527,65
Node_2,Smart Light,719.8627435901113,1.297444834699352,84
Node_5,Camera-like Traffic Generator,719.9718127944082,0.2458131589174587,1429
Node_5,Camera-like Traffic Generator,720.2470534442615,0.2752406498532886,1087
Node_5,Camera-like Traffic Generator,720.5856640722122,0.3386106279506891,1450
Node_1,Temperature Sensor,720.7715155337305,2.2700823963874006,92
Node_5,Camera-like Traffic Generator,720.8025925201248,0.21692844791258542,1190
Node_2,Smart Light,720.9474955587343,1.0847519686230278,65
Node_3,Smart Plug,721.1671055036454,1.3071994425772635,78
Node_5,Camera-like Traffic Generator,721.2866389069593,0.48404638683454454,1252
Node_5,Camera-like Traffic Generator,721.5542095862602,0.26757067930094114,1313
Node_5,Camera-like Traffic Generator,721.8549761749883,0.30076658872815715,1360
Node_4,Motion Sensor,721.8947998763308,3.6557811790555497,75
Node_5,Camera-like Traffic Generator,722.0625690770333,0.2075929020449608,1220
Node_2,Smart Light,722.065357211396,1.1178616526616567,72
Node_3,Smart Plug,722.4666796769272,1.299574173281842,80
Node_5,Camera-like Traffic Generator,722.5155957679168,0.45302669088343406,1300
Node_5,Camera-like Traffic Generator,722.8019377291446,0.28634196122777417,1080
Node_5,Camera-like Traffic Generator,723.1660747363605,0.3641370072160137,1158
Node_2,Smart Light,723.2484017297274,1.1830445183314835,87
Node_3,Smart Plug,723.2695565853911,0.8028769084638873,97
Node_1,Temperature Sensor,723.3096884401788,2.538172906448256,79
Node_5,Camera-like Traffic Generator,723.3994844764318,0.2334097400712136,1032
Node_5,Camera-like Traffic Generator,723.7548986707495,0.35541419431777393,1008
Node_5,Camera-like Traffic Generator,724.1710434094756,0.41614473872612845,1362
Node_5,Camera-like Traffic Generator,724.4675402873777,0.2964968779020879,1019
Node_3,Smart Plug,724.5504932169044,1.2809366315132886,83
Node_2,Smart Light,724.7592265992146,1.5108248694871609,76
Node_5,Camera-like Traffic Generator,724.937996171053,0.4704558836753501,1342
Node_5,Camera-like Traffic Generator,725.1397666533724,0.20177048231932532,1001
Node_5,Camera-like Traffic Generator,725.3572919160866,0.21752526271426542,1193
Node_4,Motion Sensor,725.3664278851621,3.4716280088312677,70
Node_3,Smart Plug,725.4114463410201,0.8609531241156372,78
Node_5,Camera-like Traffic Generator,725.7273783493474,0.3700864332608329,1428
Node_1,Temperature Sensor,725.7452629331826,2.4355744930038945,89
Node_2,Smart Light,725.8970938977491,1.1378672985345575,75
Node_5,Camera-like Traffic Generator,726.156031224387,0.428652875039622,1017
Node_3,Smart Plug,726.2437441800371,0.8322978390170036,80
Node_5,Camera-like Traffic Generator,726.519705984417,0.3636747600300402,1009
Node_5,Camera-like Traffic Generator,726.9669055061764,0.447199521759476,1238
Node_2,Smart Light,727.0828475970418,1.1857536992927655,85
Node_5,Camera-like Traffic Generator,727.3383530678088,0.3714475616323728,1193
Node_3,Smart Plug,727.5050331807113,1.26128900067425,72
Node_5,Camera-like Traffic Generator,727.7440360636111,0.4056829958022738,1193
Node_1,Temperature Sensor,728.0136584712319,2.2683955380492256,94
Node_5,Camera-like Traffic Generator,728.2171083877412,0.4730723241300942,1118
Node_5,Camera-like Traffic Generator,728.5642770895075,0.3471687017663013,1125
Node_4,Motion Sensor,728.6207046331859,3.2542767480238597,71
Node_3,Smart Plug,728.7093250647979,1.2042918840866212,72
Node_2,Smart Light,728.7762805235711,1.6934329265293553,85
Node_5,Camera-like Traffic Generator,729.0583164208572,0.49403933134968014,1318
Node_5,Camera-like Traffic Generator,729.4020551457135,0.34373872485628687,1449
Node_5,Camera-like Traffic Generator,729.738322104881,0.336266959167543,1439
Node_5,Camera-like Traffic Generator,730.0054740555036,0.2671519506225155,1143
Node_3,Smart Plug,730.1338199738973,1.4244949090994297,72
Node_5,Camera-like Traffic Generator,730.424767615981,0.4192935604773905,1481
Node_5,Camera-like Traffic Generator,730.7413031491986,0.3165355332176547,1128
Node_2,Smart Light,730.7761800761342,1.999899552563092,82
Node_1,Temperature Sensor,730.8443894901225,2.8307310188906034,63
Node_5,Camera-like Traffic Generator,730.9893981438511,0.2480949946524458,1370
Node_3,Smart Plug,731.0686019216337,0.934781947736421,71
Node_5,Camera-like Traffic Generator,731.3189191199597,0.32952097610857445,1149
Node_5,Camera-like Traffic Generator,731.5316855865324,0.2127664665727289,1205
Node_5,Camera-like Traffic Generator,731.9956270940392,0.46394150750673974,1425
Node_3,Smart Plug,732.0920067749847,1.023404853351049,77
Node_2,Smart Light,732.2658221023264,1.4896420261922088,65
Node_5,Camera-like Traffic Generator,732.4918739044506,0.49624681041143304,1062
Node_5,Camera-like Traffic Generator,732.8798238770942,0.38794997264357217,1104
Node_3,Smart Plug,732.974362362101,0.8823555871163156,65
Node_4,Motion Sensor,733.1771667948366,4.5564621616506935,61
Node_5,Camera-like Traffic Generator,733.2015615846967,0.32173770760254705,1441
Node_5,Camera-like Traffic Generator,733.5397360464193,0.3381744617226331,1226
Node_2,Smart Light,733.5804021169872,1.3145800146608444,78
Node_1,Temperature Sensor,733.7260206741253,2.8816311840027717,69
Node_3,Smart Plug,733.9659081821891,0.9915458200881055,60
Node_5,Camera-like Traffic Generator,734.0254482886689,0.4857122422496442,1231
Node_5,Camera-like Traffic Generator,734.3267886883351,0.30134039966615506,1332
Node_5,Camera-like Traffic Generator,734.5667230919111,0.23993440357589954,1264
Node_2,Smart Light,734.6340133796181,1.0536112626308367,74
Node_5,Camera-like Traffic Generator,734.8405252267906,0.2738021348795875,1356
Node_3,Smart Plug,735.2019696560634,1.236061473874286,80
Node_5,Camera-like Traffic Generator,735.2110412048169,0.37051597802624536,1474
Node_5,Camera-like Traffic Generator,735.6298332447014,0.41879203988461045,1392
Node_2,Smart Light,735.6435968191813,1.0095834395632812,65
Node_5,Camera-like Traffic Generator,735.9388577162683,0.309024471566873,1231
Node_3,Smart Plug,736.1465738217647,0.9446041657013453,74
Node_1,Temperature Sensor,736.1907291407285,2.4647084666032315,84
Node_5,Camera-like Traffic Generator,736.3975893215984,0.45873160533005725,1396
Node_5,Camera-like Traffic Generator,736.7100343131661,0.312444991567731,1153
Node_5,Camera-like Traffic Generator,737.0278831814051,0.3178488682389218,1235
Node_3,Smart Plug,737.1695132600611,1.0229394382963812,65
Node_5,Camera-like Traffic Generator,737.3907317932939,0.3628486118888201,1226
Node_2,Smart Light,737.4588127598352,1.8152159406538617,98
Node_4,Motion Sensor,737.7139530594899,4.536786264653336,78
Node_5,Camera-like Traffic Generator,737.862134612375,0.4714028190811453,1477
Node_5,Camera-like Traffic Generator,738.3231678880022,0.4610332756271871,1206
Node_3,Smart Plug,738.4625608473575,1.2930475872963814,71
Node_1,Temperature Sensor,738.5697184448568,2.378989304128264,61
Node_5,Camera-like Traffic Generator,738.5829908121777,0.2598229241755116,1168
Node_2,Smart Light,738.9642507795659,1.5054380197306703,79
Node_5,Camera-like Traffic Generator,739.0499682083904,0.46697739621263595,1329
Node_3,Smart Plug,739.4339383990614,0.9713775517038441,62
Node_5,Camera-like Traffic Generator,739.5311048012796,0.4811365928892065,1215
Node_5,Camera-like Traffic Generator,740.014064585347,0.4829597840673782,1011
Node_5,Camera-like Traffic Generator,740.2760005698079,0.26193598446094396,1283
Node_5,Camera-like Traffic Generator,740.527702806803,0.2517022369950711,1491
Node_2,Smart Light,740.6489474501259,1.6846966705599864,76
Node_3,Smart Plug,740.6632224175225,1.229284018461184,73
Node_5,Camera-like Traffic Generator,740.9318918567697,0.4041890499667019,1384
Node_5,Camera-like Traffic Generator,741.3242632990919,0.3923714423221569,1287
Node_1,Temperature Sensor,741.4206712811692,2.850952836312459,67
Node_5,Camera-like Traffic Generator,741.7645143399926,0.44025104090081846,1075
Node_3,Smart Plug,741.7737757643614,1.1105533468388642,65
Node_4,Motion Sensor,742.0114700479078,4.297516988417941,79
Node_5,Camera-like Traffic Generator,742.0594615472689,0.29494720727632884,1122
Node_4,Motion Sensor,742.0965386078512,0.08506855994346538,85
Node_4,Motion Sensor,742.2004025481291,0.10386394027785494,63
Node_4,Motion Sensor,742.3767930565072,0.17639050837803438,80
Node_5,Camera-like Traffic Generator,742.4810012520624,0.4215397047934422,1381
Node_2,Smart Light,742.4888392522271,1.8398918021012227,79
Node_5,Camera-like Traffic Generator,742.8270067484068,0.34600549634445,1305
Node_3,Smart Plug,742.9032906696674,1.1295149053059867,87
Node_5,Camera-like Traffic Generator,743.2560245357121,0.4290177873052468,1265
Node_2,Smart Light,743.5715098780136,1.082670625786467,61
Node_1,Temperature Sensor,743.632791131349,2.212119850179739,91
Node_5,Camera-like Traffic Generator,743.6444502216451,0.38842568593304583,1017
Node_3,Smart Plug,743.7774395128703,0.8741488432028871,62
Node_5,Camera-like Traffic Generator,743.8735696054578,0.22911938381261138,1032
Node_5,Camera-like Traffic Generator,744.0800094261542,0.20643982069641803,1460
Node_5,Camera-like Traffic Generator,744.5408485488059,0.4608391226517097,1165
Node_5,Camera-like Traffic Generator,744.7678326406093,0.22698409180334334,1465
Node_3,Smart Plug,744.8759655345173,1.0985260216470192,67
Node_5,Camera-like Traffic Generator,745.0748415467718,0.30700890616254595,1371
Node_2,Smart Light,745.332566496559,1.7610566185454242,71
Node_5,Camera-like Traffic Generator,745.5622285219403,0.48738697516846324,1153
Node_5,Camera-like Traffic Generator,745.7820354472138,0.21980692527355267,1311
Node_1,Temperature Sensor,745.9731299745133,2.3403388431642838,95
Node_5,Camera-like Traffic Generator,746.0766854570473,0.29465000983353373,1452
Node_3,Smart Plug,746.0932504882895,1.2172849537722255,83
Node_5,Camera-like Traffic Generator,746.4106705647563,0.33398510770891754,1169
Node_2,Smart Light,746.6074194148325,1.274852918273534,81
Node_5,Camera-like Traffic Generator,746.6632359634712,0.25256539871485767,1151
Node_5,Camera-like Traffic Generator,747.1039367423472,0.4407007788759937,1079
Node_4,Motion Sensor,747.3077562541146,4.930963197607376,97
Node_3,Smart Plug,747.4785725709513,1.3853220826617436,87
Node_5,Camera-like Traffic Generator,747.5681051415143,0.4641683991670986,1081
Node_2,Smart Light,747.7756283922691,1.1682089774365738,78
Node_5,Camera-like Traffic Generator,747.8036372819457,0.23553214043149018,1455
Node_5,Camera-like Traffic Generator,748.1265412492032,0.32290396725747084,1280
Node_5,Camera-like Traffic Generator,748.5151459962667,0.3886047470634453,1349
Node_1,Temperature Sensor,748.6743137248455,2.7011837503322016,71
Node_3,Smart Plug,748.7099933073308,1.231420736379452,72
Node_5,Camera-like Traffic Generator,748.7995163799391,0.2843703836723351,1423
Node_5,Camera-like Traffic Generator,749.0743333191205,0.2748169391813682,1056
Node_2,Smart Light,749.518146644199,1.742518251929787,90
Node_5,Camera-like Traffic Generator,749.5579538647163,0.4836205455958387,1454
Node_5,Camera-like Traffic Generator,749.78707454486,0.22912068014369946,1019
Node_3,Smart Plug,750.0822026926566,1.372209385325782,88
Node_5,Camera-like Traffic Generator,750.2511440850201,0.46406954016003565,1236
Node_5,Camera-like Traffic Generator,750.5942080985246,0.34306401350451543,1383
Node_4,Motion Sensor,750.6029835832179,3.295227329103378,61
Node_1,Temperature Sensor,750.6844648392843,2.0101511144386772,97
Node_5,Camera-like Traffic Generator,750.9700607102335,0.3758526117089126,1493
Node_2,Smart Light,751.067872828737,1.5497261845380512,64
Node_5,Camera-like Traffic Generator,751.2787759790486,0.3087152688151796,1220
Node_3,Smart Plug,751.3518118784604,1.269609185803755,81
Node_5,Camera-like Traffic Generator,751.6503490536171,0.37157307456843625,1223
Node_5,Camera-like Traffic Generator,751.8563060542533,0.20595700063622752,1245
Node_2,Smart Light,752.1820794800959,1.1142066513589688,91
Node_5,Camera-like Traffic Generator,752.257834571932,0.40152851767864006,1171
Node_5,Camera-like Traffic Generator,752.5597675669261,0.3019329949941083,1042
Node_1,Temperature Sensor,752.7700778012423,2.085612961958021,88
Node_3,Smart Plug,752.8333892006897,1.4815773222293616,90
Node_5,Camera-like Traffic Generator,752.8707580153762,0.31099044845005125,1088
Node_5,Camera-like Traffic Generator,753.257967345056,0.387209329679842,1338
Node_5,Camera-like Traffic Generator,753.7329965471957,0.47502920213971883,1055
Node_3,Smart Plug,753.9593759548198,1.1259867541302182,65
Node_2,Smart Light,754.0053622880935,1.8232828079975665,74
Node_4,Motion Sensor,754.2039033737933,3.600919790575456,73
Node_5,Camera-like Traffic Generator,754.2135052109788,0.4805086637831498,1480
Node_5,Camera-like Traffic Generator,754.472644759135,0.2591395481562058,1317
Node_5,Camera-like Traffic Generator,754.7603495980474,0.28770483891235626,1396
Node_5,Camera-like Traffic Generator,755.1963227745931,0.43597317654581225,1177
Node_1,Temperature Sensor,755.2586556480911,2.4885778468487874,90
Node_3,Smart Plug,755.3283716672316,1.3689957124117416,96
Node_5,Camera-like Traffic Generator,755.6913940496768,0.49507127508368565,1247
Node_2,Smart Light,755.8279732158898,1.8226109277962612,61
Node_5,Camera-like Traffic Generator,756.0779527080629,0.38655865838612846,1295
Node_3,Smart Plug,756.4561648009977,1.1277931337660856,78
Node_5,Camera-like Traffic Generator,756.5754632496712,0.49751054160831903,1182
Node_5,Camera-like Traffic Generator,756.8512779822646,0.2758147325933497,1256
Node_5,Camera-like Traffic Generator,757.345888900251,0.494610917986404,1452
Node_2,Smart Light,757.5469534570198,1.7189802411300432,81
Node_5,Camera-like Traffic Generator,757.5529222032353,0.2070333029842579,1159
Node_3,Smart Plug,757.7352993833615,1.279134582363762,88
Node_5,Camera-like Traffic Generator,757.8029867790237,0.25006457578840346,1324
Node_1,Temperature Sensor,757.9492649875376,2.690609339446523,85
Node_4,Motion Sensor,758.1120501220056,3.908146748212233,87
Node_5,Camera-like Traffic Generator,758.21314124455,0.4101544655262741,1131
Node_5,Camera-like Traffic Generator,758.7119874240195,0.49884617946956233,1168
Node_3,Smart Plug,758.8610769783256,1.125777594964073,69
Node_5,Camera-like Traffic Generator,758.9938383887818,0.2818509647622651,1497
Node_5,Camera-like Traffic Generator,759.3908464050211,0.39700801623930226,1329
Node_2,Smart Light,759.5367291848964,1.9897757278766832,64
Node_5,Camera-like Traffic Generator,759.6907220642587,0.2998756592376697,1015
Node_3,Smart Plug,759.8177330960674,0.9566561177418021,94
Node_5,Camera-like Traffic Generator,760.1523340719771,0.461612007718344,1463
Node_5,Camera-like Traffic Generator,760.3555374358456,0.20320336386853738,1286
Node_1,Temperature Sensor,760.4400863226163,2.490821335078586,91
Node_5,Camera-like Traffic Generator,760.6463505765225,0.2908131406769256,1099
Node_5,Camera-like Traffic Generator,760.9873868673022,0.3410362907797476,1194
Node_3,Smart Plug,761.0495925571413,1.2318594610738525,96
Node_2,Smart Light,761.366799901439,1.8300707165425396,90
Node_5,Camera-like Traffic Generator,761.3959733522528,0.4085864849505661,1135
Node_5,Camera-like Traffic Generator,761.7085159397766,0.31254258752383646,1183
Node_4,Motion Sensor,761.9354437915209,3.8233936695153066,99
Node_5,Camera-like Traffic Generator,762.0622912045172,0.35377526474064586,1496
Node_3,Smart Plug,762.1240463999924,1.0744538428511259,87
Node_5,Camera-like Traffic Generator,762.3896454711769,0.3273542666596063,1353
Node_1,Temperature Sensor,762.5331396731709,2.093053350554672,68
Node_5,Camera-like Traffic Generator,762.6293475110064,0.23970203982943203,1173
Node_2,Smart Light,762.6645088365419,1.2977089351028936,99
Node_5,Camera-like Traffic Generator,762.9078238920528,0.2784763810464352,1096
Node_5,Camera-like Traffic Generator,763.1923162325877,0.28449234053493855,1041
Node_3,Smart Plug,763.3896728329717,1.2656264329793272,91
Node_5,Camera-like Traffic Generator,763.5272784990897,0.334962266502029,1335
Node_5,Camera-like Traffic Generator,763.9689210509579,0.44164255186816137,1456
Node_2,Smart Light,764.1142411793724,1.4497323428304139,73
Node_5,Camera-like Traffic Generator,764.4273647921053,0.45844374114749864,1447
Node_5,Camera-like Traffic Generator,764.6342670296639,0.2069022375585625,1064
Node_3,Smart Plug,764.8073555561313,1.417682723159587,78
Node_5,Camera-like Traffic Generator,765.0628860361793,0.4286190065154052,1121
Node_1,Temperature Sensor,765.2249268284661,2.6917871552952017,72
Node_5,Camera-like Traffic Generator,765.3160182014922,0.2531321653128899,1032
Node_3,Smart Plug,765.6285404486796,0.8211848925482902,79
Node_5,Camera-like Traffic Generator,765.6875908438218,0.37157264232961174,1118
Node_5,Camera-like Traffic Generator,765.9138069667703,0.22621612294843135,1037
Node_2,Smart Light,765.9309697644889,1.8167285851164385,77
Node_5,Camera-like Traffic Generator,766.3307391011306,0.4169321343603295,1368
Node_5,Camera-like Traffic Generator,766.6330795435276,0.3023404423970571,1454
Node_3,Smart Plug,766.6745490231583,1.0460085744787488,78
Node_5,Camera-like Traffic Generator,766.8541943760397,0.22111483251208913,1291
Node_5,Camera-like Traffic Generator,767.3438876769231,0.4896933008835078,1484
Node_3,Smart Plug,767.5941101045199,0.9195610813616228,90
Node_5,Camera-like Traffic Generator,767.7331885520059,0.38930087508276423,1165
Node_1,Temperature Sensor,767.8064824137984,2.5815555853323673,78
Node_2,Smart Light,767.9249274488075,1.993957684318617,91
Node_4,Motion Sensor,767.9306590850252,5.99521529350428,89
Node_4,Motion Sensor,768.0229358755647,0.09227679053952045,73
Node_5,Camera-like Traffic Generator,768.1326699732065,0.3994814212005572,1306
Node_4,Motion Sensor,768.2224622258436,0.19952635027894133,97
Node_5,Camera-like Traffic Generator,768.3495198979142,0.2168499247077427,1069
Node_4,Motion Sensor,768.3957414232608,0.17327919741714798,90
Node_3,Smart Plug,768.8172182665228,1.2231081620028226,65
Node_5,Camera-like Traffic Generator,768.824920549338,0.4754006514237763,1463
Node_5,Camera-like Traffic Generator,769.080592991711,0.2556724423729715,1359
Node_2,Smart Light,769.1618735041742,1.2369460553666811,92
Node_5,Camera-like Traffic Generator,769.308068769733,0.2274757780220534,1216
Node_3,Smart Plug,769.6892708137391,0.8720525472162678,92
Node_5,Camera-like Traffic Generator,769.7137490690592,0.4056802993262017,1105
Node_5,Camera-like Traffic Generator,770.1288428219785,0.4150937529193132,1193
Node_1,Temperature Sensor,770.3374043449442,2.530921931145768,77
Node_5,Camera-like Traffic Generator,770.5164783440074,0.38763552202880414,1096
Node_2,Smart Light,770.749797401151,1.5879238969768106,74
Node_5,Camera-like Traffic Generator,770.9617436226686,0.445265278661176,1354
Node_3,Smart Plug,771.0470012550925,1.3577304413533726,73
Node_5,Camera-like Traffic Generator,771.3103337364994,0.34859011383084465,1353
Node_4,Motion Sensor,771.4314135843632,3.035672161102384,99
Node_5,Camera-like Traffic Generator,771.6510968731427,0.3407631366433132,1365
Node_5,Camera-like Traffic Generator,772.0286404883908,0.3775436152480727,1430
Node_3,Smart Plug,772.3016172440448,1.2546159889522701,91
Node_5,Camera-like Traffic Generator,772.3613953868754,0.332754898484635,1253
Node_2,Smart Light,772.4605513606448,1.7107539594937995,85
Node_5,Camera-like Traffic Generator,772.585262876666,0.22386748979058319,1487
Node_5,Camera-like Traffic Generator,772.8642413551511,0.27897847848510615,1439
Node_1,Temperature Sensor,773.0833397816577,2.7459354367136095,73
Node_5,Camera-like Traffic Generator,773.236871579467,0.3726302243159496,1094
Node_5,Camera-like Traffic Generator,773.4740746716759,0.2372030922089549,1380
Node_3,Smart Plug,773.4745391401947,1.172921896149832,76
Node_2,Smart Light,773.626532978335,1.1659816176902593,65
Node_5,Camera-like Traffic Generator,773.7305342263788,0.256459554702896,1424
Node_5,Camera-like Traffic Generator,774.1574200986952,0.4268858723163167,1113
Node_5,Camera-like Traffic Generator,774.4758204905613,0.3184003918661853,1418
Node_3,Smart Plug,774.5639484741614,1.0894093339666926,84
Node_5,Camera-like Traffic Generator,774.7648363393504,0.2890158487891122,1206
Node_2,Smart Light,774.8331526345218,1.2066196561867732,68
Node_5,Camera-like Traffic Generator,775.1570148322363,0.3921784928859838,1109
Node_5,Camera-like Traffic Generator,775.4322997718483,0.27528493961200545,1172
Node_5,Camera-like Traffic Generator,775.7045309800772,0.27223120822880603,1003
Node_3,Smart Plug,775.7475127862567,1.1835643120953008,98
Node_1,Temperature Sensor,775.7861947238436,2.702854942185769,70
Node_2,Smart Light,775.892510468161,1.059357833639341,74
Node_5,Camera-like Traffic Generator,776.1716978024097,0.46716682233245455,1341
Node_5,Camera-like Traffic Generator,776.4561325435959,0.2844347411862696,1080
Node_5,Camera-like Traffic Generator,776.6746184154387,0.21848587184276352,1246
Node_3,Smart Plug,776.8161843074007,1.0686715211439277,73
Node_5,Camera-like Traffic Generator,777.1454264544473,0.4708080390086342,1030
Node_2,Smart Light,777.1735954869513,1.2810850187901979,81
Node_4,Motion Sensor,777.2858801452027,5.854466560839439,69
Node_5,Camera-like Traffic Generator,777.572121491673,0.4266950372257162,1215
Node_5,Camera-like Traffic Generator,777.9743319994334,0.4022105077604215,1449
Node_1,Temperature Sensor,778.0375984000445,2.2514036762009413,64
Node_3,Smart Plug,778.1859253008248,1.369740993424072,83
Node_5,Camera-like Traffic Generator,778.308111601958,0.3337796025246358,1488
Node_2,Smart Light,778.497249102806,1.3236536158546817,88
Node_5,Camera-like Traffic Generator,778.7104619384685,0.40235033651046087,1159
Node_5,Camera-like Traffic Generator,779.1418777710692,0.4314158326007427,1457
Node_3,Smart Plug,779.5349450844568,1.3490197836320375,77
Node_5,Camera-like Traffic Generator,779.5513005643407,0.40942279327157316,1302
Node_2,Smart Light,779.786582346271,1.2893332434649436,70
Node_5,Camera-like Traffic Generator,780.0390893944405,0.487788830099729,1284
Node_1,Temperature Sensor,780.2301826934961,2.1925842934515174,64
Node_5,Camera-like Traffic Generator,780.4572340724067,0.4181446779662188,1159
Node_5,Camera-like Traffic Generator,780.7646678305065,0.3074337580998078,1405
Node_3,Smart Plug,780.88607382387,1.3511287394131763,81
Node_5,Camera-like Traffic Generator,781.0758008482693,0.31113301776281355,1150
Node_5,Camera-like Traffic Generator,781.4225270854623,0.3467262371930659,1272
Node_2,Smart Light,781.6445991912173,1.8580168449462575,99
Node_5,Camera-like Traffic Generator,781.8460178918116,0.42349080634925895,1114
Node_3,Smart Plug,781.8513818472718,0.9653080234017954,86
Node_5,Camera-like Traffic Generator,782.09718377366,0.2511658818484086,1345
Node_5,Camera-like Traffic Generator,782.4201034928755,0.3229197192153591,1439
Node_4,Motion Sensor,782.4558878154816,5.170007670278931,69
Node_3,Smart Plug,782.7059079290839,0.8545260818120609,97
Node_5,Camera-like Traffic Generator,782.7174138256582,0.29731033278281843,1398
Node_1,Temperature Sensor,782.7660466588799,2.53586396538375,90
Node_5,Camera-like Traffic Generator,783.2009777673135,0.48356394165518,1201
Node_2,Smart Light,783.3238985071406,1.67929931592331,63
Node_5,Camera-like Traffic Generator,783.661582466789,0.46060469947551835,1232
Node_5,Camera-like Traffic Generator,783.9073879206156,0.24580545382667235,1368
Node_3,Smart Plug,783.907839732651,1.2019318035671394,79
Node_5,Camera-like Traffic Generator,784.2230571705517,0.31566924993603784,1474
Node_5,Camera-like Traffic Generator,784.6850656985297,0.4620085279779852,1394
Node_1,Temperature Sensor,784.9511965013176,2.185149842437662,68
Node_5,Camera-like Traffic Generator,784.9995029038513,0.3144372053215551,1435
Node_3,Smart Plug,785.1223539272085,1.2145141945574645,78
Node_5,Camera-like Traffic Generator,785.2443180822145,0.244815178363215,1182
Node_2,Smart Light,785.2866705021344,1.9627719949937918,91
Node_5,Camera-like Traffic Generator,785.5746324624237,0.3303143802092413,1408
Node_5,Camera-like Traffic Generator,786.0462411552174,0.4716086927938013,1075
Node_3,Smart Plug,786.310915318058,1.188561390849633,92
Node_5,Camera-like Traffic Generator,786.5300540353995,0.4838128801820642,1108
Node_5,Camera-like Traffic Generator,786.7349708450283,0.20491680962881068,1236
Node_5,Camera-like Traffic Generator,787.0162378696139,0.2812670245855642,1098
Node_2,Smart Light,787.2054392139642,1.9187687118298253,99
Node_4,Motion Sensor,787.2168987331893,4.761010917707711,78
Node_3,Smart Plug,787.2342371195984,0.9233218015404419,98
Node_5,Camera-like Traffic Generator,787.3654346002996,0.3491967306857524,1079
Node_1,Temperature Sensor,787.4353950885303,2.484198587212709,88
Node_5,Camera-like Traffic Generator,787.8143680495871,0.4489334492874051,1426
Node_3,Smart Plug,788.082962463979,0.848725344380598,64
Node_5,Camera-like Traffic Generator,788.0976689282037,0.28330087861658476,1094
Node_5,Camera-like Traffic Generator,788.4797164280475,0.3820474998438266,1249
Node_5,Camera-like Traffic Generator,788.8102487000898,0.3305322720423286,1425
Node_2,Smart Light,789.072486804398,1.8670475904337784,65
Node_5,Camera-like Traffic Generator,789.1564513424913,0.34620264240153115,1332
Node_3,Smart Plug,789.4528091679665,1.3698467039874478,90
Node_5,Camera-like Traffic Generator,789.4624621646119,0.306010822120546,1053
Node_5,Camera-like Traffic Generator,789.9483472594407,0.48588509482879005,1353
Node_5,Camera-like Traffic Generator,790.3306925550397,0.3823452955990773,1070
Node_1,Temperature Sensor,790.4120021114134,2.976607022883057,80
Node_3,Smart Plug,790.5180468773187,1.065237709352268,79
Node_5,Camera-like Traffic Generator,790.6863213649909,0.3556288099512562,1247
Node_2,Smart Light,790.9385655993891,1.8660787949911568,69
Node_5,Camera-like Traffic Generator,790.9512425207485,0.264921155757484,1245
Node_5,Camera-like Traffic Generator,791.4382995352465,0.4870570144981317,1315
Node_5,Camera-like Traffic Generator,791.7398736878737,0.3015741526271232,1155
Node_3,Smart Plug,791.7801622086336,1.262115331314784,63
Node_5,Camera-like Traffic Generator,792.1254177437878,0.38554405591412805,1305
Node_5,Camera-like Traffic Generator,792.5051524896987,0.3797347459109755,1264
Node_2,Smart Light,792.6499604482283,1.711394848839169,93
Node_4,Motion Sensor,792.660091866247,5.4431931330576795,63
Node_1,Temperature Sensor,792.6950008146883,2.282998703274955,64
Node_5,Camera-like Traffic Generator,792.8074816620226,0.3023291723238455,1186
Node_3,Smart Plug,793.1520857215785,1.37192351294489,95
Node_5,Camera-like Traffic Generator,793.2140360119757,0.4065543499531542,1064
Node_5,Camera-like Traffic Generator,793.5836343186252,0.3695983066493959,1236
Node_5,Camera-like Traffic Generator,793.7889472548874,0.20531293626221614,1185
Node_5,Camera-like Traffic Generator,794.062780210567,0.2738329556795716,1472
Node_2,Smart Light,794.4114340357081,1.7614735874798568,87
Node_5,Camera-like Traffic Generator,794.469264743445,0.40648453287803754,1455
Node_3,Smart Plug,794.5843649248778,1.4322792032993732,85
Node_1,Temperature Sensor,794.8891183927794,2.1941175780910736,69
Node_5,Camera-like Traffic Generator,794.9400309658755,0.4707662224304759,1316
Node_3,Smart Plug,795.3844939631965,0.8001290383186519,65
Node_5,Camera-like Traffic Generator,795.410582959512,0.4705519936364767,1238
Node_5,Camera-like Traffic Generator,795.6947423625567,0.2841594030447209,1170
Node_2,Smart Light,795.9008927616237,1.4894587259156378,83
Node_5,Camera-like Traffic Generator,796.1328877668607,0.43814540430395466,1349
Node_3,Smart Plug,796.2889454654384,0.9044515022418058,81
Node_5,Camera-like Traffic Generator,796.6034445105879,0.47055674372717626,1482
Node_5,Camera-like Traffic Generator,797.0379230475052,0.43447853691730287,1286
Node_1,Temperature Sensor,797.0685599364648,2.179441543685403,60
Node_2,Smart Light,797.1696099137112,1.2687171520874858,76
Node_3,Smart Plug,797.3619333275999,1.0729878621615507,83
Node_5,Camera-like Traffic Generator,797.5113373051856,0.47341425768046086,1354
Node_5,Camera-like Traffic Generator,797.8941534401087,0.3828161349229914,1406
Node_5,Camera-like Traffic Generator,798.1688831594687,0.27472971935999674,1281
Node_4,Motion Sensor,798.1974968695826,5.537405003335622,97
Node_3,Smart Plug,798.2988999617241,0.9369666341242431,87
Node_2,Smart Light,798.6216016362615,1.4519917225503645,85
Node_5,Camera-like Traffic Generator,798.6360502747235,0.4671671152548431,1156
Node_5,Camera-like Traffic Generator,799.1002687237847,0.46421844906117615,1192
Node_3,Smart Plug,799.3205183638015,1.0216184020773673,82
Node_5,Camera-like Traffic Generator,799.3447753614405,0.24450663765581027,1160
Node_1,Temperature Sensor,799.6026950257325,2.5341350892676635,70
Node_5,Camera-like Traffic Generator,799.7035460295543,0.3587706681138436,1231
Node_5,Camera-like Traffic Generator,800.1736751906386,0.4701291610842434,1473
Node_2,Smart Light,800.5017267175689,1.8801250813073236,63
Node_5,Camera-like Traffic Generator,800.5920232391155,0.4183480484768912,1033
Node_3,Smart Plug,800.759761349465,1.4392429856634976,72
Node_5,Camera-like Traffic Generator,800.9088961825558,0.3168729434403029,1096
Node_5,Camera-like Traffic Generator,801.339879889737,0.4309837071810894,1355
Node_5,Camera-like Traffic Generator,801.6490146267989,0.30913473706194633,1388
Node_5,Camera-like Traffic Generator,801.991138707263,0.34212408046406273,1111
Node_2,Smart Light,802.0173401896566,1.515613472087699,71
Node_5,Camera-like Traffic Generator,802.1920546756674,0.20091596840444442,1178
Node_3,Smart Plug,802.2200946577123,1.4603333082472796,77
Node_4,Motion Sensor,802.4505604636016,4.253063594019072,94
Node_1,Temperature Sensor,802.5769899568352,2.974294931102738,82
Node_5,Camera-like Traffic Generator,802.5782504324959,0.38619575682853113,1280
Node_5,Camera-like Traffic Generator,803.0133557136837,0.4351052811877971,1478
Node_5,Camera-like Traffic Generator,803.3587650279852,0.345409314301501,1157
Node_3,Smart Plug,803.7079008701717,1.4878062124593745,73
Node_5,Camera-like Traffic Generator,803.8237290784934,0.46496405050823875,1100
Node_2,Smart Light,803.9536763037452,1.9363361140885753,74
Node_5,Camera-like Traffic Generator,804.2669476561001,0.4432185776066219,1094
Node_3,Smart Plug,804.5704020533828,0.8625011832111246,60
Node_5,Camera-like Traffic Generator,804.7440604059097,0.4771127498095941,1302
Node_5,Camera-like Traffic Generator,805.0327462784647,0.2886858725549726,1030
Node_1,Temperature Sensor,805.2744073497454,2.6974173929101943,65
Node_5,Camera-like Traffic Generator,805.4981777858322,0.4654315073675135,1261
Node_4,Motion Sensor,805.5408726846824,3.090312221080813,94
Node_5,Camera-like Traffic Generator,805.8494165602268,0.35123877439451867,1124
Node_2,Smart Light,805.9039303826105,1.9502540788653826,73
Node_3,Smart Plug,806.0608972073263,1.4904951539434248,76
Node_5,Camera-like Traffic Generator,806.1622192328134,0.3128026725865707,1350
Node_5,Camera-like Traffic Generator,806.6180295353338,0.45581030252035115,1149
Node_5,Camera-like Traffic Generator,806.8793015428828,0.26127200754894225,1148
Node_2,Smart Light,806.9064034677525,1.0024730851419847,90
Node_3,Smart Plug,806.9501861952665,0.8892889879402044,71
Node_5,Camera-like Traffic Generator,807.0879479133197,0.20864637043692535,1321
Node_5,Camera-like Traffic Generator,807.414374881474,0.3264269681544073,1184
Node_5,Camera-like Traffic Generator,807.8471139528205,0.4327390713463871,1496
Node_3,Smart Plug,808.0086422207683,1.0584560255017355,81
Node_1,Temperature Sensor,808.1428685470083,2.868461197262944,79
Node_5,Camera-like Traffic Generator,808.1811194814177,0.33400552859728755,1191
Node_5,Camera-like Traffic Generator,808.4282130067838,0.2470935253661388,1222
Node_2,Smart Light,808.639127494292,1.732724026539487,89
Node_5,Camera-like Traffic Generator,808.7224391103007,0.29422610351684286,1468
Node_3,Smart Plug,808.8458313385917,0.837189117823469,88
Node_5,Camera-like Traffic Generator,809.0592220811969,0.3367829708962503,1098
Node_5,Camera-like Traffic Generator,809.4411848226315,0.3819627414345744,1142
Node_4,Motion Sensor,809.457588491629,3.91671580694662,79
Node_5,Camera-like Traffic Generator,809.8171289232391,0.37594410060763883,1161
Node_5,Camera-like Traffic Generator,810.0222157887922,0.20508686555306974,1026
Node_2,Smart Light,810.0975767509717,1.4584492566797178,86
Node_3,Smart Plug,810.2203586371396,1.3745272985479784,74
Node_5,Camera-like Traffic Generator,810.3201772001623,0.2979614113701324,1238
Node_5,Camera-like Traffic Generator,810.5627030525935,0.2425258524312125,1415
Node_5,Camera-like Traffic Generator,810.8752117665321,0.31250871393858,1012
Node_1,Temperature Sensor,811.0155882820069,2.8727197349985345,82
Node_5,Camera-like Traffic Generator,811.2054896527283,0.3302778861962147,1161
Node_2,Smart Light,811.4557994803127,1.3582227293409872,62
Node_5,Camera-like Traffic Generator,811.4588891827664,0.25339953003811194,1306
Node_3,Smart Plug,811.6232321248918,1.4028734877522773,94
Node_5,Camera-like Traffic Generator,811.8870486328382,0.4281594500717535,1321
Node_5,Camera-like Traffic Generator,812.1842528812194,0.2972042483812948,1378
Node_5,Camera-like Traffic Generator,812.3960673232355,0.21181444201601957,1255
Node_3,Smart Plug,812.5879009442165,0.9646688193246785,88
Node_5,Camera-like Traffic Generator,812.8129003247237,0.41683300148830615,1356
Node_2,Smart Light,812.9902239447003,1.5344244643875649,68
Node_5,Camera-like Traffic Generator,813.1619033075425,0.34900298281880743,1463
Node_5,Camera-like Traffic Generator,813.4038767385447,0.24197343100213242,1051
Node_1,Temperature Sensor,813.4849852269374,2.4693969449305104,77
Node_5,Camera-like Traffic Generator,813.6528912583109,0.24901451976624756,1356
Node_3,Smart Plug,813.6638887707848,1.075987826568261,72
Node_5,Camera-like Traffic Generator,813.8804490800794,0.2275578217685064,1180
Node_5,Camera-like Traffic Generator,814.1875733908221,0.3071243107426719,1040
Node_2,Smart Light,814.4198670453856,1.4296431006852361,68
Node_4,Motion Sensor,814.4341328755639,4.97654438393486,69
Node_5,Camera-like Traffic Generator,814.4906453205247,0.30307192970257407,1034
Node_3,Smart Plug,814.7318415011739,1.0679527303891097,75
Node_5,Camera-like Traffic Generator,814.8108132834598,0.32016796293507077,1031
Node_5,Camera-like Traffic Generator,815.1357191587294,0.3249058752696634,1394
Node_5,Camera-like Traffic Generator,815.544095140526,0.40837598179649715,1274
Node_1,Temperature Sensor,815.6693488973275,2.1843636703900815,62
Node_2,Smart Light,815.6884038837,1.2685368383144224,93
Node_5,Camera-like Traffic Generator,815.7709372574207,0.22684211689464187,1103
Node_3,Smart Plug,815.9134246527517,1.181583151577795,86
Node_5,Camera-like Traffic Generator,816.0186553944359,0.24771813701521414,1381
Node_5,Camera-like Traffic Generator,816.4792549113508,0.46059951691498163,1113
Node_5,Camera-like Traffic Generator,816.6962091649158,0.2169542535649804,1341
Node_5,Camera-like Traffic Generator,816.9034767243528,0.20726755943704345,1321
Node_2,Smart Light,817.0261590388708,1.3377551551707874,83
Node_3,Smart Plug,817.0458346418208,1.1324099890690162,67
Node_5,Camera-like Traffic Generator,817.3126630552946,0.4091863309417364,1239
Node_5,Camera-like Traffic Generator,817.5253158180183,0.2126527627237161,1379
Node_5,Camera-like Traffic Generator,818.010305624624,0.48498980660579516,1477
Node_3,Smart Plug,818.1150511822045,1.0692165403837663,96
Node_5,Camera-like Traffic Generator,818.2516075586739,0.24130193404983852,1159
Node_5,Camera-like Traffic Generator,818.5678651384981,0.3162575798242459,1317
Node_2,Smart Light,818.5923011497879,1.5661421109171403,79
Node_1,Temperature Sensor,818.6104124940956,2.941063596768103,79
Node_4,Motion Sensor,818.7112909202693,4.277158044705454,90
Node_5,Camera-like Traffic Generator,818.886607772152,0.31874263365400374,1255
Node_5,Camera-like Traffic Generator,819.173499592789,0.2868918206368996,1011
Node_3,Smart Plug,819.5030250629133,1.3879738807087008,66
Node_5,Camera-like Traffic Generator,819.5879222449825,0.41442265219343766,1207
Node_5,Camera-like Traffic Generator,819.8083107059765,0.2203884609940574,1100
Node_2,Smart Light,819.9360407703405,1.3437396205526193,87
Node_5,Camera-like Traffic Generator,820.019112382359,0.21080167638250427,1114
Node_5,Camera-like Traffic Generator,820.3665518964756,0.3474395141165384,1174
Node_5,Camera-like Traffic Generator,820.5907401279622,0.22418823148664058,1440
Node_5,Camera-like Traffic Generator,820.9434847182266,0.3527445902643628,1414
Node_2,Smart Light,820.9844500314922,1.0484092611517228,63
Node_3,Smart Plug,821.0012442930206,1.4982192301073296,86
Node_5,Camera-like Traffic Generator,821.2626391652743,0.319154447047662,1076
Node_1,Temperature Sensor,821.432528139395,2.8221156452994305,76
Node_5,Camera-like Traffic Generator,821.4648441487662,0.20220498349189905,1313
Node_5,Camera-like Traffic Generator,821.8516817041183,0.3868375553520407,1132
Node_3,Smart Plug,821.8952385067217,0.8939942137012029,62
Node_5,Camera-like Traffic Generator,822.1639718782841,0.3122901741658441,1194
Node_5,Camera-like Traffic Generator,822.6144185812745,0.45044670299050044,1377
Node_3,Smart Plug,822.7062339662842,0.8109954595625186,88
Node_2,Smart Light,822.7683397933328,1.7838897618405682,78
Node_5,Camera-like Traffic Generator,822.891302049309,0.27688346803445907,1097
Node_5,Camera-like Traffic Generator,823.3606804877379,0.4693784384288084,1196
Node_1,Temperature Sensor,823.5066103096507,2.0740821702556396,85
Node_5,Camera-like Traffic Generator,823.7558192788342,0.39513879109631866,1225
Node_4,Motion Sensor,823.7828467404722,5.071555820202917,83
Node_3,Smart Plug,823.8469249021384,1.1406909358542314,77
Node_4,Motion Sensor,823.855900426395,0.0730536859228201,98
Node_2,Smart Light,823.8925769725631,1.1242371792303985,94
Node_4,Motion Sensor,823.9554380056277,0.09953757923266762,85
Node_5,Camera-like Traffic Generator,824.0894823116417,0.3336630328074869,1483
Node_5,Camera-like Traffic Generator,824.4910362230113,0.4015539113696034,1385
Node_5,Camera-like Traffic Generator,824.7524132413695,0.261377018358183,1056
Node_5,Camera-like Traffic Generator,825.0686488607162,0.3162356193467285,1053
Node_2,Smart Light,825.3338629214395,1.4412859488764265,60
Node_3,Smart Plug,825.3400772515438,1.4931523494053112,63
Node_5,Camera-like Traffic Generator,825.5485739229424,0.4799250622262828,1102
Node_1,Temperature Sensor,825.5602193839433,2.0536090742925333,65
Node_5,Camera-like Traffic Generator,825.9765017073486,0.42792778440611134,1367
Node_5,Camera-like Traffic Generator,826.2660846426958,0.2895829353472509,1344
Node_5,Camera-like Traffic Generator,826.5303873715126,0.2643027288168344,1296
Node_3,Smart Plug,826.5896472812508,1.2495700297069485,76
Node_5,Camera-like Traffic Generator,826.821398553048,0.2910111815354339,1231
Node_5,Camera-like Traffic Generator,827.2157475796373,0.39434902658935855,1114
Node_2,Smart Light,827.2918946907434,1.9580317693039722,68
Node_5,Camera-like Traffic Generator,827.6828095341156,0.4670619544782797,1421
Node_3,Smart Plug,827.7088673393157,1.1192200580649654,91
Node_5,Camera-like Traffic Generator,827.9478513514925,0.2650418173769848,1011
Node_1,Temperature Sensor,828.1230589810278,2.5628395970845643,72
Node_5,Camera-like Traffic Generator,828.1515594522951,0.203708100802653,1414
Node_5,Camera-like Traffic Generator,828.6096668552173,0.4581074029220611,1103
Node_4,Motion Sensor,828.764446363609,4.809008357981268,94
Node_3,Smart Plug,828.9319679982035,1.2231006588877567,77
Node_2,Smart Light,828.980486572655,1.6885918819115102,65
Node_5,Camera-like Traffic Generator,829.0937053774309,0.484038522213568,1194
Node_5,Camera-like Traffic Generator,829.3919130153769,0.2982076379460491,1492
Node_5,Camera-like Traffic Generator,829.7724569091474,0.3805438937705576,1082
Node_3,Smart Plug,829.8578261621718,0.9258581639682952,80
Node_5,Camera-like Traffic Generator,830.1199615863541,0.3475046772066703,1280
Node_5,Camera-like Traffic Generator,830.4055643290744,0.2856027427204024,1493
Node_2,Smart Light,830.6304837719956,1.6499971993406528,66
Node_5,Camera-like Traffic Generator,830.8627720377413,0.4572077086668279,1124
Node_3,Smart Plug,831.0442611834385,1.1864350212667136,78
Node_1,Temperature Sensor,831.116977103738,2.99391812271022,64
Node_5,Camera-like Traffic Generator,831.2476831318419,0.38491109410061297,1442
Node_5,Camera-like Traffic Generator,831.7034875514291,0.4558044195872544,1309
Node_3,Smart Plug,832.0929762448201,1.048715061381598,67
Node_5,Camera-like Traffic Generator,832.1606373446618,0.457149793232706,1473
Node_2,Smart Light,832.5632093347216,1.932725562725924,70
Node_5,Camera-like Traffic Generator,832.6396851728296,0.4790478281676981,1151
Node_5,Camera-like Traffic Generator,832.954111447566,0.3144262747364079,1284
Node_5,Camera-like Traffic Generator,833.2019576063772,0.24784615881122501,1026
Node_3,Smart Plug,833.316177524946,1.223201280125983,83
Node_5,Camera-like Traffic Generator,833.4665501987487,0.26459259237149085,1095
Node_5,Camera-like Traffic Generator,833.7934998973947,0.3269496986460234,1438
Node_1,Temperature Sensor,833.8814205490642,2.764443445326194,84
Node_5,Camera-like Traffic Generator,834.0163297480385,0.22282985064382557,1208
Node_2,Smart Light,834.2177972991403,1.654587964418794,70
Node_5,Camera-like Traffic Generator,834.2230481078459,0.20671835980743897,1385
Node_5,Camera-like Traffic Generator,834.6926046178177,0.46955650997178966,1151
Node_4,Motion Sensor,834.7049627098844,5.940516346275476,75
Node_3,Smart Plug,834.7089402456177,1.3927627206715893,69
Node_5,Camera-like Traffic Generator,834.9714223142182,0.2788176964005701,1465
Node_5,Camera-like Traffic Generator,835.437630904003,0.46620858978468865,1400
Node_2,Smart Light,835.5896410667871,1.3718437676467659,96
Node_5,Camera-like Traffic Generator,835.6990306919363,0.2613997879333608,1459
Node_3,Smart Plug,835.8601504090655,1.151210163447822,76
Node_5,Camera-like Traffic Generator,836.1223088522232,0.42327816028689963,1340
Node_5,Camera-like Traffic Generator,836.3314191335721,0.2091102813488779,1465
Node_1,Temperature Sensor,836.6721613789076,2.7907408298434193,69
Node_5,Camera-like Traffic Generator,836.6743705770086,0.34295144343655104,1007
Node_2,Smart Light,836.7551661459464,1.1655250791593437,75
Node_5,Camera-like Traffic Generator,836.900199158442,0.22582858143331638,1117
Node_3,Smart Plug,837.0424667913204,1.1823163822550076,74
Node_5,Camera-like Traffic Generator,837.361136695441,0.4609375369990766,1289
Node_5,Camera-like Traffic Generator,837.7283701393117,0.3672334438706961,1135
Node_2,Smart Light,838.0606753907906,1.3055092448442307,87
Node_5,Camera-like Traffic Generator,838.1392331578614,0.4108630185497492,1239
Node_3,Smart Plug,838.5272302059307,1.4847634146102184,82
Node_5,Camera-like Traffic Generator,838.5586633646337,0.4194302067722414,1076
Node_5,Camera-like Traffic Generator,838.7782106946203,0.219547329986555,1339
Node_5,Camera-like Traffic Generator,838.9871801290541,0.20896943443379065,1248
Node_1,Temperature Sensor,839.1947339140378,2.5225725351302177,78
Node_2,Smart Light,839.294819232275,1.2341438414844195,86
Node_4,Motion Sensor,839.3084344521516,4.603471742267173,64
Node_5,Camera-like Traffic Generator,839.4363154939421,0.4491353648879414,1206
Node_3,Smart Plug,839.8206479857191,1.2934177797884123,64
Node_5,Camera-like Traffic Generator,839.9281876295215,0.49187213557944237,1288
Node_5,Camera-like Traffic Generator,840.1413977428456,0.21321011332409837,1031
Node_5,Camera-like Traffic Generator,840.5722576584814,0.43085991563582976,1140
Node_5,Camera-like Traffic Generator,840.8567282406065,0.2844705821250472,1239
Node_3,Smart Plug,840.9577210218029,1.1370730360837014,87
Node_2,Smart Light,840.9985172720391,1.7036980397640442,60
Node_5,Camera-like Traffic Generator,841.2973105456517,0.4405823050453166,1012
Node_5,Camera-like Traffic Generator,841.5788992780207,0.28158873236892284,1435
Node_1,Temperature Sensor,841.6374549180571,2.4427210040193286,94
Node_5,Camera-like Traffic Generator,841.8493448283052,0.27044555028455375,1223
Node_3,Smart Plug,841.8571822577368,0.8994612359339731,89
Node_5,Camera-like Traffic Generator,842.0499294045749,0.20058457626962092,1325
Node_2,Smart Light,842.4753239803,1.4768067082609142,65
Node_5,Camera-like Traffic Generator,842.511985670115,0.4620562655401497,1417
Node_5,Camera-like Traffic Generator,842.8425890198281,0.3306033497131118,1476
Node_5,Camera-like Traffic Generator,843.1891473071029,0.3465582872747565,1115
Node_3,Smart Plug,843.345687626428,1.4885053686912766,99
Node_5,Camera-like Traffic Generator,843.6436842772322,0.4545369701292946,1023
Node_2,Smart Light,843.7015148417594,1.226190861459406,87
Node_5,Camera-like Traffic Generator,843.9528947157111,0.3092104384789228,1299
Node_4,Motion Sensor,844.0169794879148,4.708545035763192,95
Node_5,Camera-like Traffic Generator,844.2897719607663,0.3368772450552453,1236
Node_5,Camera-like Traffic Generator,844.5389403754781,0.24916841471180498,1329
Node_1,Temperature Sensor,844.6274861785239,2.990031260466798,72
Node_3,Smart Plug,844.6908964985048,1.3452088720768263,78
Node_2,Smart Light,844.7108017893678,1.00928694760846,87
Node_5,Camera-like Traffic Generator,844.8503220591098,0.3113816836316852,1275
Node_5,Camera-like Traffic Generator,845.0940307679639,0.24370870885411924,1367
Node_5,Camera-like Traffic Generator,845.3980670918547,0.30403632389083873,1086
Node_3,Smart Plug,845.5456607198627,0.8547642213579248,95
Node_5,Camera-like Traffic Generator,845.7186008495983,0.3205337577434851,1233
Node_5,Camera-like Traffic Generator,846.0228319853704,0.30423113577212385,1146
Node_3,Smart Plug,846.4075731653755,0.8619124455128753,78
Node_5,Camera-like Traffic Generator,846.4671002298887,0.44426824451832014,1375
Node_2,Smart Light,846.5279108162811,1.8171090269132986,99
Node_5,Camera-like Traffic Generator,846.815453433295,0.3483532034062833,1271
Node_5,Camera-like Traffic Generator,847.1235520891478,0.30809865585279406,1215
Node_1,Temperature Sensor,847.248513499596,2.6210273210721486,84
Node_4,Motion Sensor,847.2967040077209,3.279724519806139,82
Node_5,Camera-like Traffic Generator,847.5041976576375,0.380645568489731,1442
Node_3,Smart Plug,847.7267534428469,1.3191802774713626,98
Node_5,Camera-like Traffic Generator,847.8040388803813,0.29984122274380715,1179
Node_2,Smart Light,847.9502247500561,1.4223139337750599,65
Node_5,Camera-like Traffic Generator,848.1440054326033,0.3399665522220032,1376
Node_3,Smart Plug,848.5814107857193,0.8546573428724097,85
Node_5,Camera-like Traffic Generator,848.6025454207344,0.45853998813108576,1082
Node_5,Camera-like Traffic Generator,848.8153721406371,0.21282671990272498,1253
Node_2,Smart Light,849.0210530554566,1.070828305400512,75
Node_5,Camera-like Traffic Generator,849.2732856034162,0.4579134627790319,1312
Node_5,Camera-like Traffic Generator,849.6529233678291,0.3796377644128722,1270
Node_3,Smart Plug,849.9400795541679,1.35866876844868,72
Node_1,Temperature Sensor,849.9886028050805,2.740089305484545,97
Node_5,Camera-like Traffic Generator,850.1025272951392,0.44960392731009546,1079
Node_4,Motion Sensor,850.3928814700561,3.0961774623351133,79
Node_5,Camera-like Traffic Generator,850.5421479596472,0.4396206645079537,1069
Node_2,Smart Light,850.7518164372206,1.7307633817639712,64
Node_3,Smart Plug,850.7770215446665,0.8369419904985256,73
Node_5,Camera-like Traffic Generator,850.9870254257423,0.4448774660951148,1102
Node_5,Camera-like Traffic Generator,851.3949898678085,0.4079644420661409,1040
Node_5,Camera-like Traffic Generator,851.7206826880908,0.3256928202824064,1055
Node_2,Smart Light,852.0651679146615,1.3133514774409063,95
Node_5,Camera-like Traffic Generator,852.0710977812683,0.3504150931775497,1020
Node_3,Smart Plug,852.1219905379395,1.344968993272993,78
Node_1,Temperature Sensor,852.1963907109041,2.2077879058235514,68
Node_5,Camera-like Traffic Generator,852.3022423754657,0.23114459419726863,1002
Node_5,Camera-like Traffic Generator,852.7825939551402,0.48035157967459086,1332
Node_5,Camera-like Traffic Generator,853.0320045249713,0.24941056983108356,1113
Node_2,Smart Light,853.2022972094051,1.1371292947435456,90
Node_3,Smart Plug,853.280854715213,1.158864177273501,78
Node_5,Camera-like Traffic Generator,853.44493041533,0.4129258903586661,1167
Node_5,Camera-like Traffic Generator,853.6800068189303,0.23507640360032162,1365
Node_4,Motion Sensor,853.9529577857347,3.5600763156786277,98
Node_5,Camera-like Traffic Generator,854.1190807146827,0.43907389575240485,1274
Node_5,Camera-like Traffic Generator,854.4375688704123,0.3184881557295941,1328
Node_3,Smart Plug,854.594524898425,1.3136701832120106,76
Node_5,Camera-like Traffic Generator,854.7554087891875,0.31783991877527107,1288
Node_1,Temperature Sensor,854.8568188480962,2.660428137192037,66
Node_2,Smart Light,854.9554550103961,1.753157800991068,65
Node_5,Camera-like Traffic Generator,855.180356683719,0.42494789453148496,1343
Node_5,Camera-like Traffic Generator,855.6767418574565,0.49638517373746627,1112
Node_3,Smart Plug,856.066931810159,1.4724069117339877,91
Node_5,Camera-like Traffic Generator,856.0699125378311,0.393170680374624,1077
Node_5,Camera-like Traffic Generator,856.4780953888221,0.40818285099096824,1376
Node_5,Camera-like Traffic Generator,856.8929559547838,0.4148605659617397,1446
Node_2,Smart Light,856.9483951656425,1.992940155246385,65
Node_1,Temperature Sensor,857.0306323964226,2.1738135483264345,63
Node_3,Smart Plug,857.0693777204135,1.002445910254536,61
Node_5,Camera-like Traffic Generator,857.3837400936075,0.49078413882369787,1399
Node_5,Camera-like Traffic Generator,857.7323009680943,0.3485608744867642,1457
Node_4,Motion Sensor,857.8044106475927,3.851452861857987,86
Node_5,Camera-like Traffic Generator,858.1407821859035,0.4084812178092687,1153
Node_2,Smart Light,858.4789034421892,1.5305082765466809,60
Node_3,Smart Plug,858.5153828816568,1.4460051612432716,89
Node_5,Camera-like Traffic Generator,858.5675223570814,0.42674017117795315,1151
Node_5,Camera-like Traffic Generator,858.8302955643778,0.262773207296357,1319
Node_1,Temperature Sensor,859.0333081190255,2.002675722602886,78
Node_5,Camera-like Traffic Generator,859.3157607358963,0.4854651715185367,1095
Node_5,Camera-like Traffic Generator,859.5206267347406,0.20486599884427514,1147
Node_5,Camera-like Traffic Generator,859.7827529544284,0.26212621968771693,1413
Node_3,Smart Plug,859.8242630815178,1.3088801998608939,82
Node_2,Smart Light,860.1289236553471,1.650020213157807,77
Node_5,Camera-like Traffic Generator,860.1868974093353,0.40414445490688716,1033
Node_5,Camera-like Traffic Generator,860.5226772176875,0.33577980835217086,1059
Node_3,Smart Plug,860.6672555157252,0.8429924342074248,78
Node_5,Camera-like Traffic Generator,861.0061396005946,0.48346238290707977,1330
Node_4,Motion Sensor,861.0143489454903,3.2099382978975104,80
Node_5,Camera-like Traffic Generator,861.2093101363777,0.20317053578306402,1298
Node_5,Camera-like Traffic Generator,861.5122610127055,0.3029508763277843,1187
Node_3,Smart Plug,861.5856109843933,0.9183554686680585,62
Node_1,Temperature Sensor,861.627119314145,2.5938111951195633,71
Node_5,Camera-like Traffic Generator,861.8033969953423,0.2911359826367882,1309
Node_2,Smart Light,861.8513556817114,1.7224320263643222,85
Node_5,Camera-like Traffic Generator,862.2792637023359,0.4758667069936681,1317
Node_5,Camera-like Traffic Generator,862.6572645586205,0.3780008562845175,1339
Node_2,Smart Light,863.0027298125557,1.1513741308442809,76
Node_3,Smart Plug,863.0788663649658,1.4932553805725814,92
Node_5,Camera-like Traffic Generator,863.1503685970785,0.4931040384579853,1249
Node_5,Camera-like Traffic Generator,863.4558176843206,0.30544908724212716,1127
Node_5,Camera-like Traffic Generator,863.7978969307994,0.34207924647891863,1398
Node_1,Temperature Sensor,863.858595548701,2.231476234556026,88
Node_5,Camera-like Traffic Generator,864.2237723178549,0.42587538705546546,1384
Node_3,Smart Plug,864.3158882688019,1.2370219038360466,71
Node_4,Motion Sensor,864.5298260960222,3.5154771505319786,76
Node_5,Camera-like Traffic Generator,864.5505828186747,0.3268105008198123,1293
Node_2,Smart Light,864.6892959824314,1.68656616987574,94
Node_5,Camera-like Traffic Generator,865.0147735432064,0.46419072453168386,1474
Node_3,Smart Plug,865.1736453855725,0.8577571167705575,80
Node_5,Camera-like Traffic Generator,865.4202279944029,0.4054544511965851,1497
Node_5,Camera-like Traffic Generator,865.7342181828794,0.31399018847645427,1481
Node_2,Smart Light,865.7759840158974,1.0866880334659885,64
Node_5,Camera-like Traffic Generator,866.161933025227,0.4277148423475223,1043
Node_5,Camera-like Traffic Generator,866.437579939494,0.27564691426694754,1046
Node_1,Temperature Sensor,866.5615831067947,2.7029875580937173,78
Node_3,Smart Plug,866.5696570648093,1.396011679236844,71
Node_5,Camera-like Traffic Generator,866.7111967952143,0.27361685572030836,1415
Node_5,Camera-like Traffic Generator,867.1005864403489,0.3893896451346075,1047
Node_5,Camera-like Traffic Generator,867.4145417751071,0.3139553347581302,1168
Node_3,Smart Plug,867.4624341987737,0.8927771339644375,71
Node_2,Smart Light,867.5284296624453,1.7524456465479523,83
Node_5,Camera-like Traffic Generator,867.795624395543,0.38108262043595365,1234
Node_4,Motion Sensor,868.0009324611127,3.4711063650904994,81
Node_5,Camera-like Traffic Generator,868.092486147613,0.2968617520700699,1276
Node_5,Camera-like Traffic Generator,868.503698173616,0.41121202600294837,1225
Node_3,Smart Plug,868.8629350676297,1.4005008688559308,60
Node_5,Camera-like Traffic Generator,868.8878133496916,0.3841151760755638,1047
Node_2,Smart Light,868.9124615717884,1.3840319093431206,98
Node_1,Temperature Sensor,869.248968026866,2.687384920071243,96
Node_5,Camera-like Traffic Generator,869.2929604837461,0.40514713405456576,1296
Node_5,Camera-like Traffic Generator,869.6955332909259,0.4025728071797674,1014
Node_3,Smart Plug,869.741019650634,0.8780845830043784,66
Node_5,Camera-like Traffic Generator,870.0474216520024,0.3518883610764816,1034
Node_2,Smart Light,870.2269652399706,1.3145036681821693,65
Node_5,Camera-like Traffic Generator,870.3017916346246,0.25436998262222105,1137
Node_5,Camera-like Traffic Generator,870.6713066216198,0.36951498699526064,1400
Node_3,Smart Plug,870.9552587384636,1.214239087829568,66
Node_5,Camera-like Traffic Generator,871.0320054988658,0.36069887724601246,1362
Node_5,Camera-like Traffic Generator,871.3079667904748,0.2759612916089469,1058
Node_2,Smart Light,871.5039328969154,1.2769676569448454,63
Node_5,Camera-like Traffic Generator,871.6629876879178,0.35502089744306875,1086
Node_5,Camera-like Traffic Generator,871.9985054675662,0.33551777964842944,1426
Node_1,Temperature Sensor,872.0367960535127,2.7878280266467312,85
Node_3,Smart Plug,872.0679159558383,1.112657217374718,92
Node_5,Camera-like Traffic Generator,872.2104504156068,0.21194494804058966,1300
Node_4,Motion Sensor,872.4356858882414,4.434753427128705,98
Node_5,Camera-like Traffic Generator,872.5384698962592,0.32801948065237974,1343
Node_5,Camera-like Traffic Generator,873.0290393272305,0.4905694309712375,1038
Node_3,Smart Plug,873.0507927673708,0.9828768115324482,88
Node_2,Smart Light,873.0573295287002,1.55339663178473,84
Node_5,Camera-like Traffic Generator,873.3736831849023,0.34464385767187355,1124
Node_5,Camera-like Traffic Generator,873.6898742884555,0.3161911035531911,1372
Node_5,Camera-like Traffic Generator,874.0860357491205,0.39616146066503966,1088
Node_3,Smart Plug,874.1902357269965,1.139442959625769,91
Node_5,Camera-like Traffic Generator,874.3990516318894,0.3130158827689469,1151
Node_2,Smart Light,874.6649226276157,1.6075930989155234,91
Node_5,Camera-like Traffic Generator,874.6660784266063,0.2670267947168732,1432
Node_1,Temperature Sensor,874.6979790963661,2.661183042853368,97
Node_5,Camera-like Traffic Generator,875.0411493714346,0.3750709448282534,1246
Node_5,Camera-like Traffic Generator,875.4552977560161,0.41414838458150566,1404
Node_3,Smart Plug,875.5936458266159,1.4034100996193541,73
Node_5,Camera-like Traffic Generator,875.9397100981286,0.48441234211248574,1058
Node_5,Camera-like Traffic Generator,876.1890400818827,0.2493299837541699,1065
Node_2,Smart Light,876.3553987026304,1.690476075014654,93
Node_3,Smart Plug,876.4527268526123,0.8590810259963717,65
Node_5,Camera-like Traffic Generator,876.682679162735,0.493639080852283,1302
Node_5,Camera-like Traffic Generator,876.8897826232512,0.207103460516253,1248
Node_1,Temperature Sensor,877.1231180624703,2.4251389661042118,81
Node_5,Camera-like Traffic Generator,877.3280838289584,0.43830120570716524,1214
Node_5,Camera-like Traffic Generator,877.7406064709565,0.412522641998176,1448
Node_3,Smart Plug,877.9064861509012,1.4537592982888716,66
Node_2,Smart Light,878.0138040727155,1.658405370085144,72
Node_4,Motion Sensor,878.0327843700414,5.597098481799954,68
Node_5,Camera-like Traffic Generator,878.0510929604197,0.310486489463222,1271
Node_5,Camera-like Traffic Generator,878.3766803376856,0.32558737726582143,1016
Node_5,Camera-like Traffic Generator,878.7075676752152,0.3308873375295436,1351
Node_5,Camera-like Traffic Generator,878.9276492401449,0.22008156492972825,1043
Node_3,Smart Plug,879.0536499438014,1.1471637929002412,99
Node_5,Camera-like Traffic Generator,879.3909835478497,0.46333430770485556,1332
Node_2,Smart Light,879.5315532005128,1.5177491277972375,80
Node_5,Camera-like Traffic Generator,879.733371202634,0.34238765478430755,1253
Node_1,Temperature Sensor,879.7707527858728,2.6476347234024806,96
Node_5,Camera-like Traffic Generator,880.0063407903175,0.27296958768356494,1463
Node_5,Camera-like Traffic Generator,880.2475989722195,0.24125818190204548,1012
Node_3,Smart Plug,880.3929073962015,1.3392574524001546,69
Node_5,Camera-like Traffic Generator,880.4735122306464,0.22591325842683158,1093
Node_5,Camera-like Traffic Generator,880.7324673444882,0.2589551138418215,1329
Node_5,Camera-like Traffic Generator,881.0962430121258,0.36377566763754976,1278
Node_2,Smart Light,881.2793968414941,1.7478436409812494,71
Node_5,Camera-like Traffic Generator,881.4396069343645,0.34336392223869017,1485
Node_3,Smart Plug,881.5010369020757,1.1081295058742118,85
Node_5,Camera-like Traffic Generator,881.8364857435159,0.3968788091514487,1291
Node_5,Camera-like Traffic Generator,882.0712406915948,0.23475494807884079,1019
Node_4,Motion Sensor,882.3293863990498,4.296602029008331,78
Node_5,Camera-like Traffic Generator,882.3319748715402,0.26073417994541054,1150
Node_2,Smart Light,882.3339659725093,1.054569131015253,95
Node_3,Smart Plug,882.4486366252988,0.9475997232230766,89
Node_1,Temperature Sensor,882.5973839455229,2.8266311596500597,62
Node_5,Camera-like Traffic Generator,882.7559675158684,0.42399264432819317,1195
Node_5,Camera-like Traffic Generator,883.0675250838672,0.31155756799875345,1255
Node_5,Camera-like Traffic Generator,883.2711747100464,0.2036496261792315,1262
Node_3,Smart Plug,883.4901896289231,1.0415530036242906,85
Node_5,Camera-like Traffic Generator,883.5509409654823,0.2797662554358829,1265
Node_5,Camera-like Traffic Generator,883.84194420884,0.29100324335780287,1405
Node_5,Camera-like Traffic Generator,884.1378029680959,0.29585875925585253,1121
Node_2,Smart Light,884.2886374838564,1.954671511347153,79
Node_5,Camera-like Traffic Generator,884.4819197187562,0.3441167506602972,1106
Node_1,Temperature Sensor,884.7633067347437,2.1659227892207245,72
Node_3,Smart Plug,884.8190283809371,1.3288387520139793,64
Node_5,Camera-like Traffic Generator,884.881130624356,0.39921090559980177,1239
Node_5,Camera-like Traffic Generator,885.1453673713058,0.2642367469498076,1086
Node_2,Smart Light,885.4013811464603,1.1127436626038085,79
Node_5,Camera-like Traffic Generator,885.511277134657,0.3659097633512241,1313
Node_3,Smart Plug,885.7363486586638,0.9173202777267281,75
Node_5,Camera-like Traffic Generator,885.9688849749652,0.45760784030825635,1035
Node_5,Camera-like Traffic Generator,886.3690096793417,0.4001247043765088,1428
Node_5,Camera-like Traffic Generator,886.6126304643573,0.24362078501549095,1380
Node_3,Smart Plug,886.7473056496314,1.0109569909675895,89
Node_5,Camera-like Traffic Generator,886.9559369838508,0.3433065194935752,1494
Node_2,Smart Light,886.995310914598,1.5939297681377231,81
Node_4,Motion Sensor,887.1405147451151,4.811128346065239,83
Node_5,Camera-like Traffic Generator,887.1777140122166,0.22177702836578506,1082
Node_1,Temperature Sensor,887.5122644568132,2.7489577220696235,82
Node_5,Camera-like Traffic Generator,887.5657962946557,0.38808228243905396,1206
Node_5,Camera-like Traffic Generator,887.9534833437802,0.3876870491245147,1468
Node_3,Smart Plug,888.0740051467777,1.3266994971463193,81
Node_5,Camera-like Traffic Generator,888.4018760358301,0.44839269204989474,1203
Node_5,Camera-like Traffic Generator,888.8275873206283,0.42571128479809545,1021
Node_2,Smart Light,888.9730078624414,1.9776969478433357,99
Node_5,Camera-like Traffic Generator,889.123733594496,0.2961462738677084,1197
Node_3,Smart Plug,889.1398657026832,1.065860555905528,88
Node_5,Camera-like Traffic Generator,889.3815153027476,0.257781708251661,1363
Node_5,Camera-like Traffic Generator,889.6936199728344,0.3121046700867479,1224
Node_1,Temperature Sensor,889.800875045119,2.2886105883058416,64
Node_5,Camera-like Traffic Generator,890.1445317053001,0.4509117324656295,1112
Node_3,Smart Plug,890.272078409218,1.1322127065348446,65
Node_5,Camera-like Traffic Generator,890.6167840745117,0.4722523692115985,1239
Node_2,Smart Light,890.9069322641155,1.9339244016742159,65
Node_5,Camera-like Traffic Generator,891.1016004464378,0.48481637192622035,1254
Node_5,Camera-like Traffic Generator,891.4235599955804,0.3219595491425118,1435
Node_4,Motion Sensor,891.6479398085934,4.507425063478322,71
Node_3,Smart Plug,891.6812728243128,1.4091944150948081,60
Node_5,Camera-like Traffic Generator,891.8141633318787,0.390603336298358,1120
Node_5,Camera-like Traffic Generator,892.1705408790109,0.35637754713213665,1248
Node_5,Camera-like Traffic Generator,892.3930575016274,0.22251662261651797,1299
Node_1,Temperature Sensor,892.4895530363311,2.688677991212094,87
Node_5,Camera-like Traffic Generator,892.7182524328059,0.32519493117854137,1280
Node_2,Smart Light,892.7677462680523,1.8608140039367473,82
Node_5,Camera-like Traffic Generator,893.1295947449593,0.41134231215339256,1388
Node_3,Smart Plug,893.1303285925502,1.4490557682373846,77
Node_5,Camera-like Traffic Generator,893.5614701667547,0.4318754217953983,1019
Node_5,Camera-like Traffic Generator,893.8446869964866,0.2832168297319129,1140
Node_2,Smart Light,894.1331587309004,1.3654124628480986,87
Node_5,Camera-like Traffic Generator,894.2397370545688,0.39505005808206956,1493
Node_3,Smart Plug,894.4052739762254,1.2749453836752624,98
Node_5,Camera-like Traffic Generator,894.5421818448058,0.3024447902370175,1418
Node_4,Motion Sensor,894.6702697348849,3.0223299262915204,62
Node_5,Camera-like Traffic Generator,894.9237706055552,0.3815887607494468,1459
Node_5,Camera-like Traffic Generator,895.3803842764746,0.456613670919454,1234
Node_1,Temperature Sensor,895.4322292770752,2.9426762407440408,80
Node_3,Smart Plug,895.683287393865,1.2780134176396543,61
Node_5,Camera-like Traffic Generator,895.7267205295799,0.3463362531053137,1378
Node_2,Smart Light,895.8958846687959,1.7627259378955857,98
Node_5,Camera-like Traffic Generator,896.1785728408225,0.4518523112426363,1294
Node_5,Camera-like Traffic Generator,896.5466291454043,0.368056304581733,1341
Node_5,Camera-like Traffic Generator,896.9264317099232,0.3798025645189185,1392
Node_3,Smart Plug,897.1256858926081,1.4423984987430671,85
Node_5,Camera-like Traffic Generator,897.1676119118471,0.2411802019238355,1168
Node_5,Camera-like Traffic Generator,897.5750391344782,0.40742722263114645,1487
Node_2,Smart Light,897.6662517180206,1.770367049224614,60
Node_1,Temperature Sensor,897.9260244964203,2.4937952193450843,63
Node_5,Camera-like Traffic Generator,897.9348608687211,0.3598217342428809,1308
Node_5,Camera-like Traffic Generator,898.1537411799382,0.21888031121699425,1314
Node_3,Smart Plug,898.5950144517308,1.4693285591227374,77
Node_5,Camera-like Traffic Generator,898.6339894402975,0.4802482603592825,1437
Node_2,Smart Light,898.7337842872934,1.067532569272767,70
Node_4,Motion Sensor,898.8679804785397,4.19771074365486,81
Node_5,Camera-like Traffic Generator,899.0123195857315,0.37833014543395765,1113
Node_5,Camera-like Traffic Generator,899.490365537096,0.4780459513645116,1162
Node_5,Camera-like Traffic Generator,899.7621899749959,0.2718244378999209,1095
Node_2,Smart Light,899.7736111492305,1.0398268619371898,62
Node_1,Temperature Sensor,899.9658852806039,2.039860784183613,77
Node_3,Smart Plug,900.0376438632229,1.4426294114920954,94
Node_5,Camera-like Traffic Generator,900.2538921798782,0.4917022048823855,1095
Node_5,Camera-like Traffic Generator,900.554391725328,0.3004995454497749,1338
Node_5,Camera-like Traffic Generator,900.837948366066,0.283556640738048,1298
Node_3,Smart Plug,901.0721210478555,1.0344771846326313,70
Node_5,Camera-like Traffic Generator,901.2388537531527,0.4009053870866697,1094
Node_2,Smart Light,901.5629011482237,1.7892899989930915,80
Node_5,Camera-like Traffic Generator,901.6227698723942,0.3839161192414546,1393
Node_3,Smart Plug,901.9409147997416,0.8687937518860456,86
Node_5,Camera-like Traffic Generator,902.0634431993259,0.4406733269316905,1344
Node_1,Temperature Sensor,902.2882068639622,2.3223215833583,70
Node_5,Camera-like Traffic Generator,902.3204330144576,0.25698981513180597,1342
Node_5,Camera-like Traffic Generator,902.7342193256284,0.41378631117070297,1276
Node_5,Camera-like Traffic Generator,902.9955586714964,0.26133934586800034,1231
Node_3,Smart Plug,903.0147224343245,1.0738076345829368,90
Node_2,Smart Light,903.1914718442843,1.6285706960605761,80
Node_5,Camera-like Traffic Generator,903.3515924754066,0.3560338039102009,1058
Node_5,Camera-like Traffic Generator,903.7684152379171,0.4168227625105061,1145
Node_5,Camera-like Traffic Generator,904.0425233770574,0.274108139140309,1299
Node_3,Smart Plug,904.3390860725561,1.3243636382315893,89
Node_1,Temperature Sensor,904.3795337505932,2.091326886630985,98
Node_5,Camera-like Traffic Generator,904.4325566493321,0.39003327227470863,1168
Node_4,Motion Sensor,904.5988880953613,5.730907616821581,78
Node_2,Smart Light,904.6069038386596,1.415431994375402,88
Node_5,Camera-like Traffic Generator,904.8987386286176,0.4661819792855024,1404
Node_5,Camera-like Traffic Generator,905.2112382156594,0.31249958704181124,1195
Node_3,Smart Plug,905.5511930763295,1.2121070037733621,67
Node_5,Camera-like Traffic Generator,905.6263506505921,0.4151124349327545,1466
Node_2,Smart Light,905.6893316505842,1.0824278119246458,81
Node_5,Camera-like Traffic Generator,905.9640744180606,0.3377237674685015,1170
Node_5,Camera-like Traffic Generator,906.2404921322824,0.2764177142217392,1036
Node_5,Camera-like Traffic Generator,906.4778209156302,0.23732878334786078,1188
Node_3,Smart Plug,906.5873776984861,1.0361846221566402,87
Node_5,Camera-like Traffic Generator,906.8430259427572,0.3652050271269699,1196
Node_5,Camera-like Traffic Generator,907.062989864041,0.2199639212837698,1405
Node_1,Temperature Sensor,907.2154923644994,2.835958613906181,83
Node_2,Smart Light,907.305378706251,1.6160470556667481,71
Node_5,Camera-like Traffic Generator,907.3394331225526,0.27644325851158585,1247
Node_3,Smart Plug,907.5133193551598,0.9259416566736167,81
Node_5,Camera-like Traffic Generator,907.8198584281967,0.48042530564409586,1275
Node_5,Camera-like Traffic Generator,908.2662059001426,0.4463474719459377,1255
Node_5,Camera-like Traffic Generator,908.5923538584791,0.32614795833645016,1132
Node_2,Smart Light,908.6152855918676,1.309906885616642,80
Node_3,Smart Plug,908.7842806569778,1.270961301817993,93
Node_5,Camera-like Traffic Generator,909.0868271498786,0.4944732913994207,1314
Node_4,Motion Sensor,909.3272863522387,4.728398256877469,71
Node_5,Camera-like Traffic Generator,909.433695028454,0.3468678785754854,1054
Node_3,Smart Plug,909.5926536446942,0.8083729877164523,63
Node_5,Camera-like Traffic Generator,909.7648466973011,0.33115166884709457,1156
Node_2,Smart Light,909.8184830858255,1.2031974939578278,92
Node_5,Camera-like Traffic Generator,910.0067649061559,0.24191820885487958,1061
Node_1,Temperature Sensor,910.1662786423058,2.9507862778063525,99
Node_5,Camera-like Traffic Generator,910.4348022324947,0.4280373263388122,1497
Node_3,Smart Plug,910.4653887440386,0.8727350993443257,77
Node_5,Camera-like Traffic Generator,910.647112617112,0.21231038461739132,1035
Node_5,Camera-like Traffic Generator,910.8793511054922,0.2322384883802176,1267
Node_5,Camera-like Traffic Generator,911.1175777400182,0.2382266345259636,1047
Node_2,Smart Light,911.354873258715,1.5363901728894582,75
Node_3,Smart Plug,911.4189801720478,0.9535914280092378,71
Node_5,Camera-like Traffic Generator,911.5404846775132,0.42290693749500274,1211
Node_5,Camera-like Traffic Generator,911.7524658925983,0.21198121508504048,1330
Node_5,Camera-like Traffic Generator,911.9704298578574,0.21796396525917075,1055
Node_3,Smart Plug,912.3541358440602,0.9351556720124874,60
Node_5,Camera-like Traffic Generator,912.4634807362578,0.4930508784004152,1359
Node_5,Camera-like Traffic Generator,912.7487371669802,0.285256430722332,1120
Node_1,Temperature Sensor,912.838560226609,2.6722815843032395,70
Node_2,Smart Light,912.9891675060683,1.6342942473532567,93
Node_5,Camera-like Traffic Generator,913.0148684487248,0.26613128174464085,1301
Node_3,Smart Plug,913.2184947418641,0.864358897803853,97
Node_5,Camera-like Traffic Generator,913.4403864174094,0.42551796868458935,1463
Node_5,Camera-like Traffic Generator,913.7464518490358,0.30606543162636757,1118
Node_5,Camera-like Traffic Generator,913.9533380687617,0.20688621972585525,1292
Node_5,Camera-like Traffic Generator,914.3820434359541,0.42870536719234054,1085
Node_3,Smart Plug,914.4781186048591,1.259623862995035,93
Node_2,Smart Light,914.6702231907775,1.6810556847092104,62
Node_5,Camera-like Traffic Generator,914.8719633498685,0.48991991391432144,1191
Node_1,Temperature Sensor,914.8787918997537,2.040231673144616,90
Node_4,Motion Sensor,914.9702685725657,5.642982220327017,88
Node_5,Camera-like Traffic Generator,915.2344767324887,0.36251338262028243,1008
Node_5,Camera-like Traffic Generator,915.4825954663072,0.24811873381848132,1285
Node_5,Camera-like Traffic Generator,915.8668351473247,0.38423968101741185,1487
Node_3,Smart Plug,915.9434608763329,1.4653422714737765,85
Node_5,Camera-like Traffic Generator,916.3097002474244,0.44286510009972097,1062
Node_2,Smart Light,916.368899072383,1.6986758816054914,89
Node_5,Camera-like Traffic Generator,916.583558133423,0.27385788599859684,1203
Node_5,Camera-like Traffic Generator,916.8561654855446,0.2726073521215616,1304
Node_3,Smart Plug,917.2391134504136,1.2956525740806515,64
Node_5,Camera-like Traffic Generator,917.3237310388228,0.4675655532781998,1458
Node_1,Temperature Sensor,917.3492927230053,2.4705008232516334,86
Node_5,Camera-like Traffic Generator,917.607572243706,0.28384120488327796,1001
Node_5,Camera-like Traffic Generator,918.0089207219976,0.4013484782915433,1217
Node_2,Smart Light,918.2153671875237,1.8464681151407762,62
Node_5,Camera-like Traffic Generator,918.4671892972183,0.45826857522066605,1424
Node_3,Smart Plug,918.6386220274272,1.3995085770136122,65
Node_5,Camera-like Traffic Generator,918.8010388589097,0.3338495616914059,1116
Node_5,Camera-like Traffic Generator,919.2552235216436,0.4541846627339656,1204
Node_2,Smart Light,919.3015799859152,1.0862127983914893,77
Node_5,Camera-like Traffic Generator,919.5884634423251,0.33323992068140407,1075
Node_3,Smart Plug,919.8980982676651,1.2594762402378055,95
Node_5,Camera-like Traffic Generator,920.0548989657706,0.466435523445477,1425
Node_4,Motion Sensor,920.1052123735593,5.134943800993565,84
Node_1,Temperature Sensor,920.265365510932,2.9160727879267676,67
Node_5,Camera-like Traffic Generator,920.4801072200338,0.4252082542631685,1011
Node_2,Smart Light,920.7549518282123,1.4533718422971427,84
Node_5,Camera-like Traffic Generator,920.9096239712153,0.4295167511814608,1102
Node_3,Smart Plug,921.0943464306666,1.1962481630015376,98
Node_5,Camera-like Traffic Generator,921.3116173200183,0.40199334880304294,1218
Node_5,Camera-like Traffic Generator,921.7741613340041,0.46254401398584705,1171
Node_5,Camera-like Traffic Generator,921.9803760759919,0.20621474198780687,1253
Node_2,Smart Light,922.0642418920858,1.3092900638735263,89
Node_5,Camera-like Traffic Generator,922.2967462774861,0.31637020149428907,1221
Node_3,Smart Plug,922.5215475719167,1.4272011412500705,87
Node_5,Camera-like Traffic Generator,922.5583871518711,0.2616408743850016,1072
Node_5,Camera-like Traffic Generator,922.7815942380489,0.2232070861778115,1418
Node_1,Temperature Sensor,922.8506951362099,2.585329625277854,85
Node_5,Camera-like Traffic Generator,923.1865777713218,0.4049835332728869,1084
Node_3,Smart Plug,923.4988825891373,0.9773350172206613,78
Node_5,Camera-like Traffic Generator,923.507779664727,0.3212018934051638,1108
Node_2,Smart Light,923.8049000723199,1.740658180234178,64
Node_5,Camera-like Traffic Generator,923.8137593116297,0.30597964690276,1137
Node_5,Camera-like Traffic Generator,924.2282394471242,0.4144801354944977,1449
Node_5,Camera-like Traffic Generator,924.5420726650441,0.31383321791984653,1438
Node_3,Smart Plug,924.9542100310756,1.4553274419382207,85
Node_5,Camera-like Traffic Generator,925.0302691885859,0.4881965235418289,1343
Node_1,Temperature Sensor,925.3424209384009,2.4917258021910134,63
Node_5,Camera-like Traffic Generator,925.3992619223417,0.36899273375587066,1322
Node_2,Smart Light,925.512800679438,1.7079006071180984,88
Node_4,Motion Sensor,925.5351666680436,5.429954294484345,69
Node_5,Camera-like Traffic Generator,925.618670410136,0.21940848779435262,1356
Node_5,Camera-like Traffic Generator,925.8252342033829,0.20656379324690224,1285
Node_5,Camera-like Traffic Generator,926.1330903750676,0.3078561716846472,1010
Node_3,Smart Plug,926.4000968046669,1.4458867735912886,71
Node_5,Camera-like Traffic Generator,926.4639779297821,0.3308875547144826,1222
Node_2,Smart Light,926.6766333103734,1.1638326309354077,98
Node_5,Camera-like Traffic Generator,926.791219274732,0.3272413449498882,1218
Node_5,Camera-like Traffic Generator,927.0956882899471,0.3044690152150918,1134
Node_3,Smart Plug,927.4989851838872,1.0988883792203294,96
Node_5,Camera-like Traffic Generator,927.5691678834859,0.4734795935387144,1129
Node_1,Temperature Sensor,927.6903819946956,2.3479610562946505,73
Node_5,Camera-like Traffic Generator,927.8165973434046,0.24742945991875603,1109
Node_5,Camera-like Traffic Generator,928.1922457182118,0.37564837480710955,1258
Node_2,Smart Light,928.1996386731018,1.5230053627284081,91
Node_5,Camera-like Traffic Generator,928.5515266862449,0.35928096803309506,1097
Node_5,Camera-like Traffic Generator,928.7624146778353,0.2108879915904138,1190
Node_3,Smart Plug,928.8379015402949,1.3389163564077298,72
Node_5,Camera-like Traffic Generator,928.9768082356536,0.21439355781833136,1114
Node_5,Camera-like Traffic Generator,929.3889396001091,0.41213136445548365,1079
Node_3,Smart Plug,929.7512777624472,0.9133762221523516,62
Node_5,Camera-like Traffic Generator,929.7735745866929,0.3846349865838426,1276
Node_2,Smart Light,929.9204041911953,1.720765518093459,66
Node_5,Camera-like Traffic Generator,930.0486919223385,0.2751173356456802,1262
Node_5,Camera-like Traffic Generator,930.3252355212284,0.27654359888978486,1074
Node_1,Temperature Sensor,930.3605155042168,2.6701335095211856,94
Node_5,Camera-like Traffic Generator,930.5677257327864,0.24249021155797001,1217
Node_5,Camera-like Traffic Generator,931.0290283475556,0.4613026147692566,1093
Node_2,Smart Light,931.0473347986764,1.1269306074811247,91
Node_3,Smart Plug,931.0952519276459,1.3439741651987371,75
Node_4,Motion Sensor,931.235060528959,5.699893860915374,78
Node_5,Camera-like Traffic Generator,931.3518676605074,0.32283931295185914,1083
Node_5,Camera-like Traffic Generator,931.5719013304973,0.22003366998988902,1435
Node_5,Camera-like Traffic Generator,931.9581847253082,0.3862833948108849,1286
Node_3,Smart Plug,932.1281102434801,1.0328583158341869,62
Node_2,Smart Light,932.3160992850857,1.2687644864092458,95
Node_5,Camera-like Traffic Generator,932.3931149487976,0.43493022348939536,1435
Node_1,Temperature Sensor,932.6903191677958,2.329803663578965,87
Node_5,Camera-like Traffic Generator,932.8531570639677,0.4600421151701557,1370
Node_5,Camera-like Traffic Generator,933.139629961679,0.28647289771125883,1235
Node_5,Camera-like Traffic Generator,933.4666091649664,0.32697920328733776,1083
Node_3,Smart Plug,933.5970342329323,1.468923989452128,70
Node_5,Camera-like Traffic Generator,933.6717637086517,0.20515454368530675,1480
Node_5,Camera-like Traffic Generator,934.0525540101665,0.38079030151485443,1038
Node_2,Smart Light,934.0875295755753,1.7714302904896246,61
Node_5,Camera-like Traffic Generator,934.484404904189,0.43185089402238347,1134
Node_3,Smart Plug,934.7054366158767,1.1084023829443674,79
Node_5,Camera-like Traffic Generator,934.9193479808116,0.434943076622629,1266
Node_1,Temperature Sensor,934.9785369631572,2.2882177953614558,97
Node_5,Camera-like Traffic Generator,935.3530657758167,0.4337177950051512,1276
Node_5,Camera-like Traffic Generator,935.6637449531379,0.3106791773212146,1089
Node_2,Smart Light,935.8946374222327,1.8071078466573698,70
Node_5,Camera-like Traffic Generator,936.0238421556448,0.36009720250699695,1093
Node_3,Smart Plug,936.1554470246393,1.4500104087626067,84
Node_5,Camera-like Traffic Generator,936.459914663165,0.43607250752019844,1162
Node_5,Camera-like Traffic Generator,936.711453027232,0.25153836406696506,1136
Node_2,Smart Light,936.9585094113559,1.063871989123148,88
Node_4,Motion Sensor,936.9675598153218,5.7324992863628275,82
Node_3,Smart Plug,937.0803565436846,0.9249095190453397,79
Node_5,Camera-like Traffic Generator,937.1554447568955,0.44399172966342704,1250
Node_5,Camera-like Traffic Generator,937.623896212258,0.46845145536255106,1196
Node_1,Temperature Sensor,937.7921029978952,2.8135660347379727,82
Node_5,Camera-like Traffic Generator,937.8739965910582,0.2501003788002084,1234
Node_3,Smart Plug,937.9810673639307,0.9007108202460595,90
Node_5,Camera-like Traffic Generator,938.3279577253109,0.45396113425260254,1120
Node_2,Smart Light,938.53516108607,1.576651674714184,63
Node_5,Camera-like Traffic Generator,938.7106484571215,0.38269073181065894,1183
Node_3,Smart Plug,938.9339379126691,0.9528705487383634,85
Node_5,Camera-like Traffic Generator,939.145595693628,0.4349472365065151,1231
Node_5,Camera-like Traffic Generator,939.4820789408526,0.3364832472245656,1355
Node_5,Camera-like Traffic Generator,939.8961078482296,0.4140289073770079,1081
Node_2,Smart Light,939.9903588637495,1.4551977776794276,74
Node_1,Temperature Sensor,940.2469289064969,2.4548259086017294,72
Node_5,Camera-like Traffic Generator,940.2779110748969,0.3818032266673005,1021
Node_3,Smart Plug,940.3727643686578,1.4388264559887887,88
Node_5,Camera-like Traffic Generator,940.7727679645413,0.4948568896444703,1067
Node_5,Camera-like Traffic Generator,941.0589287132782,0.2861607487367973,1264
Node_4,Motion Sensor,941.1482137680987,4.180653952776895,69
Node_3,Smart Plug,941.2450653498248,0.8723009811669784,62
Node_5,Camera-like Traffic Generator,941.4059156687067,0.3469869554285528,1377
Node_2,Smart Light,941.4899688695109,1.4996100057613833,82
Node_5,Camera-like Traffic Generator,941.7710103934695,0.36509472476274285,1363
Node_5,Camera-like Traffic Generator,942.2376482027275,0.46663780925806786,1233
Node_3,Smart Plug,942.4450065417162,1.1999411918914438,70
Node_1,Temperature Sensor,942.5702026927729,2.323273786275995,98
Node_5,Camera-like Traffic Generator,942.6318541788784,0.39420597615082265,1259
Node_2,Smart Light,942.8576566473677,1.3676877778568117,70
Node_5,Camera-like Traffic Generator,943.0677695952209,0.4359154163424309,1288
Node_5,Camera-like Traffic Generator,943.5190579162748,0.451288321054004,1202
Node_3,Smart Plug,943.5571239783422,1.1121174366260718,95
Node_5,Camera-like Traffic Generator,943.7944868607809,0.2754289445060575,1468
Node_2,Smart Light,943.9605615623896,1.1029049150218695,82
Node_5,Camera-like Traffic Generator,944.0445555190057,0.2500686582248342,1428
Node_5,Camera-like Traffic Generator,944.2824274716695,0.2378719526637466,1018
Node_3,Smart Plug,944.4613219711514,0.9041979928091595,85
Node_5,Camera-like Traffic Generator,944.5044525932685,0.22202512159898477,1497
Node_5,Camera-like Traffic Generator,944.9570363979171,0.4525838046486128,1057
Node_1,Temperature Sensor,944.9743777497737,2.404175057000746,80
Node_5,Camera-like Traffic Generator,945.4282859591057,0.47124956118854805,1191
Node_2,Smart Light,945.6833399357155,1.7227783733258666,69
Node_5,Camera-like Traffic Generator,945.7181413477476,0.28985538864200583,1011
Node_3,Smart Plug,945.9143475776233,1.453025606471933,86
Node_5,Camera-like Traffic Generator,946.0643078255441,0.3461664777965162,1375
Node_5,Camera-like Traffic Generator,946.3289789547608,0.2646711292167102,1387
Node_5,Camera-like Traffic Generator,946.7540832058487,0.4251042510878373,1224
Node_4,Motion Sensor,946.7598325437779,5.611618775679146,85
Node_3,Smart Plug,946.900853114404,0.9865055367806943,88
Node_5,Camera-like Traffic Generator,947.1312121804739,0.37712897462515005,1379
Node_2,Smart Light,947.1921648206261,1.5088248849106467,61
Node_5,Camera-like Traffic Generator,947.3731657150674,0.24195353459359253,1396
Node_5,Camera-like Traffic Generator,947.6920739465743,0.3189082315068508,1071
Node_1,Temperature Sensor,947.9624969645554,2.9881192147817544,86
Node_5,Camera-like Traffic Generator,948.1622250198224,0.4701510732480991,1451
Node_3,Smart Plug,948.3340853948217,1.4332322804177646,82
Node_5,Camera-like Traffic Generator,948.4381010057878,0.2758759859653767,1199
Node_5,Camera-like Traffic Generator,948.8519680892744,0.41386708348662715,1185
Node_2,Smart Light,949.0550933155287,1.8629284949026113,69
Node_5,Camera-like Traffic Generator,949.1133758150778,0.261407725803478,1065
Node_3,Smart Plug,949.4948534968963,1.160768102074593,97
Node_5,Camera-like Traffic Generator,949.6012613231338,0.48788550805601383,1122
Node_5,Camera-like Traffic Generator,949.8449225648822,0.24366124174827083,1320
Node_5,Camera-like Traffic Generator,950.0753080173064,0.2303854524241792,1187
Node_5,Camera-like Traffic Generator,950.3804745504452,0.3051665331388028,1454
Node_1,Temperature Sensor,950.5050905589126,2.542593594357195,76
Node_2,Smart Light,950.5268579051065,1.471764589577738,75
Node_4,Motion Sensor,950.6355013153426,3.875668771564743,87
Node_3,Smart Plug,950.6383291146232,1.1434756177268743,77
Node_5,Camera-like Traffic Generator,950.8465885089234,0.4661139584781945,1436
Node_5,Camera-like Traffic Generator,951.0700255520499,0.223437043126456,1146
Node_5,Camera-like Traffic Generator,951.5163538176704,0.446328265620533,1275
Node_2,Smart Light,951.6769425733476,1.15008466824115,97
Node_5,Camera-like Traffic Generator,951.7285111422244,0.21215732455397512,1490
Node_3,Smart Plug,952.0291635222019,1.3908344075786858,91
Node_5,Camera-like Traffic Generator,952.1826635120502,0.45415236982582174,1033
Node_5,Camera-like Traffic Generator,952.4820992233897,0.29943571133944236,1155
Node_1,Temperature Sensor,952.692673100307,2.1875825413945273,74
Node_5,Camera-like Traffic Generator,952.834114490328,0.3520152669383855,1005
Node_5,Camera-like Traffic Generator,953.0645053090713,0.23039081874327144,1372
Node_3,Smart Plug,953.3789307157657,1.3497671935638023,81
Node_5,Camera-like Traffic Generator,953.4329823412625,0.36847703219117656,1029
Node_2,Smart Light,953.5344277710956,1.8574851977479723,82
Node_5,Camera-like Traffic Generator,953.7858343524782,0.35285201121574744,1315
Node_5,Camera-like Traffic Generator,954.0972142821641,0.3113799296859052,1224
Node_3,Smart Plug,954.1812458679719,0.8023151522062474,98
Node_5,Camera-like Traffic Generator,954.397426561421,0.30021227925683075,1306
Node_5,Camera-like Traffic Generator,954.701504285688,0.3040777242670342,1163
Node_5,Camera-like Traffic Generator,955.0118945451272,0.3103902594393112,1400
Node_5,Camera-like Traffic Generator,955.3875808943775,0.37568634925029676,1441
Node_2,Smart Light,955.4483754406167,1.913947669521129,89
Node_1,Temperature Sensor,955.4491162543626,2.7564431540555736,85
Node_3,Smart Plug,955.5538295295422,1.3725836615702578,79
Node_4,Motion Sensor,955.8027294828967,5.167228167554022,79
Node_5,Camera-like Traffic Generator,955.8151286386386,0.4275477442611385,1216
Node_5,Camera-like Traffic Generator,956.1693201312173,0.3541914925787357,1333
Node_5,Camera-like Traffic Generator,956.5337170551363,0.3643969239190171,1374
Node_3,Smart Plug,956.7509002494006,1.1970707198583548,97
Node_2,Smart Light,956.8677447449795,1.4193693043627986,72
Node_5,Camera-like Traffic Generator,956.8855013769524,0.3517843218161669,1499
Node_5,Camera-like Traffic Generator,957.1315003785141,0.24599900156173315,1412
Node_5,Camera-like Traffic Generator,957.4305459971241,0.29904561860997136,1357
Node_3,Smart Plug,957.8021430780186,1.0512428286180482,87
Node_5,Camera-like Traffic Generator,957.8499809470047,0.4194349498805631,1317
Node_5,Camera-like Traffic Generator,958.0931663900087,0.24318544300394782,1381
Node_1,Temperature Sensor,958.2091067904236,2.759990536061017,68
Node_2,Smart Light,958.2840013434808,1.4162565985013154,88
Node_5,Camera-like Traffic Generator,958.3520666630633,0.2589002730545169,1308
Node_5,Camera-like Traffic Generator,958.6347946110309,0.28272794796764716,1110
Node_5,Camera-like Traffic Generator,958.8479986371851,0.2132040261542282,1006
Node_3,Smart Plug,958.8825734369548,1.0804303589361628,85
Node_5,Camera-like Traffic Generator,959.0878812438878,0.23988260670265582,1209
Node_5,Camera-like Traffic Generator,959.3459805206486,0.2580992767607921,1399
Node_2,Smart Light,959.5552593014907,1.2712579580098167,63
Node_5,Camera-like Traffic Generator,959.8109304998756,0.46494997922699105,1213
Node_5,Camera-like Traffic Generator,960.181386548547,0.37045604867148674,1495
Node_3,Smart Plug,960.3537501577599,1.4711767208051092,63
Node_5,Camera-like Traffic Generator,960.444571344077,0.2631847955299176,1495
Node_5,Camera-like Traffic Generator,960.6935887760935,0.24901743201652315,1018
Node_1,Temperature Sensor,960.7583264295089,2.5492196390853317,97
Node_2,Smart Light,960.9280674682285,1.3728081667378613,80
Node_5,Camera-like Traffic Generator,961.1117601568876,0.4181713807940436,1393
Node_5,Camera-like Traffic Generator,961.3774884922718,0.26572833538421975,1457
Node_3,Smart Plug,961.527988565352,1.1742384075920242,98
Node_5,Camera-like Traffic Generator,961.6271696728194,0.2496811805475245,1336
Node_4,Motion Sensor,961.7798986485495,5.9771691656528585,99
Node_5,Camera-like Traffic Generator,961.861440778377,0.23427110555761202,1334
Node_5,Camera-like Traffic Generator,962.3049477119008,0.4435069335238754,1171
Node_3,Smart Plug,962.384308314624,0.8563197492720717,78
Node_5,Camera-like Traffic Generator,962.7233242805597,0.41837656865892886,1186
Node_2,Smart Light,962.8300084774868,1.9019410092582714,67
Node_5,Camera-like Traffic Generator,963.0640021713872,0.3406778908275107,1478
Node_1,Temperature Sensor,963.1964425245812,2.4381160950723784,87
Node_5,Camera-like Traffic Generator,963.4371152080463,0.3731130366591407,1273
Node_3,Smart Plug,963.7208639773974,1.336555662773334,85
Node_5,Camera-like Traffic Generator,963.9075129854868,0.4703977774405042,1371
Node_5,Camera-like Traffic Generator,964.2969703424128,0.389457356925923,1163
Node_5,Camera-like Traffic Generator,964.5436498399255,0.24667949751262036,1340
Node_2,Smart Light,964.6343464969456,1.8043380194587568,99
Node_3,Smart Plug,964.644496790554,0.9236328131566408,61
Node_5,Camera-like Traffic Generator,964.9586190701968,0.41496923027138316,1260
Node_4,Motion Sensor,965.0094995569049,3.2296009083553447,90
Node_5,Camera-like Traffic Generator,965.2423084546712,0.2836893844742826,1296
Node_1,Temperature Sensor,965.3178686079439,2.12142608336262,98
Node_5,Camera-like Traffic Generator,965.7112854915466,0.46897703687540415,1113
Node_3,Smart Plug,965.7134113631693,1.0689145726152798,67
Node_5,Camera-like Traffic Generator,965.9179530506202,0.20666755907358236,1241
Node_5,Camera-like Traffic Generator,966.2163991380252,0.29844608740495154,1254
Node_5,Camera-like Traffic Generator,966.5660614500845,0.34966231205931564,1362
Node_2,Smart Light,966.588425904406,1.9540794074604277,62
Node_5,Camera-like Traffic Generator,966.8874741759457,0.321412725861266,1476
Node_3,Smart Plug,967.0005289581942,1.2871175950249532,95
Node_5,Camera-like Traffic Generator,967.1775769233302,0.2901027473844747,1431
Node_5,Camera-like Traffic Generator,967.4095259639757,0.23194904064551516,1073
Node_5,Camera-like Traffic Generator,967.6766135275005,0.2670875635247414,1391
Node_1,Temperature Sensor,967.9267402750258,2.608871667081965,69
Node_2,Smart Light,968.0535200823228,1.4650941779168862,71
Node_5,Camera-like Traffic Generator,968.1408373741957,0.4642238466952222,1124
Node_3,Smart Plug,968.2419608984085,1.24143194021426,74
Node_5,Camera-like Traffic Generator,968.612389771849,0.47155239765329265,1463
Node_4,Motion Sensor,968.9875389648606,3.9780394079557673,70
Node_5,Camera-like Traffic Generator,969.0216042890451,0.40921451719599056,1252
Node_3,Smart Plug,969.1013646376795,0.8594037392709397,85
Node_5,Camera-like Traffic Generator,969.345397796582,0.32379350753692593,1199
Node_5,Camera-like Traffic Generator,969.7153696575225,0.36997186094048573,1149
Node_2,Smart Light,969.8983665865842,1.844846504261328,73
Node_5,Camera-like Traffic Generator,969.9881179143604,0.2727482568378273,1311
Node_1,Temperature Sensor,970.085118438831,2.1583781638052324,82
Node_3,Smart Plug,970.416091565799,1.3147269281195486,65
Node_5,Camera-like Traffic Generator,970.4726654018467,0.48454748748632487,1331
Node_5,Camera-like Traffic Generator,970.9051552141775,0.4324898123308055,1463
Node_5,Camera-like Traffic Generator,971.1222261254858,0.21707091130828132,1202
Node_3,Smart Plug,971.3512564690355,0.935164903236592,88
Node_2,Smart Light,971.4514579819082,1.5530913953240675,60
Node_5,Camera-like Traffic Generator,971.4518764384923,0.32965031300644415,1207
Node_5,Camera-like Traffic Generator,971.9453840242352,0.4935075857429106,1166
Node_5,Camera-like Traffic Generator,972.2564980533407,0.31111402910551367,1154
Node_3,Smart Plug,972.5663182689711,1.2150617999355464,79
Node_5,Camera-like Traffic Generator,972.6024540418352,0.34595598849454334,1498
Node_1,Temperature Sensor,972.6373698478848,2.552251409053733,63
Node_2,Smart Light,972.6521291353612,1.200671153452956,82
Node_5,Camera-like Traffic Generator,973.0808046967314,0.4783506548962167,1198
Node_5,Camera-like Traffic Generator,973.3450132677601,0.26420857102867445,1215
Node_3,Smart Plug,973.4104131105626,0.8440948415913986,81
Node_4,Motion Sensor,973.505732680179,4.518193715318333,62
Node_5,Camera-like Traffic Generator,973.6155466661942,0.27053339843407476,1121
Node_2,Smart Light,973.9560384426293,1.303909307268083,84
Node_5,Camera-like Traffic Generator,974.0569055196943,0.4413588535001004,1168
Node_3,Smart Plug,974.4258247263051,1.0154116157425859,81
Node_5,Camera-like Traffic Generator,974.4363001686496,0.3793946489553367,1296
Node_5,Camera-like Traffic Generator,974.8922597452032,0.4559595765535795,1050
Node_5,Camera-like Traffic Generator,975.1169528225503,0.22469307734711683,1368
Node_5,Camera-like Traffic Generator,975.3619666970372,0.24501387448691678,1214
Node_2,Smart Light,975.4199651332098,1.4639266905804993,83
Node_1,Temperature Sensor,975.62962698728,2.9922571393952198,96
Node_3,Smart Plug,975.8097999308939,1.3839752045888056,77
Node_5,Camera-like Traffic Generator,975.8309410893596,0.46897439232240995,1467
Node_5,Camera-like Traffic Generator,976.2690179039398,0.43807681458018377,1348
Node_5,Camera-like Traffic Generator,976.5145842072045,0.24556630326473103,1025
Node_5,Camera-like Traffic Generator,976.8559466496777,0.341362442473113,1016
Node_2,Smart Light,976.9133258090646,1.493360675854885,90
Node_5,Camera-like Traffic Generator,977.1433735587005,0.2874269090228551,1421
Node_3,Smart Plug,977.3068834704952,1.4970835396013618,61
Node_5,Camera-like Traffic Generator,977.546995475961,0.40362191726042707,1459
Node_5,Camera-like Traffic Generator,977.9569907904934,0.40999531453233323,1333
Node_1,Temperature Sensor,978.0910748814588,2.461447894178783,64
Node_2,Smart Light,978.1087482329375,1.1954224238728235,96
Node_3,Smart Plug,978.1461215876567,0.8392381171614156,91
Node_5,Camera-like Traffic Generator,978.1832468474587,0.2262560569653582,1082
Node_5,Camera-like Traffic Generator,978.4761770645388,0.29293021708013506,1049
Node_4,Motion Sensor,978.5891898224938,5.083457142314808,75
Node_5,Camera-like Traffic Generator,978.9750717252714,0.49889466073259003,1041
Node_3,Smart Plug,978.9760917610741,0.8299701734174453,64
Node_5,Camera-like Traffic Generator,979.186925841028,0.21185411575666818,1000
Node_5,Camera-like Traffic Generator,979.6636911768089,0.47676533578093677,1394
Node_2,Smart Light,979.8692304532592,1.7604822203216965,69
Node_5,Camera-like Traffic Generator,980.1328080174491,0.46911684064015186,1412
Node_3,Smart Plug,980.3410643551393,1.3649725940651816,86
Node_5,Camera-like Traffic Generator,980.4799160442833,0.34710802683429076,1133
Node_5,Camera-like Traffic Generator,980.7673445752195,0.28742853093617055,1418
Node_2,Smart Light,980.875608336011,1.0063778827518042,76
Node_1,Temperature Sensor,980.9232180552277,2.8321431737689013,79
Node_5,Camera-like Traffic Generator,980.9888495678351,0.2215049926157345,1306
Node_5,Camera-like Traffic Generator,981.2304343689091,0.24158480107398894,1231
Node_3,Smart Plug,981.4619236104686,1.1208592553292427,87
Node_5,Camera-like Traffic Generator,981.6861530007875,0.45571863187845546,1078
Node_2,Smart Light,982.1086060778708,1.232997741859743,73
Node_5,Camera-like Traffic Generator,982.11897555095,0.432822550162545,1257
Node_5,Camera-like Traffic Generator,982.4679002077729,0.3489246568228682,1111
Node_5,Camera-like Traffic Generator,982.7530093150408,0.285109107267932,1196
Node_3,Smart Plug,982.8739023855496,1.411978775080986,65
Node_5,Camera-like Traffic Generator,983.0546065973275,0.30159728228675253,1081
Node_5,Camera-like Traffic Generator,983.3964046900734,0.34179809274584977,1226
Node_1,Temperature Sensor,983.6398213812195,2.716603325991791,80
Node_4,Motion Sensor,983.827062133952,5.237872311458181,75
Node_5,Camera-like Traffic Generator,983.8819160641942,0.48551137412088186,1153
Node_2,Smart Light,983.948180084767,1.839574006896174,95
Node_3,Smart Plug,984.0794443841677,1.2055419986180214,96
Node_5,Camera-like Traffic Generator,984.2779628890347,0.39604682484043563,1407
Node_5,Camera-like Traffic Generator,984.6033537684131,0.3253908793783915,1465
Node_3,Smart Plug,984.9052587513638,0.8258143671961263,65
Node_5,Camera-like Traffic Generator,985.0416310203971,0.438277251984027,1423
Node_5,Camera-like Traffic Generator,985.4415076298267,0.3998766094295896,1105
Node_5,Camera-like Traffic Generator,985.779893658419,0.33838602859240974,1351
Node_2,Smart Light,985.8991703469105,1.9509902621434434,60
Node_1,Temperature Sensor,985.9132462779328,2.273424896713274,93
Node_5,Camera-like Traffic Generator,985.9909329536441,0.21103929522511317,1029
Node_3,Smart Plug,986.1629408201092,1.2576820687453754,78
Node_5,Camera-like Traffic Generator,986.4534754423332,0.4625424886890906,1073
Node_4,Motion Sensor,986.8592742181248,3.0322120841727944,96
Node_5,Camera-like Traffic Generator,986.9529431589576,0.49946771662440936,1063
Node_5,Camera-like Traffic Generator,987.3697740780597,0.4168309191020775,1141
Node_2,Smart Light,987.5564741970866,1.6573038501759978,93
Node_3,Smart Plug,987.6055541731891,1.4426133530800078,61
Node_5,Camera-like Traffic Generator,987.6695925417303,0.29981846367059456,1159
Node_5,Camera-like Traffic Generator,987.9413687583236,0.2717762165933262,1240
Node_5,Camera-like Traffic Generator,988.2643329276827,0.3229641693590995,1464
Node_5,Camera-like Traffic Generator,988.6648137306566,0.4004808029739083,1335
Node_1,Temperature Sensor,988.8934909105361,2.9802446326033754,69
Node_3,Smart Plug,988.8964619410076,1.2909077678184993,65
Node_5,Camera-like Traffic Generator,989.083627867313,0.41881413665638295,1151
Node_2,Smart Light,989.2836892361275,1.7272150390409724,64
Node_5,Camera-like Traffic Generator,989.4963610977767,0.4127332304636505,1447
Node_3,Smart Plug,989.8170362472786,0.9205743062709497,61
Node_5,Camera-like Traffic Generator,989.8932155968347,0.39685449905805914,1182
Node_5,Camera-like Traffic Generator,990.21045388042,0.317238283585359,1172
Node_5,Camera-like Traffic Generator,990.4251275352252,0.21467365480522702,1420
Node_2,Smart Light,990.8135037251875,1.5298144890600125,69
Node_3,Smart Plug,990.8321723817132,1.0151361344346215,91
Node_4,Motion Sensor,990.8406053058548,3.9813310877299806,79
Node_5,Camera-like Traffic Generator,990.8662157495604,0.44108821433525225,1194
Node_5,Camera-like Traffic Generator,991.3099713922524,0.4437556426918885,1231
Node_1,Temperature Sensor,991.4447559874166,2.55126507688047,75
Node_5,Camera-like Traffic Generator,991.7999371508685,0.48996575861608155,1391
Node_3,Smart Plug,991.9515015967619,1.1193292150486867,66
Node_5,Camera-like Traffic Generator,992.258709471147,0.4587723202785393,1224
Node_2,Smart Light,992.3055326020374,1.4920288768498975,62
Node_5,Camera-like Traffic Generator,992.7034438291751,0.4447343580281172,1372
Node_5,Camera-like Traffic Generator,993.1156591903731,0.41221536119807156,1329
Node_3,Smart Plug,993.1652313392648,1.2137297425029452,92
Node_5,Camera-like Traffic Generator,993.6030787246589,0.48741953428572393,1375
Node_3,Smart Plug,994.0396631794456,0.8744318401807977,79
Node_4,Motion Sensor,994.045316819431,3.204711513576253,69
Node_5,Camera-like Traffic Generator,994.0635188835771,0.46044015891817636,1091
Node_2,Smart Light,994.302491872145,1.9969592701075485,88
Node_1,Temperature Sensor,994.3666241373481,2.9218681499315617,80
Node_5,Camera-like Traffic Generator,994.5242711311115,0.4607522475344092,1082
Node_5,Camera-like Traffic Generator,994.7994512446114,0.27518011349991195,1046
Node_5,Camera-like Traffic Generator,995.2621075324344,0.46265628782295176,1167
Node_2,Smart Light,995.395518510503,1.0930266383580882,96
Node_3,Smart Plug,995.3990858350797,1.359422655634135,68
Node_5,Camera-like Traffic Generator,995.4747151751837,0.21260764274944172,1070
Node_5,Camera-like Traffic Generator,995.8285504984965,0.3538353233127039,1247
Node_5,Camera-like Traffic Generator,996.1119091914122,0.28335869291567856,1101
Node_5,Camera-like Traffic Generator,996.3660630683528,0.2541538769406159,1019
Node_5,Camera-like Traffic Generator,996.5688306110239,0.20276754267112457,1180
Node_3,Smart Plug,996.7622033067289,1.3631174716491161,77
Node_5,Camera-like Traffic Generator,996.8717195091289,0.30288889810489555,1307
Node_5,Camera-like Traffic Generator,997.1728734543128,0.30115394518391186,1052
Node_1,Temperature Sensor,997.2459503924946,2.879326255146476,94
Node_2,Smart Light,997.2928059824345,1.8972874719314592,80
Node_5,Camera-like Traffic Generator,997.6043438629558,0.4314704086430163,1484
Node_5,Camera-like Traffic Generator,997.8648578314483,0.26051396849243735,1073
Node_3,Smart Plug,998.1302680275468,1.3680647208178578,99
Node_5,Camera-like Traffic Generator,998.2689645445167,0.40410671306848295,1428
Node_5,Camera-like Traffic Generator,998.6921802820942,0.4232157375774856,1136
Node_2,Smart Light,998.9936528921332,1.7008469096986796,74
Node_5,Camera-like Traffic Generator,999.0093873396215,0.3172070575272732,1264
Node_5,Camera-like Traffic Generator,999.3865336789169,0.377146339295351,1463
Node_3,Smart Plug,999.4051465136541,1.2748784861073346,72
Node_1,Temperature Sensor,999.5221977953166,2.276247402822041,91
Node_5,Camera-like Traffic Generator,999.6455319830044,0.25899830408752933,1384
Node_4,Motion Sensor,999.8953720916613,5.850055272230289,92
Node_5,Camera-like Traffic Generator,1000.0649133067598,0.41938132375541204,1019
Node_5,Camera-like Traffic Generator,1000.5541560632437,0.48924275648394344,1295
Node_5,Camera-like Traffic Generator,1000.8412140490683,0.2870579858246272,1498
Node_3,Smart Plug,1000.8882438022542,1.4830972886000713,83
Node_2,Smart Light,1000.9682076823015,1.9745547901682512,63
Node_5,Camera-like Traffic Generator,1001.1781449589206,0.33693090985234153,1142
Node_5,Camera-like Traffic Generator,1001.3835194294392,0.20537447051853605,1294
Node_3,Smart Plug,1001.7843743836414,0.8961305813872287,93
Node_5,Camera-like Traffic Generator,1001.8730451546664,0.48952572522723287,1031
Node_1,Temperature Sensor,1001.937140218868,2.414942423551345,97
Node_2,Smart Light,1002.0637846876389,1.0955770053373857,65
Node_5,Camera-like Traffic Generator,1002.3219109852926,0.4488658306261175,1208
Node_5,Camera-like Traffic Generator,1002.6609739090386,0.3390629237460461,1442
Node_5,Camera-like Traffic Generator,1003.0325432040373,0.3715692949986724,1461
Node_3,Smart Plug,1003.139545552604,1.3551711689625852,90
Node_5,Camera-like Traffic Generator,1003.4829838550463,0.4504406510089941,1111
Node_5,Camera-like Traffic Generator,1003.7623940063646,0.27941015131834707,1445
Node_2,Smart Light,1003.8837475795331,1.8199628918942161,62
Node_5,Camera-like Traffic Generator,1004.2180434233449,0.45564941698024525,1408
Node_3,Smart Plug,1004.3547052297325,1.2151596771285933,73
Node_1,Temperature Sensor,1004.4448778946776,2.5077376758096563,92
Node_5,Camera-like Traffic Generator,1004.6185730916113,0.40052966826643144,1289
Node_5,Camera-like Traffic Generator,1004.9370168651463,0.31844377353496683,1002
Node_5,Camera-like Traffic Generator,1005.2057831186786,0.2687662535321954,1110
Node_3,Smart Plug,1005.2392270724188,0.8845218426862758,65
Node_4,Motion Sensor,1005.4200596909336,5.524687599272278,60
Node_2,Smart Light,1005.4515683078223,1.5678207282892083,77
Node_5,Camera-like Traffic Generator,1005.6522352575106,0.44645213883202506,1119
Node_5,Camera-like Traffic Generator,1005.8529103816567,0.2006751241460683,1023
Node_5,Camera-like Traffic Generator,1006.0757420953682,0.22283171371159965,1401
Node_3,Smart Plug,1006.3298350993825,1.0906080269637375,87
Node_5,Camera-like Traffic Generator,1006.4363193862036,0.36057729083543566,1449
Node_1,Temperature Sensor,1006.7277168779603,2.2828389832828266,71
Node_5,Camera-like Traffic Generator,1006.9182944575223,0.48197507131864514,1008
Node_5,Camera-like Traffic Generator,1007.3788582355485,0.4605637780262468,1366
Node_2,Smart Light,1007.415786582555,1.9642182747327408,69
Node_3,Smart Plug,1007.5172205103136,1.1873854109309934,77
Node_5,Camera-like Traffic Generator,1007.8088920101628,0.430033774614378,1393
Node_5,Camera-like Traffic Generator,1008.2395622684172,0.43067025825436034,1331
Node_5,Camera-like Traffic Generator,1008.5885529486696,0.3489906802524665,1290
Node_2,Smart Light,1008.6767775214786,1.26099093892361,72
Node_4,Motion Sensor,1008.7216050540894,3.3015453631558254,81
Node_5,Camera-like Traffic Generator,1008.9487799516062,0.36022700293650156,1276
Node_3,Smart Plug,1008.9651933817318,1.4479728714182234,61
Node_1,Temperature Sensor,1009.3146546003745,2.586937722414161,99
Node_5,Camera-like Traffic Generator,1009.3826823913403,0.43390243973405285,1427
Node_3,Smart Plug,1009.8351708772063,0.8699774954746411,93
Node_5,Camera-like Traffic Generator,1009.8603711374706,0.47768874613034074,1194
Node_5,Camera-like Traffic Generator,1010.2780875057477,0.4177163682771937,1088
Node_2,Smart Light,1010.4775943434781,1.8008168219994953,88
Node_5,Camera-like Traffic Generator,1010.6749182653929,0.39683075964508296,1007
Node_5,Camera-like Traffic Generator,1011.0037684104639,0.3288501450710227,1164
Node_3,Smart Plug,1011.0638799309261,1.2287090537197272,91
Node_5,Camera-like Traffic Generator,1011.2774473039403,0.2736788934765277,1239
Node_5,Camera-like Traffic Generator,1011.5072852858422,0.229837981901789,1465
Node_1,Temperature Sensor,1011.8042949470303,2.489640346655701,65
Node_3,Smart Plug,1011.8748211593139,0.8109412283877944,79
Node_5,Camera-like Traffic Generator,1011.9265902593063,0.41930497346414597,1084
Node_2,Smart Light,1012.2129472122605,1.735352868782368,72
Node_5,Camera-like Traffic Generator,1012.2142852477175,0.2876949884112422,1128
Node_5,Camera-like Traffic Generator,1012.4628436890569,0.24855844133933158,1213
Node_3,Smart Plug,1012.6792658643014,0.804444704987532,67
Node_5,Camera-like Traffic Generator,1012.8815922268742,0.4187485378173902,1180
Node_4,Motion Sensor,1012.8941535605383,4.172548506448866,90
Node_5,Camera-like Traffic Generator,1013.3111200369376,0.42952781006338026,1144
Node_2,Smart Light,1013.4849030840929,1.2719558718324544,62
Node_3,Smart Plug,1013.5416647323162,0.8623988680148041,86
Node_5,Camera-like Traffic Generator,1013.8104855616073,0.4993655246697058,1345
Node_5,Camera-like Traffic Generator,1014.2021923428499,0.39170678124261593,1038
Node_1,Temperature Sensor,1014.3428755247342,2.5385805777038737,73
Node_5,Camera-like Traffic Generator,1014.4488629291824,0.24667058633242808,1060
Node_2,Smart Light,1014.6876157103721,1.2027126262792338,91
Node_5,Camera-like Traffic Generator,1014.9299937742895,0.48113084510712667,1476
Node_3,Smart Plug,1014.9625053316938,1.4208405993775433,76
Node_5,Camera-like Traffic Generator,1015.1497884562082,0.21979468191861704,1385
Node_5,Camera-like Traffic Generator,1015.577322823973,0.42753436776480946,1135
Node_5,Camera-like Traffic Generator,1015.8310139655338,0.25369114156075734,1382
Node_5,Camera-like Traffic Generator,1016.1322729172308,0.3012589516969898,1250
Node_2,Smart Light,1016.2723237461763,1.584708035804129,66
Node_3,Smart Plug,1016.327693593967,1.3651882622731364,90
Node_5,Camera-like Traffic Generator,1016.5828303073384,0.4505573901076708,1267
Node_1,Temperature Sensor,1016.894792941805,2.551917417070811,81
Node_5,Camera-like Traffic Generator,1016.9360641866709,0.3532338793324623,1240
Node_5,Camera-like Traffic Generator,1017.3203739880072,0.3843098013363046,1392
Node_2,Smart Light,1017.4366987268761,1.164374980699768,78
Node_3,Smart Plug,1017.6123444255533,1.2846508315863066,68
Node_5,Camera-like Traffic Generator,1017.6272517064015,0.3068777183942497,1046
Node_5,Camera-like Traffic Generator,1017.8801712686843,0.2529195622828916,1403
Node_4,Motion Sensor,1017.9263029858345,5.032149425296163,74
Node_4,Motion Sensor,1018.0561478065755,0.12984482074100506,77
Node_4,Motion Sensor,1018.1133112099485,0.05716340337302663,85
Node_4,Motion Sensor,1018.2417423796086,0.12843116966003051,86
Node_5,Camera-like Traffic Generator,1018.2437626050202,0.3635913363358544,1125
Node_4,Motion Sensor,1018.3907484407495,0.14900606114083143,64
Node_5,Camera-like Traffic Generator,1018.4492308690432,0.20546826402303559,1456
Node_2,Smart Light,1018.8432112787854,1.4065125519092136,81
Node_3,Smart Plug,1018.8602224181659,1.2478779926126065,80
Node_5,Camera-like Traffic Generator,1018.890543469647,0.4413126006038981,1396
Node_5,Camera-like Traffic Generator,1019.1164707301475,0.22592726050046752,1031
Node_1,Temperature Sensor,1019.3501375586715,2.455344616866501,72
Node_5,Camera-like Traffic Generator,1019.3602146117503,0.2437438816028115,1080
Node_5,Camera-like Traffic Generator,1019.8047799958913,0.44456538414104985,1267
Node_3,Smart Plug,1019.9486443453161,1.088421927150172,97
Node_5,Camera-like Traffic Generator,1020.1483871026762,0.3436071067849849,1462
Node_5,Camera-like Traffic Generator,1020.5378581806356,0.38947107795934954,1014
Node_2,Smart Light,1020.8078460010356,1.9646347222502287,68
Node_5,Camera-like Traffic Generator,1020.9939100482159,0.4560518675802906,1396
Node_3,Smart Plug,1021.1760209373574,1.2273765920413398,61
Node_5,Camera-like Traffic Generator,1021.3236305142863,0.3297204660704047,1403
Node_1,Temperature Sensor,1021.5387899323786,2.1886523737071055,87
Node_5,Camera-like Traffic Generator,1021.7563891655394,0.43275865125315505,1201
Node_5,Camera-like Traffic Generator,1022.0066460694339,0.2502569038945668,1310
Node_3,Smart Plug,1022.1020212642445,0.9260003268870647,79
Node_2,Smart Light,1022.1161537192481,1.3083077182125047,70
Node_5,Camera-like Traffic Generator,1022.3516730075448,0.34502693811088064,1293
Node_5,Camera-like Traffic Generator,1022.7608794144666,0.4092064069216711,1488
Node_5,Camera-like Traffic Generator,1023.184274792371,0.42339537790436566,1417
Node_2,Smart Light,1023.2360672756035,1.1199135563553937,66
Node_4,Motion Sensor,1023.4617885787927,5.07104013804326,83
Node_3,Smart Plug,1023.5672299091235,1.4652086448789747,85
Node_5,Camera-like Traffic Generator,1023.6644136580345,0.4801388656635942,1390
Node_5,Camera-like Traffic Generator,1024.0316509877505,0.3672373297158755,1228
Node_1,Temperature Sensor,1024.1105875743635,2.571797641984901,69
Node_5,Camera-like Traffic Generator,1024.3283151891649,0.29666420141427374,1184
Node_5,Camera-like Traffic Generator,1024.7983063486977,0.46999115953288517,1018
Node_3,Smart Plug,1024.915038030349,1.3478081212255346,73
Node_2,Smart Light,1024.9221221185542,1.686054842950515,93
Node_5,Camera-like Traffic Generator,1025.0547305067726,0.2564241580748299,1285
Node_5,Camera-like Traffic Generator,1025.259866905716,0.20513639894350408,1332
Node_5,Camera-like Traffic Generator,1025.5716281239854,0.31176121826928144,1169
Node_3,Smart Plug,1025.7182370592463,0.8031990288972652,69
Node_5,Camera-like Traffic Generator,1025.9965479255727,0.4249198015872816,1003
Node_5,Camera-like Traffic Generator,1026.2910989781624,0.2945510525897298,1231
Node_5,Camera-like Traffic Generator,1026.531322863884,0.24022388572176334,1047
Node_3,Smart Plug,1026.6004925351447,0.8822554758982544,81
Node_4,Motion Sensor,1026.6077826632495,3.1459940844567797,68
Node_2,Smart Light,1026.6190001017912,1.6968779832370764,61
Node_1,Temperature Sensor,1026.8861320494627,2.7755444750992586,61
Node_5,Camera-like Traffic Generator,1026.8874771177277,0.35615425384360316,1383
Node_5,Camera-like Traffic Generator,1027.265342768536,0.37786565080829776,1236
Node_3,Smart Plug,1027.4674712336162,0.8669786984715213,74
Node_5,Camera-like Traffic Generator,1027.6314182887447,0.3660755202087812,1275
Node_5,Camera-like Traffic Generator,1028.0598934846757,0.42847519593098016,1059
Node_2,Smart Light,1028.4549248527792,1.8359247509879864,73
Node_5,Camera-like Traffic Generator,1028.503142275996,0.44324879132020495,1393
Node_3,Smart Plug,1028.8002610010808,1.332789767464604,81
Node_5,Camera-like Traffic Generator,1028.8945663641396,0.3914240881437069,1123
Node_5,Camera-like Traffic Generator,1029.2556908256313,0.3611244614917738,1212
Node_5,Camera-like Traffic Generator,1029.4673724624834,0.2116816368520042,1053
Node_2,Smart Light,1029.5461377565705,1.0912129037913485,69
Node_1,Temperature Sensor,1029.6308372010278,2.7447051515651957,88
Node_3,Smart Plug,1029.7537542946416,0.9534932935606778,90
Node_5,Camera-like Traffic Generator,1029.9490870463426,0.4817145838593061,1332
Node_4,Motion Sensor,1030.356882008188,3.7490993449385024,67
Node_5,Camera-like Traffic Generator,1030.4486079772964,0.4995209309538889,1347
Node_4,Motion Sensor,1030.4574495045554,0.10056749636738735,67
Node_4,Motion Sensor,1030.6077919228794,0.15034241832402143,68
Node_5,Camera-like Traffic Generator,1030.8933159827386,0.4447080054422792,1499
Node_2,Smart Light,1030.9018805120747,1.3557427555042838,80
Node_3,Smart Plug,1031.0152833055163,1.2615290108745998,71
Node_5,Camera-like Traffic Generator,1031.1775164074543,0.28420042471574514,1424
Node_5,Camera-like Traffic Generator,1031.6719094866035,0.49439307914912084,1487
Node_3,Smart Plug,1031.9508866006256,0.9356032951092376,91
Node_5,Camera-like Traffic Generator,1031.9810450578934,0.30913557129005714,1249
Node_5,Camera-like Traffic Generator,1032.402633577034,0.42158851914067597,1203
Node_1,Temperature Sensor,1032.4422461035927,2.8114089025648767,75
Node_2,Smart Light,1032.5790638890637,1.6771833769890718,70
Node_5,Camera-like Traffic Generator,1032.610477911833,0.20784433479887365,1142
Node_5,Camera-like Traffic Generator,1032.865910756096,0.2554328442628689,1046
Node_5,Camera-like Traffic Generator,1033.107138174872,0.24122741877602857,1262
Node_3,Smart Plug,1033.2305572287162,1.2796706280905543,98
Node_5,Camera-like Traffic Generator,1033.4870019567672,0.3798637818952722,1050
Node_5,Camera-like Traffic Generator,1033.7210142113074,0.23401225454022867,1487
Node_5,Camera-like Traffic Generator,1034.1514138452524,0.43039963394504444,1159
Node_3,Smart Plug,1034.362646216605,1.1320889878888456,67
Node_5,Camera-like Traffic Generator,1034.3885319348597,0.23711808960725134,1288
Node_2,Smart Light,1034.5697405094716,1.9906766204079072,61
Node_5,Camera-like Traffic Generator,1034.7632003940078,0.3746684591480455,1039
Node_5,Camera-like Traffic Generator,1034.9779240055038,0.21472361149604968,1155
Node_1,Temperature Sensor,1035.1059349330772,2.663688829484535,92
Node_5,Camera-like Traffic Generator,1035.406114328954,0.428190323450137,1377
Node_3,Smart Plug,1035.631746061194,1.2690998445888693,61
Node_5,Camera-like Traffic Generator,1035.880006291704,0.47389196275007556,1039
Node_2,Smart Light,1035.9741327359188,1.4043922264471747,78
Node_4,Motion Sensor,1036.254650095667,5.646858172787797,93
Node_5,Camera-like Traffic Generator,1036.2938504559017,0.41384416419775,1467
Node_5,Camera-like Traffic Generator,1036.7549405810985,0.4610901251967599,1273
Node_3,Smart Plug,1036.8831486468118,1.2514025856177147,71
Node_5,Camera-like Traffic Generator,1037.2268364052159,0.47189582411728814,1328
Node_5,Camera-like Traffic Generator,1037.45696712065,0.2301307154342364,1201
Node_2,Smart Light,1037.7222111831275,1.7480784472087092,69
Node_5,Camera-like Traffic Generator,1037.9362033271534,0.4792362065033706,1155
Node_3,Smart Plug,1037.9874187964,1.104270149588341,73
Node_1,Temperature Sensor,1038.086753071737,2.980818138659785,79
Node_5,Camera-like Traffic Generator,1038.399592607786,0.46338928063252083,1046
Node_5,Camera-like Traffic Generator,1038.699572573031,0.29997996524508636,1370
Node_5,Camera-like Traffic Generator,1038.9406400631663,0.24106749013531406,1047
Node_2,Smart Light,1039.1842544320036,1.462043248876239,92
Node_3,Smart Plug,1039.351026368591,1.3636075721908787,90
Node_5,Camera-like Traffic Generator,1039.4240488784048,0.48340881523855983,1002
Node_4,Motion Sensor,1039.7582987580258,3.5036486623587795,76
Node_5,Camera-like Traffic Generator,1039.8914695908393,0.4674207124344492,1021
Node_1,Temperature Sensor,1040.1237726830825,2.0370196113455763,80
Node_3,Smart Plug,1040.1813486064484,0.8303222378573922,89
Node_2,Smart Light,1040.3240474712768,1.1397930392731224,60
Node_5,Camera-like Traffic Generator,1040.3343197641661,0.44285017332686827,1202
Node_5,Camera-like Traffic Generator,1040.5663870442745,0.23206728010836747,1079
Node_5,Camera-like Traffic Generator,1041.048284195509,0.4818971512344266,1447
Node_5,Camera-like Traffic Generator,1041.3225569258939,0.2742727303847869,1167
Node_5,Camera-like Traffic Generator,1041.578095688214,0.25553876232017375,1459
Node_3,Smart Plug,1041.6287515484514,1.4474029420029555,67
Node_5,Camera-like Traffic Generator,1041.9883049279354,0.41020923972135526,1051
Node_2,Smart Light,1042.1544198031713,1.8303723318946359,99
Node_5,Camera-like Traffic Generator,1042.4319793924967,0.4436744645614449,1235
Node_1,Temperature Sensor,1042.7139531123921,2.590180429309567,94
Node_5,Camera-like Traffic Generator,1042.8506039888873,0.4186245963904891,1063
Node_3,Smart Plug,1042.9785959611086,1.3498444126572138,79
Node_4,Motion Sensor,1043.0813502437943,3.323051485768504,82
Node_5,Camera-like Traffic Generator,1043.271962489958,0.42135850107064443,1411
Node_2,Smart Light,1043.2851350407152,1.130715237543978,92
Node_5,Camera-like Traffic Generator,1043.6766969267749,0.4047344368167619,1119
Node_3,Smart Plug,1043.8598415209322,0.8812455598235254,95
Node_5,Camera-like Traffic Generator,1043.9990700733504,0.3223731465755846,1340
Node_5,Camera-like Traffic Generator,1044.4615918959669,0.4625218226164156,1288
Node_2,Smart Light,1044.6573747845312,1.3722397438159977,85
Node_5,Camera-like Traffic Generator,1044.8805472781714,0.41895538220464207,1420
Node_3,Smart Plug,1045.1648236773235,1.3049821563912527,83
Node_5,Camera-like Traffic Generator,1045.2283431204933,0.3477958423217321,1118
Node_5,Camera-like Traffic Generator,1045.5572600550975,0.32891693460421456,1306
Node_1,Temperature Sensor,1045.5881434864464,2.8741903740543084,77
Node_5,Camera-like Traffic Generator,1045.8737923969186,0.31653234182105616,1412
Node_5,Camera-like Traffic Generator,1046.1616042886776,0.28781189175904065,1068
Node_3,Smart Plug,1046.1930042973481,1.028180620024699,67
Node_2,Smart Light,1046.3020598002397,1.6446850157085018,83
Node_4,Motion Sensor,1046.649992851677,3.568642607882768,81
Node_5,Camera-like Traffic Generator,1046.6537207367912,0.4921164481135535,1205
Node_5,Camera-like Traffic Generator,1047.0272202456363,0.37349950884505234,1134
Node_5,Camera-like Traffic Generator,1047.4121357000004,0.38491545436413577,1444
Node_3,Smart Plug,1047.4668010794608,1.2737967821125755,73
Node_2,Smart Light,1047.5608804525862,1.2588206523465257,92
Node_5,Camera-like Traffic Generator,1047.8242070086883,0.4120713086878304,1127
Node_1,Temperature Sensor,1048.1140945732539,2.525951086807561,78
Node_5,Camera-like Traffic Generator,1048.2057837848151,0.3815767761267958,1000
Node_5,Camera-like Traffic Generator,1048.4401670007317,0.23438321591662978,1295
Node_2,Smart Light,1048.5826806353248,1.0218001827386127,62
Node_3,Smart Plug,1048.8120837747326,1.3452826952717678,73
Node_5,Camera-like Traffic Generator,1048.864202691277,0.4240356905451481,1345
Node_5,Camera-like Traffic Generator,1049.237187495157,0.37298480388006106,1407
Node_5,Camera-like Traffic Generator,1049.6112487297205,0.3740612345635382,1483
Node_3,Smart Plug,1049.6807286683936,0.8686448936610136,89
Node_5,Camera-like Traffic Generator,1049.8858827694185,0.27463403969805367,1355
Node_5,Camera-like Traffic Generator,1050.1551394647743,0.269256695355799,1124
Node_5,Camera-like Traffic Generator,1050.369108728353,0.21396926357877064,1036
Node_2,Smart Light,1050.4851767172581,1.9024960819332815,77
Node_5,Camera-like Traffic Generator,1050.6875243585139,0.3184156301609324,1482
Node_1,Temperature Sensor,1050.8365384008246,2.7224438275706424,76
Node_5,Camera-like Traffic Generator,1050.9704890797452,0.2829647212313111,1056
Node_3,Smart Plug,1051.089649080457,1.4089204120633683,75
Node_5,Camera-like Traffic Generator,1051.1713343793733,0.2008452996280484,1105
Node_5,Camera-like Traffic Generator,1051.4045666782317,0.2332322988583983,1348
Node_2,Smart Light,1051.6139682662551,1.1287915489970044,96
Node_5,Camera-like Traffic Generator,1051.7285734289055,0.3240067506736971,1170
Node_3,Smart Plug,1052.0441130112686,0.9544639308115155,78
Node_5,Camera-like Traffic Generator,1052.0626957800403,0.33412235113468103,1073
Node_5,Camera-like Traffic Generator,1052.4570847830762,0.39438900303601654,1061
Node_4,Motion Sensor,1052.4667625356612,5.8167696839842264,68
Node_5,Camera-like Traffic Generator,1052.7677118307754,0.31062704769919425,1488
Node_5,Camera-like Traffic Generator,1053.0813292226437,0.3136173918683534,1259
Node_3,Smart Plug,1053.1831984124015,1.1390854011329825,95
Node_5,Camera-like Traffic Generator,1053.3638485999127,0.2825193772690261,1331
Node_2,Smart Light,1053.4433244434726,1.8293561772174178,73
Node_1,Temperature Sensor,1053.4913197272524,2.6547813264277336,66
Node_5,Camera-like Traffic Generator,1053.8211754695085,0.4573268695959111,1072
Node_3,Smart Plug,1054.0846573027748,0.9014588903733761,97
Node_5,Camera-like Traffic Generator,1054.1379387789423,0.3167633094337095,1094
Node_2,Smart Light,1054.4860207625632,1.0426963190904308,78
Node_5,Camera-like Traffic Generator,1054.5376958770316,0.3997570980894124,1473
Node_5,Camera-like Traffic Generator,1054.8105264292444,0.27283055221270025,1244
Node_5,Camera-like Traffic Generator,1055.0926956642297,0.2821692349853757,1024
Node_3,Smart Plug,1055.2031509135788,1.1184936108040997,75
Node_5,Camera-like Traffic Generator,1055.2936128823337,0.20091721810391558,1231
Node_5,Camera-like Traffic Generator,1055.512034262067,0.21842137973321918,1444
Node_2,Smart Light,1055.6540099712922,1.1679892087290564,82
Node_5,Camera-like Traffic Generator,1055.7299119579588,0.217877695891986,1229
Node_1,Temperature Sensor,1055.9608103282371,2.4694906009847317,98
Node_5,Camera-like Traffic Generator,1056.0166338287177,0.2867218707587716,1206
Node_3,Smart Plug,1056.0986341437854,0.8954832302065054,88
Node_5,Camera-like Traffic Generator,1056.4810258059545,0.46439197723688913,1070
Node_4,Motion Sensor,1056.5364915134166,4.069728977755483,76
Node_5,Camera-like Traffic Generator,1056.7648242297596,0.2837984238052221,1213
Node_5,Camera-like Traffic Generator,1056.9689545153055,0.20413028554596147,1392
Node_5,Camera-like Traffic Generator,1057.3278322227243,0.3588777074187138,1293
Node_3,Smart Plug,1057.3410489256166,1.2424147818313027,99
Node_2,Smart Light,1057.4756953728245,1.8216854015322839,75
Node_5,Camera-like Traffic Generator,1057.6321851163373,0.3043528936129712,1322
Node_5,Camera-like Traffic Generator,1057.9669880379026,0.3348029215654522,1344
Node_5,Camera-like Traffic Generator,1058.2496727094226,0.28268467151999765,1238
Node_3,Smart Plug,1058.282596549155,0.9415476235384043,65
Node_1,Temperature Sensor,1058.2993715622886,2.338561234051432,87
Node_2,Smart Light,1058.5051776658247,1.0294822930002914,87
Node_5,Camera-like Traffic Generator,1058.5668511799215,0.31717847049900777,1080
Node_5,Camera-like Traffic Generator,1058.833020877202,0.2661696972805171,1452
Node_5,Camera-like Traffic Generator,1059.03816460929,0.20514373208807665,1117
Node_5,Camera-like Traffic Generator,1059.383935378971,0.3457707696808464,1109
Node_3,Smart Plug,1059.5671439198127,1.2845473706578172,62
Node_2,Smart Light,1059.6779848776555,1.172807211830789,68
Node_5,Camera-like Traffic Generator,1059.86848998241,0.484554603439003,1254
Node_5,Camera-like Traffic Generator,1060.3486828593407,0.4801928769305918,1054
Node_3,Smart Plug,1060.4626949693563,0.895551049543742,94
Node_4,Motion Sensor,1060.4852121774704,3.948720664053739,78
Node_5,Camera-like Traffic Generator,1060.765055660043,0.4163728007022308,1261
Node_2,Smart Light,1060.8651359913667,1.1871511137111617,71
Node_1,Temperature Sensor,1060.949208214868,2.6498366525792725,94
Node_5,Camera-like Traffic Generator,1061.1720280149143,0.4069723548714099,1135
Node_5,Camera-like Traffic Generator,1061.5695161601088,0.3974881451945317,1399
Node_3,Smart Plug,1061.5837002168357,1.1210052474793546,66
Node_5,Camera-like Traffic Generator,1061.993437039034,0.4239208789252819,1010
Node_5,Camera-like Traffic Generator,1062.3635837992827,0.3701467602487373,1442
Node_3,Smart Plug,1062.6242034225963,1.0405032057605497,95
Node_5,Camera-like Traffic Generator,1062.6359515305383,0.27236773125553654,1141
Node_2,Smart Light,1062.7485597902603,1.883423798893626,61
Node_5,Camera-like Traffic Generator,1063.0788645768184,0.4429130462802071,1378
Node_5,Camera-like Traffic Generator,1063.4793986551438,0.40053407832541676,1277
Node_4,Motion Sensor,1063.68326102966,3.198048852189519,85
Node_1,Temperature Sensor,1063.8015495514337,2.852341336565893,94
Node_3,Smart Plug,1063.8467486105894,1.2225451879929876,91
Node_5,Camera-like Traffic Generator,1063.8634768908619,0.3840782357180424,1399
Node_5,Camera-like Traffic Generator,1064.2224526863436,0.35897579548171343,1091
Node_2,Smart Light,1064.3677363391062,1.6191765488458958,69
Node_5,Camera-like Traffic Generator,1064.5715636949374,0.3491110085937047,1264
Node_5,Camera-like Traffic Generator,1064.8162925856514,0.24472889071394843,1009
Node_3,Smart Plug,1065.0933480603055,1.2465994497160025,84
Node_5,Camera-like Traffic Generator,1065.2468405219633,0.43054793631204463,1384
Node_5,Camera-like Traffic Generator,1065.5727583699422,0.3259178479789594,1170
Node_2,Smart Light,1065.662841502106,1.2951051629997163,76
Node_5,Camera-like Traffic Generator,1065.9170641456892,0.3443057757468949,1093
Node_3,Smart Plug,1066.0123028991527,0.9189548388472573,98
Node_1,Temperature Sensor,1066.1815589489563,2.380009397522655,72
Node_5,Camera-like Traffic Generator,1066.3368498269958,0.41978568130658134,1360
Node_5,Camera-like Traffic Generator,1066.6643044302755,0.32745460327975684,1348
Node_5,Camera-like Traffic Generator,1066.9458868988438,0.28158246856821856,1099
Node_2,Smart Light,1067.21353016731,1.5506886652039804,62
Node_5,Camera-like Traffic Generator,1067.2664730005617,0.320586101717881,1420
Node_3,Smart Plug,1067.4108057143753,1.3985028152226775,63
Node_5,Camera-like Traffic Generator,1067.6469447000197,0.38047169945809767,1282
Node_4,Motion Sensor,1067.790200912682,4.106939883022136,68
Node_5,Camera-like Traffic Generator,1067.8757716796715,0.22882697965187174,1235
Node_5,Camera-like Traffic Generator,1068.1346523028562,0.25888062318471905,1122
Node_5,Camera-like Traffic Generator,1068.3483933330824,0.21374103022619284,1168
Node_2,Smart Light,1068.493306154749,1.2797759874389714,65
Node_5,Camera-like Traffic Generator,1068.6898084822622,0.34141514917968185,1120
Node_3,Smart Plug,1068.8106873489776,1.399881634602235,79
Node_1,Temperature Sensor,1068.9002763741794,2.718717425222983,90
Node_5,Camera-like Traffic Generator,1068.98983723739,0.3000287551279751,1113
Node_5,Camera-like Traffic Generator,1069.4770877760725,0.4872505386824204,1008
Node_2,Smart Light,1069.6927639614155,1.1994578066665866,95
Node_5,Camera-like Traffic Generator,1069.6999682574867,0.2228804814141819,1282
Node_5,Camera-like Traffic Generator,1069.941066977839,0.24109872035228705,1205
Node_5,Camera-like Traffic Generator,1070.154230001739,0.2131630239001498,1233
Node_3,Smart Plug,1070.3076523851576,1.4969650361799436,83
Node_5,Camera-like Traffic Generator,1070.5147242160263,0.360494214287302,1369
Node_5,Camera-like Traffic Generator,1070.7455087641322,0.2307845481059568,1494
Node_5,Camera-like Traffic Generator,1071.1100791816286,0.3645704174964454,1359
Node_2,Smart Light,1071.2185780196683,1.5258140582527797,85
Node_5,Camera-like Traffic Generator,1071.3762988290168,0.2662196473882149,1107
Node_5,Camera-like Traffic Generator,1071.6875619240757,0.31126309505892436,1018
Node_3,Smart Plug,1071.693544703525,1.3858923183674667,71
Node_4,Motion Sensor,1071.694803658622,3.9046027459400547,99
Node_1,Temperature Sensor,1071.772659391578,2.872383017398536,61
Node_5,Camera-like Traffic Generator,1071.8910712725237,0.2035093484480756,1293
Node_5,Camera-like Traffic Generator,1072.1271545118213,0.2360832392975291,1140
Node_5,Camera-like Traffic Generator,1072.503742382292,0.37658787047073594,1224
Node_5,Camera-like Traffic Generator,1072.7664677133903,0.2627253310981757,1170
Node_3,Smart Plug,1073.0045571317764,1.3110124282514843,89
Node_2,Smart Light,1073.0207461024395,1.8021680827711275,91
Node_5,Camera-like Traffic Generator,1073.0374805663537,0.27101285296330013,1059
Node_5,Camera-like Traffic Generator,1073.4791053074243,0.4416247410706803,1395
Node_5,Camera-like Traffic Generator,1073.8401726332245,0.36106732580010087,1314
Node_1,Temperature Sensor,1073.8410801387595,2.0684207471815514,85
Node_3,Smart Plug,1073.9772150557244,0.9726579239478856,73
Node_5,Camera-like Traffic Generator,1074.268445854124,0.42827322089942543,1022
Node_5,Camera-like Traffic Generator,1074.6751448632378,0.40669900911394097,1270
Node_4,Motion Sensor,1075.0002444282468,3.3054407696246604,99
Node_2,Smart Light,1075.010149718201,1.989403615761534,91
Node_5,Camera-like Traffic Generator,1075.0723339694875,0.39718910624979376,1347
Node_3,Smart Plug,1075.1828419767498,1.205626921025549,95
Node_5,Camera-like Traffic Generator,1075.2742409506418,0.20190698115429628,1421
Node_5,Camera-like Traffic Generator,1075.7193605759544,0.44511962531266425,1108
Node_5,Camera-like Traffic Generator,1076.0429032749207,0.3235426989662683,1165
Node_5,Camera-like Traffic Generator,1076.269516330471,0.22661305555038255,1291
Node_2,Smart Light,1076.3692618280386,1.359112109837565,81
Node_3,Smart Plug,1076.3970821191726,1.2142401424227405,65
Node_5,Camera-like Traffic Generator,1076.7469596490819,0.47744331861065653,1138
Node_1,Temperature Sensor,1076.7620092375398,2.920929098780297,99
Node_5,Camera-like Traffic Generator,1077.0750913636116,0.3281317145296464,1174
Node_5,Camera-like Traffic Generator,1077.3821612666725,0.3070699030607806,1226
Node_3,Smart Plug,1077.5986726685878,1.201590549415173,60
Node_5,Camera-like Traffic Generator,1077.7909429683662,0.40878170169359673,1013
Node_2,Smart Light,1077.853941313479,1.4846794854405083,96
Node_5,Camera-like Traffic Generator,1078.0201963222466,0.22925335388043128,1313
Node_5,Camera-like Traffic Generator,1078.2266047424532,0.20640842020652872,1137
Node_5,Camera-like Traffic Generator,1078.4782252112984,0.25162046884517525,1078
Node_5,Camera-like Traffic Generator,1078.899467711496,0.4212425001975987,1366
Node_3,Smart Plug,1079.0848014974931,1.486128828905202,61
Node_5,Camera-like Traffic Generator,1079.1582245282423,0.25875681674616957,1104
Node_2,Smart Light,1079.3563345690227,1.5023932555437418,75
Node_5,Camera-like Traffic Generator,1079.3980129784572,0.23978845021501174,1230
Node_1,Temperature Sensor,1079.5087756042778,2.746766366737927,77
Node_5,Camera-like Traffic Generator,1079.796511359646,0.39849838118881065,1112
Node_5,Camera-like Traffic Generator,1080.0368658716034,0.24035451195722274,1058
Node_3,Smart Plug,1080.2142583387938,1.129456841300677,90
Node_5,Camera-like Traffic Generator,1080.5105382438344,0.47367237223102576,1102
Node_2,Smart Light,1080.5361504427206,1.1798158736978692,72
Node_4,Motion Sensor,1080.5516395294037,5.551395101156944,98
Node_5,Camera-like Traffic Generator,1080.8986774136986,0.3881391698641838,1440
Node_3,Smart Plug,1081.037792726874,0.8235343880801526,81
Node_5,Camera-like Traffic Generator,1081.1885555060353,0.28987809233683287,1343
Node_5,Camera-like Traffic Generator,1081.4347343491638,0.24617884312849597,1031
Node_1,Temperature Sensor,1081.607218730661,2.0984431263831977,85
Node_2,Smart Light,1081.7551706307936,1.2190201880730944,95
Node_5,Camera-like Traffic Generator,1081.9050812972787,0.4703469481149365,1236
Node_5,Camera-like Traffic Generator,1082.1073681356568,0.20228683837810563,1187
Node_3,Smart Plug,1082.1732812643256,1.1354885374516366,91
Node_5,Camera-like Traffic Generator,1082.467277034223,0.3599088985661322,1342
Node_5,Camera-like Traffic Generator,1082.9351471506511,0.4678701164283379,1054
Node_5,Camera-like Traffic Generator,1083.3644724186759,0.4293252680246554,1105
Node_2,Smart Light,1083.5337089121222,1.7785382813284745,62
Node_3,Smart Plug,1083.5481851888549,1.3749039245292503,78
Node_5,Camera-like Traffic Generator,1083.610594329073,0.24612191039708145,1054
Node_5,Camera-like Traffic Generator,1083.8793714671415,0.2687771380685736,1406
Node_5,Camera-like Traffic Generator,1084.1592134975035,0.27984203036210764,1260
Node_1,Temperature Sensor,1084.479797963268,2.872579232607091,77
Node_3,Smart Plug,1084.5165432336146,0.9683580447596614,82
Node_5,Camera-like Traffic Generator,1084.525712696962,0.3664991994585737,1338
Node_5,Camera-like Traffic Generator,1085.0107027600502,0.4849900630881947,1466
Node_3,Smart Plug,1085.3252393276598,0.8086960940451315,89
Node_4,Motion Sensor,1085.3512409648642,4.799601435460618,87
Node_5,Camera-like Traffic Generator,1085.480395277782,0.4696925177318404,1458
Node_2,Smart Light,1085.5252402355527,1.991531323430571,81
Node_5,Camera-like Traffic Generator,1085.975717535055,0.49532225727300927,1443
Node_5,Camera-like Traffic Generator,1086.2229366822055,0.2472191471504618,1498
Node_5,Camera-like Traffic Generator,1086.5827910167845,0.3598543345790728,1283
Node_3,Smart Plug,1086.7901930545818,1.4649537269220094,65
Node_5,Camera-like Traffic Generator,1087.068876448321,0.486085431536418,1212
Node_1,Temperature Sensor,1087.1737991260613,2.6940011627932345,96
Node_2,Smart Light,1087.292082404003,1.7668421684502729,99
Node_5,Camera-like Traffic Generator,1087.452161074857,0.3832846265361235,1397
Node_5,Camera-like Traffic Generator,1087.7359136913126,0.28375261645554795,1130
Node_3,Smart Plug,1087.7972463543317,1.007053299749968,85
Node_5,Camera-like Traffic Generator,1088.0001578228917,0.26424413157898136,1366
Node_5,Camera-like Traffic Generator,1088.4317006824958,0.43154285960411365,1010
Node_3,Smart Plug,1088.6607570077913,0.8635106534596616,79
Node_5,Camera-like Traffic Generator,1088.753445531199,0.32174484870329695,1187
Node_5,Camera-like Traffic Generator,1089.1140798517224,0.3606343205232957,1463
Node_1,Temperature Sensor,1089.2197900947385,2.045990968677213,91
Node_2,Smart Light,1089.2660622657365,1.9739798617335023,64
Node_5,Camera-like Traffic Generator,1089.576497274512,0.4624174227894899,1057
Node_3,Smart Plug,1089.6741426293484,1.0133856215571015,88
Node_5,Camera-like Traffic Generator,1089.9848525607676,0.4083552862557298,1450
Node_5,Camera-like Traffic Generator,1090.2537739078873,0.26892134711966714,1350
Node_4,Motion Sensor,1090.3849425320197,5.033701567155571,87
Node_5,Camera-like Traffic Generator,1090.738642692562,0.48486878467465,1056
Node_2,Smart Light,1090.9229266871127,1.6568644213762342,70
Node_3,Smart Plug,1091.07468810721,1.400545477861662,89
Node_5,Camera-like Traffic Generator,1091.0824391954977,0.34379650293575315,1454
Node_5,Camera-like Traffic Generator,1091.4566378968327,0.37419870133500316,1368
Node_1,Temperature Sensor,1091.5131578707037,2.293367775965209,74
Node_5,Camera-like Traffic Generator,1091.6972033399898,0.2405654431570285,1258
Node_3,Smart Plug,1091.89177753882,0.8170894316099178,78
Node_5,Camera-like Traffic Generator,1092.0589109518392,0.361707611849455,1115
Node_5,Camera-like Traffic Generator,1092.2968390709334,0.23792811909425907,1454
Node_5,Camera-like Traffic Generator,1092.6493638652548,0.35252479432143974,1303
Node_2,Smart Light,1092.7392118487214,1.8162851616087348,96
Node_5,Camera-like Traffic Generator,1093.1146901694094,0.46532630415448456,1120
Node_3,Smart Plug,1093.2320620442842,1.3402845054644104,94
Node_5,Camera-like Traffic Generator,1093.4803733608658,0.3656831914564249,1169
Node_1,Temperature Sensor,1093.6587276664031,2.1455697956993984,81
Node_2,Smart Light,1093.7951205045738,1.0559086558524498,99
Node_5,Camera-like Traffic Generator,1093.8416433015107,0.3612699406449568,1129
Node_5,Camera-like Traffic Generator,1094.1412660597255,0.29962275821471385,1068
Node_3,Smart Plug,1094.3158143048609,1.0837522605766505,91
Node_4,Motion Sensor,1094.3810821740647,3.9961396420448505,95
Node_5,Camera-like Traffic Generator,1094.3947590775272,0.2534930178016839,1213
Node_5,Camera-like Traffic Generator,1094.8498325813148,0.45507350378759526,1102
Node_2,Smart Light,1095.0145320906176,1.219411586043925,93
Node_5,Camera-like Traffic Generator,1095.2906935981025,0.44086101678765144,1110
Node_3,Smart Plug,1095.3751086272828,1.059294322421906,78
Node_5,Camera-like Traffic Generator,1095.6815684140345,0.39087481593202744,1258
Node_5,Camera-like Traffic Generator,1096.0690204280688,0.38745201403427343,1035
Node_1,Temperature Sensor,1096.224655728319,2.565928061915937,91
Node_5,Camera-like Traffic Generator,1096.4852963792619,0.4162759511929478,1273
Node_3,Smart Plug,1096.6184902392927,1.2433816120099614,94
Node_2,Smart Light,1096.811922777997,1.7973906873794088,74
Node_5,Camera-like Traffic Generator,1096.9066187125384,0.42132233327658386,1160
Node_5,Camera-like Traffic Generator,1097.1560091030865,0.24939039054812254,1138
Node_3,Smart Plug,1097.4679792536606,0.8494890143678746,95
Node_5,Camera-like Traffic Generator,1097.6101768640049,0.45416776091832256,1014
Node_5,Camera-like Traffic Generator,1098.039820697668,0.42964383366300823,1390
Node_4,Motion Sensor,1098.3349830993884,3.953900925323848,79
Node_1,Temperature Sensor,1098.3946393773872,2.1699836490680973,63
Node_5,Camera-like Traffic Generator,1098.4724119742798,0.4325912766118693,1345
Node_3,Smart Plug,1098.5010135505281,1.033034296867581,61
Node_2,Smart Light,1098.651145030303,1.8392222523059094,93
Node_5,Camera-like Traffic Generator,1098.9312777102791,0.45886573599934016,1361
Node_5,Camera-like Traffic Generator,1099.156367849614,0.22509013933501382,1082
Node_5,Camera-like Traffic Generator,1099.5790272619563,0.4226594123422477,1318
Node_3,Smart Plug,1099.599145127655,1.0981315771268427,70
Node_5,Camera-like Traffic Generator,1099.8033462209598,0.22431895900361076,1343
Node_2,Smart Light,1099.827245397883,1.17610036757999,83
Node_5,Camera-like Traffic Generator,1100.1475801844936,0.34423396353368907,1402
Node_5,Camera-like Traffic Generator,1100.4792739018474,0.33169371735375297,1447
Node_5,Camera-like Traffic Generator,1100.8735382170014,0.3942643151541192,1028
Node_3,Smart Plug,1101.0614119731254,1.462266845470301,81
Node_5,Camera-like Traffic Generator,1101.2627920257423,0.3892538087408358,1484
Node_1,Temperature Sensor,1101.265478976032,2.8708395986448547,84
Node_5,Camera-like Traffic Generator,1101.4705444048898,0.2077523791474672,1074
Node_2,Smart Light,1101.6334556232423,1.8062102253593884,87
Node_5,Camera-like Traffic Generator,1101.7765454511439,0.3060010462541372,1189
Node_5,Camera-like Traffic Generator,1102.0110927185392,0.23454726739530912,1457
Node_4,Motion Sensor,1102.3402987537627,4.005315654374259,83
Node_5,Camera-like Traffic Generator,1102.4047748287517,0.3936821102124344,1376
Node_3,Smart Plug,1102.417547100409,1.3561351272836513,91
Node_5,Camera-like Traffic Generator,1102.6830160484792,0.2782412197275634,1042
Node_5,Camera-like Traffic Generator,1103.1268458110005,0.44382976252126005,1300
Node_3,Smart Plug,1103.2742184295073,0.8566713290983338,95
Node_5,Camera-like Traffic Generator,1103.4997613141002,0.37291550309959054,1238
Node_1,Temperature Sensor,1103.5063087678884,2.240829791856313,96
Node_2,Smart Light,1103.5474356273708,1.9139800041285344,61
Node_5,Camera-like Traffic Generator,1103.8471030673197,0.3473417532195646,1455
Node_5,Camera-like Traffic Generator,1104.0700842300255,0.22298116270581764,1087
Node_5,Camera-like Traffic Generator,1104.4990528271298,0.4289685971043494,1250
Node_3,Smart Plug,1104.5892509791015,1.3150325495941213,62
Node_5,Camera-like Traffic Generator,1104.9355457843994,0.43649295726968307,1157
Node_2,Smart Light,1105.2479964307222,1.7005608033514181,97
Node_5,Camera-like Traffic Generator,1105.2762081007227,0.3406623163231831,1253
Node_5,Camera-like Traffic Generator,1105.616401933447,0.3401938327243582,1022
Node_1,Temperature Sensor,1105.6494264880168,2.14311772012851,78
Node_5,Camera-like Traffic Generator,1105.831057876668,0.21465594322114195,1331
Node_3,Smart Plug,1106.050976539953,1.4617255608514166,86
Node_5,Camera-like Traffic Generator,1106.2967957080643,0.4657378313964892,1188
Node_4,Motion Sensor,1106.487412952664,4.147114198901344,69
Node_5,Camera-like Traffic Generator,1106.6877960832342,0.39100037516986386,1044
Node_2,Smart Light,1106.8116029175053,1.5636064867831938,82
Node_5,Camera-like Traffic Generator,1107.1049658512604,0.41716976802622685,1137
Node_5,Camera-like Traffic Generator,1107.3499534330913,0.24498758183088157,1188
Node_3,Smart Plug,1107.4725610741218,1.4215845341689421,64
Node_5,Camera-like Traffic Generator,1107.5868361321543,0.23688269906297724,1206
Node_1,Temperature Sensor,1107.9034038274303,2.2539773394135425,70
Node_2,Smart Light,1107.9998365824106,1.1882336649052563,99
Node_5,Camera-like Traffic Generator,1108.0261461715913,0.4393100394369869,1255
Node_5,Camera-like Traffic Generator,1108.5233464333667,0.49720026177534554,1184
Node_3,Smart Plug,1108.5284746753844,1.0559136012624726,84
Node_5,Camera-like Traffic Generator,1108.7380458068344,0.21469937346773738,1155
Node_5,Camera-like Traffic Generator,1108.9891165054498,0.25107069861547626,1288
Node_5,Camera-like Traffic Generator,1109.4079964108864,0.4188799054366495,1276
Node_3,Smart Plug,1109.5843744761655,1.0558998007811837,67
Node_5,Camera-like Traffic Generator,1109.6198092094721,0.2118127985857805,1234
Node_2,Smart Light,1109.8814629423084,1.8816263598977603,79
Node_1,Temperature Sensor,1109.912801258885,2.009397431454871,92
Node_5,Camera-like Traffic Generator,1109.9418287810029,0.3220195715306323,1120
Node_5,Camera-like Traffic Generator,1110.3224595361055,0.3806307551026917,1307
Node_5,Camera-like Traffic Generator,1110.660466632198,0.33800709609260654,1177
Node_3,Smart Plug,1110.7755277967865,1.1911533206210403,62
Node_5,Camera-like Traffic Generator,1111.1600889392087,0.4996223070107274,1386
Node_2,Smart Light,1111.1905160144597,1.3090530721512197,79
Node_4,Motion Sensor,1111.2498185948896,4.762405642225499,69
Node_5,Camera-like Traffic Generator,1111.5936730801268,0.43358414091820635,1476
Node_5,Camera-like Traffic Generator,1112.050519984713,0.4568469045862012,1262
Node_3,Smart Plug,1112.0720637919533,1.2965359951667699,68
Node_2,Smart Light,1112.2807733913107,1.0902573768509027,69
Node_5,Camera-like Traffic Generator,1112.2882499887505,0.2377300040375766,1030
Node_5,Camera-like Traffic Generator,1112.7288481049256,0.44059811617505534,1464
Node_1,Temperature Sensor,1112.814010682484,2.901209423598883,87
Node_5,Camera-like Traffic Generator,1113.1884235033224,0.45957539839672273,1126
Node_2,Smart Light,1113.4995823330023,1.2188089416915773,81
Node_5,Camera-like Traffic Generator,1113.546996243708,0.35857274038552744,1445
Node_3,Smart Plug,1113.5589399275293,1.4868761355761495,69
Node_5,Camera-like Traffic Generator,1114.0215667219,0.4745704781918741,1369
Node_5,Camera-like Traffic Generator,1114.3000490687898,0.2784823468899244,1366
Node_3,Smart Plug,1114.4384303027077,0.8794903751785076,79
Node_2,Smart Light,1114.500265829386,1.000683496383831,96
Node_5,Camera-like Traffic Generator,1114.7886946831536,0.48864561436387693,1321
Node_1,Temperature Sensor,1114.9719863045557,2.157975622071787,77
Node_5,Camera-like Traffic Generator,1115.1529379840426,0.3642433008889374,1236
Node_5,Camera-like Traffic Generator,1115.617074180561,0.4641361965184654,1124
Node_2,Smart Light,1115.7017302127383,1.2014643833521412,65
Node_5,Camera-like Traffic Generator,1115.875231042026,0.2581568614648757,1359
Node_3,Smart Plug,1115.895833855438,1.4574035527303368,83
Node_4,Motion Sensor,1116.098864618652,4.849046023762398,72
Node_5,Camera-like Traffic Generator,1116.1315362430682,0.2563052010424166,1323
Node_5,Camera-like Traffic Generator,1116.45144885685,0.31991261378183833,1121
Node_5,Camera-like Traffic Generator,1116.8533487945367,0.4018999376867649,1070
Node_5,Camera-like Traffic Generator,1117.1733735880255,0.3200247934886992,1338
Node_1,Temperature Sensor,1117.3175519289987,2.345565624443082,83
Node_3,Smart Plug,1117.3672064671991,1.4713726117610224,68
Node_2,Smart Light,1117.4186678454291,1.7169376326908161,96
Node_5,Camera-like Traffic Generator,1117.5911704713944,0.41779688336894916,1260
Node_5,Camera-like Traffic Generator,1117.9847262951143,0.3935558237198632,1333
Node_5,Camera-like Traffic Generator,1118.2769752737463,0.29224897863188654,1148
Node_5,Camera-like Traffic Generator,1118.483188086206,0.2062128124595796,1439
Node_3,Smart Plug,1118.6887181674465,1.321511700247378,69
Node_5,Camera-like Traffic Generator,1118.9101319226795,0.42694383647365375,1065
Node_2,Smart Light,1119.2629519318668,1.8442840864376508,72
Node_5,Camera-like Traffic Generator,1119.3268067654958,0.416674842816357,1422
Node_5,Camera-like Traffic Generator,1119.6560734780433,0.3292667125475578,1052
Node_3,Smart Plug,1119.7356163359846,1.0468981685381615,70
Node_1,Temperature Sensor,1119.9564906313587,2.6389387023600124,76
Node_5,Camera-like Traffic Generator,1120.1443055738323,0.4882320957890782,1125
Node_2,Smart Light,1120.2848648281104,1.0219128962435722,83
Node_5,Camera-like Traffic Generator,1120.4828951591219,0.33858958528960686,1020
Node_5,Camera-like Traffic Generator,1120.799950386636,0.31705522751426396,1472
Node_3,Smart Plug,1121.0117750532297,1.2761587172452389,71
Node_5,Camera-like Traffic Generator,1121.1894400836823,0.38948969704631164,1078
Node_4,Motion Sensor,1121.312604470406,5.213739851754111,84
Node_5,Camera-like Traffic Generator,1121.6732825990696,0.48384251538729584,1186
Node_3,Smart Plug,1121.8561334792714,0.844358426041675,73
Node_5,Camera-like Traffic Generator,1121.9604661666522,0.28718356758268204,1436
Node_2,Smart Light,1122.2020889755916,1.9172241474811185,90
Node_1,Temperature Sensor,1122.2065888557665,2.2500982244077012,93
Node_5,Camera-like Traffic Generator,1122.2164428929232,0.255976726271091,1394
Node_5,Camera-like Traffic Generator,1122.6327801304506,0.4163372375274097,1184
Node_5,Camera-like Traffic Generator,1122.9958208936273,0.36304076317664247,1093
Node_3,Smart Plug,1122.996492312875,1.1403588336036732,81
Node_5,Camera-like Traffic Generator,1123.2533225106101,0.2575016169828588,1432
Node_5,Camera-like Traffic Generator,1123.6720963972234,0.41877388661339304,1334
Node_3,Smart Plug,1123.882388916855,0.8858966039800249,88
Node_5,Camera-like Traffic Generator,1124.0130460124128,0.34094961518929406,1153
Node_2,Smart Light,1124.0485698631708,1.8464808875791348,94
Node_1,Temperature Sensor,1124.4058058548753,2.1992169991088923,75
Node_5,Camera-like Traffic Generator,1124.450674143653,0.4376281312401316,1431
Node_4,Motion Sensor,1124.4923735200853,3.179769049679238,71
Node_5,Camera-like Traffic Generator,1124.8045681871636,0.35389404351050274,1479
Node_3,Smart Plug,1125.1572047212007,1.2748158043456472,81
Node_5,Camera-like Traffic Generator,1125.163674670113,0.35910648294959147,1458
Node_5,Camera-like Traffic Generator,1125.3704222670594,0.20674759694644115,1112
Node_5,Camera-like Traffic Generator,1125.6031118221272,0.23268955506765499,1120
Node_2,Smart Light,1126.0091286134466,1.9605587502757578,74
Node_5,Camera-like Traffic Generator,1126.0123336728375,0.40922185071029477,1259
Node_3,Smart Plug,1126.161789768389,1.0045850471882884,84
Node_5,Camera-like Traffic Generator,1126.4614583636883,0.44912469085074946,1137
Node_5,Camera-like Traffic Generator,1126.8791067639931,0.4176484003047856,1067
Node_1,Temperature Sensor,1126.8890139159346,2.483208061059216,69
Node_5,Camera-like Traffic Generator,1127.2621353356699,0.38302857167665666,1348
Node_3,Smart Plug,1127.5217224754256,1.359932707036395,97
Node_5,Camera-like Traffic Generator,1127.6642386711285,0.4021033354586153,1169
Node_4,Motion Sensor,1127.9473852762615,3.455011756176083,61
Node_2,Smart Light,1127.9510518269146,1.9419232134680415,75
Node_5,Camera-like Traffic Generator,1127.951147528698,0.28690885756945783,1319
Node_5,Camera-like Traffic Generator,1128.449085336555,0.49793780785716785,1145
Node_5,Camera-like Traffic Generator,1128.710477298688,0.26139196213294397,1108
Node_3,Smart Plug,1128.887879589072,1.3661571136464112,97
Node_2,Smart Light,1129.0520839970952,1.1010321701806864,72
Node_5,Camera-like Traffic Generator,1129.2013968672975,0.49091956860955005,1411
Node_5,Camera-like Traffic Generator,1129.4596955426302,0.2582986753326481,1263
Node_1,Temperature Sensor,1129.4609366082852,2.571922692350739,82
Node_3,Smart Plug,1129.7338189029297,0.8459393138576113,95
Node_5,Camera-like Traffic Generator,1129.8358320094503,0.37613646681995794,1441
Node_5,Camera-like Traffic Generator,1130.0724861354865,0.23665412603628633,1364
Node_2,Smart Light,1130.1885356659527,1.13645166885749,66
Node_5,Camera-like Traffic Generator,1130.5144976329723,0.4420114974858226,1402
Node_5,Camera-like Traffic Generator,1130.7415149210938,0.22701728812137595,1355
Node_3,Smart Plug,1130.8543307868822,1.1205118839525887,63
Node_5,Camera-like Traffic Generator,1131.0779380943266,0.3364231732328491,1233
Node_5,Camera-like Traffic Generator,1131.5415170548958,0.46357896056929176,1061
Node_5,Camera-like Traffic Generator,1131.756016155059,0.21449910016310922,1487
Node_5,Camera-like Traffic Generator,1132.0283450517154,0.2723288966565975,1045
Node_2,Smart Light,1132.137229197979,1.9486935320263234,91
Node_3,Smart Plug,1132.2828928887916,1.4285621019092818,71
Node_5,Camera-like Traffic Generator,1132.4319799408368,0.4036348891213316,1246
Node_1,Temperature Sensor,1132.4536286519121,2.9926920436268976,71
Node_5,Camera-like Traffic Generator,1132.6723920294805,0.24041208864374722,1322
Node_5,Camera-like Traffic Generator,1133.172225102707,0.4998330732264763,1019
Node_5,Camera-like Traffic Generator,1133.4942191812868,0.3219940785798733,1017
Node_5,Camera-like Traffic Generator,1133.7172713662178,0.22305218493091447,1041
Node_4,Motion Sensor,1133.717612694922,5.770227418660561,97
Node_3,Smart Plug,1133.7525317397328,1.4696388509412341,64
Node_2,Smart Light,1134.0978912983478,1.9606621003687383,85
Node_5,Camera-like Traffic Generator,1134.1422840969024,0.42501273068459744,1380
Node_5,Camera-like Traffic Generator,1134.4912840168497,0.3489999199473821,1480
Node_3,Smart Plug,1134.7456916550789,0.9931599153460354,87
Node_5,Camera-like Traffic Generator,1134.988710603573,0.49742658672334406,1047
Node_2,Smart Light,1135.2720939693033,1.1742026709555307,98
Node_1,Temperature Sensor,1135.431573136489,2.9779444845768626,86
Node_5,Camera-like Traffic Generator,1135.4769325845784,0.48822198100540826,1429
Node_3,Smart Plug,1135.8931217695667,1.147430114487921,94
Node_5,Camera-like Traffic Generator,1135.9106065882522,0.4336740036738287,1360
Node_5,Camera-like Traffic Generator,1136.2679488110884,0.35734222283622,1004
Node_5,Camera-like Traffic Generator,1136.7414020814006,0.473453270312016,1104
Node_5,Camera-like Traffic Generator,1136.9493728600385,0.2079707786379675,1405
Node_2,Smart Light,1136.9656543675958,1.6935603982925431,97
Node_3,Smart Plug,1137.0576031171163,1.1644813475495082,85
Node_5,Camera-like Traffic Generator,1137.3251999447589,0.37582708472031157,1167
Node_5,Camera-like Traffic Generator,1137.6497067508465,0.3245068060875266,1274
Node_1,Temperature Sensor,1137.7060535166672,2.2744803801782276,82
Node_3,Smart Plug,1138.062821726476,1.005218609359679,98
Node_5,Camera-like Traffic Generator,1138.1009857777062,0.4512790268596932,1261
Node_5,Camera-like Traffic Generator,1138.3049218372803,0.20393605957415512,1344
Node_5,Camera-like Traffic Generator,1138.6050774250853,0.3001555878049277,1318
Node_2,Smart Light,1138.7526461601913,1.7869917925955767,68
Node_4,Motion Sensor,1138.9353796029716,5.217766908049551,71
Node_5,Camera-like Traffic Generator,1138.9542829218374,0.34920549675200985,1364
Node_3,Smart Plug,1139.2418261971238,1.179004470647909,65
Node_5,Camera-like Traffic Generator,1139.4011951992804,0.4469122774429658,1298
Node_5,Camera-like Traffic Generator,1139.8893057707648,0.4881105714845157,1453
Node_3,Smart Plug,1140.2845163698712,1.0426901727474553,77
Node_2,Smart Light,1140.3415963159744,1.5889501557831036,67
Node_5,Camera-like Traffic Generator,1140.3643074061742,0.4750016354093122,1441
Node_1,Temperature Sensor,1140.3918530094013,2.685799492734012,89
Node_5,Camera-like Traffic Generator,1140.7683436320303,0.404036225856174,1195
Node_5,Camera-like Traffic Generator,1141.15126641953,0.3829227874996123,1172
Node_3,Smart Plug,1141.5357954789547,1.2512791090833963,71
Node_5,Camera-like Traffic Generator,1141.6170316023333,0.46576518280344836,1038
Node_2,Smart Light,1141.6484195452724,1.306823229297958,87
Node_5,Camera-like Traffic Generator,1141.9981390244561,0.38110742212290916,1404
Node_3,Smart Plug,1142.3798601349697,0.8440646560149314,94
Node_1,Temperature Sensor,1142.4408972601773,2.049044250776,84
Node_5,Camera-like Traffic Generator,1142.4593915033968,0.4612524789406987,1319
Node_2,Smart Light,1142.775767909996,1.1273483647235354,89
Node_5,Camera-like Traffic Generator,1142.8318999650662,0.3725084616694663,1054
Node_5,Camera-like Traffic Generator,1143.119573012011,0.287673046944687,1115
Node_3,Smart Plug,1143.3424897794266,0.9626296444569771,97
Node_5,Camera-like Traffic Generator,1143.4785395685244,0.35896655651333975,1171
Node_5,Camera-like Traffic Generator,1143.6864524127648,0.2079128442404205,1069
Node_4,Motion Sensor,1143.8661858177877,4.930806214816217,80
Node_5,Camera-like Traffic Generator,1144.1855322796373,0.49907986687260647,1097
Node_3,Smart Plug,1144.5937602012825,1.2512704218560022,76
Node_5,Camera-like Traffic Generator,1144.6300162051652,0.44448392552797655,1078
Node_2,Smart Light,1144.7245560142171,1.9487881042212876,97
Node_5,Camera-like Traffic Generator,1144.8946918855788,0.2646756804136224,1300
Node_1,Temperature Sensor,1144.937624546701,2.4967272865238703,96
Node_5,Camera-like Traffic Generator,1145.1390565817392,0.24436469616033482,1120
Node_5,Camera-like Traffic Generator,1145.421562480666,0.28250589892683464,1168
Node_3,Smart Plug,1145.633714936316,1.039954735033455,85
Node_5,Camera-like Traffic Generator,1145.6445858679167,0.22302338725080656,1127
Node_5,Camera-like Traffic Generator,1145.8555307284096,0.2109448604928339,1373
Node_2,Smart Light,1146.1161574414948,1.3916014272776018,99
Node_5,Camera-like Traffic Generator,1146.2747488989644,0.4192181705548206,1065
Node_5,Camera-like Traffic Generator,1146.6355804086602,0.3608315096957563,1470
Node_3,Smart Plug,1146.662129425945,1.0284144896291485,83
Node_5,Camera-like Traffic Generator,1146.8484364394885,0.2128560308283189,1183
Node_5,Camera-like Traffic Generator,1147.0548127024915,0.20637626300309247,1396
Node_1,Temperature Sensor,1147.2238186981601,2.2861941514591946,91
Node_5,Camera-like Traffic Generator,1147.3261072988932,0.27129459640169634,1467
Node_5,Camera-like Traffic Generator,1147.654708155783,0.32860085688986906,1483
Node_3,Smart Plug,1147.949933932449,1.2878045065039125,93
Node_5,Camera-like Traffic Generator,1148.0778352989716,0.423127143188622,1259
Node_2,Smart Light,1148.0813413817823,1.965183940287551,61
Node_5,Camera-like Traffic Generator,1148.3066308984244,0.22879559945280697,1373
Node_5,Camera-like Traffic Generator,1148.634585694635,0.32795479621061707,1423
Node_3,Smart Plug,1149.0616133450271,1.1116794125780833,72
Node_5,Camera-like Traffic Generator,1149.1162392598976,0.4816535652626124,1471
Node_5,Camera-like Traffic Generator,1149.5786879872153,0.4624487273177317,1027
Node_2,Smart Light,1149.6837300492332,1.6023886674509713,96
Node_4,Motion Sensor,1149.7988883311598,5.932702513372005,71
Node_1,Temperature Sensor,1149.8308836963245,2.607064998164266,74
Node_3,Smart Plug,1149.9539813214005,0.8923679763734143,91
Node_5,Camera-like Traffic Generator,1150.0441691869935,0.4654811997782786,1180
Node_5,Camera-like Traffic Generator,1150.3635182812156,0.319349094222202,1303
Node_5,Camera-like Traffic Generator,1150.8089699726745,0.44545169145889996,1381
Node_3,Smart Plug,1150.8741973092058,0.9202159878051832,70
Node_5,Camera-like Traffic Generator,1151.1248552091329,0.31588523645846206,1342
Node_5,Camera-like Traffic Generator,1151.3466590322173,0.22180382308448449,1470
Node_5,Camera-like Traffic Generator,1151.6105150664216,0.26385603420424253,1476
Node_2,Smart Light,1151.6512617348492,1.9675316856159355,68
Node_3,Smart Plug,1152.013167488021,1.138970178815213,98
Node_5,Camera-like Traffic Generator,1152.0407934575562,0.430278391134599,1127
Node_5,Camera-like Traffic Generator,1152.342953477779,0.3021600202228025,1026
Node_1,Temperature Sensor,1152.4675015743303,2.6366178780058918,84
Node_5,Camera-like Traffic Generator,1152.6718915108586,0.3289380330795254,1275
Node_4,Motion Sensor,1152.8699683280365,3.0710799968766427,73
Node_5,Camera-like Traffic Generator,1153.0027636492366,0.33087213837811685,1054
Node_2,Smart Light,1153.2168119809694,1.5655502461203206,97
Node_3,Smart Plug,1153.3519923040085,1.3388248159874945,61
Node_5,Camera-like Traffic Generator,1153.390677136002,0.38791348676554493,1242
Node_5,Camera-like Traffic Generator,1153.8195927310298,0.42891559502788823,1322
Node_5,Camera-like Traffic Generator,1154.0623714695162,0.2427787384864211,1105
Node_2,Smart Light,1154.357455349118,1.1406433681485684,89
Node_3,Smart Plug,1154.3991769307597,1.0471846267511504,78
Node_5,Camera-like Traffic Generator,1154.4197191102796,0.35734764076335324,1131
Node_5,Camera-like Traffic Generator,1154.844618113852,0.4248990035723054,1020
Node_5,Camera-like Traffic Generator,1155.1172481481735,0.2726300343215604,1448
Node_1,Temperature Sensor,1155.1452660329537,2.6777644586233595,88
Node_3,Smart Plug,1155.3156310815336,0.9164541507738915,96
Node_5,Camera-like Traffic Generator,1155.3187358528241,0.2014877046506361,1263
Node_2,Smart Light,1155.5954512742674,1.2379959251493968,99
Node_5,Camera-like Traffic Generator,1155.6529648567162,0.3342290038918926,1097
Node_5,Camera-like Traffic Generator,1155.9424969338143,0.28953207709809914,1238
Node_5,Camera-like Traffic Generator,1156.3426289713184,0.4001320375041461,1275
Node_4,Motion Sensor,1156.5967152792102,3.7267469511736353,96
Node_3,Smart Plug,1156.6138996021773,1.2982685206437234,71
Node_2,Smart Light,1156.763338691019,1.1678874167515843,95
Node_5,Camera-like Traffic Generator,1156.8107464368336,0.4681174655153035,1068
Node_5,Camera-like Traffic Generator,1157.0245826102755,0.21383617344191838,1116
Node_5,Camera-like Traffic Generator,1157.3368733904051,0.31229078012967526,1361
Node_5,Camera-like Traffic Generator,1157.552893491943,0.21602010153787152,1333
Node_1,Temperature Sensor,1157.8044475732704,2.659181540316754,93
Node_2,Smart Light,1157.8520647035891,1.0887260125701264,88
Node_5,Camera-like Traffic Generator,1157.8883536586306,0.33546016668775924,1346
Node_3,Smart Plug,1158.0951438646548,1.4812442624773945,93
Node_5,Camera-like Traffic Generator,1158.2700582762702,0.3817046176394601,1023
Node_5,Camera-like Traffic Generator,1158.5805311230313,0.3104728467610266,1282
Node_5,Camera-like Traffic Generator,1158.9927952884584,0.4122641654271779,1401
Node_5,Camera-like Traffic Generator,1159.278524613069,0.28572932461072686,1090
Node_3,Smart Plug,1159.380145352933,1.2850014882780447,86
Node_5,Camera-like Traffic Generator,1159.483256599103,0.2047319860338854,1497
Node_2,Smart Light,1159.491167391494,1.6391026879048791,95
Node_5,Camera-like Traffic Generator,1159.9808248285144,0.49756822941134277,1291
Node_5,Camera-like Traffic Generator,1160.2305051406477,0.24968031213325648,1378
Node_3,Smart Plug,1160.2875847130515,0.9074393601184957,69
Node_1,Temperature Sensor,1160.4326956769573,2.6282481036868983,96
Node_5,Camera-like Traffic Generator,1160.6423536318682,0.41184849122044603,1311
Node_2,Smart Light,1160.9377973255916,1.446629934097794,70
Node_5,Camera-like Traffic Generator,1161.0301423703738,0.3877887385057015,1383
Node_3,Smart Plug,1161.1163907325933,0.8288060195419276,72
Node_5,Camera-like Traffic Generator,1161.4019569479713,0.3718145775975362,1187
Node_4,Motion Sensor,1161.5917333364755,4.995018057265348,87
Node_5,Camera-like Traffic Generator,1161.8361125559177,0.4341556079464507,1148
Node_3,Smart Plug,1162.0049221910353,0.8885314584420774,70
Node_2,Smart Light,1162.187338188727,1.249540863135279,62
Node_5,Camera-like Traffic Generator,1162.201922127605,0.36580957168731687,1302
Node_5,Camera-like Traffic Generator,1162.5820153342477,0.3800932066426106,1364
Node_3,Smart Plug,1162.9340697991934,0.9291476081580576,82
Node_5,Camera-like Traffic Generator,1162.9854991223829,0.40348378813509134,1490
Node_1,Temperature Sensor,1163.079036285848,2.646340608890523,72
Node_5,Camera-like Traffic Generator,1163.322359798693,0.33686067631018457,1444
Node_2,Smart Light,1163.4439961302696,1.2566579415427148,64
Node_5,Camera-like Traffic Generator,1163.6110240535636,0.2886642548706704,1267
Node_3,Smart Plug,1163.7583521612512,0.824282362057919,72
Node_5,Camera-like Traffic Generator,1163.9208782009516,0.30985414738792083,1192
Node_5,Camera-like Traffic Generator,1164.4064587449066,0.4855805439548817,1124
Node_2,Smart Light,1164.4452772877644,1.0012811574946898,75
Node_5,Camera-like Traffic Generator,1164.70556488735,0.2991061424434331,1051
Node_3,Smart Plug,1164.7990450718298,1.040692910578556,74
Node_5,Camera-like Traffic Generator,1164.9119468969732,0.20638200962312409,1250
Node_5,Camera-like Traffic Generator,1165.2048248852732,0.2928779883000587,1309
Node_1,Temperature Sensor,1165.5198594760107,2.4408231901628117,83
Node_5,Camera-like Traffic Generator,1165.697281008931,0.49245612365790004,1097
Node_5,Camera-like Traffic Generator,1165.9498181072133,0.25253709828229176,1095
Node_3,Smart Plug,1165.976951689224,1.1779066173942832,66
Node_2,Smart Light,1166.177861782263,1.7325844944987687,98
Node_5,Camera-like Traffic Generator,1166.2053044864176,0.25548637920436196,1390
Node_5,Camera-like Traffic Generator,1166.6511141798055,0.4458096933879582,1147
Node_4,Motion Sensor,1166.7502399956504,5.15850665917495,75
Node_5,Camera-like Traffic Generator,1166.8935018458587,0.24238766605318063,1484
Node_3,Smart Plug,1166.9880435278897,1.0110918386656271,96
Node_5,Camera-like Traffic Generator,1167.214765497924,0.32126365206520663,1279
Node_5,Camera-like Traffic Generator,1167.6960242085202,0.48125871059620196,1203
Node_2,Smart Light,1168.0624137798504,1.8845519975872276,79
Node_3,Smart Plug,1168.0712371597454,1.0831936318557578,79
Node_5,Camera-like Traffic Generator,1168.1059274845381,0.4099032760179654,1495
Node_1,Temperature Sensor,1168.2522192439499,2.732359767939238,63
Node_5,Camera-like Traffic Generator,1168.4478207495358,0.3418932649977523,1198
Node_5,Camera-like Traffic Generator,1168.6831357493334,0.23531499979760084,1381
Node_3,Smart Plug,1168.9730058803682,0.9017687206227506,78
Node_5,Camera-like Traffic Generator,1169.1748385165527,0.4917027672192622,1015
Node_2,Smart Light,1169.4411263546247,1.378712574774259,81
Node_5,Camera-like Traffic Generator,1169.5074353189077,0.3325968023551582,1374
Node_5,Camera-like Traffic Generator,1169.8002858458403,0.29285052693261127,1471
Node_3,Smart Plug,1169.9971584320283,1.0241525516602195,60
Node_5,Camera-like Traffic Generator,1170.2176062282,0.41732038235987057,1259
Node_5,Camera-like Traffic Generator,1170.4837254326449,0.2661192044446873,1335
Node_2,Smart Light,1170.5425549142617,1.1014285596371216,79
Node_1,Temperature Sensor,1170.547329695579,2.295110451629155,89
Node_4,Motion Sensor,1170.715150968891,3.9649109732407064,60
Node_5,Camera-like Traffic Generator,1170.8644454629552,0.3807200303104371,1180
Node_5,Camera-like Traffic Generator,1171.1376340015777,0.27318853862253256,1475
Node_3,Smart Plug,1171.314104919025,1.3169464869968734,99
Node_5,Camera-like Traffic Generator,1171.3791909201777,0.24155691860003584,1448
Node_5,Camera-like Traffic Generator,1171.8062945834527,0.4271036632750167,1417
Node_5,Camera-like Traffic Generator,1172.300575584733,0.49428100128032587,1414
Node_3,Smart Plug,1172.346001371281,1.0318964522560743,88
Node_2,Smart Light,1172.4066056347303,1.864050720468577,86
Node_1,Temperature Sensor,1172.7229697660234,2.175640070444307,65
Node_5,Camera-like Traffic Generator,1172.7697508236656,0.4691752389327054,1480
Node_5,Camera-like Traffic Generator,1173.2359356394231,0.4661848157575344,1058
Node_3,Smart Plug,1173.4777388428556,1.1317374715744273,71
Node_5,Camera-like Traffic Generator,1173.478672522666,0.24273688324298376,1347
Node_5,Camera-like Traffic Generator,1173.8616746267567,0.3830021040904854,1170
Node_2,Smart Light,1174.0937660389475,1.6871604042171144,66
Node_5,Camera-like Traffic Generator,1174.226450285464,0.3647756587071387,1424
Node_5,Camera-like Traffic Generator,1174.4706229965523,0.24417271108827948,1295
Node_5,Camera-like Traffic Generator,1174.7782396540429,0.3076166574906567,1338
Node_3,Smart Plug,1174.9385455108684,1.4608066680126872,99
Node_5,Camera-like Traffic Generator,1175.1084833264606,0.3302436724176674,1133
Node_2,Smart Light,1175.1674754285089,1.0737093895613743,93
Node_1,Temperature Sensor,1175.2623775250079,2.539407758984421,98
Node_5,Camera-like Traffic Generator,1175.5435635810243,0.43508025456357136,1191
Node_5,Camera-like Traffic Generator,1175.8570524139109,0.3134888328866305,1203
Node_5,Camera-like Traffic Generator,1176.0788936618646,0.2218412479537608,1414
Node_3,Smart Plug,1176.1401548188937,1.2016093080254004,65
Node_5,Camera-like Traffic Generator,1176.283373591435,0.2044799295703934,1240
Node_4,Motion Sensor,1176.3247511885797,5.609600219688764,67
Node_2,Smart Light,1176.462384041625,1.2949086131161303,72
Node_5,Camera-like Traffic Generator,1176.6111597332886,0.3277861418535995,1336
Node_5,Camera-like Traffic Generator,1177.0168610536439,0.4057013203552817,1072
Node_5,Camera-like Traffic Generator,1177.2739470374133,0.25708598376937014,1264
Node_3,Smart Plug,1177.3358168793482,1.1956620604543435,96
Node_5,Camera-like Traffic Generator,1177.6453991424664,0.3714521050531845,1490
Node_1,Temperature Sensor,1177.7932298987107,2.530852373702785,96
Node_5,Camera-like Traffic Generator,1178.0705256759454,0.42512653347891405,1125
Node_5,Camera-like Traffic Generator,1178.3281379470543,0.25761227110896695,1133
Node_2,Smart Light,1178.4140461730592,1.9516621314341207,62
Node_3,Smart Plug,1178.4452907532993,1.1094738739511303,87
Node_5,Camera-like Traffic Generator,1178.6905783725447,0.3624404254904807,1120
Node_5,Camera-like Traffic Generator,1179.129463441676,0.4388850691314299,1155
Node_5,Camera-like Traffic Generator,1179.4821728176057,0.35270937592961216,1313
Node_2,Smart Light,1179.5841513762105,1.1701052031511907,75
Node_5,Camera-like Traffic Generator,1179.6943414407879,0.21216862318211108,1014
Node_3,Smart Plug,1179.7574391181956,1.3121483648962293,96
Node_5,Camera-like Traffic Generator,1180.1821082032327,0.48776676244492556,1239
Node_5,Camera-like Traffic Generator,1180.4492286085215,0.26712040528873693,1003
Node_1,Temperature Sensor,1180.6237025182782,2.8304726195673973,70
Node_3,Smart Plug,1180.6550354236151,0.8975963054195482,82
Node_5,Camera-like Traffic Generator,1180.9048909346948,0.4556623261732577,1217
Node_5,Camera-like Traffic Generator,1181.2220928290094,0.3172018943145998,1442
Node_4,Motion Sensor,1181.2278520664015,4.903100877821727,68
Node_2,Smart Light,1181.3161364614818,1.731985085271317,81
Node_5,Camera-like Traffic Generator,1181.4408743181398,0.21878148913035578,1027
Node_3,Smart Plug,1181.6706929641553,1.0156575405400763,76
Node_5,Camera-like Traffic Generator,1181.8909874007713,0.45011308263164135,1381
Node_5,Camera-like Traffic Generator,1182.242157199746,0.351169798974824,1037
Node_5,Camera-like Traffic Generator,1182.6426517138389,0.400494514092802,1407
Node_5,Camera-like Traffic Generator,1182.9431040083903,0.3004522945513439,1484
Node_3,Smart Plug,1183.059306805497,1.3886138413418485,77
Node_2,Smart Light,1183.2142606346017,1.8981241731199736,63
Node_5,Camera-like Traffic Generator,1183.3994389376155,0.4563349292251885,1023
Node_1,Temperature Sensor,1183.4483923308205,2.8246898125424074,79
Node_5,Camera-like Traffic Generator,1183.6193056672369,0.21986672962127202,1263
Node_3,Smart Plug,1183.924043597409,0.8647367919121425,62
Node_5,Camera-like Traffic Generator,1184.0029259539288,0.38362028669182624,1139
Node_5,Camera-like Traffic Generator,1184.2908363281006,0.28791037417172344,1303
Node_4,Motion Sensor,1184.5031302436705,3.2752781772690076,93
Node_5,Camera-like Traffic Generator,1184.7481873735699,0.45735104546933697,1160
Node_2,Smart Light,1184.808291178654,1.594030544052095,84
Node_5,Camera-like Traffic Generator,1185.0841284440546,0.33594107048464794,1386
Node_3,Smart Plug,1185.1729624543623,1.2489188569531202,83
Node_5,Camera-like Traffic Generator,1185.5429979928585,0.45886954880402364,1260
Node_5,Camera-like Traffic Generator,1186.0045501886664,0.4615521958078349,1474
Node_3,Smart Plug,1186.1284631542915,0.9555006999291357,97
Node_1,Temperature Sensor,1186.2548808246142,2.8064884937937666,89
Node_2,Smart Light,1186.2910279651423,1.4827367864884782,61
Node_5,Camera-like Traffic Generator,1186.3971721538016,0.39262196513519054,1313
Node_5,Camera-like Traffic Generator,1186.6122619057232,0.21508975192154134,1184
Node_5,Camera-like Traffic Generator,1187.00351277002,0.391250864296705,1135
Node_3,Smart Plug,1187.1230121727117,0.9945490184202863,60
Node_5,Camera-like Traffic Generator,1187.4722283121919,0.46871554217175126,1220
Node_5,Camera-like Traffic Generator,1187.8518790248343,0.3796507126424483,1195
Node_5,Camera-like Traffic Generator,1188.06933362453,0.21745459969561254,1471
Node_2,Smart Light,1188.2334702232442,1.9424422581019638,66
Node_3,Smart Plug,1188.2999007786239,1.1768886059121488,77
Node_5,Camera-like Traffic Generator,1188.534964279088,0.465630654557937,1363
Node_1,Temperature Sensor,1188.593596078416,2.3387152538018863,64
Node_5,Camera-like Traffic Generator,1188.9638541859333,0.42888990684527817,1205
Node_5,Camera-like Traffic Generator,1189.2028628203136,0.2390086343802035,1068
Node_5,Camera-like Traffic Generator,1189.4087015658974,0.20583874558388698,1399
Node_3,Smart Plug,1189.5699912220439,1.2700904434199376,63
Node_5,Camera-like Traffic Generator,1189.8324604717384,0.42375890584092213,1246
Node_2,Smart Light,1190.1232234936483,1.8897532704040436,66
Node_5,Camera-like Traffic Generator,1190.2200773776647,0.3876169059261815,1237
Node_4,Motion Sensor,1190.2985683143636,5.795438070693016,63
Node_5,Camera-like Traffic Generator,1190.5354193321712,0.3153419545063899,1023
Node_3,Smart Plug,1190.7282424873022,1.1582512652583161,67
Node_5,Camera-like Traffic Generator,1190.783710875071,0.24829154289980537,1349
Node_5,Camera-like Traffic Generator,1191.1642503327203,0.3805394576492774,1384
Node_2,Smart Light,1191.2244813046216,1.1012578109733355,68
Node_5,Camera-like Traffic Generator,1191.4433140940052,0.27906376128510024,1198
Node_1,Temperature Sensor,1191.556489371285,2.962893292868878,65
Node_3,Smart Plug,1191.7506729558183,1.0224304685162031,84
Node_5,Camera-like Traffic Generator,1191.8005085266393,0.35719443263403866,1266
Node_5,Camera-like Traffic Generator,1192.0206559552346,0.2201474285951934,1097
Node_5,Camera-like Traffic Generator,1192.2814558879838,0.2607999327492709,1116
Node_2,Smart Light,1192.41446556221,1.1899842575883854,87
Node_5,Camera-like Traffic Generator,1192.7626283947916,0.48117250680774226,1477
Node_5,Camera-like Traffic Generator,1193.0568884399875,0.29426004519584537,1357
Node_3,Smart Plug,1193.2110544706898,1.4603815148713686,96
Node_5,Camera-like Traffic Generator,1193.3082629868788,0.25137454689134336,1172
Node_5,Camera-like Traffic Generator,1193.796567251129,0.4883042642503507,1054
Node_2,Smart Light,1194.1365036667855,1.7220381045756756,89
Node_5,Camera-like Traffic Generator,1194.1599728757433,0.3634056246142837,1039
Node_3,Smart Plug,1194.2637998790929,1.0527454084030583,65
Node_5,Camera-like Traffic Generator,1194.3631652905447,0.20319241480138234,1424
Node_1,Temperature Sensor,1194.5229895807477,2.966500209462752,94
Node_5,Camera-like Traffic Generator,1194.832899471802,0.46973418125727306,1082
Node_5,Camera-like Traffic Generator,1195.0633964388164,0.23049696701450925,1301
Node_5,Camera-like Traffic Generator,1195.263535771483,0.20013933266661216,1056
Node_2,Smart Light,1195.4017684361354,1.2652647693499766,71
Node_4,Motion Sensor,1195.4735356286756,5.174967314312031,88
Node_3,Smart Plug,1195.6614627280671,1.3976628489743792,74
Node_5,Camera-like Traffic Generator,1195.68863707499,0.42510130350716313,1118
Node_5,Camera-like Traffic Generator,1196.0426254035206,0.35398832853036566,1334
Node_5,Camera-like Traffic Generator,1196.2823322859103,0.23970688238977128,1247
Node_2,Smart Light,1196.6393167210827,1.2375482849472457,61
Node_5,Camera-like Traffic Generator,1196.6543629806404,0.3720306947300578,1172
Node_3,Smart Plug,1196.7224445337533,1.0609818056861577,71
Node_5,Camera-like Traffic Generator,1196.890742244616,0.23637926397559164,1109
Node_5,Camera-like Traffic Generator,1197.1130430554852,0.22230081086918832,1333
Node_1,Temperature Sensor,1197.2472062928232,2.7242167120755183,99
Node_5,Camera-like Traffic Generator,1197.4020615031236,0.28901844763852264,1132
Node_5,Camera-like Traffic Generator,1197.6168167656906,0.21475526256707303,1480
Node_3,Smart Plug,1197.768393057153,1.0459485233996788,99
Node_5,Camera-like Traffic Generator,1198.0761841591964,0.45936739350588585,1161
Node_2,Smart Light,1198.2110865289403,1.5717698078577416,93
Node_5,Camera-like Traffic Generator,1198.3184394986642,0.24225533946780003,1197
Node_5,Camera-like Traffic Generator,1198.6715200851045,0.35308058644011897,1486
Node_5,Camera-like Traffic Generator,1198.8998749580862,0.22835487298181595,1137
Node_3,Smart Plug,1199.1804042721894,1.4120112150365345,63
Node_4,Motion Sensor,1199.2083105033632,3.7347748746875697,69
Node_2,Smart Light,1199.364676463457,1.1535899345167342,74
Node_5,Camera-like Traffic Generator,1199.3983536137216,0.49847865563534227,1118
Node_5,Camera-like Traffic Generator,1199.6598207084753,0.26146709475379154,1125
Node_5,Camera-like Traffic Generator,1199.8903053402782,0.23048463180294537,1235
Node_5,Camera-like Traffic Generator,1200.122790125584,0.2324847853057473,1070
Node_1,Temperature Sensor,1200.2144760401231,2.9672697473000325,92
Node_5,Camera-like Traffic Generator,1200.4617516502665,0.3389615246823052,1395
Node_3,Smart Plug,1200.4899016220586,1.3094973498691873,77
Node_2,Smart Light,1200.7922824209027,1.4276059574457136,71
Node_5,Camera-like Traffic Generator,1200.8619345572072,0.4001829069407078,1085
Node_5,Camera-like Traffic Generator,1201.1179290546147,0.25599449740762686,1007
Node_5,Camera-like Traffic Generator,1201.366372135783,0.24844308116822497,1046
Node_5,Camera-like Traffic Generator,1201.7138447346954,0.3474725989124169,1410
Node_3,Smart Plug,1201.9847196381327,1.4948180160740527,92
Node_5,Camera-like Traffic Generator,1202.0747179335638,0.3608731988683107,1091
Node_2,Smart Light,1202.4543026469125,1.6620202260098678,84
Node_5,Camera-like Traffic Generator,1202.4631976220146,0.3884796884508105,1130
Node_1,Temperature Sensor,1202.5802510895287,2.3657750494055665,91
Node_5,Camera-like Traffic Generator,1202.9423732842051,0.4791756621904933,1209
Node_3,Smart Plug,1202.9867634509637,1.0020438128311429,92
Node_4,Motion Sensor,1203.0643691734167,3.8560586700533737,85
Node_5,Camera-like Traffic Generator,1203.3141292214225,0.3717559372174555,1170
Node_2,Smart Light,1203.6539774476735,1.1996748007609463,61
Node_5,Camera-like Traffic Generator,1203.763053442874,0.4489242214515191,1392
Node_5,Camera-like Traffic Generator,1204.1690872134795,0.406033770605536,1218
Node_3,Smart Plug,1204.466015922205,1.4792524712414035,76
Node_1,Temperature Sensor,1204.5941697446297,2.013918655100901,81
Node_5,Camera-like Traffic Generator,1204.5964507501935,0.4273635367140632,1433
Node_2,Smart Light,1204.8248096393656,1.170832191692223,71
Node_5,Camera-like Traffic Generator,1204.865939389298,0.2694886391045151,1411
Node_5,Camera-like Traffic Generator,1205.138848206999,0.27290881770098896,1057
Node_5,Camera-like Traffic Generator,1205.4934383007396,0.35459009374055994,1271
Node_3,Smart Plug,1205.893516100795,1.4275001785899373,65
Node_2,Smart Light,1205.9067457340786,1.0819360947129923,93
Node_5,Camera-like Traffic Generator,1205.992212820269,0.4987745195294357,1204
Node_5,Camera-like Traffic Generator,1206.29375420211,0.3015413818409479,1286
Node_5,Camera-like Traffic Generator,1206.6286471827743,0.3348929806644485,1369
Node_4,Motion Sensor,1206.8799515276887,3.8155823542719824,63
Node_5,Camera-like Traffic Generator,1206.976495009074,0.3478478262996845,1351
Node_1,Temperature Sensor,1207.0489557723636,2.4547860277338747,86
Node_3,Smart Plug,1207.1045421481035,1.2110260473084078,63
Node_2,Smart Light,1207.2150991341964,1.3083534001177295,75
Node_5,Camera-like Traffic Generator,1207.3398745174482,0.3633795083742952,1318
Node_5,Camera-like Traffic Generator,1207.6607089358658,0.3208344184176891,1463
Node_5,Camera-like Traffic Generator,1207.8964074244893,0.23569848862344114,1239
Node_3,Smart Plug,1208.0499908015947,0.9454486534913018,78
Node_5,Camera-like Traffic Generator,1208.1147341079868,0.2183266834974125,1430
Node_5,Camera-like Traffic Generator,1208.4636734289593,0.34893932097244984,1450
Node_2,Smart Light,1208.704195946317,1.4890968121206574,86
Node_5,Camera-like Traffic Generator,1208.8191566415344,0.3554832125750613,1403
Node_5,Camera-like Traffic Generator,1209.2771869587941,0.45803031725973786,1007
Node_3,Smart Plug,1209.457258875509,1.40726807391428,99
Node_5,Camera-like Traffic Generator,1209.7065477679764,0.42936080918219266,1188
Node_1,Temperature Sensor,1209.7212965697147,2.672340797351013,83
Node_2,Smart Light,1209.7953328238677,1.0911368775506793,81
Node_5,Camera-like Traffic Generator,1209.9496366110934,0.2430888431169521,1329
Node_5,Camera-like Traffic Generator,1210.2009186910145,0.25128207992117624,1111
Node_3,Smart Plug,1210.3035399223259,0.8462810468167595,98
Node_5,Camera-like Traffic Generator,1210.505709835284,0.3047911442694603,1336
Node_5,Camera-like Traffic Generator,1210.731566573804,0.22585673852000565,1196
Node_2,Smart Light,1210.9802140444099,1.1848812205420471,95
Node_5,Camera-like Traffic Generator,1211.1936017842188,0.4620352104147266,1183
Node_5,Camera-like Traffic Generator,1211.6267877572411,0.43318597302224715,1269
Node_3,Smart Plug,1211.632819759808,1.3292798374819808,63
Node_5,Camera-like Traffic Generator,1211.9609724558609,0.33418469861982486,1052
Node_5,Camera-like Traffic Generator,1212.2404450380632,0.27947258220225873,1284
Node_2,Smart Light,1212.3496157093418,1.369401664931945,77
Node_1,Temperature Sensor,1212.5437138709415,2.8224173012267744,97
Node_5,Camera-like Traffic Generator,1212.6601919318703,0.41974689380719254,1261
Node_3,Smart Plug,1212.7194422069347,1.086622447126837,96
Node_4,Motion Sensor,1212.797617129052,5.917665601363375,66
Node_5,Camera-like Traffic Generator,1213.0912189939668,0.43102706209659675,1087
Node_5,Camera-like Traffic Generator,1213.585729606389,0.49451061242211963,1069
Node_2,Smart Light,1213.6129116760246,1.2632959666828842,78
Node_3,Smart Plug,1213.809602016691,1.090159809756466,82
Node_5,Camera-like Traffic Generator,1213.9560897172335,0.37036011084451625,1484
Node_5,Camera-like Traffic Generator,1214.3825786217265,0.42648890449293964,1477
Node_1,Temperature Sensor,1214.6520599731407,2.1083461021992305,69
Node_5,Camera-like Traffic Generator,1214.7498365459344,0.3672579242079691,1267
Node_2,Smart Light,1214.8391539563072,1.226242280282667,70
Node_3,Smart Plug,1215.1067749214324,1.2971729047413276,90
Node_5,Camera-like Traffic Generator,1215.1543951455299,0.4045585995953921,1117
Node_5,Camera-like Traffic Generator,1215.5414262453462,0.3870310998163251,1270
Node_2,Smart Light,1215.9007933259672,1.0616393696600994,90
Node_5,Camera-like Traffic Generator,1215.9764310448911,0.4350047995449441,1434
Node_3,Smart Plug,1216.0026238493733,0.8958489279410264,67
Node_5,Camera-like Traffic Generator,1216.4623571167995,0.48592607190833303,1063
Node_1,Temperature Sensor,1216.677084622787,2.0250246496464825,95
Node_5,Camera-like Traffic Generator,1216.9379329193591,0.475575802559677,1425
Node_3,Smart Plug,1217.0698625222155,1.0672386728422658,82
Node_4,Motion Sensor,1217.121745341594,4.324128212542025,89
Node_5,Camera-like Traffic Generator,1217.377448449008,0.4395155296487607,1475
Node_2,Smart Light,1217.5682617851019,1.6674684591345685,63
Node_5,Camera-like Traffic Generator,1217.7849864295263,0.40753798051842327,1114
Node_3,Smart Plug,1217.8994255623227,0.8295630401071865,93
Node_5,Camera-like Traffic Generator,1218.237515595887,0.45252916636083046,1216
Node_5,Camera-like Traffic Generator,1218.6532722780407,0.41575668215354433,1358
Node_2,Smart Light,1218.9120531716478,1.3437913865460467,81
Node_5,Camera-like Traffic Generator,1218.9285036688761,0.27523139083540715,1484
Node_1,Temperature Sensor,1219.238492005037,2.561407382249879,96
Node_3,Smart Plug,1219.2836352034637,1.3842096411410405,72
Node_5,Camera-like Traffic Generator,1219.323014865184,0.3945111963078115,1149
Node_5,Camera-like Traffic Generator,1219.7046941549818,0.38167928979781485,1423
Node_5,Camera-like Traffic Generator,1220.08761314653,0.3829189915482826,1276
Node_5,Camera-like Traffic Generator,1220.3074183267681,0.21980518023804746,1042
Node_3,Smart Plug,1220.4751319431336,1.1914967396698835,78
Node_5,Camera-like Traffic Generator,1220.6114521384234,0.30403381165533583,1313
Node_2,Smart Light,1220.8827587088215,1.9707055371735758,83
Node_5,Camera-like Traffic Generator,1220.963712609092,0.35226047066871546,1481
Node_3,Smart Plug,1221.293919953417,0.8187880102832146,60
Node_5,Camera-like Traffic Generator,1221.3890649259922,0.425352316900161,1017
Node_1,Temperature Sensor,1221.459859205111,2.22136720007399,62
Node_5,Camera-like Traffic Generator,1221.7855147879093,0.3964498619170611,1045
Node_5,Camera-like Traffic Generator,1222.2626095972753,0.4770948093661121,1117
Node_3,Smart Plug,1222.2777938699096,0.9838739164927496,98
Node_4,Motion Sensor,1222.4027187348229,5.280973393228914,91
Node_2,Smart Light,1222.4363606149793,1.5536019061579087,93
Node_5,Camera-like Traffic Generator,1222.6258002684845,0.3631906712092161,1223
Node_5,Camera-like Traffic Generator,1222.9690806983156,0.34328042983112206,1269
Node_5,Camera-like Traffic Generator,1223.4607135733484,0.4916328750328572,1093
Node_3,Smart Plug,1223.6617640198558,1.3839701499461574,78
Node_5,Camera-like Traffic Generator,1223.9408848819007,0.48017130855228646,1226
Node_2,Smart Light,1224.2547658298447,1.8184052148653735,76
Node_5,Camera-like Traffic Generator,1224.2550193704094,0.31413448850865944,1038
Node_1,Temperature Sensor,1224.2837145565013,2.8238553513904474,96
Node_5,Camera-like Traffic Generator,1224.6392266348853,0.3842072644758546,1359
Node_3,Smart Plug,1224.9194331003973,1.2576690805415764,95
Node_5,Camera-like Traffic Generator,1225.0383342944338,0.3991076595485748,1230
Node_5,Camera-like Traffic Generator,1225.421463872962,0.3831295785282492,1246
Node_4,Motion Sensor,1225.4621519662198,3.059433231396883,94
Node_5,Camera-like Traffic Generator,1225.7840569072068,0.3625930342448884,1428
Node_2,Smart Light,1225.7902802418237,1.5355144119789297,94
Node_3,Smart Plug,1226.0114428409106,1.0920097405132696,79
Node_5,Camera-like Traffic Generator,1226.1564347645835,0.3723778573766014,1218
Node_5,Camera-like Traffic Generator,1226.505602588491,0.34916782390744927,1422
Node_1,Temperature Sensor,1226.5859047310305,2.30219017452925,76
Node_5,Camera-like Traffic Generator,1226.9567160900563,0.45111350156535523,1064
Node_2,Smart Light,1227.2651046299457,1.4748243881219198,95
Node_3,Smart Plug,1227.2929330711083,1.2814902301978326,69
Node_5,Camera-like Traffic Generator,1227.3115511486042,0.35483505854786396,1098
Node_5,Camera-like Traffic Generator,1227.8098087202486,0.4982575716445546,1019
Node_3,Smart Plug,1228.176481335577,0.8835482644684826,71
Node_5,Camera-like Traffic Generator,1228.202800416991,0.3929916967424914,1159
Node_5,Camera-like Traffic Generator,1228.5601164460643,0.3573160290732711,1199
Node_1,Temperature Sensor,1228.7256817435377,2.139777012507221,97
Node_2,Smart Light,1228.7413669110272,1.4762622810814685,63
Node_5,Camera-like Traffic Generator,1228.8159876012123,0.25587115514801156,1312
Node_5,Camera-like Traffic Generator,1229.0872320892029,0.2712444879904708,1025
Node_5,Camera-like Traffic Generator,1229.3680302536966,0.2807981644936363,1014
Node_3,Smart Plug,1229.6725144034249,1.4960330678480696,62
Node_5,Camera-like Traffic Generator,1229.8364452730623,0.4684150193656702,1180
Node_5,Camera-like Traffic Generator,1230.3347871814951,0.49834190843288845,1190
Node_2,Smart Light,1230.6441441123663,1.9027772013391542,88
Node_5,Camera-like Traffic Generator,1230.7206489292037,0.38586174770864157,1342
Node_4,Motion Sensor,1230.7387269334206,5.276574967200839,83
Node_3,Smart Plug,1230.9944103049352,1.3218959015103553,83
Node_1,Temperature Sensor,1231.0300463278938,2.304364584356005,79
Node_5,Camera-like Traffic Generator,1231.091406974009,0.37075804480533847,1015
Node_5,Camera-like Traffic Generator,1231.3288546176643,0.23744764365535898,1139
Node_5,Camera-like Traffic Generator,1231.6913856460003,0.3625310283360791,1389
Node_5,Camera-like Traffic Generator,1231.9941750923822,0.3027894463818109,1187
Node_2,Smart Light,1232.146245582682,1.5021014703156048,96
Node_3,Smart Plug,1232.1903125176834,1.1959022127482888,94
Node_5,Camera-like Traffic Generator,1232.269536813263,0.2753617208806188,1467
Node_5,Camera-like Traffic Generator,1232.587488822093,0.3179520088300537,1296
Node_5,Camera-like Traffic Generator,1232.8463209962013,0.25883217410822396,1176
Node_1,Temperature Sensor,1233.1272383265157,2.0971919986218217,95
Node_5,Camera-like Traffic Generator,1233.2908889707346,0.4445679745332616,1147
Node_3,Smart Plug,1233.4299097509204,1.2395972332368714,79
Node_5,Camera-like Traffic Generator,1233.6823793361057,0.39149036537101445,1316
Node_5,Camera-like Traffic Generator,1233.9223087082155,0.23992937210990245,1266
Node_2,Smart Light,1233.9466959194026,1.8004503367206857,87
Node_4,Motion Sensor,1234.1971230601869,3.4583961267661776,70
Node_5,Camera-like Traffic Generator,1234.2951246685186,0.3728159603031198,1134
Node_5,Camera-like Traffic Generator,1234.612540276605,0.3174156080863812,1433
Node_3,Smart Plug,1234.7158813199876,1.285971569067214,64
Node_5,Camera-like Traffic Generator,1235.0724279166504,0.4598876400454459,1097
Node_1,Temperature Sensor,1235.262902375222,2.1356640487063365,78
Node_5,Camera-like Traffic Generator,1235.560570326351,0.48814240970056777,1461
Node_2,Smart Light,1235.566969033752,1.620273114349303,64
Node_3,Smart Plug,1235.8746494285722,1.158768108584509,83
Node_5,Camera-like Traffic Generator,1236.0409312212316,0.4803608948806732,1170
Node_5,Camera-like Traffic Generator,1236.2902576803876,0.2493264591561148,1039
Node_5,Camera-like Traffic Generator,1236.694416527234,0.40415884684621645,1163
Node_5,Camera-like Traffic Generator,1237.0543286032932,0.35991207605935227,1168
Node_3,Smart Plug,1237.2663454762185,1.3916960476463736,66
Node_2,Smart Light,1237.3241577893912,1.7571887556391934,66
Node_5,Camera-like Traffic Generator,1237.55114294573,0.49681434243655453,1241
Node_1,Temperature Sensor,1237.933388594072,2.6704862188501712,89
Node_5,Camera-like Traffic Generator,1238.025329100062,0.47418615433206646,1171
Node_3,Smart Plug,1238.1073027520135,0.8409572757951617,72
Node_5,Camera-like Traffic Generator,1238.2756328996509,0.2503037995888919,1287
Node_4,Motion Sensor,1238.5880767642873,4.390953704100413,75
Node_5,Camera-like Traffic Generator,1238.5967283221858,0.3210954225347893,1294
Node_5,Camera-like Traffic Generator,1239.0572286117479,0.46050028956219036,1111
Node_2,Smart Light,1239.3085257796404,1.984367990249133,98
Node_5,Camera-like Traffic Generator,1239.4161508875175,0.358922275769571,1390
Node_3,Smart Plug,1239.5221248371058,1.4148220850922026,65
Node_5,Camera-like Traffic Generator,1239.7271664526943,0.3110155651768015,1111
Node_5,Camera-like Traffic Generator,1240.2245952355886,0.49742878289426734,1252
Node_3,Smart Plug,1240.4364410333762,0.9143161962704497,70
Node_5,Camera-like Traffic Generator,1240.5925752911978,0.3679800556092306,1195
Node_1,Temperature Sensor,1240.8793626798515,2.945974085779432,76
Node_5,Camera-like Traffic Generator,1240.9023165565818,0.3097412653840913,1475
Node_2,Smart Light,1241.1169865009597,1.808460721319363,65
Node_5,Camera-like Traffic Generator,1241.249206189937,0.34688963335514433,1131
Node_3,Smart Plug,1241.5301008369856,1.0936598036093488,96
Node_5,Camera-like Traffic Generator,1241.565089917196,0.3158837272589886,1425
Node_5,Camera-like Traffic Generator,1241.8624028228703,0.2973129056743512,1304
Node_5,Camera-like Traffic Generator,1242.2891991932152,0.4267963703448363,1386
Node_2,Smart Light,1242.5403614002753,1.4233748993155995,99
Node_5,Camera-like Traffic Generator,1242.5753906182963,0.286191425081034,1130
Node_3,Smart Plug,1242.5792898631485,1.0491890261627765,71
Node_5,Camera-like Traffic Generator,1242.7776713167018,0.20228069840556281,1153
Node_5,Camera-like Traffic Generator,1243.164625404734,0.386954088032196,1438
Node_4,Motion Sensor,1243.4061528342572,4.81807606996993,65
Node_1,Temperature Sensor,1243.6216316946168,2.742269014765316,66
Node_5,Camera-like Traffic Generator,1243.6327855441582,0.4681601394243021,1412
Node_3,Smart Plug,1243.7500184940732,1.170728630924691,97
Node_5,Camera-like Traffic Generator,1243.8551384368989,0.222352892740783,1416
Node_2,Smart Light,1243.9757546458077,1.4353932455325071,99
Node_5,Camera-like Traffic Generator,1244.329302555847,0.47416411894831956,1299
Node_5,Camera-like Traffic Generator,1244.5787470227813,0.24944446693410688,1099
Node_3,Smart Plug,1244.9097250392151,1.1597065451418638,90
Node_5,Camera-like Traffic Generator,1245.028654381602,0.44990735882077987,1166
Node_5,Camera-like Traffic Generator,1245.2994597850488,0.2708054034467051,1396
Node_5,Camera-like Traffic Generator,1245.525262836577,0.2258030515281025,1182
Node_2,Smart Light,1245.6029808580402,1.6272262122323977,93
Node_3,Smart Plug,1245.8379982874055,0.9282732481903029,63
Node_5,Camera-like Traffic Generator,1245.8436220625078,0.31835922593082594,1044
Node_1,Temperature Sensor,1246.0365162220535,2.414884527436807,63
Node_5,Camera-like Traffic Generator,1246.1317170594377,0.28809499692993623,1053
Node_5,Camera-like Traffic Generator,1246.5799968619265,0.448279802488758,1101
Node_5,Camera-like Traffic Generator,1246.8449756232915,0.2649787613651137,1086
Node_2,Smart Light,1246.860867218028,1.2578863599877765,96
Node_3,Smart Plug,1247.1648382419382,1.3268399545326468,81
Node_5,Camera-like Traffic Generator,1247.2307894813969,0.38581385810546326,1107
Node_5,Camera-like Traffic Generator,1247.5566345966022,0.3258451152053229,1363
Node_4,Motion Sensor,1247.813928277954,4.407775443696583,67
Node_5,Camera-like Traffic Generator,1248.0418214167616,0.48518682015953535,1048
Node_5,Camera-like Traffic Generator,1248.4814625372542,0.43964112049248083,1223
Node_1,Temperature Sensor,1248.5258632598432,2.4893470377896145,76
Node_3,Smart Plug,1248.575548436059,1.4107101941209086,93
Node_2,Smart Light,1248.7750411549266,1.9141739368985866,62
Node_5,Camera-like Traffic Generator,1248.7766586078785,0.2951960706244234,1008
Node_5,Camera-like Traffic Generator,1249.1628898476126,0.38623123973404117,1476
Node_5,Camera-like Traffic Generator,1249.4077957970646,0.2449059494520558,1432
Node_5,Camera-like Traffic Generator,1249.848510555943,0.44071475887843525,1141
Node_3,Smart Plug,1249.8550254419574,1.279477005898312,72
Node_2,Smart Light,1250.1631403079414,1.3880991530147506,75
Node_5,Camera-like Traffic Generator,1250.2794383692774,0.4309278133342883,1043
Node_5,Camera-like Traffic Generator,1250.7123384814456,0.4329001121681768,1088
Node_4,Motion Sensor,1250.8524310946977,3.0385028167438906,89
Node_5,Camera-like Traffic Generator,1251.0272181990097,0.31487971756395416,1264
Node_3,Smart Plug,1251.1348360455804,1.2798106036229226,87
Node_1,Temperature Sensor,1251.4773847852243,2.9515215253810596,61
Node_2,Smart Light,1251.4892671133111,1.3261268053697362,71
Node_5,Camera-like Traffic Generator,1251.5264962469632,0.49927804795357666,1348
Node_5,Camera-like Traffic Generator,1251.8836125463977,0.3571162994345003,1280
Node_3,Smart Plug,1252.0019194324643,0.8670833868838417,83
Node_5,Camera-like Traffic Generator,1252.265134076249,0.3815215298514853,1417
Node_5,Camera-like Traffic Generator,1252.6924635177324,0.42732944148334967,1003
Node_2,Smart Light,1252.9474242944339,1.458157181122615,94
Node_5,Camera-like Traffic Generator,1253.0007594951383,0.3082959774057028,1117
Node_5,Camera-like Traffic Generator,1253.355036227181,0.35427673204269206,1278
Node_3,Smart Plug,1253.3782398042456,1.3763203717813064,60
Node_5,Camera-like Traffic Generator,1253.785132004875,0.43009577769409774,1201
Node_1,Temperature Sensor,1253.8479147439587,2.3705299587344353,77
Node_5,Camera-like Traffic Generator,1254.2521875807306,0.46705557585548557,1467
Node_3,Smart Plug,1254.5409593266397,1.1627195223941835,74
Node_5,Camera-like Traffic Generator,1254.6194095571207,0.3672219763899547,1456
Node_2,Smart Light,1254.7339749332616,1.7865506388277717,84
Node_5,Camera-like Traffic Generator,1255.0521672955651,0.4327577384445483,1208
Node_4,Motion Sensor,1255.3267922477464,4.474361153048767,97
Node_5,Camera-like Traffic Generator,1255.5388311139047,0.4866638183395307,1432
Node_3,Smart Plug,1255.680388643968,1.1394293173283052,73
Node_5,Camera-like Traffic Generator,1255.9139012510773,0.3750701371724295,1207
Node_2,Smart Light,1256.2565369437114,1.5225620104498092,76
Node_5,Camera-like Traffic Generator,1256.3401882497287,0.42628699865142927,1269
Node_5,Camera-like Traffic Generator,1256.6240496744251,0.28386142469640857,1431
Node_1,Temperature Sensor,1256.79846991381,2.9505551698514267,94
Node_5,Camera-like Traffic Generator,1256.8655153930806,0.24146571865538924,1353
Node_3,Smart Plug,1257.1179402289129,1.437551584945026,64
Node_5,Camera-like Traffic Generator,1257.2185779020897,0.3530625090091347,1491
Node_2,Smart Light,1257.6709793424802,1.4144423987689787,65
Node_5,Camera-like Traffic Generator,1257.68652919166,0.46795128957029003,1139
Node_3,Smart Plug,1258.0261286692087,0.9081884402958157,68
Node_5,Camera-like Traffic Generator,1258.0761809118997,0.3896517202396755,1366
Node_5,Camera-like Traffic Generator,1258.4027702987305,0.32658938683093053,1181
Node_5,Camera-like Traffic Generator,1258.8628084048382,0.46003810610769824,1393
Node_1,Temperature Sensor,1258.8978245384162,2.0993546246061303,87
Node_3,Smart Plug,1258.9580204186843,0.931891749475708,95
Node_2,Smart Light,1259.2589134757616,1.5879341332813879,90
Node_5,Camera-like Traffic Generator,1259.3152813075542,0.45247290271590906,1144
Node_5,Camera-like Traffic Generator,1259.6658906565567,0.35060934900245855,1152
Node_5,Camera-like Traffic Generator,1260.0502054146873,0.38431475813050586,1059
Node_3,Smart Plug,1260.1874202702654,1.2293998515811337,93
Node_5,Camera-like Traffic Generator,1260.2750987770883,0.22489336240086977,1346
Node_5,Camera-like Traffic Generator,1260.770714604378,0.49561582728988257,1012
Node_2,Smart Light,1261.1985634607486,1.9396499849871098,96
Node_4,Motion Sensor,1261.2382701579268,5.911477910180255,79
Node_5,Camera-like Traffic Generator,1261.2504869616878,0.479772357309639,1003
Node_3,Smart Plug,1261.3553772475452,1.167956977279848,81
Node_1,Temperature Sensor,1261.4422903998984,2.544465861482145,99
Node_5,Camera-like Traffic Generator,1261.4623076178448,0.21182065615700543,1077
Node_5,Camera-like Traffic Generator,1261.754359999418,0.292052381573253,1319
Node_5,Camera-like Traffic Generator,1262.1302593977018,0.3758993982836754,1439
Node_5,Camera-like Traffic Generator,1262.3520838483998,0.2218244506980359,1118
Node_3,Smart Plug,1262.5411562274396,1.18577897989441,90
Node_5,Camera-like Traffic Generator,1262.7448789981077,0.39279514970788,1412
Node_2,Smart Light,1262.7612472202259,1.5626837594773226,64
Node_5,Camera-like Traffic Generator,1263.2422390379686,0.49736003986092553,1057
Node_3,Smart Plug,1263.4209329428684,0.879776715428698,78
Node_5,Camera-like Traffic Generator,1263.5400326465785,0.29779360860992615,1158
Node_1,Temperature Sensor,1263.8009642411107,2.358673841212318,75
Node_5,Camera-like Traffic Generator,1263.8025358235186,0.2625031769400158,1161
Node_2,Smart Light,1264.0473400742746,1.2860928540488725,81
Node_5,Camera-like Traffic Generator,1264.146694580327,0.34415875680846564,1260
Node_3,Smart Plug,1264.274413170768,0.8534802278995213,92
Node_5,Camera-like Traffic Generator,1264.5367199351736,0.3900253548465784,1212
Node_5,Camera-like Traffic Generator,1264.9581664690818,0.421446533908283,1340
Node_5,Camera-like Traffic Generator,1265.2433393129477,0.28517284386589176,1142
Node_2,Smart Light,1265.3912092528521,1.3438691785774646,76
Node_5,Camera-like Traffic Generator,1265.599282016414,0.3559427034663972,1308
Node_3,Smart Plug,1265.720799997642,1.4463868268740594,79
Node_5,Camera-like Traffic Generator,1265.9150297101608,0.31574769374676087,1309
Node_1,Temperature Sensor,1265.9907728032717,2.1898085621610797,64
Node_4,Motion Sensor,1266.1614163235552,4.923146165628479,76
Node_5,Camera-like Traffic Generator,1266.3300509616543,0.41502125149360913,1072
Node_3,Smart Plug,1266.7389014237347,1.0181014260927996,74
Node_2,Smart Light,1266.7742527257292,1.3830434728770529,79
Node_5,Camera-like Traffic Generator,1266.8189795445842,0.48892858292983926,1345
Node_5,Camera-like Traffic Generator,1267.2999754817724,0.4809959371881608,1211
Node_5,Camera-like Traffic Generator,1267.769636111784,0.4696606300115328,1394
Node_3,Smart Plug,1268.1108285160287,1.371927092294071,95
Node_5,Camera-like Traffic Generator,1268.1854443467798,0.4158082349958811,1146
Node_2,Smart Light,1268.3832148776817,1.608962151952435,61
Node_5,Camera-like Traffic Generator,1268.5094281825434,0.3239838357635692,1373
Node_5,Camera-like Traffic Generator,1268.748349150643,0.23892096809959584,1422
Node_1,Temperature Sensor,1268.8388059917354,2.848033188463681,78
Node_5,Camera-like Traffic Generator,1269.2437861425553,0.49543699191230933,1351
Node_4,Motion Sensor,1269.277897016608,3.1164806930528384,75
Node_3,Smart Plug,1269.3291825636118,1.2183540475829302,90
Node_2,Smart Light,1269.6586290197165,1.2754141420347538,65
Node_5,Camera-like Traffic Generator,1269.7195584735446,0.4757723309893183,1143
Node_5,Camera-like Traffic Generator,1270.2044694205367,0.48491094699209536,1034
Node_3,Smart Plug,1270.3686141543517,1.039431590739973,88
Node_5,Camera-like Traffic Generator,1270.4700010121728,0.2655315916360574,1406
Node_5,Camera-like Traffic Generator,1270.8822707509587,0.41226973878599266,1403
Node_5,Camera-like Traffic Generator,1271.1140291109357,0.2317583599769611,1066
Node_3,Smart Plug,1271.1887458304082,0.820131676056401,92
Node_2,Smart Light,1271.2672842838022,1.6086552640856269,87
Node_1,Temperature Sensor,1271.5015747297973,2.662768738061978,85
Node_5,Camera-like Traffic Generator,1271.5649307095596,0.45090159862395135,1063
Node_5,Camera-like Traffic Generator,1271.9469044808855,0.381973771325974,1439
Node_3,Smart Plug,1272.144396323837,0.9556504934288571,94
Node_2,Smart Light,1272.3060668162839,1.038782532481795,95
Node_5,Camera-like Traffic Generator,1272.340448847857,0.3935443669715918,1313
Node_5,Camera-like Traffic Generator,1272.7276692054224,0.38722035756544193,1029
Node_3,Smart Plug,1273.0440478593007,0.8996515354635791,69
Node_5,Camera-like Traffic Generator,1273.1491581401958,0.4214889347734634,1442
Node_5,Camera-like Traffic Generator,1273.5050353189051,0.35587717870939184,1207
Node_2,Smart Light,1273.6375608920182,1.3314940757342706,69
Node_5,Camera-like Traffic Generator,1273.8518966742697,0.34686135536465973,1101
Node_3,Smart Plug,1273.9317887860946,0.8877409267938785,65
Node_4,Motion Sensor,1273.974722792761,4.696825776152962,77
Node_1,Temperature Sensor,1274.098720689317,2.597145959519545,60
Node_5,Camera-like Traffic Generator,1274.2177204724417,0.36582379817184674,1172
Node_5,Camera-like Traffic Generator,1274.5774744063594,0.35975393391786326,1383
Node_3,Smart Plug,1274.7868122595762,0.8550234734815624,87
Node_5,Camera-like Traffic Generator,1274.8986820135663,0.3212076072067349,1353
Node_5,Camera-like Traffic Generator,1275.29822920555,0.39954719198352273,1088
Node_2,Smart Light,1275.3833107118573,1.7457498198391361,96
Node_5,Camera-like Traffic Generator,1275.5524287660578,0.25419956050780035,1175
Node_5,Camera-like Traffic Generator,1275.8917071950314,0.3392784289736648,1130
Node_3,Smart Plug,1276.1356330657086,1.3488208061322982,63
Node_5,Camera-like Traffic Generator,1276.3836960030146,0.49198880798337025,1281
Node_5,Camera-like Traffic Generator,1276.6633850977753,0.27968909476064147,1067
Node_1,Temperature Sensor,1276.8855152797714,2.7867945904546167,69
Node_5,Camera-like Traffic Generator,1276.909811578477,0.2464264807017246,1285
Node_5,Camera-like Traffic Generator,1277.119619711257,0.2098081327798238,1071
Node_2,Smart Light,1277.2803420740067,1.8970313621494226,60
Node_5,Camera-like Traffic Generator,1277.3466899292334,0.22707021797655857,1408
Node_3,Smart Plug,1277.4779176813367,1.3422846156282606,90
Node_4,Motion Sensor,1277.7404980435074,3.765775250746392,88
Node_5,Camera-like Traffic Generator,1277.8031536796923,0.45646375045877147,1370
Node_5,Camera-like Traffic Generator,1278.1178775146084,0.31472383491617023,1328
Node_3,Smart Plug,1278.3076795399002,0.8297618585634656,64
Node_5,Camera-like Traffic Generator,1278.3902041987471,0.2723266841386771,1051
Node_5,Camera-like Traffic Generator,1278.60613313747,0.21592893872270155,1434
Node_1,Temperature Sensor,1279.0114391650795,2.125923885308043,82
Node_5,Camera-like Traffic Generator,1279.021619863872,0.4154867264022004,1480
Node_2,Smart Light,1279.097727999312,1.8173859253052775,72
Node_5,Camera-like Traffic Generator,1279.4152459543138,0.3936260904418807,1087
Node_3,Smart Plug,1279.6628181670558,1.355138627155514,80
Node_5,Camera-like Traffic Generator,1279.7523959752577,0.3371500209439162,1107
Node_5,Camera-like Traffic Generator,1280.0852654679984,0.33286949274065714,1358
Node_5,Camera-like Traffic Generator,1280.3504464460116,0.2651809780131168,1282
Node_2,Smart Light,1280.3780746524965,1.2803466531846417,79
Node_3,Smart Plug,1280.5043038330057,0.8414856659498635,64
Node_5,Camera-like Traffic Generator,1280.7252127748677,0.37476632885624517,1093
Node_1,Temperature Sensor,1281.0800493179038,2.068610152824356,90
Node_5,Camera-like Traffic Generator,1281.1765710796203,0.4513583047526042,1014
Node_5,Camera-like Traffic Generator,1281.4311078569956,0.254536777375364,1077
Node_3,Smart Plug,1281.481412562862,0.9771087298564394,62
Node_5,Camera-like Traffic Generator,1281.9176656973284,0.48655784033285365,1454
Node_2,Smart Light,1282.0742574971714,1.6961828446749747,63
Node_5,Camera-like Traffic Generator,1282.181895246217,0.26422954888864136,1205
Node_4,Motion Sensor,1282.2693231337919,4.528825090284537,87
Node_5,Camera-like Traffic Generator,1282.4332530198085,0.25135777359159733,1050
Node_3,Smart Plug,1282.7487230593354,1.267310496473243,90
Node_5,Camera-like Traffic Generator,1282.761383035836,0.32813001602754654,1163
Node_5,Camera-like Traffic Generator,1283.217543274039,0.4561602382030563,1037
Node_1,Temperature Sensor,1283.2872066882505,2.2071573703466587,68
Node_5,Camera-like Traffic Generator,1283.5085028384183,0.2909595643794657,1276
Node_5,Camera-like Traffic Generator,1283.7516647251323,0.2431618867139251,1448
Node_2,Smart Light,1283.9431575222707,1.8689000250991987,65
Node_5,Camera-like Traffic Generator,1284.049195479013,0.29753075388070865,1181
Node_3,Smart Plug,1284.0963826292148,1.3476595698792897,96
Node_5,Camera-like Traffic Generator,1284.5384409300561,0.489245451043221,1394
Node_5,Camera-like Traffic Generator,1284.9951506239377,0.45670969388154514,1270
Node_3,Smart Plug,1285.0401634598015,0.9437808305868665,96
Node_5,Camera-like Traffic Generator,1285.2912117349317,0.29606111099409493,1469
Node_5,Camera-like Traffic Generator,1285.5712452140065,0.2800334790748553,1061
Node_2,Smart Light,1285.917376946874,1.9742194246033105,77
Node_3,Smart Plug,1285.9695107370064,0.9293472772048448,74
Node_5,Camera-like Traffic Generator,1285.9886810328678,0.41743581886129044,1231
Node_1,Temperature Sensor,1286.15690211502,2.8696954267695447,73
Node_5,Camera-like Traffic Generator,1286.4117790357245,0.4230980028566115,1246
Node_5,Camera-like Traffic Generator,1286.6602475423772,0.24846850665265732,1196
Node_3,Smart Plug,1286.8330562561341,0.8635455191276213,93
Node_5,Camera-like Traffic Generator,1286.9343881334216,0.2741405910444968,1009
Node_5,Camera-like Traffic Generator,1287.2341753841663,0.2997872507446362,1432
Node_4,Motion Sensor,1287.3586893699207,5.089366236128761,97
Node_5,Camera-like Traffic Generator,1287.6074580621687,0.3732826780023354,1476
Node_2,Smart Light,1287.7432002786536,1.8258233317797505,70
Node_5,Camera-like Traffic Generator,1287.956893277488,0.3494352153194238,1357
Node_5,Camera-like Traffic Generator,1288.1918369494158,0.23494367192788523,1446
Node_3,Smart Plug,1288.2923477417876,1.4592914856535417,97
Node_1,Temperature Sensor,1288.3044562949615,2.1475541799414435,96
Node_5,Camera-like Traffic Generator,1288.5729191761054,0.3810822266896122,1423
Node_5,Camera-like Traffic Generator,1288.9475989131342,0.37467973702876867,1001
Node_2,Smart Light,1289.159973006359,1.4167727277053828,85
Node_5,Camera-like Traffic Generator,1289.3189118759963,0.37131296286209803,1220
Node_3,Smart Plug,1289.335833321029,1.0434855792413822,66
Node_5,Camera-like Traffic Generator,1289.5675387475271,0.24862687153094454,1165
Node_5,Camera-like Traffic Generator,1289.967554904635,0.4000161571079625,1297
Node_1,Temperature Sensor,1290.3072918464416,2.0028355514800165,94
Node_2,Smart Light,1290.3479086972516,1.1879356908926115,68
Node_5,Camera-like Traffic Generator,1290.3954785941055,0.42792368947044024,1455
Node_3,Smart Plug,1290.4862774117423,1.1504440907132736,89
Node_5,Camera-like Traffic Generator,1290.8111079797686,0.4156293856632257,1107
Node_5,Camera-like Traffic Generator,1291.2234835749555,0.41237559518676115,1408
Node_3,Smart Plug,1291.4555531772614,0.9692757655191158,82
Node_5,Camera-like Traffic Generator,1291.4649661850162,0.24148261006082272,1475
Node_5,Camera-like Traffic Generator,1291.9487074719682,0.4837412869520055,1259
Node_2,Smart Light,1292.1718781315067,1.8239694342551407,89
Node_5,Camera-like Traffic Generator,1292.1879079704654,0.23920049849727654,1014
Node_3,Smart Plug,1292.324927156485,0.8693739792235982,83
Node_1,Temperature Sensor,1292.451979826762,2.144687980320508,65
Node_4,Motion Sensor,1292.565681986726,5.206992616805251,61
Node_5,Camera-like Traffic Generator,1292.5904741592317,0.4025661887662462,1486
Node_5,Camera-like Traffic Generator,1292.8308890471812,0.24041488794960147,1182
Node_3,Smart Plug,1293.134716174596,0.8097890181108349,68
Node_5,Camera-like Traffic Generator,1293.2496499737347,0.4187609265534261,1363
Node_5,Camera-like Traffic Generator,1293.4659371594662,0.2162871857314843,1094
Node_5,Camera-like Traffic Generator,1293.6772342927704,0.21129713330426397,1022
Node_2,Smart Light,1293.931371426733,1.7594932952262567,94
Node_3,Smart Plug,1294.0687994387306,0.93408326413471,71
Node_5,Camera-like Traffic Generator,1294.1055333216905,0.42829902892010663,1244
Node_5,Camera-like Traffic Generator,1294.548783172276,0.4432498505854462,1343
Node_1,Temperature Sensor,1294.7026340234902,2.250654196728124,66
Node_5,Camera-like Traffic Generator,1294.8884637765818,0.33968060430576796,1251
Node_5,Camera-like Traffic Generator,1295.3475506869986,0.459086910416755,1219
Node_3,Smart Plug,1295.4999616427863,1.4311622040555814,81
Node_2,Smart Light,1295.7523888191315,1.8210173923984603,80
Node_5,Camera-like Traffic Generator,1295.7526298764121,0.405079189413605,1346
Node_5,Camera-like Traffic Generator,1296.1692432206007,0.41661334418867424,1439
Node_5,Camera-like Traffic Generator,1296.5694475919213,0.40020437132045894,1178
Node_5,Camera-like Traffic Generator,1296.8404863483754,0.27103875645420056,1267
Node_2,Smart Light,1296.9113612617705,1.1589724426390005,72
Node_3,Smart Plug,1296.9814675755028,1.4815059327166122,63
Node_5,Camera-like Traffic Generator,1297.3177771219032,0.4772907735278033,1399
Node_1,Temperature Sensor,1297.3636916660876,2.6610576425973167,61
Node_5,Camera-like Traffic Generator,1297.7945413480506,0.4767642261473987,1395
Node_3,Smart Plug,1297.9312783459873,0.9498107704843135,80
Node_4,Motion Sensor,1298.0050612174953,5.439379230769298,87
Node_5,Camera-like Traffic Generator,1298.2386245270668,0.4440831790161923,1020
Node_2,Smart Light,1298.418156537007,1.5067952752365554,65
Node_5,Camera-like Traffic Generator,1298.4438256327169,0.20520110565006028,1488
Node_5,Camera-like Traffic Generator,1298.7147118347002,0.27088620198341756,1193
Node_5,Camera-like Traffic Generator,1298.9393147988064,0.22460296410621566,1286
Node_3,Smart Plug,1299.2267076094918,1.295429263504601,74
Node_5,Camera-like Traffic Generator,1299.377589403426,0.43827460461970935,1160
Node_1,Temperature Sensor,1299.3785519933183,2.014860327230709,91
Node_5,Camera-like Traffic Generator,1299.7156538349736,0.3380644315475414,1173
Node_5,Camera-like Traffic Generator,1300.1772014030335,0.46154756805972325,1477
Node_2,Smart Light,1300.2694518779942,1.8512953409871922,95
Node_3,Smart Plug,1300.4392740092865,1.2125663997947278,77
Node_5,Camera-like Traffic Generator,1300.6388033876713,0.4616019846378813,1285
Node_5,Camera-like Traffic Generator,1301.117364591302,0.4785612036308478,1046
Node_2,Smart Light,1301.2984000373144,1.0289481593201857,67
Node_5,Camera-like Traffic Generator,1301.5510480399205,0.43368344861838676,1321
Node_1,Temperature Sensor,1301.6164835994089,2.237931606090463,72
Node_5,Camera-like Traffic Generator,1301.8012920615877,0.2502440216672879,1463
Node_3,Smart Plug,1301.9096974244044,1.4704234151179132,67
Node_5,Camera-like Traffic Generator,1302.2838403235883,0.48254826200055967,1374
Node_5,Camera-like Traffic Generator,1302.6830428328665,0.39920250927812595,1046
Node_5,Camera-like Traffic Generator,1302.9426946818635,0.2596518489971058,1138
Node_3,Smart Plug,1302.9580730658615,1.0483756414570717,75
Node_4,Motion Sensor,1303.0974754848344,5.092414267339013,70
Node_2,Smart Light,1303.1313299703909,1.8329299330765512,93
Node_5,Camera-like Traffic Generator,1303.4030517683766,0.4603570865130174,1255
Node_5,Camera-like Traffic Generator,1303.6200583607072,0.21700659233051578,1411
Node_1,Temperature Sensor,1303.7907298008151,2.174246201406177,62
Node_3,Smart Plug,1303.9080648661993,0.9499918003378488,69
Node_5,Camera-like Traffic Generator,1304.0935546934827,0.47349633277560577,1288
Node_2,Smart Light,1304.3808202317152,1.2494902613242793,78
Node_5,Camera-like Traffic Generator,1304.5912082220914,0.4976535286085977,1041
Node_3,Smart Plug,1304.7870567012644,0.8789918350650863,99
Node_5,Camera-like Traffic Generator,1304.9972402805245,0.40603205843303714,1249
Node_5,Camera-like Traffic Generator,1305.3798494421862,0.38260916166174697,1057
Node_3,Smart Plug,1305.6735874829965,0.886530781731987,64
Node_5,Camera-like Traffic Generator,1305.699195293537,0.3193458513507615,1316
Node_5,Camera-like Traffic Generator,1306.118721922281,0.41952662874412694,1057
Node_2,Smart Light,1306.2988513010564,1.9180310693411162,88
Node_5,Camera-like Traffic Generator,1306.365943287371,0.24722136508989156,1433
Node_1,Temperature Sensor,1306.5324478577693,2.7417180569541495,81
Node_3,Smart Plug,1306.5687261419303,0.8951386589338721,90
Node_5,Camera-like Traffic Generator,1306.8431395412827,0.4771962539115593,1480
Node_5,Camera-like Traffic Generator,1307.1661729951045,0.3230334538218814,1376
Node_5,Camera-like Traffic Generator,1307.408063509866,0.24189051476158974,1057
Node_4,Motion Sensor,1307.463887795381,4.366412310546604,70
Node_2,Smart Light,1307.5728287995307,1.273977498474359,92
Node_5,Camera-like Traffic Generator,1307.8394765816458,0.4314130717799538,1336
Node_3,Smart Plug,1307.862037782564,1.2933116406335672,82
Node_5,Camera-like Traffic Generator,1308.074256750431,0.23478016878525076,1191
Node_5,Camera-like Traffic Generator,1308.3056084101675,0.23135165973641533,1456
Node_5,Camera-like Traffic Generator,1308.5181637459,0.21255533573245283,1308
Node_3,Smart Plug,1308.6904637767632,0.8284259941993174,73
Node_5,Camera-like Traffic Generator,1308.7277389536844,0.2095752077843793,1067
Node_5,Camera-like Traffic Generator,1309.0306206341022,0.3028816804179199,1371
Node_2,Smart Light,1309.077955174468,1.5051263749371637,85
Node_1,Temperature Sensor,1309.2781131328034,2.745665275033996,79
Node_5,Camera-like Traffic Generator,1309.389367198699,0.3587465645967841,1218
Node_3,Smart Plug,1309.571469601637,0.881005824873945,71
Node_5,Camera-like Traffic Generator,1309.6639693537836,0.2746021550847992,1462
Node_5,Camera-like Traffic Generator,1310.0880012813611,0.424031927577438,1107
Node_2,Smart Light,1310.2018280333587,1.1238728588906999,61
Node_5,Camera-like Traffic Generator,1310.3760849484574,0.288083667096236,1096
Node_5,Camera-like Traffic Generator,1310.690170029686,0.3140850812285688,1104
Node_3,Smart Plug,1310.7917422575363,1.2202726558992423,72
Node_5,Camera-like Traffic Generator,1310.894192750128,0.20402272044197592,1089
Node_5,Camera-like Traffic Generator,1311.2893807074377,0.39518795730964656,1332
Node_2,Smart Light,1311.574294794894,1.3724667615353072,83
Node_5,Camera-like Traffic Generator,1311.579820257517,0.2904395500793653,1260
Node_5,Camera-like Traffic Generator,1311.824709789765,0.24488953224799054,1392
Node_1,Temperature Sensor,1312.0561301721175,2.7780170393142027,80
Node_5,Camera-like Traffic Generator,1312.07755093926,0.25284114949507713,1045
Node_4,Motion Sensor,1312.2703357761948,4.806447980813871,93
Node_3,Smart Plug,1312.2750675906009,1.4833253330645197,77
Node_5,Camera-like Traffic Generator,1312.2843637698045,0.20681283054464383,1279
Node_5,Camera-like Traffic Generator,1312.602798880609,0.31843511080447223,1262
Node_2,Smart Light,1312.7518784890578,1.1775836941638618,94
Node_5,Camera-like Traffic Generator,1313.0793775774348,0.4765786968257031,1429
Node_5,Camera-like Traffic Generator,1313.4523064426849,0.372928865250029,1163
Node_3,Smart Plug,1313.4628087143747,1.1877411237738844,71
Node_5,Camera-like Traffic Generator,1313.6926967176942,0.24039027500926272,1298
Node_5,Camera-like Traffic Generator,1314.0053697986946,0.31267308100046387,1008
Node_1,Temperature Sensor,1314.1651841821213,2.1090540100038453,80
Node_2,Smart Light,1314.3387587374802,1.586880248422427,73
Node_5,Camera-like Traffic Generator,1314.452341255978,0.4469714572833505,1096
Node_3,Smart Plug,1314.8615646812434,1.3987559668687966,67
Node_5,Camera-like Traffic Generator,1314.906403183699,0.45406192772103965,1497
Node_5,Camera-like Traffic Generator,1315.211395782862,0.30499259916299776,1190
Node_4,Motion Sensor,1315.3073479386283,3.0370121624335042,85
Node_2,Smart Light,1315.502272351998,1.1635136145178508,95
Node_5,Camera-like Traffic Generator,1315.648688465389,0.43729268252704495,1405
Node_3,Smart Plug,1315.7102910911133,0.8487264098698515,93
Node_5,Camera-like Traffic Generator,1316.0694834403757,0.42079497498681334,1000
Node_5,Camera-like Traffic Generator,1316.5486936656032,0.4792102252273667,1357
Node_3,Smart Plug,1316.8432648489268,1.1329737578135535,87
Node_5,Camera-like Traffic Generator,1316.9193546916852,0.370661026081896,1172
Node_1,Temperature Sensor,1317.1105998250914,2.945415642970106,61
Node_2,Smart Light,1317.251233486483,1.7489611344849334,87
Node_5,Camera-like Traffic Generator,1317.3531203601694,0.43376566848433146,1291
Node_3,Smart Plug,1317.7687729472977,0.925508098370955,99
Node_5,Camera-like Traffic Generator,1317.8001684535861,0.4470480934167397,1388
Node_5,Camera-like Traffic Generator,1318.0688274253032,0.2686589717169527,1226
Node_5,Camera-like Traffic Generator,1318.31139113032,0.24256370501696006,1095
Node_2,Smart Light,1318.5363028629176,1.285069376434762,75
Node_5,Camera-like Traffic Generator,1318.791941785355,0.4805506550349654,1274
Node_3,Smart Plug,1318.9129268087793,1.1441538614814493,64
Node_5,Camera-like Traffic Generator,1319.1538335833595,0.3618917980045615,1193
Node_5,Camera-like Traffic Generator,1319.582605222805,0.42877163944546887,1065
Node_2,Smart Light,1319.6992102685163,1.1629074055986206,82
Node_1,Temperature Sensor,1319.8938268210718,2.7832269959803795,94
Node_3,Smart Plug,1320.019567654062,1.10664084528285,86
Node_5,Camera-like Traffic Generator,1320.0365078556085,0.45390263280356413,1129
Node_5,Camera-like Traffic Generator,1320.2589925587204,0.2224847031118772,1371
Node_5,Camera-like Traffic Generator,1320.5058437273506,0.24685116863022494,1070
Node_5,Camera-like Traffic Generator,1320.8503994642726,0.3445557369221417,1026
Node_3,Smart Plug,1320.879071791127,0.8595041370649077,65
Node_4,Motion Sensor,1321.0579964979083,5.750648559280061,83
Node_5,Camera-like Traffic Generator,1321.0873333200486,0.23693385577609222,1307
Node_5,Camera-like Traffic Generator,1321.431126469857,0.3437931498083624,1278
Node_2,Smart Light,1321.6641278777186,1.964917609202255,94
Node_5,Camera-like Traffic Generator,1321.71450570213,0.28337923227319634,1083
Node_3,Smart Plug,1321.9595087926125,1.080437001485571,83
Node_5,Camera-like Traffic Generator,1322.1003331348404,0.38582743271034636,1221
Node_1,Temperature Sensor,1322.415278035785,2.521451214713084,78
Node_5,Camera-like Traffic Generator,1322.5167973845496,0.4164642497092351,1042
Node_3,Smart Plug,1322.830714302208,0.8712055095955916,97
Node_5,Camera-like Traffic Generator,1322.8446570474593,0.32785966290972596,1295
Node_5,Camera-like Traffic Generator,1323.1683593900327,0.3237023425732581,1064
Node_2,Smart Light,1323.31150776948,1.647379891761482,87
Node_5,Camera-like Traffic Generator,1323.6263626605428,0.45800327050998535,1265
Node_5,Camera-like Traffic Generator,1324.1099083920749,0.48354573153209685,1053
Node_3,Smart Plug,1324.3152116326808,1.484497330472665,62
Node_5,Camera-like Traffic Generator,1324.4057389419581,0.29583054988323565,1476
Node_2,Smart Light,1324.5805913487488,1.269083579268957,76
Node_5,Camera-like Traffic Generator,1324.65331847518,0.24757953322179832,1439
Node_5,Camera-like Traffic Generator,1325.042838895259,0.3895204200790249,1003
Node_1,Temperature Sensor,1325.379304218907,2.9640261831220287,62
Node_5,Camera-like Traffic Generator,1325.4531991966426,0.41036030138358115,1433
Node_2,Smart Light,1325.6006437062483,1.0200523574995244,91
Node_5,Camera-like Traffic Generator,1325.6629140911973,0.2097148945548328,1029
Node_3,Smart Plug,1325.7978568786154,1.4826452459347284,73
Node_5,Camera-like Traffic Generator,1325.8679721330443,0.20505804184705884,1181
Node_5,Camera-like Traffic Generator,1326.3395010127588,0.47152887971447405,1478
Node_5,Camera-like Traffic Generator,1326.7088294979962,0.36932848523752365,1384
Node_4,Motion Sensor,1326.7609834478965,5.702986949988045,67
Node_3,Smart Plug,1327.014329459576,1.2164725809605468,99
Node_5,Camera-like Traffic Generator,1327.044271583639,0.3354420856428879,1211
Node_2,Smart Light,1327.36821643466,1.7675727284118512,60
Node_5,Camera-like Traffic Generator,1327.4803234544656,0.43605187082646635,1311
Node_5,Camera-like Traffic Generator,1327.7915898561205,0.31126640165480735,1295
Node_1,Temperature Sensor,1327.8582861299053,2.478981910998363,76
Node_3,Smart Plug,1327.900262976965,0.8859335173890646,93
Node_5,Camera-like Traffic Generator,1328.225103954194,0.4335140980736305,1174
Node_5,Camera-like Traffic Generator,1328.510617036546,0.28551308235191575,1421
Node_5,Camera-like Traffic Generator,1328.9943480826698,0.4837310461240207,1125
Node_3,Smart Plug,1329.2079033271978,1.3076403502328477,71
Node_2,Smart Light,1329.2797318727125,1.9115154380523718,85
Node_5,Camera-like Traffic Generator,1329.446821703978,0.4524736213082634,1068
Node_5,Camera-like Traffic Generator,1329.8898480467822,0.4430263428042074,1230
Node_5,Camera-like Traffic Generator,1330.0906676541083,0.20081960732615045,1022
Node_5,Camera-like Traffic Generator,1330.3084871975202,0.21781954341193335,1059
Node_3,Smart Plug,1330.50734899235,1.2994456651522257,83
Node_1,Temperature Sensor,1330.5443836259676,2.686097496062233,79
Node_5,Camera-like Traffic Generator,1330.7435673804769,0.4350801829565682,1061
Node_2,Smart Light,1330.8808738232071,1.601141950494534,60
Node_5,Camera-like Traffic Generator,1331.005733216036,0.2621658355593206,1403
Node_4,Motion Sensor,1331.0298180276136,4.268834579717151,70
Node_5,Camera-like Traffic Generator,1331.426738134535,0.42100491849898525,1206
Node_3,Smart Plug,1331.4984299457499,0.9910809533999269,91
Node_5,Camera-like Traffic Generator,1331.6956934146463,0.26895528011108305,1224
Node_5,Camera-like Traffic Generator,1331.9785444120125,0.282850997366259,1471
Node_2,Smart Light,1332.1332642645677,1.2523904413606515,92
Node_5,Camera-like Traffic Generator,1332.325239673823,0.34669526181043914,1211
Node_5,Camera-like Traffic Generator,1332.5380267064222,0.21278703259909,1006
Node_3,Smart Plug,1332.749111770436,1.2506818246860618,76
Node_5,Camera-like Traffic Generator,1332.7672552047895,0.2292284983672265,1363
Node_5,Camera-like Traffic Generator,1333.0771283709805,0.30987316619104416,1053
Node_2,Smart Light,1333.4387239629523,1.3054596983845568,98
Node_1,Temperature Sensor,1333.454084455083,2.9097008291152293,62
Node_5,Camera-like Traffic Generator,1333.4549525836594,0.37782421267885424,1434
Node_5,Camera-like Traffic Generator,1333.687407069048,0.2324544853885498,1171
Node_3,Smart Plug,1333.8821901687431,1.1330783983072183,84
Node_5,Camera-like Traffic Generator,1333.9056478012935,0.21824073224541993,1042
Node_5,Camera-like Traffic Generator,1334.2581567240547,0.35250892276119583,1204
Node_5,Camera-like Traffic Generator,1334.4886566575208,0.23049993346594944,1026
Node_5,Camera-like Traffic Generator,1334.9024430328107,0.41378637528983275,1166
Node_4,Motion Sensor,1334.9364767255015,3.9066586978878113,86
Node_3,Smart Plug,1334.9653006881767,1.083110519433515,79
Node_2,Smart Light,1335.0814642742425,1.642740311290164,76
Node_5,Camera-like Traffic Generator,1335.3930756258042,0.490632592993524,1406
Node_1,Temperature Sensor,1335.5348749324937,2.080790477410792,84
Node_5,Camera-like Traffic Generator,1335.6793932164903,0.28631759068620455,1484
Node_3,Smart Plug,1335.9605241314105,0.9952234432336827,90
Node_5,Camera-like Traffic Generator,1336.1655594715373,0.4861662550469066,1246
Node_5,Camera-like Traffic Generator,1336.4254078310648,0.2598483595274984,1200
Node_2,Smart Light,1336.4579397265136,1.3764754522710008,73
Node_5,Camera-like Traffic Generator,1336.6596695882838,0.23426175721898246,1098
Node_3,Smart Plug,1336.8361497990238,0.8756256676132459,70
Node_5,Camera-like Traffic Generator,1336.8648984710849,0.20522888280108095,1217
Node_5,Camera-like Traffic Generator,1337.1695785410643,0.30468006997933617,1429
Node_5,Camera-like Traffic Generator,1337.5724883802668,0.40290983920246404,1223
Node_1,Temperature Sensor,1337.6005571658138,2.065682233320114,71
Node_2,Smart Light,1337.7099384357914,1.251998709277876,78
Node_5,Camera-like Traffic Generator,1337.983510708322,0.41102232805524375,1298
Node_3,Smart Plug,1337.9842414465115,1.1480916474876945,85
Node_5,Camera-like Traffic Generator,1338.3323629509177,0.3488522425957412,1102
Node_5,Camera-like Traffic Generator,1338.7007403093965,0.36837735847860575,1166
Node_3,Smart Plug,1338.8784673130142,0.8942258665025715,63
Node_4,Motion Sensor,1339.0848425565655,4.14836583106398,76
Node_5,Camera-like Traffic Generator,1339.2006679292508,0.49992761985447426,1401
Node_2,Smart Light,1339.3871345921787,1.6771961563873132,92
Node_5,Camera-like Traffic Generator,1339.6337693766252,0.4331014473744458,1303
Node_3,Smart Plug,1339.7154640075285,0.8369966945142949,62
Node_5,Camera-like Traffic Generator,1339.880744717668,0.2469753410426947,1404
Node_1,Temperature Sensor,1340.2336338901148,2.6330767243010156,81
Node_5,Camera-like Traffic Generator,1340.362366848329,0.4816221306610321,1460
Node_2,Smart Light,1340.7842871321507,1.39715253997212,64
Node_5,Camera-like Traffic Generator,1340.8138660618401,0.4514992135110681,1444
Node_3,Smart Plug,1340.9901392159982,1.2746752084696606,98
Node_5,Camera-like Traffic Generator,1341.1449087177475,0.3310426559072578,1074
Node_5,Camera-like Traffic Generator,1341.4508788387404,0.3059701209928405,1032
Node_5,Camera-like Traffic Generator,1341.72304318911,0.2721643503696316,1069
Node_3,Smart Plug,1342.0579823039336,1.067843087935513,87
Node_5,Camera-like Traffic Generator,1342.179168075552,0.4561248864419834,1009
Node_2,Smart Light,1342.295800849619,1.5115137174683018,86
Node_5,Camera-like Traffic Generator,1342.3964423419884,0.21727426643630002,1133
Node_1,Temperature Sensor,1342.5588193334333,2.325185443318668,99
Node_5,Camera-like Traffic Generator,1342.7208835486497,0.3244412066613813,1050
Node_3,Smart Plug,1342.9648979597546,0.9069156558210166,84
Node_5,Camera-like Traffic Generator,1343.2104078333932,0.48952428474351406,1313
Node_5,Camera-like Traffic Generator,1343.4178878477064,0.20748001431322705,1033
Node_5,Camera-like Traffic Generator,1343.6528317070986,0.23494385939220538,1223
Node_3,Smart Plug,1343.832331499772,0.8674335400173069,63
Node_5,Camera-like Traffic Generator,1343.9985278114161,0.34569610431761266,1233
Node_2,Smart Light,1344.1390847997047,1.8432839500857772,74
Node_5,Camera-like Traffic Generator,1344.4727066305934,0.4741788191772624,1018
Node_4,Motion Sensor,1344.7140439670748,5.629201410509361,63
Node_5,Camera-like Traffic Generator,1344.8974134308496,0.42470680025615515,1131
Node_1,Temperature Sensor,1345.0893761708646,2.5305568374313245,78
Node_3,Smart Plug,1345.1584583223328,1.326126822560759,90
Node_5,Camera-like Traffic Generator,1345.1681990223265,0.27078559147688297,1384
Node_5,Camera-like Traffic Generator,1345.5338094118897,0.36561038956331765,1410
Node_2,Smart Light,1345.7864269197694,1.6473421200645904,84
Node_5,Camera-like Traffic Generator,1345.9026856472792,0.3688762353896064,1349
Node_5,Camera-like Traffic Generator,1346.3149378714363,0.4122522241571722,1348
Node_3,Smart Plug,1346.5133703129918,1.3549119906590525,68
Node_5,Camera-like Traffic Generator,1346.6871885274816,0.37225065604528834,1157
Node_2,Smart Light,1347.0849028460227,1.2984759262532974,64
Node_5,Camera-like Traffic Generator,1347.0875014332346,0.4003129057529978,1353
Node_5,Camera-like Traffic Generator,1347.3825012058082,0.2949997725735404,1086
Node_5,Camera-like Traffic Generator,1347.6591577126385,0.27665650683021187,1304
Node_1,Temperature Sensor,1347.6948029624,2.605426791535313,63
Node_3,Smart Plug,1347.7768355763028,1.2634652633110384,79
Node_5,Camera-like Traffic Generator,1347.870527055311,0.2113693426724492,1294
Node_2,Smart Light,1348.1487398999197,1.0638370538971098,99
Node_5,Camera-like Traffic Generator,1348.264502274062,0.39397521875082914,1298
Node_5,Camera-like Traffic Generator,1348.6135740217135,0.3490717476515346,1456
Node_3,Smart Plug,1348.7600012679445,0.9831656916417679,73
Node_5,Camera-like Traffic Generator,1349.0485717805925,0.4349977588790114,1264
Node_5,Camera-like Traffic Generator,1349.3964191081204,0.3478473275278843,1111
Node_5,Camera-like Traffic Generator,1349.6159547029981,0.21953559487759422,1231
Node_4,Motion Sensor,1349.6225847130322,4.908540745957457,73
Node_2,Smart Light,1349.7893346455344,1.640594745614656,94
Node_5,Camera-like Traffic Generator,1349.9476599066918,0.33170520369370815,1060
Node_3,Smart Plug,1350.1617718863413,1.401770618396776,81
Node_5,Camera-like Traffic Generator,1350.2720327862169,0.32437287952502347,1301
Node_1,Temperature Sensor,1350.396582380946,2.7017794185460664,94
Node_5,Camera-like Traffic Generator,1350.6970048136661,0.4249720274491966,1051
Node_2,Smart Light,1351.050481553461,1.2611469079264968,88
Node_5,Camera-like Traffic Generator,1351.1694275394823,0.47242272581607997,1477
Node_5,Camera-like Traffic Generator,1351.4139594985159,0.24453195903364625,1242
Node_3,Smart Plug,1351.6285782327784,1.466806346437152,61
Node_5,Camera-like Traffic Generator,1351.8997234082933,0.4857639097774867,1242
Node_5,Camera-like Traffic Generator,1352.271028778474,0.371305370180698,1124
Node_5,Camera-like Traffic Generator,1352.7203037159268,0.44927493745281266,1381
Node_3,Smart Plug,1352.7298627167186,1.1012844839400646,96
Node_2,Smart Light,1352.9428553511418,1.8923737976809327,71
Node_1,Temperature Sensor,1353.0474990458274,2.650916664881305,90
Node_4,Motion Sensor,1353.0507251581384,3.4281404451062083,97
Node_5,Camera-like Traffic Generator,1353.0513718268019,0.3310681108750746,1105
Node_5,Camera-like Traffic Generator,1353.4580370818576,0.4066652550556679,1257
Node_3,Smart Plug,1353.7984036304426,1.0685409137240116,72
Node_5,Camera-like Traffic Generator,1353.8353296015055,0.3772925196478993,1144
Node_2,Smart Light,1354.092784647496,1.1499292963541565,90
Node_5,Camera-like Traffic Generator,1354.2058683620303,0.3705387605249203,1056
Node_5,Camera-like Traffic Generator,1354.5890322122916,0.38316385026142297,1403
Node_5,Camera-like Traffic Generator,1354.8091308911594,0.2200986788678621,1411
Node_3,Smart Plug,1354.861839224508,1.0634355940654077,78
Node_5,Camera-like Traffic Generator,1355.0883650065628,0.27923411540346454,1441
Node_5,Camera-like Traffic Generator,1355.5428014659283,0.454436459365588,1477
Node_3,Smart Plug,1355.6848410817872,0.8230018572793039,82
Node_1,Temperature Sensor,1355.768338962485,2.7208399166575994,68
Node_5,Camera-like Traffic Generator,1355.7846714416135,0.24186997568526927,1107
Node_2,Smart Light,1355.9924716922415,1.899687044745495,92
Node_5,Camera-like Traffic Generator,1355.9999656802006,0.21529423858725558,1230
Node_5,Camera-like Traffic Generator,1356.471188618516,0.4712229383153103,1422
Node_5,Camera-like Traffic Generator,1356.70289597484,0.23170735632409786,1205
Node_3,Smart Plug,1357.0870935736903,1.4022524919030646,72
Node_5,Camera-like Traffic Generator,1357.155204206786,0.4523082319461371,1330
Node_4,Motion Sensor,1357.2446358172208,4.193910659082435,99
Node_4,Motion Sensor,1357.4106973624173,0.16606154519652955,76
Node_4,Motion Sensor,1357.5232237110095,0.11252634859217836,71
Node_5,Camera-like Traffic Generator,1357.552983361625,0.39777915483883636,1315
Node_2,Smart Light,1357.7948354366943,1.8023637444528116,84
Node_5,Camera-like Traffic Generator,1357.9511154003994,0.3981320387745725,1129
Node_1,Temperature Sensor,1358.2198938784502,2.4515549159652816,69
Node_3,Smart Plug,1358.3813350163325,1.294241442642368,79
Node_5,Camera-like Traffic Generator,1358.4060012101136,0.45488580971409864,1450
Node_5,Camera-like Traffic Generator,1358.769725510253,0.3637243001395035,1486
Node_5,Camera-like Traffic Generator,1358.9948320086328,0.22510649837973135,1184
Node_3,Smart Plug,1359.2754767858812,0.8941417695486678,88
Node_5,Camera-like Traffic Generator,1359.4053771076026,0.4105450989699192,1307
Node_2,Smart Light,1359.4553657603753,1.660530323681129,87
Node_5,Camera-like Traffic Generator,1359.75926367897,0.3538865713673992,1252
Node_5,Camera-like Traffic Generator,1360.2571790701022,0.49791539113232364,1292
Node_3,Smart Plug,1360.4166952345709,1.141218448689638,64
Node_1,Temperature Sensor,1360.5588254972854,2.338931618835175,78
Node_5,Camera-like Traffic Generator,1360.727428808229,0.47024973812685733,1448
Node_5,Camera-like Traffic Generator,1360.9524790466953,0.22505023846628808,1222
Node_5,Camera-like Traffic Generator,1361.1592029954072,0.20672394871180516,1418
Node_2,Smart Light,1361.176648957968,1.7212831975926106,86
Node_5,Camera-like Traffic Generator,1361.5102978521745,0.3510948567672685,1293
Node_3,Smart Plug,1361.6892124406688,1.2725172060980467,86
Node_5,Camera-like Traffic Generator,1361.7972278483248,0.2869299961502925,1330
Node_4,Motion Sensor,1361.816072488124,4.292848777114621,67
Node_5,Camera-like Traffic Generator,1362.0063885841153,0.20916073579039915,1410
Node_5,Camera-like Traffic Generator,1362.22757140127,0.22118281715476856,1273
Node_5,Camera-like Traffic Generator,1362.5472718984224,0.3197004971522769,1130
Node_5,Camera-like Traffic Generator,1362.9078030828086,0.36053118438625475,1080
Node_3,Smart Plug,1362.9689743576457,1.2797619169769785,82
Node_1,Temperature Sensor,1362.974815147547,2.415989650261495,63
Node_5,Camera-like Traffic Generator,1363.143875949691,0.23607286688228996,1473
Node_2,Smart Light,1363.1741180575461,1.997469099578296,70
Node_5,Camera-like Traffic Generator,1363.608908355893,0.4650324062020723,1260
Node_5,Camera-like Traffic Generator,1364.0301420268886,0.42123367099561304,1116
Node_3,Smart Plug,1364.1021120963026,1.1331377386568395,94
Node_5,Camera-like Traffic Generator,1364.5249988272667,0.49485680037815927,1486
Node_2,Smart Light,1364.5926837436275,1.4185656860813416,75
Node_5,Camera-like Traffic Generator,1364.8371386120446,0.31213978477791215,1466
Node_5,Camera-like Traffic Generator,1365.1988685383012,0.36172992625663064,1030
Node_4,Motion Sensor,1365.2190686749918,3.402996186867815,80
Node_3,Smart Plug,1365.2567916304324,1.1546795341299174,75
Node_1,Temperature Sensor,1365.401579153808,2.426764006260958,86
Node_5,Camera-like Traffic Generator,1365.4065764208087,0.20770788250751943,1270
Node_2,Smart Light,1365.628002748454,1.0353190048264242,88
Node_5,Camera-like Traffic Generator,1365.7322126947463,0.32563627393761496,1160
Node_5,Camera-like Traffic Generator,1366.1321879038937,0.399975209147551,1414
Node_5,Camera-like Traffic Generator,1366.3861368945416,0.2539489906477602,1094
Node_3,Smart Plug,1366.403075421749,1.1462837913165358,98
Node_5,Camera-like Traffic Generator,1366.7551656231872,0.36902872864558106,1149
Node_5,Camera-like Traffic Generator,1367.076134474839,0.32096885165163214,1382
Node_2,Smart Light,1367.2000451824908,1.5720424340368413,67
Node_5,Camera-like Traffic Generator,1367.4765295994323,0.4003951245934498,1467
Node_3,Smart Plug,1367.6349331952135,1.231857773464482,74
Node_1,Temperature Sensor,1367.7758801772434,2.374301023435537,66
Node_5,Camera-like Traffic Generator,1367.8297990845729,0.3532694851405694,1249
Node_5,Camera-like Traffic Generator,1368.2749417312814,0.44514264670855536,1135
Node_5,Camera-like Traffic Generator,1368.524546562023,0.24960483074166262,1335
Node_4,Motion Sensor,1368.549783424924,3.3307147499321577,68
Node_5,Camera-like Traffic Generator,1368.8924532350607,0.36790667303758473,1252
Node_2,Smart Light,1368.9265950590718,1.7265498765809035,68
Node_3,Smart Plug,1369.1193812563454,1.4844480611317328,72
Node_5,Camera-like Traffic Generator,1369.231460954055,0.3390077189941826,1376
Node_5,Camera-like Traffic Generator,1369.605039752699,0.3735787986441035,1499
Node_3,Smart Plug,1369.9390841469599,0.819702890614602,61
Node_5,Camera-like Traffic Generator,1370.084104252691,0.47906449999198103,1238
Node_2,Smart Light,1370.461230160616,1.5346351015442132,91
Node_5,Camera-like Traffic Generator,1370.4747208254512,0.39061657276010225,1133
Node_1,Temperature Sensor,1370.6988652129778,2.9229850357343845,62
Node_5,Camera-like Traffic Generator,1370.8513733292575,0.3766525038062958,1114
Node_5,Camera-like Traffic Generator,1371.0867475249643,0.23537419570681029,1452
Node_5,Camera-like Traffic Generator,1371.3132786195529,0.22653109458859993,1290
Node_3,Smart Plug,1371.3249380533566,1.38585390639668,73
Node_5,Camera-like Traffic Generator,1371.5470265183876,0.23374789883481722,1213
Node_5,Camera-like Traffic Generator,1371.895333161381,0.34830664299336145,1275
Node_4,Motion Sensor,1372.152605968433,3.6028225435089034,92
Node_5,Camera-like Traffic Generator,1372.1697666166478,0.27443345526686896,1243
Node_2,Smart Light,1372.367756666121,1.9065265055050546,86
Node_5,Camera-like Traffic Generator,1372.5720243539276,0.4022577372798982,1404
Node_3,Smart Plug,1372.6443780472207,1.3194399938641257,61
Node_5,Camera-like Traffic Generator,1372.9379877657614,0.36596341183376524,1112
Node_5,Camera-like Traffic Generator,1373.3548473583571,0.41685959259581606,1177
Node_1,Temperature Sensor,1373.5306371014526,2.8317718884748544,63
Node_5,Camera-like Traffic Generator,1373.788556564635,0.4337092062778998,1230
Node_2,Smart Light,1373.875071521728,1.5073148556068152,93
Node_3,Smart Plug,1374.0683180705357,1.4239400233150057,73
Node_5,Camera-like Traffic Generator,1374.227915819455,0.4393592548198848,1402
Node_5,Camera-like Traffic Generator,1374.628924362025,0.4010085425701221,1199
Node_5,Camera-like Traffic Generator,1374.9167793240163,0.287854961991307,1022
Node_3,Smart Plug,1374.9364631049957,0.8681450344600061,73
Node_5,Camera-like Traffic Generator,1375.298203367179,0.38142404316267464,1210
Node_1,Temperature Sensor,1375.6272015340185,2.0965644325657857,89
Node_5,Camera-like Traffic Generator,1375.6900995687367,0.3918962015577554,1417
Node_2,Smart Light,1375.7157102163244,1.8406386945964,95
Node_4,Motion Sensor,1375.728260466012,3.5756544975791553,94
Node_3,Smart Plug,1375.9866193614655,1.0501562564697169,74
Node_5,Camera-like Traffic Generator,1376.002993950432,0.3128943816953838,1273
Node_5,Camera-like Traffic Generator,1376.419100429894,0.41610647946185925,1467
Node_5,Camera-like Traffic Generator,1376.7478929028798,0.32879247298602987,1132
Node_2,Smart Light,1376.8968460741285,1.1811358578040008,63
Node_5,Camera-like Traffic Generator,1377.101403088164,0.3535101852843024,1075
Node_3,Smart Plug,1377.2494873655414,1.2628680040758864,69
Node_5,Camera-like Traffic Generator,1377.434587016769,0.33318392860505414,1076
Node_5,Camera-like Traffic Generator,1377.7359923902131,0.30140537344413176,1192
Node_5,Camera-like Traffic Generator,1377.983934562907,0.24794217269396696,1466
Node_2,Smart Light,1378.0247902138244,1.1279441396960532,70
Node_5,Camera-like Traffic Generator,1378.3579337817584,0.3739992188514379,1121
Node_1,Temperature Sensor,1378.438970819296,2.8117692852773923,82
Node_3,Smart Plug,1378.503145342962,1.2536579774206107,83
Node_5,Camera-like Traffic Generator,1378.747028628618,0.38909484685949447,1137
Node_5,Camera-like Traffic Generator,1379.1110421986996,0.36401357008157154,1000
Node_5,Camera-like Traffic Generator,1379.6013405762146,0.49029837751508576,1480
Node_2,Smart Light,1379.8331340829668,1.8083438691424703,90
Node_3,Smart Plug,1379.940417656062,1.437272313100054,62
Node_5,Camera-like Traffic Generator,1380.0349401590254,0.4335995828107057,1132
Node_4,Motion Sensor,1380.0504518152839,4.322191349271775,64
Node_5,Camera-like Traffic Generator,1380.3549793222558,0.32003916323044174,1348
Node_5,Camera-like Traffic Generator,1380.6233649403182,0.2683856180624967,1020
Node_3,Smart Plug,1380.953856375425,1.0134387193629883,73
Node_5,Camera-like Traffic Generator,1380.9541374113082,0.3307724709901051,1492
Node_2,Smart Light,1381.0162024399795,1.183068357012595,87
Node_1,Temperature Sensor,1381.0254359020355,2.586465082739477,82
Node_5,Camera-like Traffic Generator,1381.2726939677407,0.3185565564323744,1075
Node_3,Smart Plug,1381.767654768562,0.8137983931369466,73
Node_5,Camera-like Traffic Generator,1381.7689508863934,0.49625691865286664,1263
Node_5,Camera-like Traffic Generator,1382.149533624858,0.3805827384645125,1034
Node_2,Smart Light,1382.3518349031847,1.3356324632051186,63
Node_5,Camera-like Traffic Generator,1382.356150074862,0.2066164500040689,1416
Node_5,Camera-like Traffic Generator,1382.5829046298934,0.226754555031433,1036
Node_3,Smart Plug,1382.8902913390486,1.1226365704867054,94
Node_5,Camera-like Traffic Generator,1383.0825178683838,0.49961323849043904,1056
Node_1,Temperature Sensor,1383.3550818834517,2.329645981416205,64
Node_5,Camera-like Traffic Generator,1383.5513357865875,0.4688179182038201,1497
Node_2,Smart Light,1383.7071182993045,1.3552833961198325,89
Node_5,Camera-like Traffic Generator,1383.8258213329925,0.2744855464050482,1330
Node_3,Smart Plug,1384.0879259224648,1.1976345834160735,96
Node_5,Camera-like Traffic Generator,1384.321962066949,0.49614073395659786,1320
Node_5,Camera-like Traffic Generator,1384.570935598222,0.2489735312728114,1410
Node_5,Camera-like Traffic Generator,1384.8323069203057,0.2613713220836254,1203
Node_4,Motion Sensor,1384.959752734894,4.909300919610101,63
Node_2,Smart Light,1385.0142035706367,1.3070852713322085,91
Node_3,Smart Plug,1385.0745591421412,0.9866332196763277,87
Node_5,Camera-like Traffic Generator,1385.102101591275,0.2697946709692712,1237
Node_5,Camera-like Traffic Generator,1385.424391341019,0.32228974974403335,1000
Node_5,Camera-like Traffic Generator,1385.6803654511923,0.2559741101734622,1124
Node_1,Temperature Sensor,1385.7086799630854,2.353598079633768,86
Node_5,Camera-like Traffic Generator,1386.1558706428489,0.4755051916566026,1160
Node_3,Smart Plug,1386.2861516056612,1.2115924635199122,99
Node_2,Smart Light,1386.3455207076074,1.3313171369707764,70
Node_5,Camera-like Traffic Generator,1386.5091837121054,0.35331306925653416,1200
Node_5,Camera-like Traffic Generator,1386.9431113684357,0.4339276563302996,1350
Node_3,Smart Plug,1387.350567921062,1.0644163154009543,75
Node_5,Camera-like Traffic Generator,1387.416114295811,0.4730029273753763,1180
Node_2,Smart Light,1387.6395718292579,1.2940511216503428,94
Node_5,Camera-like Traffic Generator,1387.902958774236,0.48684447842482476,1375
Node_5,Camera-like Traffic Generator,1388.2516363628135,0.3486775885775191,1131
Node_4,Motion Sensor,1388.3337974723395,3.3740447374454634,61
Node_1,Temperature Sensor,1388.458964213337,2.7502842502514784,94
Node_3,Smart Plug,1388.5513449724244,1.2007770513624547,92
Node_5,Camera-like Traffic Generator,1388.6365202481168,0.3848838853032025,1214
Node_5,Camera-like Traffic Generator,1389.0316059733757,0.39508572525881036,1436
Node_2,Smart Light,1389.1101083969286,1.4705365676706803,94
Node_3,Smart Plug,1389.4213846506673,0.8700396782428381,87
Node_5,Camera-like Traffic Generator,1389.4407103383874,0.4091043650116447,1136
Node_5,Camera-like Traffic Generator,1389.8770197286801,0.4363093902928069,1208
Node_5,Camera-like Traffic Generator,1390.3305581108748,0.45353838219459264,1235
Node_3,Smart Plug,1390.456561874407,1.0351772237398622,80
Node_2,Smart Light,1390.6936830166712,1.5835746197425804,97
Node_5,Camera-like Traffic Generator,1390.7526587803577,0.4221006694828858,1448
Node_1,Temperature Sensor,1391.180024892083,2.7210606787461495,98
Node_5,Camera-like Traffic Generator,1391.232066178196,0.4794073978383581,1032
Node_5,Camera-like Traffic Generator,1391.5868023426915,0.3547361644955962,1350
Node_2,Smart Light,1391.7648987540754,1.0712157374040758,95
Node_3,Smart Plug,1391.7919946047775,1.335432730370546,73
Node_5,Camera-like Traffic Generator,1391.9651665008262,0.37836415813469915,1286
Node_4,Motion Sensor,1392.0381378589811,3.704340386641706,90
Node_5,Camera-like Traffic Generator,1392.3291528498512,0.36398634902496696,1020
Node_5,Camera-like Traffic Generator,1392.6914653961262,0.3623125462750184,1453
Node_5,Camera-like Traffic Generator,1392.8923208640408,0.20085546791471262,1200
Node_3,Smart Plug,1393.0223741162654,1.2303795114879654,74
Node_2,Smart Light,1393.265376128568,1.5004773744927045,94
Node_5,Camera-like Traffic Generator,1393.3423192455166,0.44999838147570104,1072
Node_5,Camera-like Traffic Generator,1393.6237688229069,0.281449577390297,1221
Node_1,Temperature Sensor,1393.7804349833077,2.600410091224677,74
Node_5,Camera-like Traffic Generator,1393.9478786652005,0.32410984229364603,1423
Node_3,Smart Plug,1394.127567908856,1.1051937925907303,79
Node_5,Camera-like Traffic Generator,1394.1792545467545,0.23137588155406014,1113
Node_5,Camera-like Traffic Generator,1394.477188957377,0.29793441062244963,1092
Node_2,Smart Light,1394.6470453483737,1.381669219805587,71
Node_5,Camera-like Traffic Generator,1394.795544851376,0.318355893999167,1188
Node_4,Motion Sensor,1395.0666575876355,3.028519728654395,98
Node_5,Camera-like Traffic Generator,1395.0750527876435,0.2795079362673648,1211
Node_5,Camera-like Traffic Generator,1395.4740031726592,0.3989503850156153,1308
Node_3,Smart Plug,1395.5207017747628,1.3931338659068575,91
Node_2,Smart Light,1395.7011073190163,1.0540619706425751,94
Node_5,Camera-like Traffic Generator,1395.9485445929602,0.4745414203009958,1349
Node_5,Camera-like Traffic Generator,1396.3230754695278,0.37453087656757433,1348
Node_1,Temperature Sensor,1396.3583535016976,2.577918518389855,68
Node_5,Camera-like Traffic Generator,1396.6879411043574,0.3648656348295807,1155
Node_2,Smart Light,1396.8384725781893,1.1373652591731238,68
Node_3,Smart Plug,1396.9089681168605,1.388266342097774,81
Node_5,Camera-like Traffic Generator,1397.0399580593332,0.3520169549759382,1283
Node_5,Camera-like Traffic Generator,1397.4465648018327,0.40660674249944806,1433
Node_5,Camera-like Traffic Generator,1397.7447627880338,0.29819798620108884,1294
Node_3,Smart Plug,1397.9101170082022,1.0011488913417501,61
Node_5,Camera-like Traffic Generator,1398.2384316444613,0.4936688564275704,1401
Node_2,Smart Light,1398.2476644249414,1.409191846752104,82
Node_5,Camera-like Traffic Generator,1398.4532218034274,0.21479015896613743,1062
Node_5,Camera-like Traffic Generator,1398.69365210945,0.24043030602272208,1299
Node_5,Camera-like Traffic Generator,1398.947826535779,0.25417442632896026,1422
Node_1,Temperature Sensor,1399.0150898046857,2.6567363029881523,68
Node_5,Camera-like Traffic Generator,1399.3821403355428,0.4343137997636721,1497
Node_3,Smart Plug,1399.4074763935546,1.497359385352317,76
Node_5,Camera-like Traffic Generator,1399.6560592861683,0.27391895062548866,1464
Node_4,Motion Sensor,1400.0626244225632,4.995966834927621,61
Node_5,Camera-like Traffic Generator,1400.122805432463,0.4667461462946981,1022
Node_2,Smart Light,1400.1542853594476,1.9066209345061276,78
Node_5,Camera-like Traffic Generator,1400.356821987423,0.23401655495997592,1237
Node_3,Smart Plug,1400.3655965774785,0.958120183923845,89
Node_5,Camera-like Traffic Generator,1400.6835666355282,0.32674464810512827,1364
Node_5,Camera-like Traffic Generator,1400.9516874038202,0.26812076829192943,1298
Node_1,Temperature Sensor,1401.123308186613,2.1082183819272666,93
Node_3,Smart Plug,1401.2299670621464,0.8643704846679776,93
Node_5,Camera-like Traffic Generator,1401.3774993035074,0.4258118996872583,1277
Node_2,Smart Light,1401.4706688170963,1.3163834576487088,88
Node_5,Camera-like Traffic Generator,1401.6959650330282,0.3184657295207863,1210
Node_5,Camera-like Traffic Generator,1401.9705308938303,0.2745658608022099,1487
Node_3,Smart Plug,1402.0962805927577,0.866313530611286,73
Node_5,Camera-like Traffic Generator,1402.3648164425897,0.3942855487594672,1050
Node_5,Camera-like Traffic Generator,1402.7385970982864,0.37378065569677654,1163
Node_3,Smart Plug,1402.9433694363156,0.8470888435579822,92
Node_5,Camera-like Traffic Generator,1403.1184452523003,0.37984815401392735,1189
Node_2,Smart Light,1403.2496099945301,1.7789411774338144,79
Node_5,Camera-like Traffic Generator,1403.3207487513935,0.20230349909324585,1012
Node_1,Temperature Sensor,1403.4908692372285,2.3675610506153504,90
Node_4,Motion Sensor,1403.6958294978795,3.633205075316158,75
Node_5,Camera-like Traffic Generator,1403.7175679494908,0.3968191980972752,1286
Node_3,Smart Plug,1404.07605729331,1.1326878569943766,68
Node_5,Camera-like Traffic Generator,1404.1596660174953,0.4420980680045934,1149
Node_5,Camera-like Traffic Generator,1404.6510484433259,0.4913824258305815,1125
Node_5,Camera-like Traffic Generator,1404.865135935464,0.21408749213811162,1460
Node_2,Smart Light,1404.8806427667928,1.6310327722626952,67
Node_5,Camera-like Traffic Generator,1405.3647279387835,0.4995920033195123,1341
Node_3,Smart Plug,1405.4330135178534,1.3569562245433264,86
Node_5,Camera-like Traffic Generator,1405.6469194480576,0.28219150927405906,1451
Node_1,Temperature Sensor,1406.06496924156,2.574100004331463,92
Node_5,Camera-like Traffic Generator,1406.1053887284124,0.45846928035487017,1306
Node_5,Camera-like Traffic Generator,1406.4347907299814,0.3294020015690553,1205
Node_3,Smart Plug,1406.4443064280808,1.0112929102275348,92
Node_2,Smart Light,1406.5151417359455,1.634498969152671,60
Node_5,Camera-like Traffic Generator,1406.7328530756408,0.29806234565938544,1217
Node_5,Camera-like Traffic Generator,1406.9814018590348,0.24854878339399786,1410
Node_5,Camera-like Traffic Generator,1407.460819729923,0.4794178708882825,1157
Node_3,Smart Plug,1407.5473437672647,1.1030373391838348,81
Node_2,Smart Light,1407.788669598147,1.2735278622014996,90
Node_5,Camera-like Traffic Generator,1407.9203732436679,0.45955351374489256,1245
Node_5,Camera-like Traffic Generator,1408.2533020614019,0.3329288177339362,1268
Node_4,Motion Sensor,1408.2560518625487,4.560222364669222,70
Node_5,Camera-like Traffic Generator,1408.4620573226396,0.20875526123764399,1225
Node_3,Smart Plug,1408.4873976570907,0.940053889826089,76
Node_1,Temperature Sensor,1408.9101244028884,2.845155161328358,98
Node_5,Camera-like Traffic Generator,1408.9479547220692,0.4858973994296522,1384
Node_2,Smart Light,1408.95727535473,1.1686057565829078,90
Node_5,Camera-like Traffic Generator,1409.4373820737692,0.489427351699917,1096
Node_3,Smart Plug,1409.7248723702728,1.2374747131821398,78
Node_5,Camera-like Traffic Generator,1409.7893086325437,0.35192655877455614,1304
Node_5,Camera-like Traffic Generator,1410.116854070798,0.3275454382543024,1121
Node_2,Smart Light,1410.44685244536,1.4895770906300165,90
Node_5,Camera-like Traffic Generator,1410.551523236192,0.43466916539414896,1129
Node_5,Camera-like Traffic Generator,1410.8728542056954,0.3213309695032663,1190
Node_3,Smart Plug,1411.0592819207257,1.3344095504529307,67
Node_5,Camera-like Traffic Generator,1411.112096045315,0.2392418396196251,1316
Node_2,Smart Light,1411.534893789119,1.0880413437590446,84
Node_5,Camera-like Traffic Generator,1411.5432234566329,0.4311274113179757,1168
Node_1,Temperature Sensor,1411.7285512624292,2.8184268595406694,84
Node_5,Camera-like Traffic Generator,1411.829980589165,0.28675713253213253,1054
Node_3,Smart Plug,1411.8723042462077,0.8130223254821506,88
Node_5,Camera-like Traffic Generator,1412.21976779224,0.38978720307499637,1301
Node_5,Camera-like Traffic Generator,1412.5238748366437,0.3041070444037812,1462
Node_4,Motion Sensor,1412.7138303269533,4.457778464404459,84
Node_5,Camera-like Traffic Generator,1412.7266216660971,0.20274682945339206,1465
Node_5,Camera-like Traffic Generator,1413.0542703582882,0.3276486921912375,1427
Node_2,Smart Light,1413.1683813298216,1.6334875407025942,76
Node_3,Smart Plug,1413.2762011109392,1.4038968647314403,83
Node_5,Camera-like Traffic Generator,1413.289794643519,0.23552428523057978,1076
Node_5,Camera-like Traffic Generator,1413.5441078292479,0.2543131857289649,1381
Node_5,Camera-like Traffic Generator,1413.8796857331479,0.33557790389995723,1482
Node_5,Camera-like Traffic Generator,1414.2231952023901,0.3435094692422814,1328
Node_3,Smart Plug,1414.225268074452,0.9490669635129299,98
Node_1,Temperature Sensor,1414.371250426259,2.6426991638298314,61
Node_5,Camera-like Traffic Generator,1414.5163800819641,0.2931848795739623,1067
Node_5,Camera-like Traffic Generator,1414.8111816545552,0.2948015725909318,1033
Node_5,Camera-like Traffic Generator,1415.0195063240883,0.20832466953319972,1039
Node_2,Smart Light,1415.1337091699515,1.9653278401300331,75
Node_5,Camera-like Traffic Generator,1415.3037855059915,0.2842791819031707,1491
Node_5,Camera-like Traffic Generator,1415.5314755531049,0.22769004711324556,1455
Node_3,Smart Plug,1415.544813682143,1.3195456076910503,78
Node_5,Camera-like Traffic Generator,1415.9870116053246,0.45553605221963034,1407
Node_2,Smart Light,1416.1714344884265,1.037725318474938,67
Node_5,Camera-like Traffic Generator,1416.2623719188298,0.2753603135051032,1398
Node_5,Camera-like Traffic Generator,1416.6541972812474,0.3918253624176493,1496
Node_4,Motion Sensor,1416.7234809307272,4.009650603773857,73
Node_5,Camera-like Traffic Generator,1416.8560330672633,0.2018357860158971,1452
Node_3,Smart Plug,1417.000827730053,1.456014047909889,81
Node_5,Camera-like Traffic Generator,1417.2170882007886,0.3610551335253135,1054
Node_1,Temperature Sensor,1417.300334717254,2.929084290994936,93
Node_2,Smart Light,1417.544535893854,1.373101405427371,60
Node_5,Camera-like Traffic Generator,1417.5937311786438,0.37664297785521383,1490
Node_5,Camera-like Traffic Generator,1417.9380912859262,0.34436010728247546,1247
Node_3,Smart Plug,1418.2309233385627,1.2300956085096466,90
Node_5,Camera-like Traffic Generator,1418.3057400963603,0.367648810434011,1097
Node_5,Camera-like Traffic Generator,1418.5294797386516,0.2237396422912683,1288
Node_2,Smart Light,1418.8667490277019,1.3222131338480692,93
Node_5,Camera-like Traffic Generator,1418.9942233035445,0.464743564892788,1179
Node_3,Smart Plug,1419.3345304779582,1.1036071393955138,82
Node_5,Camera-like Traffic Generator,1419.4734408658896,0.47921756234525176,1448
Node_1,Temperature Sensor,1419.567782442408,2.2674477251541107,67
Node_5,Camera-like Traffic Generator,1419.9527364760834,0.479295610193716,1136
Node_2,Smart Light,1420.0573257376423,1.1905767099404045,87
Node_5,Camera-like Traffic Generator,1420.193209481246,0.2404730051626623,1359
Node_3,Smart Plug,1420.5732614080625,1.2387309301042344,80
Node_5,Camera-like Traffic Generator,1420.6309679767476,0.437758495501702,1426
Node_4,Motion Sensor,1420.6691523434524,3.945671412725311,74
Node_5,Camera-like Traffic Generator,1421.022546192433,0.39157821568546214,1212
Node_5,Camera-like Traffic Generator,1421.266728616078,0.24418242364476667,1055
Node_5,Camera-like Traffic Generator,1421.5161157843365,0.24938716825873675,1101
Node_3,Smart Plug,1421.6282536764738,1.0549922684113733,65
Node_2,Smart Light,1421.684012666314,1.6266869286716226,69
Node_5,Camera-like Traffic Generator,1421.791484340483,0.2753685561466386,1367
Node_5,Camera-like Traffic Generator,1422.256833723715,0.4653493832321207,1171
Node_1,Temperature Sensor,1422.2704812152738,2.7026987728656047,72
Node_3,Smart Plug,1422.533584534276,0.9053308578022082,87
Node_5,Camera-like Traffic Generator,1422.5858588388155,0.3290251151004118,1348
Node_5,Camera-like Traffic Generator,1423.0047077073923,0.4188488685768905,1433
Node_5,Camera-like Traffic Generator,1423.3643946908765,0.35968698348423916,1230
Node_2,Smart Light,1423.3775374134843,1.6935247471703971,73
Node_3,Smart Plug,1423.5437775066298,1.010192972353737,77
Node_5,Camera-like Traffic Generator,1423.66950101403,0.3051063231536066,1409
Node_5,Camera-like Traffic Generator,1423.9201421022963,0.2506410882662887,1491
Node_5,Camera-like Traffic Generator,1424.4045385022578,0.4843963999615373,1087
Node_2,Smart Light,1424.5064682139127,1.1289308004283027,75
Node_3,Smart Plug,1424.5668347327373,1.0230572261074942,93
Node_1,Temperature Sensor,1424.610305872051,2.3398246567772585,60
Node_5,Camera-like Traffic Generator,1424.642913512875,0.23837501061723954,1335
Node_4,Motion Sensor,1424.8645663958741,4.195414052421652,99
Node_5,Camera-like Traffic Generator,1425.051328350037,0.4084148371618507,1116
Node_5,Camera-like Traffic Generator,1425.348618014064,0.2972896640270575,1126
Node_3,Smart Plug,1425.4119340034072,0.8450992706697378,68
Node_5,Camera-like Traffic Generator,1425.787692786852,0.4390747727880361,1489
Node_5,Camera-like Traffic Generator,1426.0681992123082,0.2805064254562909,1015
Node_2,Smart Light,1426.0951389020809,1.5886706881680719,66
Node_3,Smart Plug,1426.5006408692159,1.0887068658087724,92
Node_5,Camera-like Traffic Generator,1426.5515710372938,0.4833718249855278,1127
Node_5,Camera-like Traffic Generator,1426.947417413193,0.3958463758992268,1142
Node_5,Camera-like Traffic Generator,1427.2875846301613,0.3401672169682515,1369
Node_1,Temperature Sensor,1427.4801685785874,2.869862706536438,82
Node_5,Camera-like Traffic Generator,1427.748545728825,0.46096109866382773,1422
Node_3,Smart Plug,1427.7528707267531,1.2522298575372175,70
Node_2,Smart Light,1427.9189827317552,1.8238438296744104,71
Node_5,Camera-like Traffic Generator,1427.971556865129,0.22301113630399927,1069
Node_5,Camera-like Traffic Generator,1428.2296215922138,0.25806472708470485,1467
Node_5,Camera-like Traffic Generator,1428.7250392380424,0.4954176458286853,1142
Node_3,Smart Plug,1428.973733315526,1.2208625887728548,76
Node_5,Camera-like Traffic Generator,1429.0862193102043,0.36118007216180104,1382
Node_2,Smart Light,1429.2098105235648,1.2908277918094866,89
Node_5,Camera-like Traffic Generator,1429.5055109748132,0.4192916646089044,1245
Node_3,Smart Plug,1429.8532243191657,0.8794910036397992,67
Node_1,Temperature Sensor,1429.8809529225869,2.400784343999516,65
Node_5,Camera-like Traffic Generator,1429.987536467647,0.48202549283383045,1366
Node_5,Camera-like Traffic Generator,1430.4825232739015,0.49498680625453617,1225
Node_4,Motion Sensor,1430.483798692749,5.619232296874864,60
Node_2,Smart Light,1430.8061804421802,1.5963699186155025,73
Node_3,Smart Plug,1430.8251349460386,0.9719106268728623,93
Node_5,Camera-like Traffic Generator,1430.9528743897547,0.4703511158530868,1199
Node_5,Camera-like Traffic Generator,1431.2147583703334,0.26188398057869716,1332
Node_5,Camera-like Traffic Generator,1431.6082778411178,0.39351947078447563,1339
Node_5,Camera-like Traffic Generator,1431.858185133147,0.24990729202915402,1084
Node_3,Smart Plug,1431.950046736676,1.1249117906374309,82
Node_5,Camera-like Traffic Generator,1432.1156735802788,0.25748844713183455,1416
Node_5,Camera-like Traffic Generator,1432.4773423682786,0.36166878799983926,1342
Node_1,Temperature Sensor,1432.5141249352423,2.633172012655514,61
Node_2,Smart Light,1432.6941544860172,1.8879740438370418,99
Node_5,Camera-like Traffic Generator,1432.9232366917306,0.4458943234520613,1448
Node_3,Smart Plug,1433.0553397743843,1.1052930377082033,85
Node_5,Camera-like Traffic Generator,1433.2293257488652,0.30608905713457635,1006
Node_5,Camera-like Traffic Generator,1433.5921963446053,0.36287059574003117,1400
Node_5,Camera-like Traffic Generator,1433.8123778096203,0.22018146501498043,1392
Node_3,Smart Plug,1433.8812423886902,0.825902614305864,66
Node_2,Smart Light,1434.0368873252746,1.34273283925756,96
Node_5,Camera-like Traffic Generator,1434.3010726679781,0.4886948583579167,1413
Node_5,Camera-like Traffic Generator,1434.5775516432345,0.27647897525642356,1357
Node_3,Smart Plug,1434.7767438288606,0.8955014401704021,70
Node_5,Camera-like Traffic Generator,1434.835860218611,0.25830857537657054,1193
Node_1,Temperature Sensor,1435.260236697248,2.7461117620057065,68
Node_5,Camera-like Traffic Generator,1435.3341592058941,0.49829898728316907,1489
Node_2,Smart Light,1435.3961382116413,1.3592508863666324,67
Node_5,Camera-like Traffic Generator,1435.6316591189886,0.2974999130946098,1272
Node_5,Camera-like Traffic Generator,1436.0805821729048,0.44892305391615556,1133
Node_4,Motion Sensor,1436.095423224904,5.611624532155132,93
Node_3,Smart Plug,1436.1392205569307,1.3624767280700831,86
Node_4,Motion Sensor,1436.2757740171598,0.18035079225595596,71
Node_4,Motion Sensor,1436.4306637103657,0.15488969320592255,92
Node_5,Camera-like Traffic Generator,1436.5487204427527,0.4681382698478637,1165
Node_5,Camera-like Traffic Generator,1436.8175759598446,0.26885551709181793,1152
Node_5,Camera-like Traffic Generator,1437.0283051353329,0.21072917548828976,1460
Node_3,Smart Plug,1437.062410212257,0.9231896553263491,94
Node_2,Smart Light,1437.3442225653482,1.9480843537069426,96
Node_5,Camera-like Traffic Generator,1437.4383065349718,0.41000139963888954,1317
Node_5,Camera-like Traffic Generator,1437.6694576244495,0.23115108947761853,1034
Node_1,Temperature Sensor,1437.6800691910125,2.419832493764503,73
Node_5,Camera-like Traffic Generator,1438.1312337127686,0.4617760883189865,1220
Node_5,Camera-like Traffic Generator,1438.482780657342,0.3515469445733854,1257
Node_3,Smart Plug,1438.5370610356247,1.4746508233676239,79
Node_5,Camera-like Traffic Generator,1438.702868918356,0.22008826101398504,1212
Node_2,Smart Light,1438.7476142098494,1.4033916445011254,69
Node_5,Camera-like Traffic Generator,1439.1995384913328,0.4966695729767903,1139
Node_3,Smart Plug,1439.3509971546948,0.8139361190701209,94
Node_5,Camera-like Traffic Generator,1439.475856481718,0.27631799038527105,1335
Node_5,Camera-like Traffic Generator,1439.7836958200392,0.3078393383212077,1130
Node_5,Camera-like Traffic Generator,1439.9997419808544,0.21604616081532504,1265
Node_1,Temperature Sensor,1440.0501222834896,2.370053092477004,88
Node_3,Smart Plug,1440.2097478334408,0.8587506787459056,84
Node_5,Camera-like Traffic Generator,1440.4455767535942,0.4458347727397387,1439
Node_2,Smart Light,1440.4747830379858,1.7271688281363213,65
Node_4,Motion Sensor,1440.5359533957621,4.105289685396508,86
Node_5,Camera-like Traffic Generator,1440.8521069618823,0.4065302082880379,1237
Node_5,Camera-like Traffic Generator,1441.2379692860102,0.3858623241277993,1225
Node_3,Smart Plug,1441.6167680792648,1.4070202458240626,96
Node_5,Camera-like Traffic Generator,1441.6732527514384,0.43528346542821317,1053
Node_5,Camera-like Traffic Generator,1442.065788846267,0.3925360948284874,1325
Node_2,Smart Light,1442.2088596572974,1.734076619311521,83
Node_5,Camera-like Traffic Generator,1442.5388933369059,0.4731044906387919,1363
Node_3,Smart Plug,1442.7016728753565,1.0849047960917746,74
Node_1,Temperature Sensor,1442.8269579034563,2.776835619966741,82
Node_5,Camera-like Traffic Generator,1442.8350429086843,0.29614957177845436,1321
Node_5,Camera-like Traffic Generator,1443.0720427619683,0.2369998532840987,1268
Node_2,Smart Light,1443.3778443991876,1.1689847418901471,74
Node_5,Camera-like Traffic Generator,1443.5601462586294,0.48810349666105035,1256
Node_5,Camera-like Traffic Generator,1443.8367832909762,0.27663703234672576,1269
Node_3,Smart Plug,1443.9618742976306,1.2602014222741391,63
Node_5,Camera-like Traffic Generator,1444.1525822623398,0.31579897136369,1311
Node_5,Camera-like Traffic Generator,1444.5263661795261,0.3737839171862266,1494
Node_5,Camera-like Traffic Generator,1444.8846743163942,0.3583081368680875,1388
Node_1,Temperature Sensor,1444.9119149434334,2.084957039977179,62
Node_4,Motion Sensor,1444.9615516784625,4.425598282700345,67
Node_2,Smart Light,1445.0283847793087,1.6505403801212246,61
Node_5,Camera-like Traffic Generator,1445.3501140820415,0.46543976564718365,1382
Node_3,Smart Plug,1445.4220877970565,1.460213499425853,88
Node_5,Camera-like Traffic Generator,1445.729769210895,0.3796551288535912,1153
Node_5,Camera-like Traffic Generator,1446.225354353674,0.4955851427789824,1240
Node_3,Smart Plug,1446.3204799033902,0.8983921063335896,64
Node_5,Camera-like Traffic Generator,1446.636277624852,0.41092327117810745,1418
Node_5,Camera-like Traffic Generator,1446.8676738632257,0.23139623837375828,1419
Node_2,Smart Light,1446.9049289169081,1.8765441375994762,70
Node_1,Temperature Sensor,1447.0693248405405,2.1574098971071534,84
Node_5,Camera-like Traffic Generator,1447.2719809853165,0.4043071220908991,1126
Node_5,Camera-like Traffic Generator,1447.5417463438162,0.26976535849965183,1405
Node_3,Smart Plug,1447.6346161883537,1.3141362849635927,97
Node_5,Camera-like Traffic Generator,1448.0003007109312,0.45855436711512365,1493
Node_5,Camera-like Traffic Generator,1448.3624348183146,0.3621341073834128,1481
Node_2,Smart Light,1448.439662351102,1.5347334341938406,61
Node_5,Camera-like Traffic Generator,1448.7755765984807,0.41314178016625325,1087
Node_3,Smart Plug,1448.799986479564,1.1653702912103534,93
Node_5,Camera-like Traffic Generator,1449.0152369499908,0.23966035151010429,1101
Node_5,Camera-like Traffic Generator,1449.382261068404,0.3670241184131,1113
Node_5,Camera-like Traffic Generator,1449.7171202067498,0.334859138345869,1260
Node_1,Temperature Sensor,1449.7432935511536,2.673968710613113,70
Node_5,Camera-like Traffic Generator,1449.988600356305,0.2714801495552357,1396
Node_5,Camera-like Traffic Generator,1450.2338847191331,0.24528436282825303,1056
Node_3,Smart Plug,1450.2647586298017,1.4647721502377173,97
Node_2,Smart Light,1450.4343425847592,1.9946802336570648,86
Node_5,Camera-like Traffic Generator,1450.6277061239914,0.39382140485837525,1274
Node_5,Camera-like Traffic Generator,1450.8367311927034,0.20902506871200463,1459
Node_4,Motion Sensor,1450.9200958948734,5.958544216410963,92
Node_5,Camera-like Traffic Generator,1451.0838661008663,0.2471349081628802,1440
Node_3,Smart Plug,1451.2410242707126,0.9762656409108323,95
Node_5,Camera-like Traffic Generator,1451.3468931779973,0.2630270771311345,1086
Node_5,Camera-like Traffic Generator,1451.806973399698,0.46008022170070695,1462
Node_2,Smart Light,1452.08791020316,1.6535676184007526,60
Node_3,Smart Plug,1452.2076780693812,0.9666537986686448,64
Node_5,Camera-like Traffic Generator,1452.220480604748,0.4135072050498591,1278
Node_1,Temperature Sensor,1452.4052322439618,2.661938692808261,79
Node_5,Camera-like Traffic Generator,1452.4841079427874,0.26362733803939054,1072
Node_5,Camera-like Traffic Generator,1452.697542573009,0.21343463022160752,1058
Node_5,Camera-like Traffic Generator,1452.9530768551049,0.2555342820957738,1087
Node_5,Camera-like Traffic Generator,1453.1537106343094,0.20063377920451192,1031
Node_5,Camera-like Traffic Generator,1453.5103171014953,0.35660646718578,1230
Node_3,Smart Plug,1453.5723591413137,1.3646810719325186,73
Node_2,Smart Light,1453.7776599515373,1.6897497483774262,76
Node_5,Camera-like Traffic Generator,1453.824137828176,0.31382072668063865,1022
Node_4,Motion Sensor,1453.9699868072075,3.0498909123341136,61
Node_5,Camera-like Traffic Generator,1454.0330779739395,0.20894014576358313,1420
Node_5,Camera-like Traffic Generator,1454.4121379242126,0.37905995027305117,1433
Node_3,Smart Plug,1454.7813874957205,1.2090283544068443,75
Node_1,Temperature Sensor,1454.8472764306596,2.442044186697779,70
Node_5,Camera-like Traffic Generator,1454.8880030360153,0.47586511180260366,1338
Node_2,Smart Light,1455.157913714465,1.3802537629276146,81
Node_5,Camera-like Traffic Generator,1455.3024628226976,0.4144597866823535,1060
Node_5,Camera-like Traffic Generator,1455.6667851305904,0.36432230789276526,1408
Node_5,Camera-like Traffic Generator,1455.923590379982,0.2568052493915066,1191
Node_3,Smart Plug,1456.105249456197,1.3238619604764228,69
Node_5,Camera-like Traffic Generator,1456.1514725222473,0.2278821422653583,1030
Node_5,Camera-like Traffic Generator,1456.56882430435,0.4173517821026559,1448
Node_2,Smart Light,1456.6323100527927,1.4743963383277372,66
Node_5,Camera-like Traffic Generator,1456.8556332032354,0.28680889888530114,1159
Node_5,Camera-like Traffic Generator,1457.1288237909373,0.27319058770199106,1471
Node_3,Smart Plug,1457.201257755135,1.09600829893802,65
Node_5,Camera-like Traffic Generator,1457.5057135811824,0.3768897902451487,1377
Node_1,Temperature Sensor,1457.602219574328,2.7549431436683705,64
Node_5,Camera-like Traffic Generator,1457.941564217432,0.43585063624960446,1138
Node_3,Smart Plug,1458.12386573394,0.9226079788049761,98
Node_2,Smart Light,1458.3275020820136,1.695192029220909,85
Node_5,Camera-like Traffic Generator,1458.3764757302042,0.4349115127721618,1383
Node_5,Camera-like Traffic Generator,1458.7415751691728,0.3650994389687058,1069
Node_5,Camera-like Traffic Generator,1459.036033720079,0.2944585509061739,1204
Node_3,Smart Plug,1459.2314985228504,1.1076327889104403,70
Node_4,Motion Sensor,1459.392660242772,5.42267343556463,77
Node_5,Camera-like Traffic Generator,1459.5307663188653,0.4947325987861341,1158
Node_2,Smart Light,1459.6286185367703,1.3011164547567922,86
Node_5,Camera-like Traffic Generator,1459.9336506825243,0.40288436365896196,1048
Node_1,Temperature Sensor,1460.032133207726,2.4299136333978906,71
Node_5,Camera-like Traffic Generator,1460.1347456568005,0.2010949742761755,1366
Node_3,Smart Plug,1460.4441351839266,1.2126366610761568,79
Node_5,Camera-like Traffic Generator,1460.6331211993001,0.4983755424996503,1228
Node_5,Camera-like Traffic Generator,1461.0586002472041,0.42547904790403923,1457
Node_5,Camera-like Traffic Generator,1461.259652740143,0.20105249293906602,1408
Node_2,Smart Light,1461.291101502659,1.6624829658888967,70
Node_3,Smart Plug,1461.5064286731274,1.0622934892008633,97
Node_5,Camera-like Traffic Generator,1461.5433370510789,0.2836843109357172,1164
Node_5,Camera-like Traffic Generator,1461.9659953989872,0.42265834790839174,1189
Node_5,Camera-like Traffic Generator,1462.4162227416998,0.45022734271258014,1165
Node_3,Smart Plug,1462.527971635634,1.0215429625065737,76
Node_1,Temperature Sensor,1462.7106194624862,2.678486254760133,79
Node_5,Camera-like Traffic Generator,1462.8871045570045,0.47088181530467776,1023
Node_2,Smart Light,1462.896735839583,1.605634336924004,65
Node_5,Camera-like Traffic Generator,1463.216959808255,0.3298552512506636,1448
Node_5,Camera-like Traffic Generator,1463.5339400236155,0.3169802153604071,1134
Node_5,Camera-like Traffic Generator,1463.7560877476772,0.22214772406155298,1452
Node_3,Smart Plug,1463.8058885489083,1.2779169132742485,98
Node_5,Camera-like Traffic Generator,1464.0739839608723,0.3178962131950405,1185
Node_4,Motion Sensor,1464.212949291724,4.820289048951927,84
Node_5,Camera-like Traffic Generator,1464.5342350807987,0.46025111992629264,1354
Node_2,Smart Light,1464.727388560054,1.8306527204708898,64
Node_5,Camera-like Traffic Generator,1464.9454589777806,0.4112238969819027,1445
Node_3,Smart Plug,1465.2214920275262,1.4156034786179013,97
Node_1,Temperature Sensor,1465.3777520212225,2.6671325587363497,61
Node_5,Camera-like Traffic Generator,1465.4282378217754,0.4827788439947265,1493
Node_5,Camera-like Traffic Generator,1465.6287135155849,0.20047569380945604,1223
Node_5,Camera-like Traffic Generator,1465.9258928183829,0.29717930279799903,1199
Node_3,Smart Plug,1466.2755906361142,1.054098608588094,88
Node_5,Camera-like Traffic Generator,1466.371276290205,0.445383471822131,1458
Node_2,Smart Light,1466.4461547845701,1.718766224516168,64
Node_5,Camera-like Traffic Generator,1466.6519356590757,0.28065936887061427,1309
Node_5,Camera-like Traffic Generator,1466.864522958697,0.212587299621387,1307
Node_5,Camera-like Traffic Generator,1467.1747082341617,0.3101852754645174,1280
Node_5,Camera-like Traffic Generator,1467.4331024354774,0.2583942013157081,1209
Node_4,Motion Sensor,1467.4570569854932,3.2441076937690516,97
Node_2,Smart Light,1467.5601673372544,1.114012552684248,64
Node_3,Smart Plug,1467.6505463924486,1.3749557563343642,60
Node_5,Camera-like Traffic Generator,1467.6937930633821,0.2606906279046858,1276
Node_1,Temperature Sensor,1467.77301541731,2.395263396087629,83
Node_5,Camera-like Traffic Generator,1468.007169257325,0.3133761939427908,1362
Node_5,Camera-like Traffic Generator,1468.3765497722934,0.36938051496855184,1202
Node_5,Camera-like Traffic Generator,1468.6930740550029,0.3165242827093599,1229
Node_2,Smart Light,1468.7588139989607,1.1986466617062823,67
Node_5,Camera-like Traffic Generator,1468.8977020446705,0.2046279896675523,1117
Node_3,Smart Plug,1469.1273100039864,1.4767636115376694,84
Node_5,Camera-like Traffic Generator,1469.2277367548945,0.33003471022403996,1277
Node_5,Camera-like Traffic Generator,1469.6970485837358,0.4693118288411477,1282
Node_1,Temperature Sensor,1469.78070250321,2.007687085899883,72
Node_2,Smart Light,1470.0218079145745,1.2629939156137318,80
Node_5,Camera-like Traffic Generator,1470.038792110781,0.3417435270454108,1497
Node_5,Camera-like Traffic Generator,1470.4369156626285,0.3981235518474252,1242
Node_3,Smart Plug,1470.516341080549,1.389031076562515,86
Node_5,Camera-like Traffic Generator,1470.821225231047,0.3843095684185204,1182
Node_5,Camera-like Traffic Generator,1471.1325239563605,0.31129872531335967,1295
Node_2,Smart Light,1471.2234811045566,1.2016731899821895,88
Node_5,Camera-like Traffic Generator,1471.386706982085,0.25418302572448853,1226
Node_5,Camera-like Traffic Generator,1471.6099672921596,0.22326031007472358,1227
Node_5,Camera-like Traffic Generator,1471.9230836616082,0.31311636944869226,1346
Node_3,Smart Plug,1471.9749348740474,1.458593793498506,87
Node_1,Temperature Sensor,1471.9919364824304,2.2112339792203124,65
Node_5,Camera-like Traffic Generator,1472.1941079262863,0.2710242646779959,1011
Node_5,Camera-like Traffic Generator,1472.4202005676384,0.2260926413521939,1215
Node_2,Smart Light,1472.5188323055572,1.295351201000613,61
Node_5,Camera-like Traffic Generator,1472.8306632267083,0.4104626590698969,1494
Node_5,Camera-like Traffic Generator,1473.1670288650448,0.336365638336398,1481
Node_4,Motion Sensor,1473.249590498118,5.792533512624843,94
Node_3,Smart Plug,1473.3270967715437,1.3521618974962757,69
Node_5,Camera-like Traffic Generator,1473.5236218523228,0.35659298727805666,1279
Node_5,Camera-like Traffic Generator,1473.9854263827647,0.4618045304419964,1190
Node_2,Smart Light,1474.0151870189254,1.4963547133680928,68
Node_1,Temperature Sensor,1474.247455986452,2.2555195040214593,73
Node_5,Camera-like Traffic Generator,1474.2762440845315,0.2908177017668885,1039
Node_3,Smart Plug,1474.5140063038618,1.1869095323181387,72
Node_5,Camera-like Traffic Generator,1474.7326782576815,0.45643417315001267,1380
Node_5,Camera-like Traffic Generator,1475.2267979276942,0.4941196700125687,1285
Node_5,Camera-like Traffic Generator,1475.7071552262603,0.48035729856610343,1470
Node_2,Smart Light,1475.9483113635772,1.9331243446518775,73
Node_3,Smart Plug,1475.9849448321197,1.4709385282578449,74
Node_5,Camera-like Traffic Generator,1476.1423447515836,0.4351895253233288,1180
Node_1,Temperature Sensor,1476.2551858930212,2.007729906569312,89
Node_5,Camera-like Traffic Generator,1476.4954937796635,0.35314902808000426,1485
Node_5,Camera-like Traffic Generator,1476.7308273448255,0.23533356516190762,1243
Node_2,Smart Light,1476.9510493626346,1.0027379990573926,86
Node_5,Camera-like Traffic Generator,1477.0180635436964,0.28723619887098595,1045
Node_3,Smart Plug,1477.3535200413476,1.3685752092277546,64
Node_5,Camera-like Traffic Generator,1477.44244950813,0.4243859644337812,1244
Node_5,Camera-like Traffic Generator,1477.7579784789425,0.3155289708125364,1092
Node_5,Camera-like Traffic Generator,1477.9803669649775,0.22238848603495653,1270
Node_5,Camera-like Traffic Generator,1478.4195373609361,0.4391703959586896,1322
Node_1,Temperature Sensor,1478.430880694897,2.175694801875842,75
Node_5,Camera-like Traffic Generator,1478.6629333889489,0.24339602801277688,1045
Node_3,Smart Plug,1478.7603870959401,1.4068670545925746,94
Node_2,Smart Light,1478.8579294069045,1.906880044269792,93
Node_4,Motion Sensor,1478.9651987842408,5.715608286122733,71
Node_5,Camera-like Traffic Generator,1479.07676441936,0.4138310304110213,1201
Node_5,Camera-like Traffic Generator,1479.318095651928,0.24133123256804598,1133
Node_5,Camera-like Traffic Generator,1479.5669112885796,0.24881563665176915,1301
Node_3,Smart Plug,1479.8323168063396,1.0719297103994063,96
Node_5,Camera-like Traffic Generator,1479.9101696709617,0.34325838238209655,1256
Node_5,Camera-like Traffic Generator,1480.1325041112734,0.2223344403116683,1026
Node_2,Smart Light,1480.5269513374062,1.66902193050164,65
Node_5,Camera-like Traffic Generator,1480.5446439961363,0.41213988486299236,1497
Node_3,Smart Plug,1480.9073997041014,1.0750828977618752,99
Node_5,Camera-like Traffic Generator,1481.0098078482565,0.4651638521201919,1360
Node_1,Temperature Sensor,1481.1345519582796,2.7036712633826636,80
Node_5,Camera-like Traffic Generator,1481.3197402528635,0.3099324046069407,1458
Node_5,Camera-like Traffic Generator,1481.5513109902774,0.23157073741400425,1276
Node_2,Smart Light,1481.6170340109823,1.0900826735759246,80
Node_3,Smart Plug,1481.8862732871098,0.9788735830085107,63
Node_5,Camera-like Traffic Generator,1481.9556155668538,0.40430457657646046,1186
Node_5,Camera-like Traffic Generator,1482.4056472597647,0.45003169291095807,1022
Node_4,Motion Sensor,1482.5504296498373,3.585230865596428,80
Node_5,Camera-like Traffic Generator,1482.7361825578578,0.33053529809304094,1252
Node_5,Camera-like Traffic Generator,1482.9370484014032,0.20086584354547077,1288
Node_5,Camera-like Traffic Generator,1483.174946961669,0.23789856026596745,1434
Node_3,Smart Plug,1483.2621686951268,1.3758954080169465,69
Node_2,Smart Light,1483.3405976278807,1.723563616898479,64
Node_5,Camera-like Traffic Generator,1483.5240304504698,0.34908348880075935,1000
Node_5,Camera-like Traffic Generator,1483.8963872348538,0.37235678438409076,1469
Node_1,Temperature Sensor,1483.9679061606996,2.833354202419878,92
Node_5,Camera-like Traffic Generator,1484.1113215468026,0.21493431194879709,1316
Node_3,Smart Plug,1484.209439239012,0.9472705438851693,95
Node_5,Camera-like Traffic Generator,1484.3771887344635,0.26586718766094913,1352
Node_2,Smart Light,1484.5964897306314,1.2558921027506649,69
Node_5,Camera-like Traffic Generator,1484.6798400751493,0.30265134068580435,1137
Node_5,Camera-like Traffic Generator,1484.8956924164868,0.21585234133755749,1085
Node_5,Camera-like Traffic Generator,1485.3438766581453,0.4481842416584769,1139
Node_3,Smart Plug,1485.6505627998815,1.441123560869635,85
Node_5,Camera-like Traffic Generator,1485.8032316774838,0.459355019338435,1495
Node_1,Temperature Sensor,1486.0399816572917,2.072075496592158,94
Node_5,Camera-like Traffic Generator,1486.154161282319,0.3509296048349626,1459
Node_5,Camera-like Traffic Generator,1486.537469245172,0.3833079628529362,1443
Node_2,Smart Light,1486.585155661389,1.988665930757604,71
Node_5,Camera-like Traffic Generator,1487.003112889775,0.46564364460307534,1139
Node_3,Smart Plug,1487.066189873144,1.4156270732624339,90
Node_5,Camera-like Traffic Generator,1487.2206361190958,0.21752322932100163,1242
Node_4,Motion Sensor,1487.2661075247793,4.715677874942019,80
Node_5,Camera-like Traffic Generator,1487.6162210144355,0.3955848953395781,1456
Node_5,Camera-like Traffic Generator,1487.9712340612577,0.3550130468221788,1080
Node_2,Smart Light,1488.0494330186252,1.4642773572361483,63
Node_1,Temperature Sensor,1488.0822839188545,2.0423022615627913,60
Node_3,Smart Plug,1488.1505920443126,1.0844021711686416,61
Node_5,Camera-like Traffic Generator,1488.2497793307405,0.2785452694827544,1226
Node_5,Camera-like Traffic Generator,1488.4768061698542,0.22702683911379362,1496
Node_5,Camera-like Traffic Generator,1488.6985525669982,0.22174639714394376,1470
Node_5,Camera-like Traffic Generator,1489.0612260468924,0.36267347989424165,1465
Node_2,Smart Light,1489.2241348275707,1.174701808945391,61
Node_5,Camera-like Traffic Generator,1489.4929547445497,0.4317286976571566,1003
Node_3,Smart Plug,1489.5571032561256,1.4065112118129894,92
Node_5,Camera-like Traffic Generator,1489.7127280700054,0.2197733254557493,1393
Node_5,Camera-like Traffic Generator,1490.1956194133065,0.4828913433010688,1320
Node_2,Smart Light,1490.5147020048084,1.2905671772376794,92
Node_5,Camera-like Traffic Generator,1490.6215368471394,0.4259174338328645,1029
Node_4,Motion Sensor,1490.649691588233,3.383584063453787,72
Node_5,Camera-like Traffic Generator,1490.8563874428246,0.23485059568515632,1185
Node_1,Temperature Sensor,1491.0034463533568,2.9211624345024125,94
Node_3,Smart Plug,1491.0154500502554,1.458346794129791,78
Node_5,Camera-like Traffic Generator,1491.0566951516776,0.2003077088529283,1089
Node_5,Camera-like Traffic Generator,1491.395841708873,0.3391465571952803,1403
Node_2,Smart Light,1491.8274091117712,1.3127071069627643,89
Node_5,Camera-like Traffic Generator,1491.8901581723799,0.4943164635068512,1328
Node_3,Smart Plug,1492.1045229732342,1.0890729229789082,93
Node_5,Camera-like Traffic Generator,1492.1846531831713,0.294495010791562,1213
Node_5,Camera-like Traffic Generator,1492.6089126428758,0.4242594597044109,1021
Node_5,Camera-like Traffic Generator,1492.9177308376543,0.3088181947784411,1473
Node_2,Smart Light,1492.9224075821019,1.0949984703305802,90
Node_5,Camera-like Traffic Generator,1493.3763892299212,0.45865839226680644,1220
Node_3,Smart Plug,1493.4066931857687,1.3021702125344887,95
Node_1,Temperature Sensor,1493.5792055140937,2.575759160736831,82
Node_5,Camera-like Traffic Generator,1493.8226338822733,0.44624465235213606,1068
Node_2,Smart Light,1493.9682966691953,1.0458890870934152,94
Node_5,Camera-like Traffic Generator,1494.0357889262168,0.21315504394358703,1231
Node_5,Camera-like Traffic Generator,1494.4786875225116,0.44289859629464434,1296
Node_3,Smart Plug,1494.780862103084,1.3741689173152811,92
Node_5,Camera-like Traffic Generator,1494.8828331507584,0.4041456282467526,1002
Node_5,Camera-like Traffic Generator,1495.2279932213933,0.3451600706348397,1453
Node_2,Smart Light,1495.631651696686,1.663355027490844,66
Node_4,Motion Sensor,1495.668878069984,5.019186481750863,94
Node_5,Camera-like Traffic Generator,1495.6769863521397,0.44899313074642627,1326
Node_3,Smart Plug,1496.0697996343665,1.2889375312825968,80
Node_5,Camera-like Traffic Generator,1496.1401633204703,0.4631769683305472,1287
Node_1,Temperature Sensor,1496.2887044756626,2.709498961568934,76
Node_5,Camera-like Traffic Generator,1496.4338408327922,0.2936775123218619,1355
Node_5,Camera-like Traffic Generator,1496.8435788853385,0.40973805254631246,1113
Node_2,Smart Light,1496.9891791009238,1.3575274042377443,77
Node_3,Smart Plug,1497.1160990769752,1.0462994426087244,84
Node_5,Camera-like Traffic Generator,1497.2373368033852,0.3937579180468229,1398
Node_5,Camera-like Traffic Generator,1497.593907695723,0.3565708923376915,1206
Node_5,Camera-like Traffic Generator,1497.9605075712022,0.36659987547938006,1106
Node_1,Temperature Sensor,1498.4038778483264,2.115173372663798,60
Node_5,Camera-like Traffic Generator,1498.417746551016,0.45723897981373596,1172
Node_3,Smart Plug,1498.4854987108552,1.3693996338800296,89
Node_2,Smart Light,1498.6109861342563,1.6218070333325072,95
Node_5,Camera-like Traffic Generator,1498.7962999316628,0.3785533806467597,1139
Node_5,Camera-like Traffic Generator,1499.1379651499103,0.34166521824745333,1057
Node_4,Motion Sensor,1499.17303662413,3.5041585541458855,64
Node_5,Camera-like Traffic Generator,1499.5888648613093,0.4508997113988603,1044
Node_3,Smart Plug,1499.6027819380504,1.1172832271951965,61
Node_2,Smart Light,1499.7039374496937,1.0929513154374222,92
Node_5,Camera-like Traffic Generator,1499.9761864291272,0.3873215678178479,1360
Node_3,Smart Plug,1500.4392511140818,0.8364691760313582,85
Node_5,Camera-like Traffic Generator,1500.4538950686474,0.47770863952022197,1488
Node_5,Camera-like Traffic Generator,1500.7145504445261,0.2606553758787516,1155
Node_1,Temperature Sensor,1500.728646027772,2.3247681794455137,92
Node_2,Smart Light,1500.8868068699974,1.1828694203036427,76
Node_5,Camera-like Traffic Generator,1501.076076386351,0.36152594182485887,1106
Node_5,Camera-like Traffic Generator,1501.5072300884729,0.43115370212201665,1386
Node_3,Smart Plug,1501.6803605531447,1.2411094390629491,91
Node_5,Camera-like Traffic Generator,1501.7178865904018,0.21065650192905278,1166
Node_5,Camera-like Traffic Generator,1501.9640053110638,0.24611872066213564,1387
Node_5,Camera-like Traffic Generator,1502.3632016615134,0.39919635044956325,1201
Node_3,Smart Plug,1502.5756251094197,0.8952645562749584,76
Node_5,Camera-like Traffic Generator,1502.768582371392,0.4053807098787484,1034
Node_2,Smart Light,1502.8491168001472,1.962309930149754,70
Node_5,Camera-like Traffic Generator,1503.2363029298047,0.46772055841260385,1106
Node_1,Temperature Sensor,1503.346771291076,2.6181252633042402,93
Node_5,Camera-like Traffic Generator,1503.7007975249978,0.46449459519312875,1395
Node_3,Smart Plug,1503.81543250069,1.2398073912701255,72
Node_5,Camera-like Traffic Generator,1504.0087804401262,0.30798291512843307,1128
Node_4,Motion Sensor,1504.1609629554564,4.987926331326394,68
Node_2,Smart Light,1504.2348322899065,1.3857154897593142,94
Node_5,Camera-like Traffic Generator,1504.4379627055598,0.4291822654336146,1411
Node_3,Smart Plug,1504.6729949366863,0.8575624359963815,66
Node_5,Camera-like Traffic Generator,1504.739181238043,0.30121853248333286,1459
Node_5,Camera-like Traffic Generator,1505.0653842963975,0.32620305835442176,1030
Node_5,Camera-like Traffic Generator,1505.523997557098,0.4586132607005726,1489
Node_3,Smart Plug,1505.834451060422,1.1614561237357166,98
Node_5,Camera-like Traffic Generator,1505.8546240732292,0.3306265161311279,1372
Node_2,Smart Light,1506.0347313868556,1.7998990969489501,85
Node_5,Camera-like Traffic Generator,1506.1889654693086,0.3343413960794124,1294
Node_1,Temperature Sensor,1506.2665410428174,2.9197697517413848,63
Node_5,Camera-like Traffic Generator,1506.4546742883174,0.26570881900875215,1358
Node_5,Camera-like Traffic Generator,1506.7300855668282,0.27541127851082925,1149
Node_5,Camera-like Traffic Generator,1507.0926681725405,0.3625826057122197,1097
Node_3,Smart Plug,1507.2158860274512,1.3814349670292914,90
Node_5,Camera-like Traffic Generator,1507.3837600921586,0.2910919196181141,1088
Node_5,Camera-like Traffic Generator,1507.8238206716997,0.44006057954099365,1191
Node_2,Smart Light,1507.831640943891,1.796909557035407,64
Node_5,Camera-like Traffic Generator,1508.3182398503593,0.49441917865975266,1453
Node_3,Smart Plug,1508.6087583283131,1.39287230086186,87
Node_5,Camera-like Traffic Generator,1508.8089540066512,0.4907141562919534,1148
Node_1,Temperature Sensor,1509.111025402632,2.8444843598146967,69
Node_5,Camera-like Traffic Generator,1509.2834553567363,0.4745013500852132,1270
Node_4,Motion Sensor,1509.4207205176813,5.259757562224788,63
Node_2,Smart Light,1509.5278108174148,1.696169873523795,62
Node_5,Camera-like Traffic Generator,1509.5827098538784,0.2992544971421193,1026
Node_3,Smart Plug,1509.9636079347495,1.354849606436437,72
Node_5,Camera-like Traffic Generator,1510.0276011750407,0.44489132116213476,1463
Node_5,Camera-like Traffic Generator,1510.4390075521105,0.41140637706992245,1196
Node_5,Camera-like Traffic Generator,1510.7737032443663,0.3346956922558128,1167
Node_5,Camera-like Traffic Generator,1510.9977217317696,0.2240184874032931,1480
Node_3,Smart Plug,1511.0984637707197,1.134855835970149,89
Node_5,Camera-like Traffic Generator,1511.2455584606241,0.247836728854455,1282
Node_2,Smart Light,1511.4702778054148,1.9424669879999001,66
Node_5,Camera-like Traffic Generator,1511.6643144206967,0.4187559600725441,1004
Node_1,Temperature Sensor,1511.699896690935,2.588871288302912,80
Node_5,Camera-like Traffic Generator,1511.874518711759,0.21020429106244926,1468
Node_3,Smart Plug,1512.0809396864306,0.9824759157108912,87
Node_5,Camera-like Traffic Generator,1512.3452127144894,0.4706940027303839,1162
Node_5,Camera-like Traffic Generator,1512.5579642658197,0.21275155133020393,1314
Node_5,Camera-like Traffic Generator,1512.8508062569997,0.2928419911800769,1013
Node_2,Smart Light,1512.8863055220456,1.4160277166308965,83
Node_5,Camera-like Traffic Generator,1513.3478401106797,0.497033853680093,1050
Node_3,Smart Plug,1513.45967771297,1.3787380265392832,91
Node_5,Camera-like Traffic Generator,1513.6179114110219,0.2700713003420752,1475
Node_4,Motion Sensor,1513.7254007383156,4.304680220634374,66
Node_1,Temperature Sensor,1514.0956633877943,2.395766696859333,72
Node_5,Camera-like Traffic Generator,1514.1169458316465,0.499034420624637,1231
Node_3,Smart Plug,1514.398742316709,0.9390646037390773,76
Node_5,Camera-like Traffic Generator,1514.4691989474377,0.35225311579123986,1193
Node_2,Smart Light,1514.6885703060907,1.802264784045096,87
Node_5,Camera-like Traffic Generator,1514.8495070532035,0.38030810576590945,1343
Node_5,Camera-like Traffic Generator,1515.0922043167018,0.24269726349830767,1402
Node_3,Smart Plug,1515.3260647943735,0.9273224776643956,95
Node_5,Camera-like Traffic Generator,1515.50345219733,0.41124788062817486,1222
Node_5,Camera-like Traffic Generator,1515.820171723503,0.3167195261731373,1343
Node_2,Smart Light,1515.869830866628,1.181260560537302,75
Node_5,Camera-like Traffic Generator,1516.0733160030013,0.2531442794982867,1316
Node_5,Camera-like Traffic Generator,1516.3951528747677,0.3218368717664929,1310
Node_1,Temperature Sensor,1516.4351766689426,2.339513281148464,73
Node_3,Smart Plug,1516.7873948027632,1.4613300083896168,95
Node_5,Camera-like Traffic Generator,1516.8709660510283,0.47581317626045905,1157
Node_2,Smart Light,1517.2284297814551,1.3585989148270965,61
Node_5,Camera-like Traffic Generator,1517.3469411873355,0.47597513630725635,1134
Node_3,Smart Plug,1517.7445357961983,0.9571409934350419,97
Node_5,Camera-like Traffic Generator,1517.8290902192796,0.48214903194418063,1341
Node_5,Camera-like Traffic Generator,1518.3285534869053,0.4994632676258311,1446
Node_1,Temperature Sensor,1518.6033093769884,2.1681327080456865,80
Node_5,Camera-like Traffic Generator,1518.72861190721,0.40005842030473016,1091
Node_2,Smart Light,1518.9128939148366,1.6844641333814727,93
Node_3,Smart Plug,1519.1907144425168,1.4461786463183983,85
Node_5,Camera-like Traffic Generator,1519.1989469824255,0.47033507521542983,1392
Node_4,Motion Sensor,1519.5123028156588,5.786902077343333,90
Node_5,Camera-like Traffic Generator,1519.6689763243749,0.4700293419492773,1178
Node_5,Camera-like Traffic Generator,1520.1575700026842,0.48859367830944295,1005
Node_3,Smart Plug,1520.4293535927793,1.2386391502625873,96
Node_5,Camera-like Traffic Generator,1520.6155494800696,0.457979477385463,1379
Node_1,Temperature Sensor,1520.717336016827,2.1140266398385528,80
Node_2,Smart Light,1520.8863384950619,1.9734445802253693,65
Node_5,Camera-like Traffic Generator,1521.0254402925239,0.40989081245431197,1025
Node_5,Camera-like Traffic Generator,1521.3212925545536,0.295852262029783,1168
Node_5,Camera-like Traffic Generator,1521.7801396534692,0.4588470989155939,1465
Node_3,Smart Plug,1521.9112428930043,1.4818893002249107,67
Node_5,Camera-like Traffic Generator,1522.252091333083,0.47195167961383117,1173
Node_5,Camera-like Traffic Generator,1522.6914756213969,0.4393842883140065,1343
Node_2,Smart Light,1522.8067364807,1.9203979856381026,64
Node_5,Camera-like Traffic Generator,1523.0679357860174,0.3764601646206446,1220
Node_4,Motion Sensor,1523.1734309205656,3.661128104906715,79
Node_3,Smart Plug,1523.2021257009467,1.290882807942343,66
Node_5,Camera-like Traffic Generator,1523.5351148183229,0.46717903230555774,1169
Node_1,Temperature Sensor,1523.623258748407,2.90592273158005,73
Node_5,Camera-like Traffic Generator,1523.8665333242654,0.33141850594249267,1021
Node_2,Smart Light,1524.218020744435,1.4112842637351743,61
Node_3,Smart Plug,1524.2828501387244,1.0807244377777192,77
Node_5,Camera-like Traffic Generator,1524.316959383837,0.4504260595716075,1049
Node_5,Camera-like Traffic Generator,1524.6498420572143,0.332882673377211,1095
Node_5,Camera-like Traffic Generator,1524.8885825978016,0.23874054058722166,1297
Node_5,Camera-like Traffic Generator,1525.1034378424026,0.21485524460095987,1176
Node_3,Smart Plug,1525.264960584704,0.9821104459798026,63
Node_2,Smart Light,1525.4796336116635,1.2616128672284899,72
Node_5,Camera-like Traffic Generator,1525.5263869015387,0.4229490591359597,1337
Node_5,Camera-like Traffic Generator,1525.919560891255,0.3931739897162847,1456
Node_5,Camera-like Traffic Generator,1526.3194890112222,0.3999281199671241,1414
Node_3,Smart Plug,1526.3225046925816,1.0575441078773589,97
Node_1,Temperature Sensor,1526.3506378540808,2.7273791056739043,92
Node_5,Camera-like Traffic Generator,1526.533932360337,0.2144433491149308,1491
Node_5,Camera-like Traffic Generator,1526.8202860481838,0.28635368784679316,1338
Node_5,Camera-like Traffic Generator,1527.0851555883012,0.26486954011731156,1152
Node_2,Smart Light,1527.1842017881443,1.704568176480623,87
Node_3,Smart Plug,1527.2046500557476,0.8821453631660374,88
Node_5,Camera-like Traffic Generator,1527.5015659033652,0.41641031506405357,1101
Node_5,Camera-like Traffic Generator,1527.970744627458,0.4691787240929415,1059
Node_5,Camera-like Traffic Generator,1528.2539748726047,0.2832302451466243,1063
Node_3,Smart Plug,1528.3092611704683,1.104611114720639,96
Node_5,Camera-like Traffic Generator,1528.4634046899794,0.20942981737469182,1107
Node_5,Camera-like Traffic Generator,1528.6770868292863,0.21368213930684837,1305
Node_4,Motion Sensor,1528.86596357178,5.69253265121433,65
Node_2,Smart Light,1528.9517305064342,1.7675287182899102,83
Node_1,Temperature Sensor,1529.1656748598307,2.815037005750014,69
Node_5,Camera-like Traffic Generator,1529.1687780113043,0.4916911820180351,1142
Node_5,Camera-like Traffic Generator,1529.3903806066248,0.22160259532055496,1149
Node_3,Smart Plug,1529.4268566760268,1.117595505558552,86
Node_5,Camera-like Traffic Generator,1529.7744098838375,0.38402927721259883,1046
Node_5,Camera-like Traffic Generator,1530.0408243003976,0.26641441656012604,1326
Node_3,Smart Plug,1530.309815320336,0.8829586443091837,88
Node_5,Camera-like Traffic Generator,1530.5049743386446,0.4641500382469005,1308
Node_2,Smart Light,1530.5167427321217,1.5650122256873913,99
Node_5,Camera-like Traffic Generator,1530.7572530643577,0.2522787257131435,1272
Node_5,Camera-like Traffic Generator,1531.0610855165653,0.3038324522077259,1375
Node_3,Smart Plug,1531.2431962360242,0.9333809156882511,94
Node_1,Temperature Sensor,1531.3121190781085,2.1464442182776944,67
Node_5,Camera-like Traffic Generator,1531.5338762861434,0.47279076957806904,1343
Node_5,Camera-like Traffic Generator,1531.8360165693105,0.30214028316700736,1022
Node_5,Camera-like Traffic Generator,1532.152393273446,0.316376704135526,1016
Node_2,Smart Light,1532.186587090336,1.6698443582143154,73
Node_5,Camera-like Traffic Generator,1532.4746603966767,0.32226712323074214,1243
Node_3,Smart Plug,1532.5906815964256,1.3474853604014365,71
Node_5,Camera-like Traffic Generator,1532.956831461838,0.48217106516124836,1006
Node_5,Camera-like Traffic Generator,1533.1625979371827,0.20576647534471035,1285
Node_4,Motion Sensor,1533.4695934804954,4.60362990871552,63
Node_5,Camera-like Traffic Generator,1533.6454693144585,0.4828713772759001,1454
Node_2,Smart Light,1533.7096902655605,1.523103175224674,88
Node_3,Smart Plug,1533.736599306845,1.1459177104193825,65
Node_1,Temperature Sensor,1533.9145180633816,2.6023989852731657,90
Node_5,Camera-like Traffic Generator,1534.00971872209,0.3642494076314341,1036
Node_5,Camera-like Traffic Generator,1534.3257759385788,0.3160572164888579,1219
Node_5,Camera-like Traffic Generator,1534.60460631867,0.2788303800912697,1389
Node_2,Smart Light,1534.8049324040123,1.0952421384516948,86
Node_5,Camera-like Traffic Generator,1535.0732379048975,0.46863158622749723,1498
Node_3,Smart Plug,1535.1360357162039,1.3994364093588603,84
Node_5,Camera-like Traffic Generator,1535.423524056963,0.3502861520656702,1347
Node_5,Camera-like Traffic Generator,1535.6611159733975,0.23759191643444397,1444
Node_5,Camera-like Traffic Generator,1535.926457161401,0.26534118800359746,1096
Node_2,Smart Light,1536.053509398863,1.2485769948507075,73
Node_5,Camera-like Traffic Generator,1536.3809405757431,0.4544834143422008,1153
Node_1,Temperature Sensor,1536.5700270739003,2.655509010518739,67
Node_3,Smart Plug,1536.6326809311852,1.4966452149813043,71
Node_5,Camera-like Traffic Generator,1536.7906073590234,0.40966678328032824,1493
Node_5,Camera-like Traffic Generator,1537.2491737658956,0.4585664068721867,1010
Node_5,Camera-like Traffic Generator,1537.5669629177671,0.3177891518714499,1229
Node_2,Smart Light,1537.7298049672206,1.6762955683574412,75
Node_3,Smart Plug,1537.9067129870143,1.2740320558291243,76
Node_5,Camera-like Traffic Generator,1537.9945917527182,0.42762883495107196,1423
Node_5,Camera-like Traffic Generator,1538.294844036071,0.3002522833528185,1004
Node_5,Camera-like Traffic Generator,1538.5430480698174,0.24820403374630906,1173
Node_4,Motion Sensor,1538.5449471252718,5.075353644776369,97
Node_5,Camera-like Traffic Generator,1538.746364326384,0.20331625656681923,1246
Node_3,Smart Plug,1538.9926798583558,1.0859668713415003,65
Node_5,Camera-like Traffic Generator,1539.2419747871263,0.49561046074215237,1156
Node_1,Temperature Sensor,1539.342875163148,2.77284808924756,79
Node_5,Camera-like Traffic Generator,1539.4809771525192,0.23900236539284278,1195
Node_2,Smart Light,1539.5688379884505,1.8390330212297874,82
Node_5,Camera-like Traffic Generator,1539.7667378713397,0.28576071882047027,1229
Node_3,Smart Plug,1539.9958149314164,1.0031350730604658,70
Node_5,Camera-like Traffic Generator,1540.0431692214154,0.27643135007568503,1291
Node_5,Camera-like Traffic Generator,1540.4314901230778,0.38832090166234257,1330
Node_5,Camera-like Traffic Generator,1540.8032947740307,0.3718046509529422,1389
Node_5,Camera-like Traffic Generator,1541.068945314895,0.2656505408643413,1110
Node_3,Smart Plug,1541.2281910994564,1.2323761680400647,96
Node_5,Camera-like Traffic Generator,1541.3682543089856,0.29930899409058276,1047
Node_2,Smart Light,1541.556629613212,1.9877916247614773,62
Node_5,Camera-like Traffic Generator,1541.5728243119972,0.20457000301158898,1393
Node_5,Camera-like Traffic Generator,1541.9442196161403,0.3713953041430573,1321
Node_1,Temperature Sensor,1542.0973209883948,2.754445825246986,90
Node_3,Smart Plug,1542.286937517128,1.0587464176716816,87
Node_5,Camera-like Traffic Generator,1542.411923721715,0.4677041055748347,1419
Node_5,Camera-like Traffic Generator,1542.625842176711,0.21391845499613024,1122
Node_5,Camera-like Traffic Generator,1543.017004193917,0.3911620172060402,1479
Node_2,Smart Light,1543.2000283297687,1.643398716556813,66
Node_5,Camera-like Traffic Generator,1543.3837399531012,0.36673575918419177,1207
Node_3,Smart Plug,1543.407652395121,1.1207148779929956,60
Node_5,Camera-like Traffic Generator,1543.6597230123054,0.2759830592043155,1006
Node_4,Motion Sensor,1543.843959285361,5.299012160089184,85
Node_5,Camera-like Traffic Generator,1544.1256425469503,0.4659195346449008,1058
Node_3,Smart Plug,1544.3008958503374,0.8932434552163663,72
Node_5,Camera-like Traffic Generator,1544.440850374174,0.3152078272236483,1222
Node_1,Temperature Sensor,1544.5462262453898,2.448905256995063,96
Node_5,Camera-like Traffic Generator,1544.8792238663914,0.4383734922172451,1308
Node_2,Smart Light,1545.0488739045447,1.8488455747760009,94
Node_5,Camera-like Traffic Generator,1545.0811724337557,0.20194856736419325,1448
Node_5,Camera-like Traffic Generator,1545.3815259540247,0.30035352026899403,1487
Node_3,Smart Plug,1545.5860123408972,1.285116490559938,87
Node_5,Camera-like Traffic Generator,1545.8551543843687,0.47362843034387797,1167
Node_5,Camera-like Traffic Generator,1546.3180915777236,0.46293719335501454,1281
Node_5,Camera-like Traffic Generator,1546.7550778959142,0.436986318190444,1271
Node_3,Smart Plug,1546.885347505239,1.2993351643416793,88
Node_2,Smart Light,1546.9182895391575,1.869415634612768,62
Node_5,Camera-like Traffic Generator,1547.0520611823333,0.2969832864192349,1282
Node_1,Temperature Sensor,1547.1107180287927,2.5644917834027994,85
Node_5,Camera-like Traffic Generator,1547.3078815954632,0.2558204131299112,1085
Node_5,Camera-like Traffic Generator,1547.7289655895097,0.42108399404644226,1385
Node_4,Motion Sensor,1547.9749902526748,4.131030967313807,89
Node_5,Camera-like Traffic Generator,1548.022471050653,0.2935054611433009,1197
Node_3,Smart Plug,1548.2006203790133,1.3152728737744477,70
Node_5,Camera-like Traffic Generator,1548.2917546015262,0.2692835508732153,1421
Node_2,Smart Light,1548.409937500302,1.4916479611444013,69
Node_5,Camera-like Traffic Generator,1548.617478682486,0.325724080959789,1402
Node_5,Camera-like Traffic Generator,1548.8712329647758,0.2537542822897572,1004
Node_3,Smart Plug,1549.0673159744708,0.8666955954574047,62
Node_5,Camera-like Traffic Generator,1549.279497418056,0.40826445328026706,1228
Node_5,Camera-like Traffic Generator,1549.5856143540855,0.3061169360294806,1093
Node_1,Temperature Sensor,1549.7352398082346,2.6245217794418947,94
Node_5,Camera-like Traffic Generator,1549.8623647066065,0.27675035252111496,1491
Node_3,Smart Plug,1550.1003197528669,1.0330037783961388,69
Node_5,Camera-like Traffic Generator,1550.3293431463503,0.46697843974381115,1347
Node_2,Smart Light,1550.3800825490855,1.9701450487834,62
Node_5,Camera-like Traffic Generator,1550.5671678478707,0.23782470152027319,1453
Node_5,Camera-like Traffic Generator,1550.8015281793707,0.2343603314999508,1400
Node_5,Camera-like Traffic Generator,1551.254084296612,0.452556117241314,1112
Node_3,Smart Plug,1551.5360783290216,1.4357585761547922,99
Node_2,Smart Light,1551.6027890722544,1.222706523168799,85
Node_5,Camera-like Traffic Generator,1551.6796645982338,0.4255803016216996,1003
Node_5,Camera-like Traffic Generator,1551.936378136325,0.2567135380911434,1350
Node_4,Motion Sensor,1552.1199417672897,4.144951514614812,82
Node_5,Camera-like Traffic Generator,1552.186852683396,0.25047454707095324,1323
Node_1,Temperature Sensor,1552.3624572151343,2.6272174068997716,66
Node_5,Camera-like Traffic Generator,1552.5692510094775,0.3823983260815378,1330
Node_5,Camera-like Traffic Generator,1552.7895085592534,0.2202575497759245,1453
Node_3,Smart Plug,1552.9936036871438,1.4575253581222452,98
Node_2,Smart Light,1553.0060660657161,1.4032769934617229,69
Node_5,Camera-like Traffic Generator,1553.1468384369853,0.3573298777319707,1062
Node_5,Camera-like Traffic Generator,1553.5186936547473,0.3718552177619804,1244
Node_5,Camera-like Traffic Generator,1553.7199764316836,0.2012827769362825,1183
Node_5,Camera-like Traffic Generator,1553.9483154326992,0.22833900101572616,1053
Node_5,Camera-like Traffic Generator,1554.1819348026452,0.23361936994597216,1218
Node_3,Smart Plug,1554.2123661333142,1.2187624461702717,89
Node_1,Temperature Sensor,1554.4307434736302,2.068286258495756,77
Node_2,Smart Light,1554.4651606604643,1.4590945947482352,92
Node_5,Camera-like Traffic Generator,1554.5425939669205,0.3606591642754414,1166
Node_5,Camera-like Traffic Generator,1554.9077743000614,0.3651803331409835,1365
Node_3,Smart Plug,1555.0442244434455,0.8318583101313761,70
Node_5,Camera-like Traffic Generator,1555.3719916677842,0.46421736772272143,1284
Node_5,Camera-like Traffic Generator,1555.7111166685224,0.33912500073820506,1486
Node_2,Smart Light,1555.9132592461297,1.4480985856653739,94
Node_5,Camera-like Traffic Generator,1555.9613604866206,0.25024381809825685,1345
Node_5,Camera-like Traffic Generator,1556.275876411572,0.3145159249514631,1258
Node_3,Smart Plug,1556.2779849573074,1.2337605138618972,72
Node_5,Camera-like Traffic Generator,1556.6885253286741,0.4126489171020923,1375
Node_1,Temperature Sensor,1556.7335639087692,2.302820435139013,70
Node_5,Camera-like Traffic Generator,1557.1204633100851,0.43193798141107564,1458
Node_3,Smart Plug,1557.3542727273543,1.0762877700469151,74
Node_2,Smart Light,1557.3603273660435,1.447068119913798,64
Node_5,Camera-like Traffic Generator,1557.46408837324,0.34362506315479724,1382
Node_4,Motion Sensor,1557.6883648023666,5.568423035076907,68
Node_5,Camera-like Traffic Generator,1557.8738976368952,0.40980926365526144,1429
Node_5,Camera-like Traffic Generator,1558.0940482586093,0.2201506217140456,1489
Node_5,Camera-like Traffic Generator,1558.4766452049887,0.38259694637940417,1077
Node_1,Temperature Sensor,1558.7897360289821,2.056172120213078,80
Node_3,Smart Plug,1558.8319131946744,1.4776404673200707,82
Node_2,Smart Light,1558.85770071411,1.497373348066501,86
Node_5,Camera-like Traffic Generator,1558.94922966622,0.47258446123127146,1239
Node_5,Camera-like Traffic Generator,1559.2009431406211,0.2517134744011741,1254
Node_5,Camera-like Traffic Generator,1559.500452793239,0.29950965261782314,1441
Node_5,Camera-like Traffic Generator,1559.9603225856708,0.45986979243178766,1328
Node_2,Smart Light,1559.9603440355902,1.1026433214801523,76
Node_3,Smart Plug,1560.0382540315984,1.2063408369240207,70
Node_5,Camera-like Traffic Generator,1560.4589512649923,0.4986286793215132,1069
Node_5,Camera-like Traffic Generator,1560.875666007967,0.4167147429749207,1238
Node_4,Motion Sensor,1561.0354346981774,3.3470698958108533,63
Node_5,Camera-like Traffic Generator,1561.076031754109,0.2003657461419128,1088
Node_1,Temperature Sensor,1561.1001438795884,2.310407850606311,78
Node_3,Smart Plug,1561.1908767368866,1.152622705288141,97
Node_5,Camera-like Traffic Generator,1561.3401571860677,0.26412543195867966,1147
Node_2,Smart Light,1561.517475046995,1.5571310114048331,60
Node_5,Camera-like Traffic Generator,1561.5783954342041,0.23823824813650263,1463
Node_5,Camera-like Traffic Generator,1562.0722101377924,0.4938147035881246,1067
Node_5,Camera-like Traffic Generator,1562.5558644501843,0.48365431239192275,1029
Node_3,Smart Plug,1562.605404463266,1.4145277263794793,65
Node_2,Smart Light,1562.6083705939066,1.0908955469115322,84
Node_5,Camera-like Traffic Generator,1562.7824686092358,0.22660415905138323,1139
Node_1,Temperature Sensor,1563.1570339304224,2.0568900508339523,93
Node_5,Camera-like Traffic Generator,1563.2786895047618,0.4962208955260242,1327
Node_3,Smart Plug,1563.6275266340213,1.02212217075511,81
Node_5,Camera-like Traffic Generator,1563.6980321853316,0.4193426805697659,1462
Node_5,Camera-like Traffic Generator,1564.1561084705857,0.4580762852539881,1373
Node_2,Smart Light,1564.227436747653,1.6190661537463824,72
Node_5,Camera-like Traffic Generator,1564.3759201680869,0.21981169750122764,1486
Node_3,Smart Plug,1564.526783647836,0.8992570138147786,64
Node_5,Camera-like Traffic Generator,1564.8628877176193,0.4869675495324318,1288
Node_1,Temperature Sensor,1565.2337649315957,2.0767310011734548,94
Node_5,Camera-like Traffic Generator,1565.2760497729246,0.4131620553052792,1350
Node_3,Smart Plug,1565.3576971608777,0.8309135130417468,65
Node_5,Camera-like Traffic Generator,1565.677987650594,0.4019378776696316,1367
Node_2,Smart Light,1565.7357744879725,1.5083377403194649,68
Node_5,Camera-like Traffic Generator,1566.0984235747062,0.420435924112154,1063
Node_4,Motion Sensor,1566.257178354698,5.221743656520556,89
Node_5,Camera-like Traffic Generator,1566.4886367346426,0.3902131599363483,1489
Node_3,Smart Plug,1566.7678728522837,1.4101756914061312,93
Node_5,Camera-like Traffic Generator,1566.7717362010642,0.283099466421689,1357
Node_5,Camera-like Traffic Generator,1567.016516510307,0.24478030924279431,1426
Node_5,Camera-like Traffic Generator,1567.2556918621285,0.239175351821496,1219
Node_2,Smart Light,1567.4072488587517,1.6714743707791562,98
Node_5,Camera-like Traffic Generator,1567.5634444390098,0.30775257688124436,1465
Node_5,Camera-like Traffic Generator,1567.9720802189474,0.40863577993767825,1051
Node_1,Temperature Sensor,1568.0890583030518,2.8552933714560904,84
Node_3,Smart Plug,1568.0913492096872,1.3234763574035058,97
Node_5,Camera-like Traffic Generator,1568.283959432216,0.3118792132687248,1096
Node_5,Camera-like Traffic Generator,1568.753512776414,0.4695533441979723,1379
Node_2,Smart Light,1568.7705913363216,1.363342477569811,62
Node_3,Smart Plug,1569.0893970654217,0.9980478557344888,95
Node_5,Camera-like Traffic Generator,1569.1045142128864,0.35100143647239446,1208
Node_5,Camera-like Traffic Generator,1569.5704149768608,0.4659007639744166,1203
Node_4,Motion Sensor,1569.605497026271,3.34831867157308,94
Node_5,Camera-like Traffic Generator,1569.8891768423507,0.31876186549002256,1001
Node_2,Smart Light,1569.993509450718,1.2229181143963146,78
Node_3,Smart Plug,1570.3184491648635,1.2290520994418295,90
Node_5,Camera-like Traffic Generator,1570.3844851979463,0.49530835559564484,1028
Node_1,Temperature Sensor,1570.5961261203859,2.5070678173339553,78
Node_5,Camera-like Traffic Generator,1570.7990593951636,0.41457419721718247,1297
Node_5,Camera-like Traffic Generator,1571.2795302130608,0.48047081789711893,1219
Node_3,Smart Plug,1571.3030797232193,0.9846305583557552,72
Node_2,Smart Light,1571.553660295824,1.5601508451060682,84
Node_5,Camera-like Traffic Generator,1571.6174098723466,0.3378796592858261,1198
Node_5,Camera-like Traffic Generator,1571.9927785317593,0.3753686594127576,1305
Node_5,Camera-like Traffic Generator,1572.260052017715,0.2672734859556388,1383
Node_5,Camera-like Traffic Generator,1572.665188116479,0.4051360987639079,1325
Node_3,Smart Plug,1572.7279499901001,1.4248702668807556,72
Node_2,Smart Light,1573.0267939769176,1.4731336810935889,86
Node_1,Temperature Sensor,1573.150442491724,2.554316371338304,91
Node_5,Camera-like Traffic Generator,1573.1623886202713,0.49720050379234915,1044
Node_5,Camera-like Traffic Generator,1573.567179489366,0.4047908690947154,1406
Node_5,Camera-like Traffic Generator,1574.0606635514914,0.49348406212545115,1037
Node_3,Smart Plug,1574.2241455362198,1.496195546119603,90
Node_5,Camera-like Traffic Generator,1574.3502249432133,0.2895613917219343,1432
Node_5,Camera-like Traffic Generator,1574.5624879332274,0.21226299001410737,1472
Node_2,Smart Light,1574.7427074772008,1.7159135002831554,64
Node_5,Camera-like Traffic Generator,1574.9371000234032,0.3746120901757647,1477
Node_3,Smart Plug,1575.1300308585296,0.905885322309824,94
Node_5,Camera-like Traffic Generator,1575.2025509527753,0.2654509293720088,1472
Node_5,Camera-like Traffic Generator,1575.4113024425867,0.20875148981139952,1123
Node_4,Motion Sensor,1575.467702882867,5.862205856595824,60
Node_5,Camera-like Traffic Generator,1575.9009107126847,0.48960827009798746,1270
Node_1,Temperature Sensor,1576.0463192572809,2.8958767655568027,77
Node_5,Camera-like Traffic Generator,1576.1836824223956,0.28277170971083826,1310
Node_3,Smart Plug,1576.390224492903,1.2601936343733708,91
Node_5,Camera-like Traffic Generator,1576.5012470391105,0.31756461671487024,1075
Node_2,Smart Light,1576.50202742828,1.759319951079117,68
Node_5,Camera-like Traffic Generator,1576.7255949988705,0.22434795976011107,1434
Node_5,Camera-like Traffic Generator,1577.2072607929417,0.4816657940712171,1209
Node_3,Smart Plug,1577.2274800246926,0.83725553178969,65
Node_5,Camera-like Traffic Generator,1577.411458424348,0.20419763140623393,1027
Node_5,Camera-like Traffic Generator,1577.7332172658264,0.321758841478482,1442
Node_2,Smart Light,1577.8433845428567,1.3413571145768386,93
Node_3,Smart Plug,1578.188382406591,0.9609023818984548,61
Node_5,Camera-like Traffic Generator,1578.2238689668623,0.4906517010358838,1208
Node_4,Motion Sensor,1578.6533576927156,3.18565480984881,93
Node_5,Camera-like Traffic Generator,1578.7147827064557,0.49091373959350104,1196
Node_1,Temperature Sensor,1578.8561351749788,2.8098159176979713,86
Node_3,Smart Plug,1579.1705391811006,0.9821567745096123,88
Node_5,Camera-like Traffic Generator,1579.2009967193017,0.486214012845925,1438
Node_5,Camera-like Traffic Generator,1579.4131705315044,0.21217381220273235,1116
Node_5,Camera-like Traffic Generator,1579.7313708982917,0.31820036678730296,1076
Node_2,Smart Light,1579.8078182263112,1.9644336834543399,71
Node_5,Camera-like Traffic Generator,1580.1024692807173,0.3710983824256323,1402
Node_3,Smart Plug,1580.2760400876666,1.1055009065659107,99
Node_5,Camera-like Traffic Generator,1580.4110845197451,0.3086152390278961,1030
Node_5,Camera-like Traffic Generator,1580.7854485760797,0.3743640563345098,1389
Node_1,Temperature Sensor,1581.1776619378593,2.3215267628804286,79
Node_5,Camera-like Traffic Generator,1581.2204153479538,0.4349667718739861,1150
Node_2,Smart Light,1581.3298033129154,1.5219850866041358,88
Node_5,Camera-like Traffic Generator,1581.4312686707897,0.21085332283595637,1482
Node_3,Smart Plug,1581.7250845264641,1.4490444387975152,61
Node_5,Camera-like Traffic Generator,1581.7487235445149,0.3174548737250937,1098
Node_5,Camera-like Traffic Generator,1582.040574414479,0.2918508699640464,1385
Node_2,Smart Light,1582.3755814227704,1.0457781098550343,66
Node_5,Camera-like Traffic Generator,1582.4557583346493,0.41518392017048533,1283
Node_5,Camera-like Traffic Generator,1582.7588953062614,0.3031369716119829,1151
Node_3,Smart Plug,1582.7746486078363,1.0495640813721194,88
Node_5,Camera-like Traffic Generator,1583.1402508289318,0.3813555226704377,1083
Node_1,Temperature Sensor,1583.328523014555,2.1508610766956386,62
Node_5,Camera-like Traffic Generator,1583.3971826512231,0.25693182229133493,1423
Node_2,Smart Light,1583.5160306100927,1.1404491873222489,88
Node_5,Camera-like Traffic Generator,1583.712784753655,0.3156021024317063,1216
Node_3,Smart Plug,1583.9142882679596,1.1396396601232275,79
Node_5,Camera-like Traffic Generator,1584.1629917474377,0.4502069937828283,1044
Node_4,Motion Sensor,1584.592906187167,5.93954849445146,74
Node_5,Camera-like Traffic Generator,1584.6535889891377,0.49059724170012337,1127
Node_5,Camera-like Traffic Generator,1585.0893381282028,0.43574913906515167,1332
Node_2,Smart Light,1585.237589705544,1.7215590954513158,64
Node_3,Smart Plug,1585.3063751136244,1.392086845664939,94
Node_1,Temperature Sensor,1585.4320248918254,2.1035018772703915,95
Node_5,Camera-like Traffic Generator,1585.5652286741122,0.47589054590929,1369
Node_5,Camera-like Traffic Generator,1586.0474801766586,0.48225150254639837,1277
Node_3,Smart Plug,1586.192933077448,0.8865579638236986,63
Node_5,Camera-like Traffic Generator,1586.3436485999534,0.29616842329477155,1336
Node_5,Camera-like Traffic Generator,1586.5740721584848,0.2304235585313539,1257
Node_2,Smart Light,1586.8484414716827,1.6108517661386839,67
Node_5,Camera-like Traffic Generator,1586.9280435928013,0.3539714343165581,1443
Node_5,Camera-like Traffic Generator,1587.1398308297312,0.211787236929985,1367
Node_3,Smart Plug,1587.6006542541832,1.407721176735174,67
Node_5,Camera-like Traffic Generator,1587.6245738928524,0.48474306312127863,1297
Node_1,Temperature Sensor,1587.7754626676638,2.3434377758382676,88
Node_5,Camera-like Traffic Generator,1588.030746896953,0.4061730041005446,1049
Node_5,Camera-like Traffic Generator,1588.4175792994436,0.38683240249076145,1203
Node_3,Smart Plug,1588.5184607553106,0.9178065011274491,80
Node_2,Smart Light,1588.778657730836,1.9302162591531453,75
Node_5,Camera-like Traffic Generator,1588.8094203099845,0.39184101054095194,1362
Node_5,Camera-like Traffic Generator,1589.2816522713704,0.4722319613858922,1355
Node_3,Smart Plug,1589.5094148429425,0.9909540876319496,95
Node_4,Motion Sensor,1589.6308126983083,5.037906511141177,80
Node_5,Camera-like Traffic Generator,1589.6790567720652,0.3974045006948377,1285
Node_5,Camera-like Traffic Generator,1589.9931366496437,0.31407987757847394,1110
Node_2,Smart Light,1590.235703739129,1.457046008292989,91
Node_1,Temperature Sensor,1590.2800116691647,2.5045490015009575,66
Node_5,Camera-like Traffic Generator,1590.3610483349141,0.3679116852704483,1402
Node_3,Smart Plug,1590.7193890242122,1.2099741812696851,83
Node_5,Camera-like Traffic Generator,1590.8272568021011,0.466208467186938,1360
Node_5,Camera-like Traffic Generator,1591.3159785043251,0.4887217022239951,1140
Node_5,Camera-like Traffic Generator,1591.6542584221033,0.33827991777831684,1478
Node_2,Smart Light,1591.9524916535981,1.716787914469343,64
Node_5,Camera-like Traffic Generator,1592.1209474500215,0.46668902791805555,1333
Node_3,Smart Plug,1592.199528172469,1.4801391482568382,81
Node_5,Camera-like Traffic Generator,1592.4303486012575,0.30940115123606193,1117
Node_1,Temperature Sensor,1592.5277553927629,2.2477437235982842,77
Node_5,Camera-like Traffic Generator,1592.7040053739174,0.27365677265988747,1474
Node_5,Camera-like Traffic Generator,1593.1888145285216,0.48480915460415897,1017
Node_2,Smart Light,1593.3669619987265,1.4144703451283303,97
Node_3,Smart Plug,1593.3990796402632,1.1995514677941665,76
Node_5,Camera-like Traffic Generator,1593.5956718281195,0.4068572995980508,1038
Node_5,Camera-like Traffic Generator,1594.0075935777586,0.4119217496390354,1182
Node_3,Smart Plug,1594.2528644642196,0.8537848239564165,90
Node_5,Camera-like Traffic Generator,1594.4081319109564,0.40053833319768756,1249
Node_4,Motion Sensor,1594.4356656144025,4.804852916094124,75
Node_5,Camera-like Traffic Generator,1594.6165287369863,0.20839682603000562,1490
Node_5,Camera-like Traffic Generator,1594.8966515916284,0.2801228546421116,1431
Node_1,Temperature Sensor,1594.9671771845256,2.439421791762624,80
Node_2,Smart Light,1595.204428236213,1.837466237486465,83
Node_5,Camera-like Traffic Generator,1595.3301601972748,0.43350860564656,1195
Node_3,Smart Plug,1595.526700425487,1.273835961267454,95
Node_5,Camera-like Traffic Generator,1595.7371088849259,0.40694868765111747,1337
Node_5,Camera-like Traffic Generator,1596.086922731419,0.34981384649312164,1398
Node_3,Smart Plug,1596.3448739435114,0.8181735180243617,87
Node_5,Camera-like Traffic Generator,1596.4073357209463,0.3204129895273443,1356
Node_5,Camera-like Traffic Generator,1596.823501324191,0.4161656032446495,1495
Node_2,Smart Light,1596.9765734098503,1.7721451736372287,78
Node_1,Temperature Sensor,1597.125923392507,2.158746207981541,74
Node_5,Camera-like Traffic Generator,1597.2400250313397,0.41652370714863096,1471
Node_3,Smart Plug,1597.6213215301177,1.2764475866063956,75
Node_5,Camera-like Traffic Generator,1597.7148810152728,0.47485598393319806,1167
Node_5,Camera-like Traffic Generator,1597.9746915144353,0.2598104991625829,1483
Node_5,Camera-like Traffic Generator,1598.3056673555047,0.3309758410693381,1282
Node_2,Smart Light,1598.6350301048506,1.6584566950002027,98
Node_5,Camera-like Traffic Generator,1598.8030058170616,0.49733846155683625,1135
Node_3,Smart Plug,1598.834558478596,1.213236948478251,98
Node_4,Motion Sensor,1599.0505444443966,4.614878829993948,65
Node_5,Camera-like Traffic Generator,1599.1190035851014,0.3159977680396884,1364
Node_1,Temperature Sensor,1599.4088169711215,2.2828935786144178,76
Node_5,Camera-like Traffic Generator,1599.5520798092111,0.43307622410980556,1191
Node_2,Smart Light,1599.7696661192813,1.1346360144306327,79
Node_5,Camera-like Traffic Generator,1599.9941477938448,0.44206798463370384,1215
Node_3,Smart Plug,1600.2204425246027,1.3858840460067752,66
Node_5,Camera-like Traffic Generator,1600.4659312260908,0.4717834322460529,1063
Node_5,Camera-like Traffic Generator,1600.7190561851348,0.2531249590439891,1142
Node_5,Camera-like Traffic Generator,1600.9256939875618,0.2066378024268592,1348
Node_3,Smart Plug,1601.0771867903243,0.8567442657214643,93
Node_5,Camera-like Traffic Generator,1601.1280697890045,0.20237580144260792,1166
Node_2,Smart Light,1601.3000304668003,1.5303643475190842,61
Node_5,Camera-like Traffic Generator,1601.579701323708,0.45163153470347783,1309
Node_1,Temperature Sensor,1601.747184117963,2.3383671468414198,83
Node_5,Camera-like Traffic Generator,1602.0616701541735,0.4819688304655615,1254
Node_3,Smart Plug,1602.3388643165292,1.2616775262050224,78
Node_5,Camera-like Traffic Generator,1602.5060999384602,0.44442978428682045,1092
Node_5,Camera-like Traffic Generator,1602.8258302253473,0.31973028688716415,1071
Node_2,Smart Light,1603.2353387476319,1.9353082808316526,93
Node_5,Camera-like Traffic Generator,1603.2617884393173,0.43595821396995643,1185
Node_5,Camera-like Traffic Generator,1603.5761744935883,0.3143860542708819,1151
Node_3,Smart Plug,1603.8075053882103,1.468641071681104,83
Node_5,Camera-like Traffic Generator,1603.910179779794,0.3340052862056878,1056
Node_5,Camera-like Traffic Generator,1604.3869711688708,0.4767913890768493,1006
Node_1,Temperature Sensor,1604.5364110495266,2.7892269315636646,85
Node_3,Smart Plug,1604.611569140732,0.8040637525215659,98
Node_2,Smart Light,1604.7182707111679,1.4829319635359264,80
Node_5,Camera-like Traffic Generator,1604.8480058936893,0.4610347248185517,1138
Node_4,Motion Sensor,1604.8792141704291,5.828669726032545,79
Node_5,Camera-like Traffic Generator,1605.1198850906787,0.27187919698940827,1388
Node_5,Camera-like Traffic Generator,1605.4964354864371,0.37655039575837357,1059
Node_5,Camera-like Traffic Generator,1605.7509132825107,0.2544777960735693,1061
Node_3,Smart Plug,1605.870890070644,1.2593209299121453,98
Node_5,Camera-like Traffic Generator,1606.1950046009524,0.44409131844173794,1026
Node_5,Camera-like Traffic Generator,1606.595313957151,0.4003093561984381,1132
Node_1,Temperature Sensor,1606.6023229038062,2.0659118542797175,63
Node_2,Smart Light,1606.6394330252117,1.921162314043801,67
Node_3,Smart Plug,1606.8983308984548,1.0274408278107112,89
Node_5,Camera-like Traffic Generator,1606.9586524765978,0.3633385194469717,1097
Node_5,Camera-like Traffic Generator,1607.3964440384484,0.43779156185074286,1078
Node_5,Camera-like Traffic Generator,1607.7210808728983,0.32463683444986796,1058
Node_5,Camera-like Traffic Generator,1608.1541063380218,0.43302546512350787,1443
Node_3,Smart Plug,1608.21235459013,1.3140236916751777,98
Node_2,Smart Light,1608.2179874109158,1.5785543857041766,89
Node_5,Camera-like Traffic Generator,1608.4181536285223,0.2640472905003897,1404
Node_5,Camera-like Traffic Generator,1608.7539951827018,0.33584155417957434,1206
Node_5,Camera-like Traffic Generator,1609.1513308269998,0.39733564429801677,1228
Node_4,Motion Sensor,1609.2465677620671,4.36735359163788,65
Node_1,Temperature Sensor,1609.2807022486463,2.678379344840081,71
Node_2,Smart Light,1609.3463691929674,1.1283817820515778,75
Node_5,Camera-like Traffic Generator,1609.382605775182,0.23127494818206998,1453
Node_3,Smart Plug,1609.410765495212,1.1984109050819587,68
Node_5,Camera-like Traffic Generator,1609.853705849275,0.47110007409320465,1014
Node_3,Smart Plug,1610.2448430692348,0.8340775740227891,85
Node_5,Camera-like Traffic Generator,1610.2473908258667,0.3936849765917475,1365
Node_5,Camera-like Traffic Generator,1610.5960955512369,0.34870472537013886,1265
Node_5,Camera-like Traffic Generator,1610.902975909664,0.30688035842720984,1083
Node_2,Smart Light,1610.9469152147728,1.6005460218054113,95
Node_3,Smart Plug,1611.2710626619155,1.0262195926808035,62
Node_5,Camera-like Traffic Generator,1611.382552267387,0.479576357722835,1039
Node_5,Camera-like Traffic Generator,1611.8015191065865,0.41896683919947475,1223
Node_1,Temperature Sensor,1612.0044359036488,2.723733655002462,86
Node_3,Smart Plug,1612.1205695242504,0.8495068623349767,98
Node_5,Camera-like Traffic Generator,1612.2763641790627,0.47484507247626484,1278
Node_2,Smart Light,1612.451025334126,1.5041101193531645,75
Node_5,Camera-like Traffic Generator,1612.5718648728825,0.29550069381986205,1104
Node_5,Camera-like Traffic Generator,1613.016558516414,0.44469364353148866,1328
Node_3,Smart Plug,1613.1875431751885,1.066973650938166,75
Node_5,Camera-like Traffic Generator,1613.4382958301978,0.42173731378375257,1088
Node_5,Camera-like Traffic Generator,1613.9050498738347,0.4667540436368664,1252
Node_3,Smart Plug,1614.112150735734,0.924607560545624,98
Node_4,Motion Sensor,1614.2426198748506,4.99605211278336,88
Node_5,Camera-like Traffic Generator,1614.2432462727331,0.33819639889842623,1133
Node_2,Smart Light,1614.430526094331,1.979500760205043,96
Node_5,Camera-like Traffic Generator,1614.647329165532,0.40408289279897547,1445
Node_1,Temperature Sensor,1614.9107786008124,2.9063426971636774,94
Node_5,Camera-like Traffic Generator,1614.996745760593,0.3494165950609954,1056
Node_5,Camera-like Traffic Generator,1615.2549444271124,0.25819866651925993,1482
Node_3,Smart Plug,1615.5180115932449,1.4058608575108802,63
Node_5,Camera-like Traffic Generator,1615.715852517394,0.46090809028172064,1466
Node_5,Camera-like Traffic Generator,1616.1188641523966,0.403011635002453,1345
Node_2,Smart Light,1616.1929007505928,1.7623746562617928,70
Node_5,Camera-like Traffic Generator,1616.442140793907,0.32327664151035096,1170
Node_5,Camera-like Traffic Generator,1616.8647323553294,0.4225915614225472,1073
Node_3,Smart Plug,1616.9146536765154,1.3966420832705193,66
Node_1,Temperature Sensor,1617.244140636873,2.3333620360605565,83
Node_5,Camera-like Traffic Generator,1617.3362135432199,0.4714811878905659,1231
Node_5,Camera-like Traffic Generator,1617.5758306076154,0.23961706439548294,1214
Node_5,Camera-like Traffic Generator,1617.9804211792662,0.40459057165067003,1203
Node_2,Smart Light,1618.1564942882726,1.9635935376797526,98
Node_5,Camera-like Traffic Generator,1618.2389149397954,0.25849376052922884,1001
Node_3,Smart Plug,1618.2602984581174,1.3456447816020054,71
Node_5,Camera-like Traffic Generator,1618.5225121436858,0.28359720389029397,1030
Node_5,Camera-like Traffic Generator,1618.97073662275,0.44822447906428875,1462
Node_4,Motion Sensor,1619.039260799665,4.7966409248144775,99
Node_5,Camera-like Traffic Generator,1619.359526556745,0.3887899339950069,1178
Node_1,Temperature Sensor,1619.3855690174573,2.1414283805843177,73
Node_3,Smart Plug,1619.5870894545208,1.3267909964032674,86
Node_5,Camera-like Traffic Generator,1619.6052767518618,0.24575019511656032,1219
Node_2,Smart Light,1619.609339994354,1.4528457060813667,65
Node_5,Camera-like Traffic Generator,1619.9663797204566,0.36110296859491275,1012
Node_5,Camera-like Traffic Generator,1620.4471949866058,0.4808152661490909,1162
Node_3,Smart Plug,1620.4715108433927,0.8844213888718386,79
Node_5,Camera-like Traffic Generator,1620.802938185429,0.35574319882307637,1492
Node_5,Camera-like Traffic Generator,1621.0138481488848,0.21090996345576027,1460
Node_2,Smart Light,1621.0220854671618,1.4127454728076194,88
Node_5,Camera-like Traffic Generator,1621.359001629332,0.3451534804470871,1341
Node_3,Smart Plug,1621.574161736985,1.102650893592257,92
Node_5,Camera-like Traffic Generator,1621.7778480967554,0.41884646742349174,1032
Node_5,Camera-like Traffic Generator,1622.0337406707672,0.25589257401180704,1231
Node_1,Temperature Sensor,1622.3532655251502,2.967696507692745,87
Node_4,Motion Sensor,1622.4096528377447,3.3703920380797805,88
Node_5,Camera-like Traffic Generator,1622.4877452340363,0.4540045632690855,1097
Node_3,Smart Plug,1622.5912326520329,1.0170709150479287,87
Node_2,Smart Light,1622.7705123330397,1.748426865877916,71
Node_5,Camera-like Traffic Generator,1622.8153720212215,0.3276267871852288,1302
Node_5,Camera-like Traffic Generator,1623.0833847705528,0.2680127493314286,1286
Node_3,Smart Plug,1623.4831333199636,0.8919006679306253,86
Node_5,Camera-like Traffic Generator,1623.5209129601003,0.4375281895475489,1384
Node_5,Camera-like Traffic Generator,1623.786197964991,0.26528500489085277,1198
Node_5,Camera-like Traffic Generator,1624.2280348606973,0.441836895706236,1347
Node_2,Smart Light,1624.4720066434472,1.701494310407385,94
Node_5,Camera-like Traffic Generator,1624.5763480015519,0.3483131408545105,1082
Node_1,Temperature Sensor,1624.7452235094854,2.3919579843353604,83
Node_5,Camera-like Traffic Generator,1624.7868726995973,0.2105246980453867,1060
Node_3,Smart Plug,1624.8655703319894,1.3824370120258611,80
Node_5,Camera-like Traffic Generator,1625.1002977367632,0.31342503716595704,1172
Node_5,Camera-like Traffic Generator,1625.5130539268118,0.41275619004854863,1259
Node_5,Camera-like Traffic Generator,1625.830283553533,0.3172296267211666,1453
Node_3,Smart Plug,1626.0083064570697,1.1427361250803596,95
Node_5,Camera-like Traffic Generator,1626.038320248807,0.20803669527381596,1322
Node_2,Smart Light,1626.1838809998424,1.711874356395145,97
Node_5,Camera-like Traffic Generator,1626.411004293331,0.37268404452410564,1315
Node_5,Camera-like Traffic Generator,1626.756396197411,0.345391904080122,1123
Node_4,Motion Sensor,1626.8445010784571,4.434848240712517,79
Node_5,Camera-like Traffic Generator,1626.9947423532612,0.23834615585014932,1186
Node_3,Smart Plug,1627.1418142377106,1.1335077806408373,82
Node_5,Camera-like Traffic Generator,1627.37935342942,0.38461107615884144,1413
Node_1,Temperature Sensor,1627.6832257090512,2.938002199565761,72
Node_2,Smart Light,1627.8164642843496,1.6325832845072639,68
Node_5,Camera-like Traffic Generator,1627.8372954994704,0.4579420700504047,1341
Node_3,Smart Plug,1628.2379636440182,1.0961494063076052,90
Node_5,Camera-like Traffic Generator,1628.3101588783707,0.47286337890021046,1074
Node_5,Camera-like Traffic Generator,1628.555391764387,0.24523288601622723,1346
Node_5,Camera-like Traffic Generator,1628.999796235552,0.4444044711650027,1113
Node_5,Camera-like Traffic Generator,1629.3845808145088,0.38478457895689633,1446
Node_2,Smart Light,1629.440631873555,1.6241675892053882,71
Node_3,Smart Plug,1629.6056596957483,1.3676960517299563,84
Node_5,Camera-like Traffic Generator,1629.7655977378647,0.3810169233558857,1087
Node_5,Camera-like Traffic Generator,1630.0517965625763,0.2861988247117189,1426
Node_1,Temperature Sensor,1630.0599050151075,2.3766793060563,91
Node_5,Camera-like Traffic Generator,1630.4591535296684,0.4073569670919166,1414
Node_3,Smart Plug,1630.7095338415056,1.1038741457572607,77
Node_2,Smart Light,1630.7859254544537,1.345293580898581,86
Node_5,Camera-like Traffic Generator,1630.8936672196146,0.43451368994622674,1111
Node_5,Camera-like Traffic Generator,1631.1998788637848,0.30621164417006486,1064
Node_5,Camera-like Traffic Generator,1631.526846916977,0.3269680531922463,1043
Node_3,Smart Plug,1631.537840504239,0.8283066627333986,73
Node_5,Camera-like Traffic Generator,1631.8318493380552,0.30500242107806996,1017
Node_4,Motion Sensor,1631.9569225083555,5.112421429898493,99
Node_5,Camera-like Traffic Generator,1632.150978142914,0.3191288048587099,1453
Node_5,Camera-like Traffic Generator,1632.516346266213,0.36536812329915874,1229
Node_3,Smart Plug,1632.662307917169,1.1244674129300418,68
Node_2,Smart Light,1632.7672609506885,1.9813354962348673,86
Node_5,Camera-like Traffic Generator,1632.8697814611244,0.35343519491129566,1194
Node_1,Temperature Sensor,1632.8730897989224,2.813184783814801,86
Node_5,Camera-like Traffic Generator,1633.2191317223385,0.3493502612141792,1479
Node_5,Camera-like Traffic Generator,1633.6484790947788,0.42934737244024807,1403
Node_3,Smart Plug,1633.9426734922706,1.2803655751015606,66
Node_5,Camera-like Traffic Generator,1634.097408565229,0.4489294704501483,1099
Node_5,Camera-like Traffic Generator,1634.3089808824836,0.21157231725455142,1007
Node_5,Camera-like Traffic Generator,1634.5463852687865,0.23740438630276378,1198
Node_2,Smart Light,1634.7255874034938,1.9583264528051965,80
Node_5,Camera-like Traffic Generator,1634.8526514968473,0.3062662280607361,1422
Node_3,Smart Plug,1635.0893990699014,1.1467255776308112,85
Node_5,Camera-like Traffic Generator,1635.2997394813358,0.4470879844884963,1276
Node_1,Temperature Sensor,1635.7020487718169,2.8289589728944646,89
Node_5,Camera-like Traffic Generator,1635.7676240069093,0.46788452557343063,1279
Node_4,Motion Sensor,1635.956356148434,3.999433640078505,68
Node_5,Camera-like Traffic Generator,1636.1356902059558,0.3680661990466416,1480
Node_3,Smart Plug,1636.256673518615,1.1672744487135043,71
Node_2,Smart Light,1636.419899377221,1.6943119737273262,72
Node_5,Camera-like Traffic Generator,1636.547516299651,0.41182609369525436,1481
Node_5,Camera-like Traffic Generator,1636.8954148395508,0.3478985398997828,1396
Node_5,Camera-like Traffic Generator,1637.2844948985608,0.38908005900995835,1461
Node_3,Smart Plug,1637.3628223818666,1.1061488632517174,96
Node_2,Smart Light,1637.5353046295047,1.1154052522836255,74
Node_5,Camera-like Traffic Generator,1637.7131083398392,0.42861344127834966,1267
Node_5,Camera-like Traffic Generator,1637.9905895369118,0.2774811970726044,1201
Node_5,Camera-like Traffic Generator,1638.2506807716352,0.26009123472343054,1221
Node_1,Temperature Sensor,1638.3874632120944,2.6854144402775764,81
Node_3,Smart Plug,1638.4971503374873,1.1343279556205517,65
Node_5,Camera-like Traffic Generator,1638.5294774521997,0.27879668056448725,1072
Node_2,Smart Light,1639.0156745518952,1.4803699223906268,82
Node_5,Camera-like Traffic Generator,1639.0233808670373,0.49390341483771333,1482
Node_3,Smart Plug,1639.3866031613275,0.8894528238402288,96
Node_5,Camera-like Traffic Generator,1639.5180265557742,0.4946456887368522,1491
Node_5,Camera-like Traffic Generator,1639.7605168748303,0.24249031905595372,1080
Node_5,Camera-like Traffic Generator,1640.1741381384275,0.4136212635972163,1008
Node_5,Camera-like Traffic Generator,1640.4059773111655,0.23183917273815272,1303
Node_5,Camera-like Traffic Generator,1640.6821042032789,0.27612689211324964,1076
Node_2,Smart Light,1640.6828317899474,1.6671572380522164,76
Node_3,Smart Plug,1640.7756797293205,1.389076567992996,80
Node_1,Temperature Sensor,1641.033488032828,2.646024820733488,76
Node_5,Camera-like Traffic Generator,1641.0501681321894,0.36806392891047046,1335
Node_4,Motion Sensor,1641.1543304562936,5.197974307859679,88
Node_5,Camera-like Traffic Generator,1641.4723381503693,0.422170018179879,1077
Node_3,Smart Plug,1641.7825168730544,1.006837143733911,61
Node_5,Camera-like Traffic Generator,1641.9170441894962,0.4447060391269715,1495
Node_5,Camera-like Traffic Generator,1642.3064447734346,0.3894005839382836,1092
Node_2,Smart Light,1642.430700513324,1.747868723376587,93
Node_3,Smart Plug,1642.6360896368708,0.8535727638163523,61
Node_5,Camera-like Traffic Generator,1642.7267205159021,0.42027574246753974,1176
Node_5,Camera-like Traffic Generator,1642.9438684891795,0.21714797327748,1091
Node_1,Temperature Sensor,1643.3953161291747,2.361828096346785,74
Node_5,Camera-like Traffic Generator,1643.4103968444008,0.46652835522129926,1496
Node_3,Smart Plug,1643.5114321568801,0.8753425200093993,76
Node_5,Camera-like Traffic Generator,1643.7116569965867,0.3012601521858503,1185
Node_2,Smart Light,1643.7166284935493,1.2859279802253636,93
Node_5,Camera-like Traffic Generator,1643.9264496785943,0.2147926820074428,1194
Node_4,Motion Sensor,1644.3120293689847,3.157698912691128,67
Node_5,Camera-like Traffic Generator,1644.3763845170765,0.449934838482191,1317
Node_3,Smart Plug,1644.3775712106217,0.8661390537415411,86
Node_5,Camera-like Traffic Generator,1644.793002460748,0.4166179436716179,1432
Node_5,Camera-like Traffic Generator,1645.0663950890305,0.27339262828231403,1427
Node_5,Camera-like Traffic Generator,1645.3008171994948,0.23442211046421374,1027
Node_2,Smart Light,1645.5249332728758,1.808304779326696,80
Node_3,Smart Plug,1645.5755059578778,1.1979347472561697,70
Node_1,Temperature Sensor,1645.5755790520516,2.1802629228768446,68
Node_5,Camera-like Traffic Generator,1645.619863123183,0.31904592368827955,1396
Node_5,Camera-like Traffic Generator,1645.9025970361827,0.28273391299964795,1413
Node_5,Camera-like Traffic Generator,1646.1044909092907,0.20189387310795523,1334
Node_5,Camera-like Traffic Generator,1646.3732254631718,0.26873455388122464,1279
Node_2,Smart Light,1646.5502054141302,1.025272141254472,65
Node_3,Smart Plug,1646.5539081009233,0.9784021430454963,63
Node_5,Camera-like Traffic Generator,1646.6646926077478,0.2914671445760955,1061
Node_5,Camera-like Traffic Generator,1647.033197993245,0.3685053854971204,1074
Node_5,Camera-like Traffic Generator,1647.4997415835076,0.46654359026251285,1035
Node_3,Smart Plug,1647.706319298134,1.1524111972107596,64
Node_5,Camera-like Traffic Generator,1647.9321720901214,0.43243050661392535,1087
Node_2,Smart Light,1648.2204595928972,1.6702541787669418,67
Node_5,Camera-like Traffic Generator,1648.3305016253762,0.39832953525483294,1254
Node_1,Temperature Sensor,1648.5232473195858,2.947668267534347,79
Node_5,Camera-like Traffic Generator,1648.6165487606636,0.2860471352874566,1199
Node_4,Motion Sensor,1648.7745433237894,4.462513954804736,99
Node_3,Smart Plug,1648.969424124525,1.2631048263908569,67
Node_5,Camera-like Traffic Generator,1648.9878219321813,0.37127317151763717,1360
Node_5,Camera-like Traffic Generator,1649.3848772243825,0.39705529220113533,1193
Node_5,Camera-like Traffic Generator,1649.6790265152954,0.2941492909129655,1138
Node_3,Smart Plug,1649.8969698187125,0.9275456941875583,75
Node_2,Smart Light,1649.9706446115672,1.7501850186700536,66
Node_5,Camera-like Traffic Generator,1650.02186968437,0.3428431690745791,1180
Node_5,Camera-like Traffic Generator,1650.2972978019625,0.2754281175926558,1036
Node_5,Camera-like Traffic Generator,1650.5495817713427,0.2522839693802226,1313
Node_1,Temperature Sensor,1650.7497903661197,2.2265430465338873,65
Node_3,Smart Plug,1650.755273214307,0.8583033955944783,95
Node_5,Camera-like Traffic Generator,1650.7697696083062,0.22018783696358077,1043
Node_2,Smart Light,1651.2572601597262,1.28661554815911,70
Node_5,Camera-like Traffic Generator,1651.2629758024693,0.49320619416321787,1133
Node_5,Camera-like Traffic Generator,1651.4862237520238,0.22324794955453223,1383
Node_3,Smart Plug,1651.7636264753587,1.0083532610517922,83
Node_5,Camera-like Traffic Generator,1651.888192882381,0.4019691303571036,1164
Node_5,Camera-like Traffic Generator,1652.1696786381603,0.2814857557793863,1284
Node_5,Camera-like Traffic Generator,1652.5708362186806,0.40115758052019174,1288
Node_1,Temperature Sensor,1652.8269554504207,2.0771650843008764,93
Node_3,Smart Plug,1652.8821251794207,1.1184987040620147,86
Node_5,Camera-like Traffic Generator,1652.883628795364,0.3127925766835177,1492
Node_2,Smart Light,1653.0966419741915,1.8393818144651712,87
Node_5,Camera-like Traffic Generator,1653.2609091796387,0.37728038427466276,1225
Node_5,Camera-like Traffic Generator,1653.6099045255241,0.34899534588549885,1402
Node_4,Motion Sensor,1653.7522942564913,4.977750932701894,99
Node_5,Camera-like Traffic Generator,1653.8279639628224,0.21805943729838811,1401
Node_3,Smart Plug,1654.1187924553374,1.2366672759166646,70
Node_5,Camera-like Traffic Generator,1654.2713250048237,0.4433610420012948,1009
Node_2,Smart Light,1654.3917825401531,1.295140565961606,90
Node_5,Camera-like Traffic Generator,1654.5219431871726,0.2506181823490488,1488
Node_5,Camera-like Traffic Generator,1654.9219422454526,0.3999990582799366,1035
Node_1,Temperature Sensor,1654.9280962140886,2.1011407636678943,90
Node_5,Camera-like Traffic Generator,1655.3820054108462,0.4600631653935365,1248
Node_2,Smart Light,1655.4240889233954,1.0323063832423272,92
Node_3,Smart Plug,1655.5954961940765,1.4767037387391801,94
Node_5,Camera-like Traffic Generator,1655.6227919880016,0.2407865771553609,1330
Node_5,Camera-like Traffic Generator,1655.8676933298887,0.24490134188714846,1036
Node_5,Camera-like Traffic Generator,1656.1282289334379,0.2605356035491234,1121
Node_3,Smart Plug,1656.5265304077368,0.931034213660269,67
Node_2,Smart Light,1656.5265689297335,1.1024800063379767,94
Node_5,Camera-like Traffic Generator,1656.5431646782076,0.41493574476986333,1452
Node_5,Camera-like Traffic Generator,1656.9292559382316,0.38609126002386285,1231
Node_5,Camera-like Traffic Generator,1657.2992147866944,0.369958848462849,1226
Node_5,Camera-like Traffic Generator,1657.5101154910328,0.2109007043385387,1477
Node_1,Temperature Sensor,1657.7632160407231,2.835119826634556,95
Node_3,Smart Plug,1657.8494509312277,1.3229205234909829,84
Node_5,Camera-like Traffic Generator,1657.8524854316468,0.3423699406138497,1037
Node_5,Camera-like Traffic Generator,1658.1803941669755,0.32790873532865084,1446
Node_2,Smart Light,1658.2660614099063,1.73949248017285,94
Node_4,Motion Sensor,1658.3961229851138,4.643828728622621,87
Node_5,Camera-like Traffic Generator,1658.4497914281478,0.26939726117231605,1398
Node_5,Camera-like Traffic Generator,1658.9453184171841,0.49552698903640635,1092
Node_3,Smart Plug,1659.2595819876212,1.4101310563935796,64
Node_5,Camera-like Traffic Generator,1659.2766731499628,0.3313547327787451,1194
Node_5,Camera-like Traffic Generator,1659.7060653432839,0.4293921933211051,1230
Node_1,Temperature Sensor,1659.8009635330807,2.0377474923575614,73
Node_5,Camera-like Traffic Generator,1660.0078010119776,0.30173566869375007,1288
Node_2,Smart Light,1660.0084741457792,1.7424127358728605,82
Node_5,Camera-like Traffic Generator,1660.3669263777447,0.3591253657671031,1310
Node_3,Smart Plug,1660.4336451897084,1.1740632020871389,60
Node_5,Camera-like Traffic Generator,1660.761550880429,0.3946245026842429,1210
Node_5,Camera-like Traffic Generator,1661.0327203078552,0.27116942742614464,1318
Node_2,Smart Light,1661.2460696183455,1.2375954725662046,91
Node_5,Camera-like Traffic Generator,1661.2951217685788,0.26240146072366377,1315
Node_3,Smart Plug,1661.3153199719645,0.8816747822561355,66
Node_5,Camera-like Traffic Generator,1661.6666215131584,0.3714997445794401,1457
Node_5,Camera-like Traffic Generator,1662.0745121674588,0.4078906543003784,1101
Node_3,Smart Plug,1662.4493038837031,1.1339839117386499,87
Node_5,Camera-like Traffic Generator,1662.455297539027,0.3807853715681184,1314
Node_1,Temperature Sensor,1662.567271137528,2.7663076044472414,65
Node_5,Camera-like Traffic Generator,1662.7699669104131,0.31466937138620543,1154
Node_5,Camera-like Traffic Generator,1662.9792300733698,0.2092631629567137,1256
Node_2,Smart Light,1663.044891370835,1.7988217524895704,71
Node_5,Camera-like Traffic Generator,1663.3967544367363,0.4175243633664497,1289
Node_5,Camera-like Traffic Generator,1663.6972157867788,0.30046135004242286,1116
Node_3,Smart Plug,1663.857450248395,1.4081463646918682,98
Node_5,Camera-like Traffic Generator,1663.9406353014774,0.24341951469856654,1079
Node_5,Camera-like Traffic Generator,1664.3164633539443,0.3758280524669284,1175
Node_4,Motion Sensor,1664.3670658850333,5.970942899919461,75
Node_5,Camera-like Traffic Generator,1664.5235190473054,0.2070556933610046,1174
Node_2,Smart Light,1664.7093849394266,1.6644935685916236,97
Node_1,Temperature Sensor,1664.9439910083506,2.376719870822525,66
Node_5,Camera-like Traffic Generator,1664.9657853127085,0.4422662654030381,1136
Node_3,Smart Plug,1665.0787714564856,1.2213212080906182,79
Node_5,Camera-like Traffic Generator,1665.2506217992038,0.2848364864953764,1320
Node_5,Camera-like Traffic Generator,1665.690484068937,0.43986226973308806,1142
Node_5,Camera-like Traffic Generator,1665.8925503683552,0.202066299418285,1024
Node_2,Smart Light,1666.0969395880686,1.3875546486419903,98
Node_5,Camera-like Traffic Generator,1666.1346345059012,0.24208413754596908,1484
Node_3,Smart Plug,1666.311721018627,1.2329495621412452,98
Node_5,Camera-like Traffic Generator,1666.4739146695372,0.33928016363600616,1153
Node_5,Camera-like Traffic Generator,1666.8373413265554,0.36342665701817256,1381
Node_5,Camera-like Traffic Generator,1667.186264867567,0.3489235410114684,1148
Node_3,Smart Plug,1667.3642311667907,1.0525101481636137,86
Node_5,Camera-like Traffic Generator,1667.5206126906646,0.33434782309774874,1225
Node_1,Temperature Sensor,1667.7753360650397,2.8313450566891256,90
Node_5,Camera-like Traffic Generator,1667.8134655384304,0.2928528477657143,1470
Node_2,Smart Light,1668.0727623101247,1.9758227220561264,72
Node_5,Camera-like Traffic Generator,1668.139402415002,0.32593687657166065,1100
Node_5,Camera-like Traffic Generator,1668.6065603310135,0.46715791601142004,1213
Node_3,Smart Plug,1668.6474365148395,1.2832053480488925,75
Node_4,Motion Sensor,1668.950599188326,4.583533303292571,87
Node_5,Camera-like Traffic Generator,1669.1037426414616,0.4971823104480834,1128
Node_5,Camera-like Traffic Generator,1669.4029304023356,0.2991877608739426,1011
Node_2,Smart Light,1669.6248869076578,1.5521245975330635,60
Node_3,Smart Plug,1669.6592961758922,1.0118596610527084,65
Node_5,Camera-like Traffic Generator,1669.676209578287,0.27327917595133927,1157
Node_5,Camera-like Traffic Generator,1669.942386817117,0.26617723883001454,1099
Node_5,Camera-like Traffic Generator,1670.3190458104934,0.37665899337630293,1193
Node_3,Smart Plug,1670.4690093185075,0.8097131426152696,64
Node_1,Temperature Sensor,1670.584379784679,2.809043719639301,66
Node_5,Camera-like Traffic Generator,1670.6007656930526,0.2817198825591347,1213
Node_5,Camera-like Traffic Generator,1670.856707136115,0.255941443062319,1232
Node_2,Smart Light,1670.8762280360302,1.2513411283723057,84
Node_5,Camera-like Traffic Generator,1671.080430591134,0.22372345501909396,1441
Node_3,Smart Plug,1671.2801289910683,0.811119672560861,98
Node_5,Camera-like Traffic Generator,1671.4500603862011,0.3696297950671774,1179
Node_5,Camera-like Traffic Generator,1671.8208533146046,0.370792928403494,1190
Node_5,Camera-like Traffic Generator,1672.1171821808016,0.29632886619691995,1024
Node_5,Camera-like Traffic Generator,1672.428470699842,0.31128851904026666,1232
Node_4,Motion Sensor,1672.5358757182887,3.585276529962763,75
Node_5,Camera-like Traffic Generator,1672.6308578081512,0.20238710830937234,1184
Node_2,Smart Light,1672.657152928906,1.7809248928758854,94
Node_3,Smart Plug,1672.6814374122537,1.4013084211853943,68
Node_5,Camera-like Traffic Generator,1672.8638943958995,0.2330365877483308,1264
Node_1,Temperature Sensor,1673.0220531898174,2.4376734051383466,76
Node_5,Camera-like Traffic Generator,1673.2026961585404,0.33880176264090567,1337
Node_5,Camera-like Traffic Generator,1673.5306660947467,0.3279699362062879,1117
Node_5,Camera-like Traffic Generator,1673.754175035056,0.22350894030926832,1157
Node_3,Smart Plug,1673.9354736674466,1.2540362551928157,85
Node_5,Camera-like Traffic Generator,1674.0411693013787,0.28699426632262426,1262
Node_2,Smart Light,1674.4871364108612,1.8299834819551446,96
Node_5,Camera-like Traffic Generator,1674.4961509791185,0.45498167773989834,1420
Node_5,Camera-like Traffic Generator,1674.925186180047,0.4290352009282988,1305
Node_3,Smart Plug,1675.040525599107,1.105051931660345,85
Node_5,Camera-like Traffic Generator,1675.2297904628492,0.3046042828022016,1140
Node_5,Camera-like Traffic Generator,1675.627028194592,0.39723773174276467,1124
Node_1,Temperature Sensor,1675.6984161120058,2.676362922188533,69
Node_4,Motion Sensor,1675.928577768574,3.3927020502854566,83
Node_5,Camera-like Traffic Generator,1676.118740587452,0.4917123928600719,1376
Node_2,Smart Light,1676.191765479754,1.7046290688927876,85
Node_3,Smart Plug,1676.3935336747393,1.353008075632213,67
Node_5,Camera-like Traffic Generator,1676.5811382877791,0.46239770032717264,1471
Node_5,Camera-like Traffic Generator,1676.8687862527604,0.2876479649811887,1110
Node_5,Camera-like Traffic Generator,1677.2814972567585,0.41271100399806615,1392
Node_3,Smart Plug,1677.4041761834458,1.0106425087064863,78
Node_5,Camera-like Traffic Generator,1677.7190093927784,0.43751213601981365,1152
Node_2,Smart Light,1677.9468731849624,1.75510770520855,81
Node_5,Camera-like Traffic Generator,1677.955403074086,0.23639368130755856,1284
Node_1,Temperature Sensor,1678.142614821811,2.4441987098052755,71
Node_5,Camera-like Traffic Generator,1678.3364472598194,0.3810441857332474,1122
Node_3,Smart Plug,1678.5359685447002,1.1317923612543601,60
Node_5,Camera-like Traffic Generator,1678.71868554635,0.38223828653050523,1416
Node_5,Camera-like Traffic Generator,1679.2021105426165,0.4834249962666441,1129
Node_3,Smart Plug,1679.4522423899234,0.9162738452232684,66
Node_2,Smart Light,1679.550260162251,1.6033869772886415,91
Node_5,Camera-like Traffic Generator,1679.575606336967,0.3734957943504089,1142
Node_5,Camera-like Traffic Generator,1679.9480823117076,0.3724759747406487,1134
Node_5,Camera-like Traffic Generator,1680.271057668429,0.3229753567214184,1008
Node_5,Camera-like Traffic Generator,1680.6987788112187,0.4277211427897698,1418
Node_3,Smart Plug,1680.7440610639192,1.291818673995779,98
Node_1,Temperature Sensor,1680.8911513399066,2.7485365180954364,77
Node_5,Camera-like Traffic Generator,1681.1086612700278,0.4098824588090716,1085
Node_4,Motion Sensor,1681.343793127922,5.415215359347835,88
Node_5,Camera-like Traffic Generator,1681.3760199025203,0.2673586324924474,1296
Node_2,Smart Light,1681.5145499853772,1.9642898231260308,71
Node_5,Camera-like Traffic Generator,1681.7261711800477,0.35015127752749975,1064
Node_3,Smart Plug,1681.8741035029757,1.1300424390564818,94
Node_5,Camera-like Traffic Generator,1682.143056191267,0.4168850112192959,1361
Node_5,Camera-like Traffic Generator,1682.4086140756658,0.26555788439883404,1287
Node_2,Smart Light,1682.6919758838656,1.1774258984882633,87
Node_5,Camera-like Traffic Generator,1682.85388580132,0.4452717256542562,1321
Node_3,Smart Plug,1683.0837618915446,1.2096583885687646,68
Node_5,Camera-like Traffic Generator,1683.3185868544977,0.46470105317768073,1291
Node_1,Temperature Sensor,1683.4251624896049,2.5340111496982614,72
Node_5,Camera-like Traffic Generator,1683.7987141136991,0.4801272592014269,1049
Node_2,Smart Light,1683.8789524653978,1.1869765815323237,66
Node_5,Camera-like Traffic Generator,1684.0460221118726,0.24730799817356022,1483
Node_3,Smart Plug,1684.2823632147663,1.1986013232217396,93
Node_5,Camera-like Traffic Generator,1684.5453340199706,0.49931190809804843,1380
Node_5,Camera-like Traffic Generator,1684.8789969377242,0.3336629177535074,1030
Node_3,Smart Plug,1685.1180087409198,0.8356455261535574,60
Node_5,Camera-like Traffic Generator,1685.1309980640922,0.2520011263679196,1430
Node_2,Smart Light,1685.3927993181724,1.5138468527745739,75
Node_5,Camera-like Traffic Generator,1685.5595031794,0.42850511530790864,1239
Node_4,Motion Sensor,1685.716390628335,4.372597500412926,65
Node_5,Camera-like Traffic Generator,1685.8499107555867,0.2904075761867414,1425
Node_5,Camera-like Traffic Generator,1686.1542350521343,0.30432429654758364,1143
Node_1,Temperature Sensor,1686.2337863606956,2.8086238710907865,78
Node_3,Smart Plug,1686.3592956571558,1.2412869162361373,88
Node_5,Camera-like Traffic Generator,1686.5671616644468,0.41292661231242644,1206
Node_2,Smart Light,1686.821307132573,1.4285078144007342,82
Node_5,Camera-like Traffic Generator,1686.8681651007573,0.3010034363104797,1400
Node_5,Camera-like Traffic Generator,1687.1077386067084,0.23957350595103988,1388
Node_5,Camera-like Traffic Generator,1687.3189263133975,0.2111877066890162,1005
Node_5,Camera-like Traffic Generator,1687.609457685553,0.2905313721555568,1283
Node_3,Smart Plug,1687.8449365137124,1.4856408565564463,93
Node_2,Smart Light,1687.9513736626884,1.1300665301153723,83
Node_5,Camera-like Traffic Generator,1688.0639346559226,0.454476970369488,1190
Node_5,Camera-like Traffic Generator,1688.2831611439801,0.21922648805763206,1361
Node_5,Camera-like Traffic Generator,1688.5501949643558,0.267033820375592,1027
Node_5,Camera-like Traffic Generator,1688.7584107094654,0.20821574510954724,1448
Node_1,Temperature Sensor,1689.0688997534214,2.8351133927257073,74
Node_3,Smart Plug,1689.1608913330717,1.3159548193593538,83
Node_2,Smart Light,1689.2063898108208,1.255016148132422,73
Node_5,Camera-like Traffic Generator,1689.220803191677,0.4623924822116751,1053
Node_5,Camera-like Traffic Generator,1689.6544387337303,0.4336355420532795,1102
Node_5,Camera-like Traffic Generator,1690.1135710648814,0.45913233115107777,1166
Node_3,Smart Plug,1690.348904500746,1.188013167674232,71
Node_5,Camera-like Traffic Generator,1690.431615756111,0.3180446912295799,1178
Node_4,Motion Sensor,1690.8042572061936,5.087866577858665,65
Node_5,Camera-like Traffic Generator,1690.843709392344,0.41209363623314854,1195
Node_2,Smart Light,1690.9160791071372,1.7096892963163142,66
Node_5,Camera-like Traffic Generator,1691.1429396026385,0.2992302102946124,1168
Node_3,Smart Plug,1691.490152059934,1.1412475591881295,79
Node_5,Camera-like Traffic Generator,1691.5462018471899,0.40326224455144155,1235
Node_5,Camera-like Traffic Generator,1691.7468968959588,0.2006950487689165,1469
Node_1,Temperature Sensor,1692.0160299236657,2.947130170244123,99
Node_2,Smart Light,1692.0697824907068,1.1537033835696298,72
Node_5,Camera-like Traffic Generator,1692.2381526013291,0.4912557053703765,1039
Node_5,Camera-like Traffic Generator,1692.6102518279145,0.3720992265853672,1109
Node_3,Smart Plug,1692.703879552827,1.213727492892965,84
Node_5,Camera-like Traffic Generator,1692.8308871263926,0.22063529847806274,1352
Node_2,Smart Light,1693.120637931902,1.050855441195227,97
Node_5,Camera-like Traffic Generator,1693.196652268755,0.36576514236259006,1094
Node_5,Camera-like Traffic Generator,1693.6053811558822,0.40872888712716715,1198
Node_5,Camera-like Traffic Generator,1693.8717673356973,0.26638617981517776,1036
Node_3,Smart Plug,1693.9789470948251,1.2750675419982611,92
Node_5,Camera-like Traffic Generator,1694.3521319821814,0.48036464648404664,1275
Node_4,Motion Sensor,1694.4586666252912,3.6544094190975676,89
Node_1,Temperature Sensor,1694.4777099021067,2.4616799784409893,71
Node_5,Camera-like Traffic Generator,1694.5665493605288,0.21441737834740732,1102
Node_2,Smart Light,1694.7362466080012,1.61560867609933,86
Node_5,Camera-like Traffic Generator,1695.0336240025244,0.4670746419956546,1095
Node_3,Smart Plug,1695.1204781417696,1.1415310469443654,88
Node_5,Camera-like Traffic Generator,1695.3558427078453,0.3222187053208902,1466
Node_5,Camera-like Traffic Generator,1695.778101213374,0.4222585055285659,1016
Node_5,Camera-like Traffic Generator,1696.0526995239522,0.27459831057839723,1155
Node_2,Smart Light,1696.226797549155,1.4905509411536766,82
Node_3,Smart Plug,1696.2902943080312,1.1698161662616862,76
Node_5,Camera-like Traffic Generator,1696.3405260512716,0.28782652731935293,1132
Node_5,Camera-like Traffic Generator,1696.6028997348494,0.262373683577828,1053
Node_1,Temperature Sensor,1696.8595823362973,2.3818724341907105,81
Node_5,Camera-like Traffic Generator,1696.893277081049,0.2903773461997301,1331
Node_5,Camera-like Traffic Generator,1697.307538766911,0.41426168586189793,1207
Node_3,Smart Plug,1697.311389413197,1.0210951051658315,62
Node_4,Motion Sensor,1697.486064169129,3.027397543837706,83
Node_2,Smart Light,1697.5848831373187,1.3580855881637395,91
Node_5,Camera-like Traffic Generator,1697.7299742212494,0.4224354543383712,1337
Node_5,Camera-like Traffic Generator,1698.1273840412016,0.3974098199522012,1390
Node_5,Camera-like Traffic Generator,1698.4894657249965,0.3620816837948451,1014
Node_3,Smart Plug,1698.7364034504917,1.425014037294762,76
Node_5,Camera-like Traffic Generator,1698.8551164007213,0.36565067572475163,1450
Node_2,Smart Light,1698.9027421426908,1.3178590053721895,68
Node_5,Camera-like Traffic Generator,1699.3399786403454,0.48486223962409447,1156
Node_5,Camera-like Traffic Generator,1699.7523325610523,0.4123539207067781,1070
Node_1,Temperature Sensor,1699.8258504895032,2.9662681532059474,92
Node_3,Smart Plug,1699.8677400305735,1.1313365800817201,79
Node_2,Smart Light,1700.0866112402261,1.183869097535359,62
Node_5,Camera-like Traffic Generator,1700.21043919272,0.4581066316677178,1190
Node_5,Camera-like Traffic Generator,1700.5852092028917,0.3747700101716741,1025
Node_5,Camera-like Traffic Generator,1701.0510454949606,0.46583629206877425,1326
Node_3,Smart Plug,1701.3250151637983,1.4572751332247695,73
Node_5,Camera-like Traffic Generator,1701.4450354408998,0.39398994593917763,1486
Node_2,Smart Light,1701.5917515906824,1.505140350456316,76
Node_5,Camera-like Traffic Generator,1701.7764816934155,0.3314462525157673,1143
Node_5,Camera-like Traffic Generator,1702.1162265561734,0.33974486275798665,1094
Node_5,Camera-like Traffic Generator,1702.3274885177127,0.21126196153930887,1103
Node_4,Motion Sensor,1702.521017587179,5.034953418049945,65
Node_3,Smart Plug,1702.6132752720707,1.2882601082724408,60
Node_5,Camera-like Traffic Generator,1702.6230496057199,0.29556108800719383,1077
Node_1,Temperature Sensor,1702.6271097136548,2.8012592241515475,65
Node_5,Camera-like Traffic Generator,1702.9840180609315,0.3609684552116823,1395
Node_2,Smart Light,1703.1287875432163,1.5370359525339086,63
Node_5,Camera-like Traffic Generator,1703.2940018671256,0.3099838061941769,1023
Node_5,Camera-like Traffic Generator,1703.5425979776523,0.24859611052662148,1279
Node_3,Smart Plug,1703.6148828190883,1.0016075470175325,67
Node_5,Camera-like Traffic Generator,1704.0258939941375,0.4832960164852386,1211
Node_5,Camera-like Traffic Generator,1704.3273961306836,0.3015021365460173,1224
Node_2,Smart Light,1704.3499856243177,1.221198081101453,68
Node_5,Camera-like Traffic Generator,1704.6284283588477,0.3010322281640009,1436
Node_3,Smart Plug,1704.6555759919504,1.0406931728622129,69
Node_1,Temperature Sensor,1704.8771129252439,2.250003211589007,85
Node_5,Camera-like Traffic Generator,1705.1051128317636,0.4766844729157745,1079
Node_5,Camera-like Traffic Generator,1705.3654253863021,0.2603125545385701,1260
Node_3,Smart Plug,1705.609367633479,0.9537916415286146,96
Node_5,Camera-like Traffic Generator,1705.611420788542,0.24599540223987804,1396
Node_2,Smart Light,1705.6818691392216,1.3318835149039816,74
Node_5,Camera-like Traffic Generator,1705.814216571532,0.2027957829899166,1008
Node_5,Camera-like Traffic Generator,1706.113273289437,0.29905671790526656,1286
Node_5,Camera-like Traffic Generator,1706.3456154288053,0.23234213936819043,1102
Node_5,Camera-like Traffic Generator,1706.5486036761472,0.20298824734178592,1010
Node_3,Smart Plug,1706.6467747325264,1.0374070990474142,84
Node_5,Camera-like Traffic Generator,1706.8077842448727,0.2591805687255536,1204
Node_2,Smart Light,1706.9003144250062,1.2184452857845147,90
Node_5,Camera-like Traffic Generator,1707.1400762072303,0.3322919623577315,1367
Node_5,Camera-like Traffic Generator,1707.376932927835,0.23685672060473453,1450
Node_1,Temperature Sensor,1707.7512298702961,2.8741169450522372,82
Node_5,Camera-like Traffic Generator,1707.8119268910534,0.43499396321839295,1182
Node_3,Smart Plug,1708.036501726718,1.3897269941914039,86
Node_5,Camera-like Traffic Generator,1708.2566624173708,0.4447355263174463,1218
Node_4,Motion Sensor,1708.3722120504624,5.851194463283581,93
Node_2,Smart Light,1708.430813320613,1.5304988956068246,99
Node_5,Camera-like Traffic Generator,1708.5847228643677,0.32806044699697445,1387
Node_3,Smart Plug,1708.928312723684,0.8918109969662232,71
Node_5,Camera-like Traffic Generator,1708.9676246184713,0.3829017541035141,1173
Node_5,Camera-like Traffic Generator,1709.4117738302248,0.4441492117535815,1124
Node_5,Camera-like Traffic Generator,1709.8362916697533,0.42451783952861766,1086
Node_1,Temperature Sensor,1709.8538196020445,2.1025897317484095,93
Node_3,Smart Plug,1710.2262823538454,1.2979696301613737,98
Node_5,Camera-like Traffic Generator,1710.2288181526264,0.392526482873101,1105
Node_2,Smart Light,1710.2545017215382,1.8236884009252021,99
Node_5,Camera-like Traffic Generator,1710.452290724614,0.22347257198742507,1451
Node_5,Camera-like Traffic Generator,1710.925361279565,0.47307055495119915,1367
Node_2,Smart Light,1711.2633054178332,1.0088036962950375,86
Node_5,Camera-like Traffic Generator,1711.2921998631452,0.3668385835802163,1129
Node_3,Smart Plug,1711.609438875902,1.3831565220567428,86
Node_5,Camera-like Traffic Generator,1711.6384907372628,0.3462908741175249,1117
Node_5,Camera-like Traffic Generator,1711.9035261838565,0.26503544659358236,1358
Node_5,Camera-like Traffic Generator,1712.38875458556,0.4852284017035449,1065
Node_5,Camera-like Traffic Generator,1712.6268713249676,0.23811673940759248,1148
Node_1,Temperature Sensor,1712.7049856501292,2.851166048084779,71
Node_2,Smart Light,1712.708972664118,1.4456672462846925,96
Node_5,Camera-like Traffic Generator,1712.8473017377366,0.2204304127690524,1486
Node_3,Smart Plug,1712.923648118456,1.3142092425538516,91
Node_5,Camera-like Traffic Generator,1713.2217600413585,0.37445830362178256,1370
Node_5,Camera-like Traffic Generator,1713.7215805589221,0.4998205175636813,1385
Node_5,Camera-like Traffic Generator,1713.9488406525834,0.2272600936611419,1358
Node_4,Motion Sensor,1714.1501680606327,5.777956010170239,98
Node_3,Smart Plug,1714.2834766597323,1.3598285412762996,93
Node_2,Smart Light,1714.3226737611787,1.6137010970607943,84
Node_5,Camera-like Traffic Generator,1714.4361242038965,0.48728355131314677,1330
Node_5,Camera-like Traffic Generator,1714.6758450289115,0.23972082501502504,1026
Node_5,Camera-like Traffic Generator,1714.987834993587,0.3119899646755077,1219
Node_5,Camera-like Traffic Generator,1715.4514372065278,0.46360221294063103,1206
Node_1,Temperature Sensor,1715.4681024804208,2.7631168302916906,70
Node_3,Smart Plug,1715.5187663246345,1.2352896649021359,71
Node_5,Camera-like Traffic Generator,1715.900834848527,0.4493976419991482,1330
Node_5,Camera-like Traffic Generator,1716.264774209345,0.3639393608180507,1364
Node_2,Smart Light,1716.2815705772528,1.9588968160739335,87
Node_5,Camera-like Traffic Generator,1716.7523066382241,0.48753242887912007,1415
Node_3,Smart Plug,1716.8432443359172,1.3244780112827892,86
Node_5,Camera-like Traffic Generator,1717.09519275527,0.342886117046013,1318
Node_5,Camera-like Traffic Generator,1717.4437504271473,0.3485576718772536,1412
Node_2,Smart Light,1717.6025075877599,1.3209370105070815,96
Node_4,Motion Sensor,1717.6890666987856,3.5388986381529985,99
Node_3,Smart Plug,1717.7336119237318,0.8903675878145082,67
Node_5,Camera-like Traffic Generator,1717.767926418502,0.324175991354594,1311
Node_5,Camera-like Traffic Generator,1718.217647815069,0.44972139656704707,1467
Node_1,Temperature Sensor,1718.3734086893992,2.9053062089782413,65
Node_5,Camera-like Traffic Generator,1718.4725108356806,0.2548630206115379,1131
Node_5,Camera-like Traffic Generator,1718.7884060392407,0.31589520356005596,1319
Node_3,Smart Plug,1718.9576362288112,1.224024305079356,64
Node_5,Camera-like Traffic Generator,1719.056623040061,0.268217000820092,1436
Node_5,Camera-like Traffic Generator,1719.3888349140857,0.3322118740247626,1394
Node_2,Smart Light,1719.5474952581917,1.9449876704318376,75
Node_5,Camera-like Traffic Generator,1719.7295831942881,0.3407482802024237,1074
Node_3,Smart Plug,1720.048825282169,1.0911890533576778,99
Node_5,Camera-like Traffic Generator,1720.081319969043,0.3517367747549932,1465
Node_5,Camera-like Traffic Generator,1720.335283582901,0.2539636138578173,1158
Node_5,Camera-like Traffic Generator,1720.5473145572355,0.21203097433447343,1477
Node_1,Temperature Sensor,1720.810881249594,2.4374725601949807,97
Node_5,Camera-like Traffic Generator,1720.9818968912953,0.43458233405968383,1171
Node_3,Smart Plug,1721.0613816075472,1.012556325378293,68
Node_2,Smart Light,1721.0877325711342,1.5402373129425615,71
Node_5,Camera-like Traffic Generator,1721.3001577683344,0.318260877039096,1266
Node_5,Camera-like Traffic Generator,1721.7139412312495,0.41378346291494916,1457
Node_3,Smart Plug,1721.894316142838,0.8329345352909182,60
Node_5,Camera-like Traffic Generator,1722.1313533597117,0.4174121284622645,1073
Node_5,Camera-like Traffic Generator,1722.4055749882111,0.27422162849933157,1124
Node_4,Motion Sensor,1722.6393601131956,4.950293414409886,98
Node_5,Camera-like Traffic Generator,1722.661862933537,0.2562879453257535,1286
Node_2,Smart Light,1722.999068497763,1.911335926628618,92
Node_1,Temperature Sensor,1723.0329192565011,2.2220380069069807,78
Node_5,Camera-like Traffic Generator,1723.1440095067742,0.4821465732372756,1397
Node_3,Smart Plug,1723.3109504177273,1.4166342748892724,74
Node_5,Camera-like Traffic Generator,1723.3739284109222,0.2299189041480215,1042
Node_5,Camera-like Traffic Generator,1723.8677263368872,0.49379792596506983,1059
Node_5,Camera-like Traffic Generator,1724.205093219523,0.33736688263567594,1256
Node_3,Smart Plug,1724.2219742433006,0.9110238255731788,93
Node_2,Smart Light,1724.374026539925,1.3749580421619791,92
Node_5,Camera-like Traffic Generator,1724.475805077416,0.27071185789307,1173
Node_5,Camera-like Traffic Generator,1724.882313084807,0.4065080073910927,1207
Node_5,Camera-like Traffic Generator,1725.3577770452969,0.4754639604898109,1307
Node_1,Temperature Sensor,1725.3825043346399,2.3495850781386487,61
Node_3,Smart Plug,1725.6480944727566,1.426120229456091,61
Node_5,Camera-like Traffic Generator,1725.7586599359304,0.4008828906334879,1445
Node_2,Smart Light,1725.8195834374967,1.4455568975717181,61
Node_5,Camera-like Traffic Generator,1726.2283021982564,0.4696422623260332,1227
Node_5,Camera-like Traffic Generator,1726.4431473240722,0.21484512581591425,1412
Node_3,Smart Plug,1726.4926603831289,0.8445659103722447,77
Node_5,Camera-like Traffic Generator,1726.7305517376537,0.28740441358145913,1018
Node_5,Camera-like Traffic Generator,1727.1193355947294,0.38878385707556995,1112
Node_5,Camera-like Traffic Generator,1727.364650772511,0.24531517778155607,1051
Node_1,Temperature Sensor,1727.435761221811,2.0532568871710746,80
Node_4,Motion Sensor,1727.520277752985,4.8809176397893665,61
Node_2,Smart Light,1727.7178650464025,1.8982816089058532,67
Node_3,Smart Plug,1727.7249544282097,1.2322940450808644,64
Node_5,Camera-like Traffic Generator,1727.856138097388,0.49148732487729124,1308
Node_5,Camera-like Traffic Generator,1728.2644715755594,0.4083334781712882,1089
Node_5,Camera-like Traffic Generator,1728.5599734061414,0.29550183058206436,1442
Node_3,Smart Plug,1728.6818213753274,0.9568669471178629,70
Node_5,Camera-like Traffic Generator,1728.9892688367183,0.4292954305769323,1246
Node_2,Smart Light,1729.2317597465299,1.5138947001274334,97
Node_5,Camera-like Traffic Generator,1729.2410678833587,0.2517990466404771,1071
Node_5,Camera-like Traffic Generator,1729.588736880435,0.34766899707618304,1193
Node_1,Temperature Sensor,1729.6715392956744,2.2357780738634325,99
Node_3,Smart Plug,1729.7200483251193,1.0382269497917598,74
Node_5,Camera-like Traffic Generator,1729.8650950287038,0.2763581482688487,1110
Node_5,Camera-like Traffic Generator,1730.2014160805288,0.33632105182510885,1081
Node_2,Smart Light,1730.3991545557433,1.167394809213495,98
Node_5,Camera-like Traffic Generator,1730.5096310479073,0.3082149673785754,1144
Node_3,Smart Plug,1730.5527217759698,0.8326734508504452,95
Node_5,Camera-like Traffic Generator,1730.7529336363248,0.2433025884173517,1187
Node_5,Camera-like Traffic Generator,1731.0659988888058,0.31306525248094025,1160
Node_4,Motion Sensor,1731.2428440162878,3.7225662633026717,87
Node_5,Camera-like Traffic Generator,1731.5092715500612,0.4432726612553144,1295
Node_3,Smart Plug,1731.5399656408595,0.9872438648896097,66
Node_5,Camera-like Traffic Generator,1731.9030862443074,0.39381469424627746,1424
Node_2,Smart Light,1731.9371293867075,1.537974830964251,60
Node_1,Temperature Sensor,1732.0464519690922,2.3749126734177675,61
Node_5,Camera-like Traffic Generator,1732.160793537435,0.2577072931277118,1097
Node_5,Camera-like Traffic Generator,1732.581575707883,0.42078217044809696,1346
Node_3,Smart Plug,1732.8230605484978,1.2830949076383336,80
Node_2,Smart Light,1733.0026012088113,1.0654718221037198,86
Node_5,Camera-like Traffic Generator,1733.0265118996106,0.444936191727598,1101
Node_5,Camera-like Traffic Generator,1733.3134809338974,0.2869690342867992,1151
Node_5,Camera-like Traffic Generator,1733.7766436605937,0.463162726696231,1416
Node_5,Camera-like Traffic Generator,1734.068063637921,0.29141997732714564,1420
Node_3,Smart Plug,1734.0917006716036,1.2686401231057898,88
Node_5,Camera-like Traffic Generator,1734.417792362673,0.34972872475216066,1299
Node_2,Smart Light,1734.7761834751805,1.7735822663692766,94
Node_5,Camera-like Traffic Generator,1734.8945269517071,0.47673458903415566,1005
Node_1,Temperature Sensor,1734.9772778738422,2.930825904749953,93
Node_5,Camera-like Traffic Generator,1735.2339144319233,0.33938748021604764,1402
Node_5,Camera-like Traffic Generator,1735.4370117504686,0.20309731854538932,1187
Node_3,Smart Plug,1735.540343140521,1.448642468917276,77
Node_5,Camera-like Traffic Generator,1735.8419467178767,0.4049349674080085,1382
Node_2,Smart Light,1736.2003929271216,1.4242094519411406,64
Node_5,Camera-like Traffic Generator,1736.2472531331723,0.40530641529566247,1035
Node_3,Smart Plug,1736.6603380883855,1.11999494786451,93
Node_5,Camera-like Traffic Generator,1736.6770797478985,0.4298266147262364,1156
Node_4,Motion Sensor,1737.1065101075321,5.863666091244377,75
Node_5,Camera-like Traffic Generator,1737.1134866054529,0.4364068575543262,1224
Node_5,Camera-like Traffic Generator,1737.390700202655,0.27721359720210886,1350
Node_3,Smart Plug,1737.5379896798524,0.8776515914668279,64
Node_1,Temperature Sensor,1737.6272385581365,2.6499606842941814,91
Node_5,Camera-like Traffic Generator,1737.6451980035652,0.2544978009103111,1213
Node_2,Smart Light,1737.7381471411456,1.5377542140241611,88
Node_5,Camera-like Traffic Generator,1738.042577791299,0.39737978773385974,1079
Node_5,Camera-like Traffic Generator,1738.5058722361232,0.4632944448241576,1370
Node_3,Smart Plug,1738.765390460521,1.2274007806685499,91
Node_5,Camera-like Traffic Generator,1738.830106688743,0.32423445261978684,1134
Node_5,Camera-like Traffic Generator,1739.1658118489165,0.3357051601736588,1249
Node_5,Camera-like Traffic Generator,1739.461483883675,0.295672034758606,1085
Node_2,Smart Light,1739.7143710624846,1.9762239213390278,91
Node_1,Temperature Sensor,1739.7648381458623,2.1375995877258718,71
Node_5,Camera-like Traffic Generator,1739.9350984423093,0.4736145586342202,1283
Node_5,Camera-like Traffic Generator,1740.1403595023498,0.20526106004050568,1040
Node_3,Smart Plug,1740.228558906282,1.4631684457608136,92
Node_5,Camera-like Traffic Generator,1740.4601697431012,0.3198102407514073,1271
Node_5,Camera-like Traffic Generator,1740.7026977088767,0.2425279657755521,1302
Node_5,Camera-like Traffic Generator,1740.9110307973062,0.20833308842954001,1184
Node_3,Smart Plug,1741.0579375123266,0.8293786060446054,64
Node_5,Camera-like Traffic Generator,1741.3285691218875,0.41753832458133944,1078
Node_2,Smart Light,1741.3609322218028,1.6465611593183453,97
Node_5,Camera-like Traffic Generator,1741.7063278713558,0.3777587494682615,1058
Node_5,Camera-like Traffic Generator,1742.003101967973,0.29677409661723797,1432
Node_4,Motion Sensor,1742.1818946571311,5.075384549599081,86
Node_3,Smart Plug,1742.2988857936343,1.240948281307828,94
Node_5,Camera-like Traffic Generator,1742.4817830840068,0.4786811160339525,1205
Node_1,Temperature Sensor,1742.594599729015,2.8297615831528224,87
Node_5,Camera-like Traffic Generator,1742.6943955374488,0.21261245344199559,1295
Node_5,Camera-like Traffic Generator,1742.9891369282973,0.29474139084842244,1332
Node_2,Smart Light,1743.107823047477,1.7468908256742621,66
Node_5,Camera-like Traffic Generator,1743.3636066236916,0.37446969539424,1116
Node_5,Camera-like Traffic Generator,1743.6369157489883,0.2733091252966352,1334
Node_3,Smart Plug,1743.7365758330093,1.4376900393750287,66
Node_5,Camera-like Traffic Generator,1744.080624955169,0.44370920618065296,1322
Node_5,Camera-like Traffic Generator,1744.3323330964959,0.25170814132690755,1311
Node_2,Smart Light,1744.567048282737,1.4592252352600417,73
Node_5,Camera-like Traffic Generator,1744.6213307891048,0.28899769260901276,1381
Node_1,Temperature Sensor,1744.7333924208333,2.1387926918181863,88
Node_3,Smart Plug,1744.7410619244124,1.0044860914030251,77
Node_5,Camera-like Traffic Generator,1744.8752964054265,0.2539656163217397,1215
Node_5,Camera-like Traffic Generator,1745.098095741596,0.22279933616941683,1331
Node_5,Camera-like Traffic Generator,1745.4851464548542,0.3870507132583232,1013
Node_2,Smart Light,1745.6545691806712,1.0875208979341986,62
Node_5,Camera-like Traffic Generator,1745.8857934108612,0.4006469560069401,1169
Node_3,Smart Plug,1745.8951895561129,1.154127631700588,89
Node_5,Camera-like Traffic Generator,1746.1441529374167,0.25835952655545485,1361
Node_5,Camera-like Traffic Generator,1746.4110635261313,0.26691058871455775,1269
Node_3,Smart Plug,1746.7646955233724,0.8695059672594593,85
Node_5,Camera-like Traffic Generator,1746.8664635043826,0.4553999782512653,1021
Node_1,Temperature Sensor,1747.1819938948156,2.4486014739822464,60
Node_5,Camera-like Traffic Generator,1747.2386324928216,0.37216898843891777,1425
Node_2,Smart Light,1747.4487839676472,1.7942147869758904,82
Node_5,Camera-like Traffic Generator,1747.505967353469,0.26733486064755724,1427
Node_4,Motion Sensor,1747.515087090481,5.3331924333499465,86
Node_5,Camera-like Traffic Generator,1747.7252370556478,0.21926970217881064,1321
Node_3,Smart Plug,1747.7989207910912,1.034225267718826,65
Node_5,Camera-like Traffic Generator,1747.9782711224675,0.25303406681978047,1075
Node_5,Camera-like Traffic Generator,1748.4631981668938,0.48492704442628254,1086
Node_5,Camera-like Traffic Generator,1748.6860789998314,0.2228808329376128,1374
Node_2,Smart Light,1749.02374626191,1.5749622942627917,69
Node_5,Camera-like Traffic Generator,1749.0394875391178,0.3534085392864338,1455
Node_3,Smart Plug,1749.1929373552914,1.3940165642002467,77
Node_1,Temperature Sensor,1749.2612196660864,2.079225771270721,70
Node_5,Camera-like Traffic Generator,1749.2732833564137,0.2337958172959733,1186
Node_5,Camera-like Traffic Generator,1749.5193794672116,0.24609611079781546,1217
Node_5,Camera-like Traffic Generator,1749.8445263789574,0.3251469117457839,1249
Node_5,Camera-like Traffic Generator,1750.1649653964423,0.3204390174849799,1446
Node_2,Smart Light,1750.282394220901,1.2586479589911757,75
Node_3,Smart Plug,1750.2839622423946,1.091024887103241,90
Node_5,Camera-like Traffic Generator,1750.396159754978,0.23119435853565318,1291
Node_5,Camera-like Traffic Generator,1750.7554112444536,0.35925148947548113,1131
Node_5,Camera-like Traffic Generator,1751.1165813643765,0.361170119922953,1194
Node_3,Smart Plug,1751.2556834876266,0.9717212452319961,92
Node_4,Motion Sensor,1751.3407352112495,3.825648120768372,74
Node_5,Camera-like Traffic Generator,1751.6132279086519,0.49664654427527194,1375
Node_2,Smart Light,1751.912611485527,1.630217264625788,77
Node_5,Camera-like Traffic Generator,1752.0643794104196,0.4511515017676804,1336
Node_1,Temperature Sensor,1752.0961827653687,2.834963099282381,81
Node_5,Camera-like Traffic Generator,1752.277153481803,0.21277407138335508,1194
Node_3,Smart Plug,1752.294607536473,1.0389240488464446,80
Node_5,Camera-like Traffic Generator,1752.64815866063,0.37100517882720074,1251
Node_2,Smart Light,1752.929502453831,1.0168909683041414,86
Node_5,Camera-like Traffic Generator,1753.1278900352318,0.47973137460163534,1221
Node_3,Smart Plug,1753.1542712396629,0.8596637031898717,74
Node_5,Camera-like Traffic Generator,1753.4852152564138,0.3573252211819028,1122
Node_5,Camera-like Traffic Generator,1753.7793187704908,0.29410351407702484,1163
Node_5,Camera-like Traffic Generator,1754.2003434572441,0.42102468675321947,1193
Node_2,Smart Light,1754.464336823892,1.534834370061002,85
Node_3,Smart Plug,1754.4826628884211,1.3283916487582477,74
Node_5,Camera-like Traffic Generator,1754.5208614389264,0.3205179816822014,1472
Node_4,Motion Sensor,1754.7007363681003,3.360001156850777,79
Node_1,Temperature Sensor,1754.8234175506936,2.727234785324932,81
Node_5,Camera-like Traffic Generator,1754.8406501759603,0.3197887370339058,1155
Node_5,Camera-like Traffic Generator,1755.2642569116936,0.42360673573334207,1297
Node_5,Camera-like Traffic Generator,1755.6815230528607,0.41726614116721117,1108
Node_3,Smart Plug,1755.7481595668614,1.2654966784403912,66
Node_5,Camera-like Traffic Generator,1756.0790742538027,0.39755120094185903,1055
Node_2,Smart Light,1756.0826861828025,1.6183493589106022,90
Node_5,Camera-like Traffic Generator,1756.321347060823,0.2422728070203789,1465
Node_5,Camera-like Traffic Generator,1756.763946055968,0.4425989951450316,1089
Node_1,Temperature Sensor,1756.934604411018,2.1111868603242385,71
Node_5,Camera-like Traffic Generator,1757.0219384372347,0.2579923812665531,1008
Node_3,Smart Plug,1757.0756145865944,1.3274550197329757,76
Node_5,Camera-like Traffic Generator,1757.4289915399306,0.40705310269586115,1022
Node_2,Smart Light,1757.6682941961158,1.5856080133133892,88
Node_5,Camera-like Traffic Generator,1757.6779200852231,0.2489285452926179,1126
Node_5,Camera-like Traffic Generator,1757.9430075343175,0.2650874490942903,1486
Node_3,Smart Plug,1758.0353419893454,0.9597274027511181,92
Node_5,Camera-like Traffic Generator,1758.2274288867623,0.28442135244475064,1242
Node_5,Camera-like Traffic Generator,1758.5807528565667,0.3533239698045773,1439
Node_2,Smart Light,1758.7408836409147,1.072589444798977,97
Node_5,Camera-like Traffic Generator,1759.0124985381697,0.4317456816029675,1350
Node_3,Smart Plug,1759.1247285824684,1.089386593122885,76
Node_1,Temperature Sensor,1759.2357556056043,2.30115119458622,61
Node_5,Camera-like Traffic Generator,1759.2460735345146,0.23357499634485157,1235
Node_5,Camera-like Traffic Generator,1759.630572735946,0.38449920143152816,1076
Node_4,Motion Sensor,1759.7071129976125,5.006376629512275,60
Node_2,Smart Light,1759.8470191827846,1.1061355418699725,91
Node_5,Camera-like Traffic Generator,1760.0586781582185,0.4281054222723497,1294
Node_3,Smart Plug,1760.2458557272096,1.1211271447411804,94
Node_5,Camera-like Traffic Generator,1760.4368965973879,0.3782184391694461,1306
Node_5,Camera-like Traffic Generator,1760.8095067916774,0.37261019428965747,1263
Node_2,Smart Light,1761.1483698926295,1.3013507098448711,63
Node_5,Camera-like Traffic Generator,1761.2050130965395,0.39550630486209015,1256
Node_5,Camera-like Traffic Generator,1761.4647618417519,0.25974874521246627,1367
Node_3,Smart Plug,1761.60208086967,1.3562251424606073,74
Node_1,Temperature Sensor,1761.6555811493577,2.419825543753443,91
Node_5,Camera-like Traffic Generator,1761.6707325598459,0.20597071809399065,1109
Node_5,Camera-like Traffic Generator,1762.0003298551203,0.3295972952743955,1204
Node_5,Camera-like Traffic Generator,1762.4215799965805,0.4212501414601256,1372
Node_3,Smart Plug,1762.4229149185805,0.820834048910477,65
Node_5,Camera-like Traffic Generator,1762.8334491082423,0.41186911166190565,1031
Node_2,Smart Light,1762.91364413365,1.7652742410204625,77
Node_5,Camera-like Traffic Generator,1763.137799765861,0.3043506576185961,1098
Node_3,Smart Plug,1763.2298790180052,0.8069640994246156,92
Node_5,Camera-like Traffic Generator,1763.3861878615214,0.24838809566030212,1168
Node_5,Camera-like Traffic Generator,1763.7493794089064,0.36319154738492443,1094
Node_5,Camera-like Traffic Generator,1763.9782877592336,0.2289083503272731,1160
Node_1,Temperature Sensor,1764.112694765994,2.4571136166364487,64
Node_5,Camera-like Traffic Generator,1764.1922117350439,0.21392397581034328,1404
Node_2,Smart Light,1764.3087573918785,1.3951132582286176,86
Node_4,Motion Sensor,1764.426058724082,4.718945726469517,70
Node_5,Camera-like Traffic Generator,1764.4732575732903,0.281045838246357,1443
Node_3,Smart Plug,1764.6904290062207,1.4605499882154676,63
Node_5,Camera-like Traffic Generator,1764.9430009127877,0.46974333949746927,1274
Node_5,Camera-like Traffic Generator,1765.1435742124684,0.20057329968061496,1177
Node_5,Camera-like Traffic Generator,1765.550307951461,0.406733738992748,1462
Node_3,Smart Plug,1765.7107922065363,1.0203632003155023,99
Node_2,Smart Light,1765.7827450692464,1.4739876773679514,81
Node_5,Camera-like Traffic Generator,1766.0030433355907,0.4527353841296957,1307
Node_5,Camera-like Traffic Generator,1766.4010387630913,0.39799542750050143,1282
Node_3,Smart Plug,1766.6258194837367,0.915027277200301,62
Node_5,Camera-like Traffic Generator,1766.7844781737087,0.3834394106174583,1029
Node_2,Smart Light,1766.919126529576,1.1363814603295468,75
Node_1,Temperature Sensor,1767.017841651656,2.9051468856619986,83
Node_5,Camera-like Traffic Generator,1767.1039104469194,0.31943227321054457,1348
Node_5,Camera-like Traffic Generator,1767.3531146768314,0.24920422991209096,1228
Node_5,Camera-like Traffic Generator,1767.6839589970398,0.3308443202083462,1122
Node_5,Camera-like Traffic Generator,1767.9521005219299,0.2681415248900139,1421
Node_3,Smart Plug,1767.9572541532757,1.3314346695390762,86
Node_5,Camera-like Traffic Generator,1768.4499835546903,0.4978830327604757,1103
Node_2,Smart Light,1768.7166111424094,1.7974846128334658,81
Node_5,Camera-like Traffic Generator,1768.911607760924,0.4616242062336243,1304
Node_1,Temperature Sensor,1769.034277003862,2.016435352205894,80
Node_3,Smart Plug,1769.2062801813847,1.249026028109092,96
Node_5,Camera-like Traffic Generator,1769.2272171199347,0.3156093590107,1394
Node_4,Motion Sensor,1769.6621366085449,5.2360778844629206,67
Node_5,Camera-like Traffic Generator,1769.7151386883966,0.4879215684619098,1107
Node_3,Smart Plug,1770.046747062067,0.8404668806822083,85
Node_5,Camera-like Traffic Generator,1770.0602343438845,0.34509565548787047,1450
Node_5,Camera-like Traffic Generator,1770.2852248797972,0.22499053591264379,1168
Node_5,Camera-like Traffic Generator,1770.5194382950697,0.23421341527239864,1315
Node_2,Smart Light,1770.6767454074898,1.9601342650804345,65
Node_5,Camera-like Traffic Generator,1770.8821376023766,0.3626993073069698,1405
Node_1,Temperature Sensor,1771.2762151382829,2.241938134420993,65
Node_5,Camera-like Traffic Generator,1771.3302830472942,0.44814544491759756,1201
Node_3,Smart Plug,1771.346105723982,1.299358661914986,86
Node_5,Camera-like Traffic Generator,1771.6495778660567,0.3192948187624122,1052
Node_5,Camera-like Traffic Generator,1771.9797938980673,0.3302160320106521,1152
Node_2,Smart Light,1772.3540344529947,1.6772890455050624,96
Node_5,Camera-like Traffic Generator,1772.4128853428324,0.4330914447650168,1000
Node_3,Smart Plug,1772.509950578224,1.1638448542420774,71
Node_5,Camera-like Traffic Generator,1772.635201020512,0.22231567767978888,1077
Node_5,Camera-like Traffic Generator,1772.9869534681272,0.35175244761504665,1078
Node_5,Camera-like Traffic Generator,1773.456974148016,0.470020679888745,1358
Node_3,Smart Plug,1773.591352550846,1.0814019726220367,87
Node_5,Camera-like Traffic Generator,1773.7026805164753,0.2457063684593499,1336
Node_1,Temperature Sensor,1773.7054540313861,2.4292388931033337,84
Node_4,Motion Sensor,1774.11471104044,4.452574431895186,77
Node_2,Smart Light,1774.149051575227,1.7950171222324594,89
Node_5,Camera-like Traffic Generator,1774.1574251181157,0.4547446016403328,1365
Node_5,Camera-like Traffic Generator,1774.4245668432743,0.2671417251586786,1448
Node_5,Camera-like Traffic Generator,1774.7628928252277,0.33832598195338204,1300
Node_3,Smart Plug,1774.778879850604,1.187527299757916,72
Node_5,Camera-like Traffic Generator,1775.2197343232374,0.4568414980097875,1264
Node_5,Camera-like Traffic Generator,1775.5173443745152,0.2976100512778321,1468
Node_2,Smart Light,1775.5221820901274,1.373130514900324,97
Node_5,Camera-like Traffic Generator,1775.938229333783,0.420884959267768,1350
Node_1,Temperature Sensor,1775.9460182701928,2.2405642388065434,76
Node_3,Smart Plug,1776.0987681020247,1.3198882514207562,96
Node_5,Camera-like Traffic Generator,1776.26004752002,0.32181818623692005,1447
Node_5,Camera-like Traffic Generator,1776.6079500200212,0.34790250000128764,1047
Node_5,Camera-like Traffic Generator,1776.820984647062,0.2130346270408301,1377
Node_3,Smart Plug,1776.9042996654773,0.8055315634526499,71
Node_2,Smart Light,1777.0757062778916,1.553524187764279,82
Node_5,Camera-like Traffic Generator,1777.2379901473419,0.41700550027989014,1412
Node_5,Camera-like Traffic Generator,1777.4881045919992,0.2501144446572824,1317
Node_5,Camera-like Traffic Generator,1777.9684043044297,0.48029971243044645,1261
Node_3,Smart Plug,1778.0737538804026,1.1694542149251754,96
Node_2,Smart Light,1778.1989414368252,1.123235158933499,60
Node_5,Camera-like Traffic Generator,1778.4252944836187,0.4568901791889724,1406
Node_1,Temperature Sensor,1778.6103895719348,2.664371301742009,63
Node_5,Camera-like Traffic Generator,1778.6995031688612,0.27420868524236497,1037
Node_4,Motion Sensor,1778.828980338574,4.714269298134068,62
Node_5,Camera-like Traffic Generator,1778.9377338662257,0.23823069736455876,1303
Node_3,Smart Plug,1779.3639604251205,1.2902065447178233,77
Node_5,Camera-like Traffic Generator,1779.4246906132728,0.4869567470470478,1058
Node_2,Smart Light,1779.7955963242784,1.5966548874533304,81
Node_5,Camera-like Traffic Generator,1779.900156879927,0.4754662666540622,1347
Node_5,Camera-like Traffic Generator,1780.205859867173,0.3057029872460745,1296
Node_3,Smart Plug,1780.3075539250888,0.9435934999682444,81
Node_5,Camera-like Traffic Generator,1780.57972648676,0.3738666195867109,1266
Node_5,Camera-like Traffic Generator,1780.853811432247,0.27408494548727075,1346
Node_5,Camera-like Traffic Generator,1781.1587944870803,0.30498305483328064,1248
Node_5,Camera-like Traffic Generator,1781.5791217586213,0.4203272715409627,1008
Node_1,Temperature Sensor,1781.585044062887,2.9746544909522217,62
Node_3,Smart Plug,1781.6593930303725,1.3518391052837015,86
Node_2,Smart Light,1781.7425757135072,1.9469793892288718,72
Node_5,Camera-like Traffic Generator,1781.993978902132,0.4148571435106739,1365
Node_5,Camera-like Traffic Generator,1782.4044274631242,0.4104485609921572,1188
Node_5,Camera-like Traffic Generator,1782.813206812943,0.4087793498188429,1410
Node_3,Smart Plug,1782.947622706274,1.2882296759014982,95
Node_5,Camera-like Traffic Generator,1783.1733667868575,0.3601599739144866,1381
Node_2,Smart Light,1783.49087230024,1.7482965867327933,96
Node_5,Camera-like Traffic Generator,1783.556857454059,0.3834906672013051,1176
Node_5,Camera-like Traffic Generator,1784.0056873502724,0.44882989621356306,1069
Node_1,Temperature Sensor,1784.111103508209,2.5260594453221703,80
Node_3,Smart Plug,1784.2947168714659,1.347094165192022,76
Node_5,Camera-like Traffic Generator,1784.3401525616134,0.33446521134109797,1154
Node_4,Motion Sensor,1784.555621908506,5.726641569932039,67
Node_5,Camera-like Traffic Generator,1784.6923215022018,0.3521689405884816,1282
Node_4,Motion Sensor,1784.7282413349835,0.17261942647742123,91
Node_2,Smart Light,1784.8347239500886,1.3438516498486468,76
Node_4,Motion Sensor,1784.8577544841205,0.12951314913693435,62
Node_4,Motion Sensor,1785.0333260750635,0.17557159094295077,81
Node_5,Camera-like Traffic Generator,1785.1780487307894,0.4857272285875104,1171
Node_4,Motion Sensor,1785.2061502158397,0.17282414077602443,86
Node_3,Smart Plug,1785.2328238994487,0.9381070279827883,72
Node_5,Camera-like Traffic Generator,1785.445103441183,0.26705471039342277,1136
Node_5,Camera-like Traffic Generator,1785.7756500355083,0.33054659432532174,1318
Node_3,Smart Plug,1786.0587030200982,0.825879120649423,73
Node_5,Camera-like Traffic Generator,1786.2048489184851,0.42919888297692904,1369
Node_2,Smart Light,1786.4806554536488,1.6459315035600874,80
Node_5,Camera-like Traffic Generator,1786.670827247674,0.4659783291887574,1289
Node_5,Camera-like Traffic Generator,1787.053176179305,0.382348931631017,1222
Node_1,Temperature Sensor,1787.0994349938055,2.9883314855964676,82
Node_3,Smart Plug,1787.3662720977331,1.3075690776349336,89
Node_5,Camera-like Traffic Generator,1787.441396653001,0.3882204736959476,1071
Node_2,Smart Light,1787.6416098112131,1.160954357564395,68
Node_5,Camera-like Traffic Generator,1787.8265994178967,0.38520276489557115,1211
Node_3,Smart Plug,1788.2544760499288,0.8882039521957099,99
Node_5,Camera-like Traffic Generator,1788.3231382462034,0.4965388283066806,1152
Node_5,Camera-like Traffic Generator,1788.7524791990718,0.4293409528684752,1287
Node_5,Camera-like Traffic Generator,1789.0713863828182,0.31890718374646726,1010
Node_3,Smart Plug,1789.2532255515566,0.9987495016277892,63
Node_5,Camera-like Traffic Generator,1789.27254055424,0.20115417142192824,1390
Node_2,Smart Light,1789.4763581780812,1.834748366868062,67
Node_1,Temperature Sensor,1789.4898887263655,2.390453732560064,78
Node_5,Camera-like Traffic Generator,1789.6097258520876,0.3371852978475247,1343
Node_5,Camera-like Traffic Generator,1789.9591350089502,0.3494091568624454,1279
Node_5,Camera-like Traffic Generator,1790.3648101883523,0.40567517940209863,1425
Node_3,Smart Plug,1790.4394756475094,1.1862500959528735,80
Node_4,Motion Sensor,1790.466674863217,5.260524647377167,86
Node_5,Camera-like Traffic Generator,1790.6500781771063,0.28526798875397763,1137
Node_2,Smart Light,1790.657716162855,1.18135798477365,91
Node_5,Camera-like Traffic Generator,1791.1361606739931,0.48608249688683214,1096
Node_5,Camera-like Traffic Generator,1791.5186394486345,0.38247877464141544,1252
Node_3,Smart Plug,1791.769408074506,1.329932426996379,66
Node_5,Camera-like Traffic Generator,1791.809320141231,0.2906806925964606,1205
Node_5,Camera-like Traffic Generator,1792.0820797016274,0.272759560396467,1419
Node_1,Temperature Sensor,1792.125559517834,2.63567079146863,99
Node_5,Camera-like Traffic Generator,1792.4377759669012,0.35569626527366915,1314
Node_2,Smart Light,1792.5099672906224,1.8522511277674756,94
Node_3,Smart Plug,1792.588931932213,0.8195238577069606,91
Node_5,Camera-like Traffic Generator,1792.6996533317124,0.2618773648113042,1366
Node_5,Camera-like Traffic Generator,1793.0605837755843,0.36093044387197626,1266
Node_5,Camera-like Traffic Generator,1793.5597562255475,0.4991724499631389,1146
Node_3,Smart Plug,1793.8036844534379,1.2147525212249393,69
Node_4,Motion Sensor,1793.8186530649489,3.3519782017319835,87
Node_5,Camera-like Traffic Generator,1793.935040192954,0.3752839674063866,1013
Node_5,Camera-like Traffic Generator,1794.2220449207855,0.2870047278315658,1004
Node_1,Temperature Sensor,1794.3792097789033,2.253650261069213,60
Node_2,Smart Light,1794.4423371560256,1.9323698654031487,99
Node_5,Camera-like Traffic Generator,1794.6035233239215,0.3814784031361311,1331
Node_5,Camera-like Traffic Generator,1794.9579542232575,0.3544308993358989,1197
Node_3,Smart Plug,1795.1455949044384,1.3419104510006268,89
Node_5,Camera-like Traffic Generator,1795.1609280517073,0.2029738284498461,1482
Node_5,Camera-like Traffic Generator,1795.396408323365,0.23548027165761798,1443
Node_5,Camera-like Traffic Generator,1795.6058280339207,0.20941971055573166,1199
Node_2,Smart Light,1795.9036023597153,1.461265203689594,81
Node_5,Camera-like Traffic Generator,1796.0941818811682,0.488353847247394,1019
Node_5,Camera-like Traffic Generator,1796.4142463102648,0.3200644290966048,1276
Node_3,Smart Plug,1796.6364631946071,1.4908682901687338,64
Node_4,Motion Sensor,1796.834625073238,3.015972008289138,72
Node_5,Camera-like Traffic Generator,1796.8847658516056,0.470519541340783,1009
Node_1,Temperature Sensor,1797.1677297951828,2.788520016279515,73
Node_2,Smart Light,1797.1942550272354,1.2906526675200853,62
Node_5,Camera-like Traffic Generator,1797.2480751117187,0.3633092601131085,1135
Node_3,Smart Plug,1797.478425211645,0.8419620170377822,74
Node_5,Camera-like Traffic Generator,1797.6981442581416,0.45006914642303286,1179
Node_5,Camera-like Traffic Generator,1797.9294566540052,0.23131239586362043,1110
Node_2,Smart Light,1798.2924574286158,1.098202401380372,89
Node_5,Camera-like Traffic Generator,1798.2963412421811,0.36688458817584774,1269
Node_5,Camera-like Traffic Generator,1798.6630045935158,0.3666633513345283,1437
Node_3,Smart Plug,1798.7173178842675,1.238892672622573,74
Node_5,Camera-like Traffic Generator,1799.10435396066,0.44134936714429185,1164
Node_5,Camera-like Traffic Generator,1799.3958903417558,0.29153638109585034,1407
Node_3,Smart Plug,1799.5507308953236,0.8334130110561249,86
Node_5,Camera-like Traffic Generator,1799.7612099109492,0.36531956919348507,1309
Node_2,Smart Light,1799.7796478387495,1.4871904101337485,73
Node_1,Temperature Sensor,1799.9006708166335,2.7329410214506415,85
Node_4,Motion Sensor,1799.9520545560738,3.117429482835888,86
Node_5,Camera-like Traffic Generator,1800.1822779142917,0.4210680033424351,1130
Node_3,Smart Plug,1800.438055759101,0.8873248637774275,71
Node_2,Smart Light,1800.9078629853454,1.1282151465959516,86
Node_1,Temperature Sensor,1802.6721721907434,2.7715013741098593,89
Node_4,Motion Sensor,1803.2155173431022,3.2634627870283173,90
